id,created_at,current_mA,flow_rate,doc_number,time,audio_url
9881,2025-04-22 06:48:08.395871+00,7216.25,56.97,11208,48:06.8,
9880,2025-04-22 06:47:56.801083+00,7261.25,56.97,11207,47:55.2,
9879,2025-04-22 06:47:45.178445+00,6630,57.09,11206,47:43.6,
9878,2025-04-22 06:47:33.577641+00,6852.5,56.85,11205,47:31.9,
9877,2025-04-22 06:47:21.939633+00,7033.75,56.85,11204,47:20.3,
9876,2025-04-22 06:47:10.322666+00,7345,56.97,11203,47:08.7,
9875,2025-04-22 06:46:58.74599+00,7433.75,56.97,11202,46:57.1,
9874,2025-04-22 06:46:47.116931+00,7388.75,57.09,11201,46:45.5,
9873,2025-04-22 06:46:35.476378+00,7613.75,56.97,11200,46:33.9,
9872,2025-04-22 06:46:23.872575+00,7565,56.97,11199,46:22.3,
9871,2025-04-22 06:46:12.268346+00,7615,57.09,11198,46:10.6,
9870,2025-04-22 06:46:00.634781+00,7562.5,57.21,11197,45:59.0,
9869,2025-04-22 06:45:48.97294+00,7175,57.09,11196,45:47.3,
9868,2025-04-22 06:45:37.347705+00,7638.75,56.97,11195,45:35.7,
9867,2025-04-22 06:45:25.748616+00,7555,57.09,11194,45:24.1,
9866,2025-04-22 06:45:14.128994+00,7387.5,57.09,11193,45:12.5,
9865,2025-04-22 06:45:02.500671+00,7743.75,57.21,11192,45:00.9,
9864,2025-04-22 06:44:50.88825+00,7511.25,57.21,11191,44:49.3,
9863,2025-04-22 06:44:39.29028+00,7720,57.09,11190,44:37.6,
9862,2025-04-22 06:44:27.543783+00,7331.25,57.09,11189,44:25.9,
9861,2025-04-22 06:44:15.882425+00,6875,57.09,11188,44:14.3,
9860,2025-04-22 06:44:04.295353+00,7612.5,57.09,11187,44:02.6,
9859,2025-04-22 06:43:52.591907+00,6460,56.97,11186,43:51.0,
9858,2025-04-22 06:43:40.981306+00,7685,57.09,11185,43:39.4,
9857,2025-04-22 06:43:29.349303+00,7610,57.09,11184,43:27.7,
9856,2025-04-22 06:43:17.711991+00,6476.25,57.09,11183,43:16.1,
9855,2025-04-22 06:43:06.057015+00,7378.75,57.09,11182,43:04.4,
9854,2025-04-22 06:42:54.419123+00,7068.75,57.09,11181,42:52.8,
9853,2025-04-22 06:42:42.795075+00,7121.25,57.33,11180,42:41.2,
9852,2025-04-22 06:42:31.171875+00,7082.5,57.09,11179,42:29.5,
9851,2025-04-22 06:42:19.545419+00,6723.75,56.97,11178,42:17.9,
9850,2025-04-22 06:42:07.93819+00,7503.75,57.21,11177,42:06.3,
9849,2025-04-22 06:41:56.30867+00,7111.25,57.09,11176,41:54.7,
9848,2025-04-22 06:41:44.677406+00,7312.5,57.21,11175,41:43.1,
9847,2025-04-22 06:41:33.072803+00,6413.75,57.21,11174,41:31.5,
9846,2025-04-22 06:41:21.464658+00,7646.25,57.21,11173,41:19.8,
9845,2025-04-22 06:41:09.799012+00,7172.5,56.97,11172,41:08.2,
9844,2025-04-22 06:40:58.19336+00,7567.5,57.21,11171,40:56.5,
9843,2025-04-22 06:40:46.552932+00,7271.25,57.21,11170,40:44.9,
9842,2025-04-22 06:40:34.952042+00,7060,57.09,11169,40:33.3,
9841,2025-04-22 06:40:23.346385+00,6726.25,57.09,11168,40:20.3,
9840,2025-04-22 06:40:10.312513+00,7215,56.97,11167,40:08.7,
9839,2025-04-22 06:39:58.697112+00,6530,57.21,11166,39:57.1,
9838,2025-04-22 06:39:47.087357+00,7533.75,57.21,11165,39:45.5,
9837,2025-04-22 06:39:35.508057+00,6906.25,57.21,11164,39:33.9,
9836,2025-04-22 06:39:23.916922+00,6646.25,57.21,11163,39:22.1,
9835,2025-04-22 06:39:12.068397+00,6958.75,57.21,11162,39:10.5,
9834,2025-04-22 06:39:00.472904+00,7448.75,56.97,11161,38:58.8,
9833,2025-04-22 06:38:48.810055+00,6927.5,57.09,11160,38:47.2,
9832,2025-04-22 06:38:37.2284+00,7383.75,57.33,11159,38:35.6,
9831,2025-04-22 06:38:25.619859+00,7317.5,57.58,11158,38:24.0,
9830,2025-04-22 06:38:13.985319+00,6507.5,57.45,11157,38:12.3,
9829,2025-04-22 06:38:02.271936+00,7232.5,57.58,11156,38:00.7,
9828,2025-04-22 06:37:50.672403+00,7490,57.58,11155,37:49.1,
9827,2025-04-22 06:37:39.058383+00,6938.75,57.33,11154,37:37.4,
9826,2025-04-22 06:37:27.439906+00,6548.75,57.33,11153,37:25.8,
9825,2025-04-22 06:37:15.78023+00,7618.75,57.33,11152,37:14.1,
9824,2025-04-22 06:37:04.050353+00,7688.75,57.33,11151,37:02.4,
9823,2025-04-22 06:36:52.38951+00,7638.75,57.45,11150,36:50.8,
9822,2025-04-22 06:36:40.802414+00,7637.5,57.33,11149,36:39.2,
9821,2025-04-22 06:36:29.215638+00,7803.75,57.33,11148,36:27.6,
9820,2025-04-22 06:36:17.57466+00,7510,57.58,11147,36:16.0,
9819,2025-04-22 06:36:05.981784+00,7593.75,57.45,11146,36:04.4,
9818,2025-04-22 06:35:54.357031+00,7627.5,57.45,11145,35:52.8,
9817,2025-04-22 06:35:42.740897+00,6811.25,57.21,11144,35:41.1,
9816,2025-04-22 06:35:31.134251+00,7686.25,57.58,11143,35:29.5,
9815,2025-04-22 06:35:19.516003+00,6671.25,57.7,11142,35:17.9,
9814,2025-04-22 06:35:07.869073+00,7193.75,57.7,11141,35:06.3,
9813,2025-04-22 06:34:56.3001+00,6223.75,57.7,11140,34:54.7,
9812,2025-04-22 06:34:44.677902+00,6595,57.54,11139,34:43.1,
9811,2025-04-22 06:34:33.093733+00,7571.25,57.45,11138,34:31.4,
9810,2025-04-22 06:34:21.44241+00,6797.5,57.33,11137,34:19.8,
9809,2025-04-22 06:34:09.772031+00,7435,57.45,11136,34:08.2,
9808,2025-04-22 06:33:58.162714+00,7550,57.45,11135,33:56.6,
9807,2025-04-22 06:33:46.563496+00,7543.75,57.45,11134,33:45.0,
9806,2025-04-22 06:33:34.948022+00,7578.75,57.58,11133,33:33.3,
9805,2025-04-22 06:33:23.328745+00,7728.75,57.58,11132,33:21.7,
9804,2025-04-22 06:33:11.706337+00,7637.5,57.58,11131,33:10.1,
9803,2025-04-22 06:33:00.129881+00,7543.75,57.58,11130,32:58.5,
9802,2025-04-22 06:32:48.454168+00,6775,57.33,11129,32:46.8,
9801,2025-04-22 06:32:36.829327+00,7361.25,57.58,11128,32:35.2,
9800,2025-04-22 06:32:25.196104+00,7041.25,57.21,11127,32:23.5,
9799,2025-04-22 06:32:13.5274+00,6898.75,57.45,11126,32:11.9,
9798,2025-04-22 06:32:01.876208+00,7288.75,57.45,11125,32:00.2,
9797,2025-04-22 06:31:50.196436+00,7262.5,57.45,11124,31:48.5,
9796,2025-04-22 06:31:38.515207+00,7146.25,57.45,11123,31:36.9,
9795,2025-04-22 06:31:26.853545+00,7261.25,57.33,11122,31:25.2,
9794,2025-04-22 06:31:15.17979+00,6561.25,57.45,11121,31:13.6,
9793,2025-04-22 06:31:03.587094+00,7513.75,57.94,11120,31:02.0,
9792,2025-04-22 06:30:51.954196+00,7608.75,57.7,11119,30:50.3,
9791,2025-04-22 06:30:40.35017+00,6605,57.94,11118,30:38.7,
9790,2025-04-22 06:30:28.693104+00,7200,57.58,11117,30:27.0,
9789,2025-04-22 06:30:17.024855+00,7198.75,57.82,11116,30:15.4,
9788,2025-04-22 06:30:05.423102+00,7438.75,57.58,11115,30:03.7,
9787,2025-04-22 06:29:53.661937+00,7341.25,57.7,11114,29:52.1,
9786,2025-04-22 06:29:42.055141+00,7027.5,57.82,11113,29:40.4,
9785,2025-04-22 06:29:30.428502+00,7540,57.82,11112,29:28.8,
9784,2025-04-22 06:29:18.815175+00,7573.75,57.58,11111,29:17.2,
9783,2025-04-22 06:29:07.186362+00,6523.75,57.82,11110,29:05.6,
9782,2025-04-22 06:28:55.595433+00,7235,57.82,11109,28:54.0,
9781,2025-04-22 06:28:43.9697+00,7425,57.58,11108,28:42.2,
9780,2025-04-22 06:28:32.152665+00,7667.5,57.58,11107,28:30.5,
9779,2025-04-22 06:28:20.499937+00,6667.5,57.82,11106,28:18.9,
9778,2025-04-22 06:28:08.904688+00,7628.75,57.7,11105,28:07.3,
9777,2025-04-22 06:27:57.304743+00,6850,57.7,11104,27:55.7,
9776,2025-04-22 06:27:45.668078+00,7608.75,57.7,11103,27:44.0,
9775,2025-04-22 06:27:34.037873+00,7767.5,57.7,11102,27:32.4,
9774,2025-04-22 06:27:22.424071+00,6888.75,57.45,11101,27:20.8,
9773,2025-04-22 06:27:10.780348+00,6740,57.7,11100,27:09.1,
9772,2025-04-22 06:26:59.070014+00,7425,57.7,11099,26:57.5,
9771,2025-04-22 06:26:47.469582+00,7242.5,57.45,11098,26:45.9,
9770,2025-04-22 06:26:35.845919+00,6638.75,57.45,11097,26:34.2,
9769,2025-04-22 06:26:24.220724+00,6885,57.58,11096,26:22.6,
9768,2025-04-22 06:26:12.538715+00,7810,57.58,11095,26:10.9,
9767,2025-04-22 06:26:00.91208+00,7311.25,57.54,11094,25:59.3,
9766,2025-04-22 06:25:49.275495+00,7662.5,57.7,11093,25:47.7,
9765,2025-04-22 06:25:37.671381+00,6950,57.58,11092,25:36.1,
9764,2025-04-22 06:25:25.993087+00,7482.5,57.33,11091,25:24.4,
9763,2025-04-22 06:25:14.391015+00,7001.25,57.45,11090,25:12.8,
9762,2025-04-22 06:25:02.780415+00,7095,57.58,11089,25:01.2,
9761,2025-04-22 06:24:51.155396+00,6672.5,57.7,11088,24:49.6,
9760,2025-04-22 06:24:39.556854+00,6981.25,57.7,11087,24:37.9,
9759,2025-04-22 06:24:27.928088+00,7486.25,57.45,11086,24:26.3,
9758,2025-04-22 06:24:16.324133+00,6828.75,57.58,11085,24:14.7,
9757,2025-04-22 06:24:04.689917+00,7070,57.33,11084,24:02.9,
9756,2025-04-22 06:23:52.860458+00,7538.75,57.45,11083,23:51.2,
9755,2025-04-22 06:23:41.236496+00,7476.25,57.33,11082,23:39.6,
9754,2025-04-22 06:23:29.62485+00,7635,57.58,11081,23:28.0,
9753,2025-04-22 06:23:17.962003+00,6992.5,57.09,11080,23:16.3,
9752,2025-04-22 06:23:06.325837+00,7646.25,57.33,11079,23:04.1,
9751,2025-04-22 06:22:54.051965+00,7172.5,57.21,11078,22:52.4,
9750,2025-04-22 06:22:42.420885+00,7531.25,57.45,11077,22:40.8,
9749,2025-04-22 06:22:30.787919+00,7218.75,57.45,11076,22:29.2,
9748,2025-04-22 06:22:19.133795+00,7217.5,57.7,11075,22:17.5,
9747,2025-04-22 06:22:07.491197+00,6736.25,57.45,11074,22:05.9,
9746,2025-04-22 06:21:55.854251+00,7236.25,57.33,11073,21:54.1,
9745,2025-04-22 06:21:44.098429+00,7565,57.21,11072,21:42.5,
9744,2025-04-22 06:21:32.465159+00,7666.25,57.21,11071,21:30.8,
9743,2025-04-22 06:21:20.767193+00,7687.5,57.45,11070,21:19.2,
9742,2025-04-22 06:21:09.1546+00,7641.25,57.33,11069,21:07.6,
9741,2025-04-22 06:20:57.540236+00,7521.25,57.21,11068,20:55.7,
9740,2025-04-22 06:20:45.719914+00,7560,57.21,11067,20:44.1,
9739,2025-04-22 06:20:34.066509+00,6758.75,57.45,11066,20:32.4,
9738,2025-04-22 06:20:22.412418+00,7028.75,57.09,11065,20:20.7,
9737,2025-04-22 06:20:10.730594+00,6973.75,57.45,11064,20:09.1,
9736,2025-04-22 06:19:59.124045+00,7367.5,57.21,11063,19:57.5,
9735,2025-04-22 06:19:47.4762+00,6586.25,57.33,11062,19:45.8,
9734,2025-04-22 06:19:35.829861+00,6966.25,57.33,11061,19:34.2,
9733,2025-04-22 06:19:24.183+00,7287.5,57.45,11060,19:22.6,
9732,2025-04-22 06:19:12.584343+00,7022.5,57.09,11059,19:10.9,
9731,2025-04-22 06:19:00.888393+00,6673.75,57.45,11058,18:59.3,
9730,2025-04-22 06:18:49.180967+00,6717.5,57.21,11057,18:47.6,
9729,2025-04-22 06:18:37.539587+00,7361.25,57.33,11056,18:35.8,
9728,2025-04-22 06:18:25.808822+00,7688.75,57.21,11055,18:24.2,
9727,2025-04-22 06:18:14.169789+00,7453.75,57.21,11054,18:12.5,
9726,2025-04-22 06:18:02.542437+00,6582.5,57.09,11053,18:00.9,
9725,2025-04-22 06:17:50.895445+00,7302.5,57.09,11052,17:49.2,
9724,2025-04-22 06:17:39.166018+00,7437.5,57.09,11051,17:37.5,
9723,2025-04-22 06:17:27.513697+00,7427.5,56.97,11050,17:25.7,
9722,2025-04-22 06:17:15.66105+00,7608.75,57.33,11049,17:14.0,
9721,2025-04-22 06:17:04.032655+00,7495,57.21,11048,17:02.4,
9720,2025-04-22 06:16:52.412109+00,7710,57.09,11047,16:50.8,
9719,2025-04-22 06:16:40.768676+00,7585,57.21,11046,16:39.1,
9718,2025-04-22 06:16:29.080349+00,7578.75,57.21,11045,16:27.4,
9717,2025-04-22 06:16:17.399623+00,7786.25,57.33,11044,16:15.8,
9716,2025-04-22 06:16:05.785978+00,7421.25,57.33,11043,16:04.2,
9715,2025-04-22 06:15:54.145752+00,7366.25,57.45,11042,15:52.6,
9714,2025-04-22 06:15:42.498086+00,7291.25,57.58,11041,15:40.8,
9713,2025-04-22 06:15:30.767613+00,7531.25,57.45,11040,15:29.1,
9712,2025-04-22 06:15:19.130709+00,6965,57.33,11039,15:17.5,
9711,2025-04-22 06:15:07.495218+00,6982.5,57.45,11038,15:05.7,
9710,2025-04-22 06:14:55.700529+00,7730,57.21,11037,14:54.0,
9709,2025-04-22 06:14:44.006441+00,7547.5,57.45,11036,14:42.4,
9708,2025-04-22 06:14:22.261745+00,7601.25,57.33,11034,14:19.7,
9707,2025-04-22 06:14:09.680723+00,7770,56.97,11033,14:08.1,
9706,2025-04-22 06:13:58.049781+00,6672.5,57.58,11032,13:56.4,
9705,2025-04-22 06:13:46.411017+00,7767.5,57.33,11031,13:44.8,
9704,2025-04-22 06:13:34.777867+00,7048.75,57.33,11030,13:33.0,
9703,2025-04-22 06:13:23.028085+00,6072.5,57.21,11029,13:21.4,
9702,2025-04-22 06:13:11.369032+00,7112.5,57.21,11028,13:09.8,
9701,2025-04-22 06:12:59.785464+00,7083.75,57.21,11027,12:58.2,
9700,2025-04-22 06:12:48.142644+00,7470,57.21,11026,12:46.5,
9699,2025-04-22 06:12:36.486059+00,6310,57.09,11025,12:34.7,
9698,2025-04-22 06:12:24.737985+00,7816.25,57.33,11024,12:23.1,
9697,2025-04-22 06:12:13.052698+00,7228.75,57.33,11023,12:11.4,
9696,2025-04-22 06:12:01.418811+00,6173.75,57.21,11022,11:59.8,
9695,2025-04-22 06:11:49.80861+00,6908.75,57.33,11021,11:48.1,
9694,2025-04-22 06:11:38.104697+00,7795,57.33,11020,11:36.5,
9693,2025-04-22 06:11:26.481801+00,7042.5,57.33,11019,11:24.8,
9692,2025-04-22 06:11:14.816591+00,7122.5,57.21,11018,11:13.2,
9691,2025-04-22 06:11:03.212588+00,7615,57.09,11017,11:01.5,
9690,2025-04-22 06:10:51.522191+00,7500,56.97,11016,10:49.8,
9689,2025-04-22 06:10:39.772062+00,6010,56.97,11015,10:38.2,
9688,2025-04-22 06:10:28.158667+00,6091.25,56.97,11014,10:26.5,
9687,2025-04-22 06:10:16.512967+00,7438.75,56.97,11013,10:14.9,
9686,2025-04-22 06:10:04.898985+00,7366.25,57.09,11012,10:03.3,
9685,2025-04-22 06:09:53.288944+00,7382.5,57.09,11011,09:51.7,
9684,2025-04-22 06:09:41.655391+00,7421.25,57.21,11010,09:40.0,
9683,2025-04-22 06:09:30.028206+00,7433.75,57.21,11009,09:28.4,
9682,2025-04-22 06:09:18.331268+00,7345,57.21,11008,09:16.7,
9681,2025-04-22 06:09:06.695417+00,7328.75,57.33,11007,09:05.1,
9680,2025-04-22 06:08:55.052924+00,7098.75,57.45,11006,08:53.4,
9679,2025-04-22 06:08:43.423894+00,7083.75,57.45,11005,08:41.8,
9678,2025-04-22 06:08:31.80863+00,7265,57.21,11004,08:30.2,
9677,2025-04-22 06:08:20.222286+00,7678.75,57.33,11003,08:18.6,
9676,2025-04-22 06:08:08.623471+00,7106.25,57.21,11002,08:06.9,
9675,2025-04-22 06:07:56.84685+00,7783.75,57.33,11001,07:55.2,
9674,2025-04-22 06:07:45.213256+00,7642.5,57.21,11000,07:43.6,
9673,2025-04-22 06:07:33.569002+00,7805,57.33,10999,07:32.0,
9672,2025-04-22 06:07:21.976568+00,7802.5,57.45,10998,07:20.4,
9671,2025-04-22 06:07:10.335009+00,7436.25,57.58,10997,07:08.7,
9670,2025-04-22 06:06:58.728594+00,7767.5,57.45,10996,06:57.1,
9669,2025-04-22 06:06:47.107584+00,7757.5,57.33,10995,06:45.5,
9668,2025-04-22 06:06:35.505448+00,7362.5,57.58,10994,06:33.9,
9667,2025-04-22 06:06:23.896329+00,6427.5,57.58,10993,06:22.3,
9666,2025-04-22 06:06:12.22835+00,6227.5,57.33,10992,06:10.5,
9665,2025-04-22 06:06:00.47612+00,7141.25,57.45,10991,05:58.7,
9664,2025-04-22 06:05:48.719986+00,7412.5,57.21,10990,05:47.1,
9663,2025-04-22 06:05:37.117503+00,7075,57.42,10989,05:35.5,
9662,2025-04-22 06:05:25.453788+00,7741.25,57.33,10988,05:23.9,
9661,2025-04-22 06:05:13.860555+00,6218.75,57.33,10987,05:12.3,
9660,2025-04-22 06:05:02.245569+00,7378.75,57.45,10986,05:00.6,
9659,2025-04-22 06:04:50.579919+00,6671.25,57.33,10985,04:49.0,
9658,2025-04-22 06:04:38.937434+00,7208.75,57.33,10984,04:37.3,
9657,2025-04-22 06:04:27.331581+00,7008.75,57.7,10983,04:25.8,
9656,2025-04-22 06:04:15.741684+00,6996.25,57.58,10982,04:14.0,
9655,2025-04-22 06:04:03.948142+00,6313.75,57.7,10981,04:02.3,
9654,2025-04-22 06:03:52.274425+00,6642.5,57.82,10980,03:50.7,
9653,2025-04-22 06:03:40.688384+00,7638.75,57.7,10979,03:39.1,
9652,2025-04-22 06:03:29.088819+00,7726.25,57.58,10978,03:27.5,
9651,2025-04-22 06:03:17.442494+00,7677.5,57.7,10977,03:15.8,
9650,2025-04-22 06:03:05.798656+00,7666.25,57.7,10976,03:04.2,
9649,2025-04-22 06:02:54.213339+00,7220,57.7,10975,02:52.6,
9648,2025-04-22 06:02:42.619846+00,7131.25,57.7,10974,02:41.0,
9647,2025-04-22 06:02:31.016025+00,6223.75,57.45,10973,02:29.4,
9646,2025-04-22 06:02:19.395229+00,6123.75,57.58,10972,02:17.8,
9645,2025-04-22 06:02:07.74453+00,7290,57.45,10971,02:06.1,
9644,2025-04-22 06:01:56.06934+00,7583.75,57.82,10970,01:54.5,
9643,2025-04-22 06:01:44.459092+00,7247.5,57.7,10969,01:42.9,
9642,2025-04-22 06:01:32.86357+00,7346.25,57.82,10968,01:31.3,
9641,2025-04-22 06:01:21.28545+00,7767.5,57.7,10967,01:19.7,
9640,2025-04-22 06:01:09.669207+00,7513.75,57.58,10966,01:08.1,
9639,2025-04-22 06:00:58.083559+00,6882.5,57.82,10965,00:56.4,
9638,2025-04-22 06:00:46.325473+00,7282.5,57.94,10964,00:44.7,
9637,2025-04-22 06:00:34.707844+00,7808.75,57.7,10963,00:33.1,
9636,2025-04-22 06:00:23.04979+00,6376.25,57.94,10962,00:21.4,
9635,2025-04-22 06:00:11.406529+00,7262.5,57.7,10961,00:09.8,
9634,2025-04-22 05:59:59.758117+00,7376.25,57.82,10960,59:58.1,
9633,2025-04-22 05:59:48.142369+00,7270,57.82,10959,59:46.5,
9632,2025-04-22 05:59:36.556625+00,7607.5,57.45,10958,59:34.9,
9631,2025-04-22 05:59:24.947233+00,7660,57.45,10957,59:23.3,
9630,2025-04-22 05:59:13.294935+00,7668.75,57.58,10956,59:11.6,
9629,2025-04-22 05:59:01.660117+00,7523.75,57.45,10955,59:00.0,
9628,2025-04-22 05:58:50.029811+00,7681.25,57.58,10954,58:48.2,
9627,2025-04-22 05:58:38.245827+00,7626.25,57.45,10953,58:36.6,
9626,2025-04-22 05:58:26.599849+00,7716.25,57.33,10952,58:24.9,
9625,2025-04-22 05:58:14.958998+00,7495,57.33,10951,58:13.3,
9624,2025-04-22 05:58:03.321547+00,7492.5,57.45,10950,58:01.7,
9623,2025-04-22 05:57:51.697845+00,7880,57.7,10949,57:50.1,
9622,2025-04-22 05:57:40.071785+00,7381.25,57.33,10948,57:38.4,
9621,2025-04-22 05:57:28.448665+00,7307.5,57.21,10947,57:26.8,
9620,2025-04-22 05:57:16.840181+00,7290,57.58,10946,57:15.2,
9619,2025-04-22 05:57:05.180093+00,6292.5,57.21,10945,57:03.6,
9618,2025-04-22 05:56:53.60214+00,6962.5,57.58,10944,56:51.9,
9617,2025-04-22 05:56:41.903183+00,7691.25,57.21,10943,56:39.0,
9616,2025-04-22 05:56:28.994841+00,7457.5,57.33,10942,56:27.4,
9615,2025-04-22 05:56:17.369711+00,6727.5,57.33,10941,56:15.8,
9614,2025-04-22 05:56:05.790438+00,7485,57.58,10940,56:02.0,
9613,2025-04-22 05:55:52.00172+00,7190,57.45,10939,55:50.4,
9612,2025-04-22 05:55:40.405245+00,6811.25,57.33,10938,55:38.8,
9611,2025-04-22 05:55:28.831505+00,7623.75,57.7,10937,55:27.2,
9610,2025-04-22 05:55:17.206944+00,6886.25,57.33,10936,55:15.5,
9609,2025-04-22 05:55:05.547726+00,6398.75,57.3,10935,55:03.9,
9608,2025-04-22 05:54:53.869533+00,7127.5,57.09,10934,54:52.1,
9607,2025-04-22 05:54:42.153503+00,7461.25,57.21,10933,54:40.5,
9606,2025-04-22 05:54:30.523372+00,7418.75,57.45,10932,54:28.9,
9605,2025-04-22 05:54:18.888739+00,7685,57.45,10931,54:17.3,
9604,2025-04-22 05:54:07.275913+00,7433.75,57.58,10930,54:05.6,
9603,2025-04-22 05:53:55.585462+00,7070,57.45,10929,53:53.9,
9602,2025-04-22 05:53:43.912087+00,7801.25,57.45,10928,53:42.3,
9601,2025-04-22 05:53:32.314535+00,7035,57.7,10927,53:30.7,
9600,2025-04-22 05:53:20.680563+00,7738.75,57.33,10926,53:19.0,
9599,2025-04-22 05:53:09.034781+00,7488.75,57.58,10925,53:07.4,
9598,2025-04-22 05:52:57.383326+00,7223.75,57.58,10924,52:55.7,
9597,2025-04-22 05:52:45.751486+00,6622.5,57.45,10923,52:44.1,
9596,2025-04-22 05:52:34.130235+00,7065,57.33,10922,52:32.5,
9595,2025-04-22 05:52:22.562189+00,7196.25,57.33,10921,52:20.9,
9594,2025-04-22 05:52:10.955523+00,7825,57.7,10920,52:09.2,
9593,2025-04-22 05:51:59.239311+00,7451.25,57.21,10919,51:57.6,
9592,2025-04-22 05:51:47.597245+00,7368.75,57.45,10918,51:45.9,
9591,2025-04-22 05:51:35.928129+00,7376.25,57.45,10917,51:34.3,
9590,2025-04-22 05:51:24.33141+00,7338.75,57.45,10916,51:22.7,
9589,2025-04-22 05:51:12.750084+00,6960,57.09,10915,51:11.1,
9588,2025-04-22 05:51:01.117996+00,7160,57.33,10914,50:59.5,
9587,2025-04-22 05:50:49.47507+00,7620,57.33,10913,50:47.8,
9586,2025-04-22 05:50:37.795278+00,7207.5,57.21,10912,50:36.2,
9585,2025-04-22 05:50:26.191147+00,7138.75,57.21,10911,50:24.6,
9584,2025-04-22 05:50:14.595563+00,7831.25,57.33,10910,50:13.0,
9583,2025-04-22 05:50:02.982926+00,7122.5,57.33,10909,50:01.4,
9582,2025-04-22 05:49:51.420748+00,7073.75,57.09,10908,49:49.8,
9581,2025-04-22 05:49:39.838856+00,7196.25,57.33,10907,49:38.2,
9580,2025-04-22 05:49:28.213333+00,6451.25,57.21,10906,49:26.6,
9579,2025-04-22 05:49:16.582403+00,7128.75,57.21,10905,49:15.0,
9578,2025-04-22 05:49:04.975564+00,7200,57.45,10904,49:03.3,
9577,2025-04-22 05:48:53.293347+00,6811.25,57.45,10903,48:51.5,
9576,2025-04-22 05:48:41.550132+00,7277.5,57.33,10902,48:39.9,
9575,2025-04-22 05:48:29.951832+00,7090,57.45,10901,48:28.3,
9574,2025-04-22 05:48:18.34079+00,7626.25,57.33,10900,48:16.6,
9573,2025-04-22 05:48:06.629525+00,7271.25,57.33,10899,48:04.9,
9572,2025-04-22 05:47:54.895505+00,6936.25,57.33,10898,47:53.2,
9571,2025-04-22 05:47:43.247941+00,7196.25,57.21,10897,47:41.6,
9570,2025-04-22 05:47:31.616483+00,7490,57.33,10896,47:30.0,
9569,2025-04-22 05:47:20.004572+00,6802.5,57.33,10895,47:18.4,
9568,2025-04-22 05:47:08.354759+00,7260,57.09,10894,47:06.7,
9567,2025-04-22 05:46:56.743665+00,6777.5,56.97,10893,46:55.1,
9566,2025-04-22 05:46:45.096443+00,6657.5,56.97,10892,46:43.5,
9565,2025-04-22 05:46:33.493718+00,7235,56.82,10891,46:31.9,
9564,2025-04-22 05:46:21.893648+00,6961.25,56.97,10890,46:20.3,
9563,2025-04-22 05:46:10.270908+00,6927.5,56.97,10889,46:08.7,
9562,2025-04-22 05:45:58.697958+00,7338.75,56.97,10888,45:57.0,
9561,2025-04-22 05:45:46.946707+00,6215,57.09,10887,45:45.2,
9560,2025-04-22 05:45:35.247953+00,7238.75,56.97,10886,45:33.4,
9559,2025-04-22 05:45:23.33672+00,6222.5,56.97,10885,45:21.7,
9558,2025-04-22 05:45:11.653888+00,7340,56.97,10884,45:09.9,
9557,2025-04-22 05:44:59.957405+00,6895,56.97,10883,44:58.2,
9556,2025-04-22 05:44:48.265347+00,6948.75,56.61,10882,44:46.7,
9555,2025-04-22 05:44:36.681407+00,7206.25,56.73,10881,44:35.1,
9554,2025-04-22 05:44:25.092755+00,6290,56.82,10880,44:23.4,
9553,2025-04-22 05:44:13.44334+00,7070,56.73,10879,44:11.8,
9552,2025-04-22 05:44:01.76078+00,7066.25,56.85,10878,44:00.1,
9551,2025-04-22 05:43:50.103398+00,7122.5,57.09,10877,43:48.5,
9550,2025-04-22 05:43:38.507169+00,6830,56.48,10876,43:36.8,
9549,2025-04-22 05:43:26.857582+00,7437.5,56.85,10875,43:25.2,
9548,2025-04-22 05:43:15.164152+00,6980,56.85,10874,43:13.6,
9547,2025-04-22 05:43:03.55687+00,7372.5,56.97,10873,43:01.9,
9546,2025-04-22 05:42:51.927387+00,7391.25,56.73,10872,42:50.3,
9545,2025-04-22 05:42:40.286699+00,7250,56.73,10871,42:38.7,
9544,2025-04-22 05:42:28.675264+00,7702.5,56.97,10870,42:27.0,
9543,2025-04-22 05:42:17.014697+00,7741.25,57.09,10869,42:15.4,
9542,2025-04-22 05:42:05.401254+00,7160,57.21,10868,42:03.7,
9541,2025-04-22 05:41:53.7501+00,7388.75,57.33,10867,41:52.1,
9540,2025-04-22 05:41:42.108498+00,7561.25,57.21,10866,41:40.5,
9539,2025-04-22 05:41:30.470199+00,7476.25,57.21,10865,41:28.8,
9538,2025-04-22 05:41:18.837494+00,7303.75,57.09,10864,41:17.2,
9537,2025-04-22 05:41:07.164339+00,7095,57.21,10863,41:05.6,
9536,2025-04-22 05:40:55.571081+00,7690,56.97,10862,40:53.9,
9535,2025-04-22 05:40:43.92385+00,6828.75,57.09,10861,40:42.3,
9534,2025-04-22 05:40:32.309611+00,7422.5,56.97,10860,40:30.7,
9533,2025-04-22 05:40:20.583051+00,7353.75,57.09,10859,40:19.0,
9532,2025-04-22 05:40:08.971702+00,7116.25,57.21,10858,40:07.3,
9531,2025-04-22 05:39:57.344717+00,6806.25,57.09,10857,39:55.7,
9530,2025-04-22 05:39:45.669218+00,7110,57.21,10856,39:44.1,
9529,2025-04-22 05:39:34.085313+00,7437.5,57.21,10855,39:32.4,
9528,2025-04-22 05:39:22.460928+00,6598.75,57.33,10854,39:20.9,
9527,2025-04-22 05:39:10.860294+00,7275,57.33,10853,39:09.3,
9526,2025-04-22 05:38:59.275287+00,7120,57.21,10852,38:57.7,
9525,2025-04-22 05:38:47.620627+00,6397.5,57.33,10851,38:45.9,
9524,2025-04-22 05:38:35.95188+00,7363.75,57.09,10850,38:34.3,
9523,2025-04-22 05:38:24.32267+00,7743.75,57.21,10849,38:22.7,
9522,2025-04-22 05:38:12.699956+00,7800,57.33,10848,38:11.1,
9521,2025-04-22 05:38:01.108198+00,7432.5,57.09,10847,37:59.5,
9520,2025-04-22 05:37:49.539175+00,7181.25,57.21,10846,37:48.0,
9519,2025-04-22 05:37:37.969303+00,7026.25,57.21,10845,37:36.3,
9518,2025-04-22 05:37:26.311631+00,7803.75,57.21,10844,37:24.6,
9517,2025-04-22 05:37:14.641487+00,7496.25,57.21,10843,37:13.0,
9516,2025-04-22 05:37:03.049556+00,7450,57.33,10842,37:01.4,
9515,2025-04-22 05:36:51.402191+00,7485,57.45,10841,36:49.7,
9514,2025-04-22 05:36:39.70767+00,7641.25,57.09,10840,36:38.1,
9513,2025-04-22 05:36:28.136418+00,7083.75,57.09,10839,36:25.2,
9512,2025-04-22 05:36:15.202288+00,6247.5,56.85,10838,36:13.6,
9511,2025-04-22 05:36:03.586034+00,7178.75,57.21,10837,36:02.0,
9510,2025-04-22 05:35:51.982646+00,7360,57.09,10836,35:50.3,
9509,2025-04-22 05:35:40.334615+00,7217.5,57.09,10835,35:38.7,
9508,2025-04-22 05:35:28.738641+00,7313.75,56.97,10834,35:27.1,
9507,2025-04-22 05:35:17.088695+00,7821.25,57.09,10833,35:15.4,
9506,2025-04-22 05:35:05.442156+00,7585,57.09,10832,35:03.8,
9505,2025-04-22 05:34:53.83771+00,6581.25,56.85,10831,34:52.2,
9504,2025-04-22 05:34:42.245603+00,6733.75,56.73,10830,34:40.6,
9503,2025-04-22 05:34:30.587702+00,6196.25,56.97,10829,34:29.0,
9502,2025-04-22 05:34:18.96787+00,7103.75,56.85,10828,34:17.3,
9501,2025-04-22 05:34:07.347324+00,7366.25,56.97,10827,34:05.7,
9500,2025-04-22 05:33:55.68387+00,7240,57.09,10826,33:54.0,
9499,2025-04-22 05:33:43.968913+00,7420,57.21,10825,33:42.4,
9498,2025-04-22 05:33:32.36901+00,7542.5,56.97,10824,33:30.8,
9497,2025-04-22 05:33:20.773991+00,7486.25,56.97,10823,33:19.2,
9496,2025-04-22 05:33:09.171541+00,7256.25,57.21,10822,33:07.5,
9495,2025-04-22 05:32:57.561891+00,7125,57.21,10821,32:55.9,
9494,2025-04-22 05:32:45.928219+00,7288.75,57.09,10820,32:44.3,
9493,2025-04-22 05:32:34.305344+00,6313.75,56.85,10819,32:32.6,
9492,2025-04-22 05:32:22.643696+00,7136.25,56.97,10818,32:21.0,
9491,2025-04-22 05:32:11.030041+00,7297.5,56.97,10817,32:09.4,
9490,2025-04-22 05:31:59.405744+00,7065,56.97,10816,31:57.8,
9489,2025-04-22 05:31:47.762039+00,6535,56.97,10815,31:46.1,
9488,2025-04-22 05:31:36.13747+00,7627.5,57.33,10814,31:34.6,
9487,2025-04-22 05:31:24.564751+00,7800,57.33,10813,31:22.9,
9486,2025-04-22 05:31:12.912832+00,6638.75,57.33,10812,31:11.3,
9485,2025-04-22 05:31:01.283991+00,7318.75,57.21,10811,30:59.7,
9484,2025-04-22 05:30:49.687173+00,7540,57.09,10810,30:48.1,
9483,2025-04-22 05:30:38.073999+00,7666.25,57.09,10809,30:36.5,
9482,2025-04-22 05:30:26.458456+00,7688.75,57.45,10808,30:24.8,
9481,2025-04-22 05:30:14.799701+00,7262.5,57.33,10807,30:13.2,
9480,2025-04-22 05:30:03.184709+00,7456.25,57.33,10806,30:01.6,
9479,2025-04-22 05:29:51.559233+00,7390,57.21,10805,29:49.9,
9478,2025-04-22 05:29:39.934879+00,6970,57.33,10804,29:38.3,
9477,2025-04-22 05:29:28.351284+00,7470,57.09,10803,29:26.7,
9476,2025-04-22 05:29:16.677693+00,7698.75,57.45,10802,29:14.9,
9475,2025-04-22 05:29:04.932386+00,7690,57.33,10801,29:03.3,
9474,2025-04-22 05:28:53.2872+00,7515,57.33,10800,28:51.6,
9473,2025-04-22 05:28:41.623187+00,7747.5,57.33,10799,28:40.0,
9472,2025-04-22 05:28:30.041362+00,7438.75,57.7,10798,28:28.4,
9471,2025-04-22 05:28:18.435732+00,7635,57.58,10797,28:16.8,
9470,2025-04-22 05:28:06.817459+00,7447.5,57.7,10796,28:03.5,
9469,2025-04-22 05:27:53.464575+00,7505,57.45,10795,27:51.9,
9468,2025-04-22 05:27:41.895745+00,7395,57.45,10794,27:40.3,
9467,2025-04-22 05:27:30.297916+00,7391.25,57.7,10793,27:28.7,
9466,2025-04-22 05:27:18.683509+00,7380,57.45,10792,27:16.9,
9465,2025-04-22 05:27:06.86869+00,7573.75,57.7,10791,27:05.1,
9464,2025-04-22 05:26:55.157087+00,7553.75,57.58,10790,26:53.5,
9463,2025-04-22 05:26:43.520899+00,7812.5,57.7,10789,26:41.9,
9462,2025-04-22 05:26:31.907156+00,7551.25,57.58,10788,26:30.3,
9461,2025-04-22 05:26:20.284435+00,7258.75,57.58,10787,26:18.6,
9460,2025-04-22 05:26:08.607185+00,7456.25,57.58,10786,26:07.0,
9459,2025-04-22 05:25:56.962008+00,7447.5,57.7,10785,25:55.3,
9458,2025-04-22 05:25:45.278203+00,7452.5,57.7,10784,25:43.7,
9457,2025-04-22 05:25:33.666547+00,7592.5,57.7,10783,25:32.0,
9456,2025-04-22 05:25:22.025496+00,7557.5,57.21,10782,25:20.4,
9455,2025-04-22 05:25:10.376329+00,7717.5,57.82,10781,25:08.8,
9454,2025-04-22 05:24:58.776418+00,7053.75,57.58,10780,24:57.2,
9453,2025-04-22 05:24:47.183802+00,7650,57.58,10779,24:45.5,
9452,2025-04-22 05:24:35.549947+00,7275,57.58,10778,24:34.0,
9451,2025-04-22 05:24:23.960931+00,6552.5,57.45,10777,24:22.3,
9450,2025-04-22 05:24:12.278518+00,7536.25,57.7,10776,24:10.7,
9449,2025-04-22 05:24:00.682469+00,7490,57.82,10775,23:59.1,
9448,2025-04-22 05:23:49.068691+00,7161.25,57.82,10774,23:45.9,
9447,2025-04-22 05:23:35.928503+00,7335,57.58,10773,23:34.4,
9446,2025-04-22 05:23:24.35284+00,7378.75,57.45,10772,23:22.7,
9445,2025-04-22 05:23:12.711215+00,6876.25,57.58,10771,23:11.0,
9444,2025-04-22 05:23:01.046347+00,7592.5,57.7,10770,22:59.4,
9443,2025-04-22 05:22:49.442158+00,6877.5,57.66,10769,22:47.8,
9442,2025-04-22 05:22:37.853859+00,6806.25,57.7,10768,22:36.2,
9441,2025-04-22 05:22:26.21252+00,7051.25,57.58,10767,22:24.6,
9440,2025-04-22 05:22:14.615288+00,7423.75,57.58,10766,22:13.0,
9439,2025-04-22 05:22:02.987178+00,7688.75,57.45,10765,22:01.3,
9438,2025-04-22 05:21:51.289316+00,6962.5,57.45,10764,21:49.7,
9437,2025-04-22 05:21:23.112859+00,7441.25,57.58,10762,21:21.4,
9436,2025-04-22 05:21:11.368387+00,7496.25,57.33,10761,21:09.7,
9435,2025-04-22 05:20:59.681702+00,7696.25,57.7,10760,20:58.1,
9434,2025-04-22 05:20:48.070229+00,6836.25,57.58,10759,20:46.5,
9433,2025-04-22 05:20:36.467531+00,7485,57.45,10758,20:34.9,
9432,2025-04-22 05:20:24.856197+00,7667.5,57.58,10757,20:23.3,
9431,2025-04-22 05:20:13.267216+00,7623.75,57.7,10756,20:11.7,
9430,2025-04-22 05:20:01.662435+00,7606.25,57.58,10755,19:59.9,
9429,2025-04-22 05:19:49.918443+00,7172.5,57.58,10754,19:48.3,
9428,2025-04-22 05:19:38.27767+00,7488.75,57.58,10753,19:36.6,
9427,2025-04-22 05:19:26.62538+00,7353.75,57.7,10752,19:25.0,
9426,2025-04-22 05:19:14.959127+00,7242.5,57.33,10751,19:13.2,
9425,2025-04-22 05:19:03.235867+00,7473.75,57.45,10750,19:01.6,
9424,2025-04-22 05:18:51.612439+00,7676.25,57.21,10749,18:50.0,
9423,2025-04-22 05:18:39.991507+00,7610,57.45,10748,18:38.4,
9422,2025-04-22 05:18:28.38927+00,6816.25,56.36,10747,18:26.8,
9421,2025-04-22 05:18:16.775315+00,7346.25,57.09,10746,18:15.1,
9420,2025-04-22 05:18:05.092477+00,7201.25,57.09,10745,18:03.5,
9419,2025-04-22 05:17:53.469259+00,7165,57.09,10744,17:51.8,
9418,2025-04-22 05:17:41.830471+00,7367.5,57.21,10743,17:40.2,
9417,2025-04-22 05:17:30.166965+00,7058.75,57.21,10742,17:28.5,
9416,2025-04-22 05:17:18.546087+00,7535,57.21,10741,17:16.9,
9415,2025-04-22 05:17:06.931559+00,6681.25,57.21,10740,17:05.3,
9414,2025-04-22 05:16:55.315985+00,7503.75,57.09,10739,16:53.7,
9413,2025-04-22 05:16:43.676556+00,6838.75,57.21,10738,16:42.1,
9412,2025-04-22 05:16:32.084599+00,7341.25,56.85,10737,16:30.5,
9411,2025-04-22 05:16:20.458719+00,7548.75,56.97,10736,16:18.8,
9410,2025-04-22 05:16:08.760684+00,6831.25,56.85,10735,16:07.1,
9409,2025-04-22 05:15:57.104126+00,7381.25,56.97,10734,15:55.5,
9408,2025-04-22 05:15:45.499856+00,7041.25,57.09,10733,15:43.9,
9407,2025-04-22 05:15:33.858099+00,7443.75,57.21,10732,15:32.3,
9406,2025-04-22 05:15:22.235926+00,7040,57.09,10731,15:20.6,
9405,2025-04-22 05:15:10.580027+00,7260,56.97,10730,15:09.0,
9404,2025-04-22 05:14:58.947666+00,7468.75,57.21,10729,14:57.3,
9403,2025-04-22 05:14:47.338976+00,7218.75,57.09,10728,14:45.8,
9402,2025-04-22 05:14:35.739844+00,7276.25,56.97,10727,14:34.1,
9401,2025-04-22 05:14:24.096862+00,7165,57.21,10726,14:22.4,
9400,2025-04-22 05:14:12.375544+00,7323.75,57.09,10725,14:10.7,
9399,2025-04-22 05:14:00.6473+00,7407.5,56.85,10724,13:59.0,
9398,2025-04-22 05:13:48.992629+00,7283.75,57.09,10723,13:47.4,
9397,2025-04-22 05:13:37.394081+00,7415,56.97,10722,13:34.8,
9396,2025-04-22 05:13:24.832515+00,7353.75,57.09,10721,13:23.2,
9395,2025-04-22 05:13:13.170339+00,7228.75,56.97,10720,13:11.5,
9394,2025-04-22 05:13:01.533093+00,7440,56.85,10719,12:59.8,
9393,2025-04-22 05:12:49.797835+00,7580,56.97,10718,12:48.2,
9392,2025-04-22 05:12:38.212829+00,7431.25,57.09,10717,12:36.6,
9391,2025-04-22 05:12:26.585888+00,7451.25,56.97,10716,12:25.0,
9390,2025-04-22 05:12:14.947211+00,7547.5,57.33,10715,12:13.2,
9389,2025-04-22 05:12:03.223531+00,7127.5,57.45,10714,12:01.6,
9388,2025-04-22 05:11:51.607418+00,7087.5,57.33,10713,11:50.0,
9387,2025-04-22 05:11:39.957496+00,7535,57.82,10712,11:38.4,
9386,2025-04-22 05:11:28.351335+00,7353.75,57.45,10711,11:26.8,
9385,2025-04-22 05:11:16.724743+00,7443.75,57.45,10710,11:15.1,
9384,2025-04-22 05:11:05.140348+00,7465,57.33,10709,11:03.6,
9383,2025-04-22 05:10:53.563623+00,6928.75,57.45,10708,10:52.0,
9382,2025-04-22 05:10:41.961919+00,7498.75,57.58,10707,10:40.3,
9381,2025-04-22 05:10:30.310087+00,7426.25,57.42,10706,10:28.7,
9380,2025-04-22 05:10:18.665898+00,7496.25,57.33,10705,10:17.1,
9379,2025-04-22 05:10:07.06712+00,7295,57.33,10704,10:05.5,
9378,2025-04-22 05:09:55.42198+00,7382.5,57.21,10703,09:53.8,
9377,2025-04-22 05:09:43.783122+00,7483.75,57.45,10702,09:42.0,
9376,2025-04-22 05:09:31.976688+00,7140,57.33,10701,09:30.4,
9375,2025-04-22 05:09:20.348957+00,7485,57.33,10700,09:18.7,
9374,2025-04-22 05:09:08.717109+00,7417.5,57.21,10699,09:07.1,
9373,2025-04-22 05:08:57.103487+00,7532.5,57.33,10698,08:55.4,
9372,2025-04-22 05:08:45.381298+00,7358.75,57.21,10697,08:43.8,
9371,2025-04-22 05:08:33.780852+00,7358.75,57.21,10696,08:32.2,
9370,2025-04-22 05:08:22.176635+00,7151.25,57.09,10695,08:20.4,
9369,2025-04-22 05:08:10.422069+00,7021.25,57.21,10694,08:08.6,
9368,2025-04-22 05:07:58.610237+00,7266.25,57.21,10693,07:57.0,
9367,2025-04-22 05:07:47.02927+00,7157.5,57.33,10692,07:45.4,
9366,2025-04-22 05:07:35.42387+00,7640,57.45,10691,07:33.8,
9365,2025-04-22 05:07:23.833004+00,7296.25,57.33,10690,07:22.2,
9364,2025-04-22 05:07:12.234376+00,7637.5,57.54,10689,07:10.6,
9363,2025-04-22 05:07:00.594441+00,6980,57.45,10688,06:58.9,
9362,2025-04-22 05:06:48.919127+00,7407.5,57.82,10687,06:47.3,
9361,2025-04-22 05:06:37.295329+00,6621.25,57.58,10686,06:35.7,
9360,2025-04-22 05:06:25.690853+00,7551.25,57.58,10685,06:24.0,
9359,2025-04-22 05:06:13.94386+00,7266.25,57.45,10684,06:12.2,
9358,2025-04-22 05:06:02.212214+00,7457.5,57.45,10683,06:00.6,
9357,2025-04-22 05:05:50.63325+00,7062.5,57.45,10682,05:49.0,
9356,2025-04-22 05:05:38.985422+00,7063.75,57.33,10681,05:37.4,
9355,2025-04-22 05:05:27.334015+00,6910,57.42,10680,05:25.8,
9354,2025-04-22 05:05:15.743421+00,6615,57.21,10679,05:14.1,
9353,2025-04-22 05:05:04.082741+00,7551.25,57.45,10678,05:00.1,
9352,2025-04-22 05:04:50.073836+00,7682.5,57.42,10677,04:48.2,
9351,2025-04-22 05:04:38.138745+00,7567.5,57.7,10676,04:36.6,
9350,2025-04-22 05:04:26.552671+00,7486.25,57.58,10675,04:25.0,
9349,2025-04-22 05:04:14.956241+00,7376.25,57.58,10674,04:13.3,
9348,2025-04-22 05:04:03.299672+00,7221.25,57.58,10673,04:01.7,
9347,2025-04-22 05:03:51.572323+00,6697.5,57.58,10672,03:49.9,
9346,2025-04-22 05:03:39.90027+00,7475,57.7,10671,03:38.3,
9345,2025-04-22 05:03:28.330058+00,7510,57.7,10670,03:26.7,
9344,2025-04-22 05:03:16.725389+00,7587.5,57.94,10669,03:15.1,
9343,2025-04-22 05:03:05.079564+00,7702.5,57.58,10668,03:03.5,
9342,2025-04-22 05:02:53.311789+00,6830,57.7,10667,02:51.7,
9341,2025-04-22 05:02:41.719814+00,7295,57.45,10666,02:40.1,
9340,2025-04-22 05:02:30.053686+00,6895,57.45,10665,02:28.5,
9339,2025-04-22 05:02:18.437893+00,7391.25,57.45,10664,02:16.8,
9338,2025-04-22 05:02:06.808488+00,7217.5,57.33,10663,02:05.2,
9337,2025-04-22 05:01:55.212071+00,7483.75,57.33,10662,01:53.5,
9336,2025-04-22 05:01:43.39914+00,7425,57.45,10661,01:41.8,
9335,2025-04-22 05:01:31.72457+00,7448.75,57.21,10660,01:30.1,
9334,2025-04-22 05:01:20.111882+00,7280,57.45,10659,01:18.4,
9333,2025-04-22 05:01:08.35702+00,7393.75,57.21,10658,01:06.8,
9332,2025-04-22 05:00:56.742388+00,7511.25,57.45,10657,00:55.1,
9331,2025-04-22 05:00:45.122595+00,7287.5,57.58,10656,00:43.5,
9330,2025-04-22 05:00:33.430031+00,6940,57.58,10655,00:31.8,
9329,2025-04-22 05:00:21.814346+00,7478.75,57.45,10654,00:20.0,
9328,2025-04-22 05:00:09.985336+00,7545,57.45,10653,00:08.4,
9327,2025-04-22 04:59:58.377218+00,7408.75,57.09,10652,59:56.8,
9326,2025-04-22 04:59:46.77343+00,6838.75,57.21,10651,59:45.1,
9325,2025-04-22 04:59:35.141503+00,7231.25,57.21,10650,59:33.5,
9324,2025-04-22 04:59:23.527525+00,7360,57.21,10649,59:21.8,
9323,2025-04-22 04:59:11.849621+00,7282.5,57.45,10648,59:10.2,
9322,2025-04-22 04:59:00.169658+00,7377.5,57.09,10647,58:58.5,
9321,2025-04-22 04:58:48.516741+00,7161.25,57.09,10646,58:46.9,
9320,2025-04-22 04:58:36.801735+00,7250,57.33,10645,58:35.1,
9319,2025-04-22 04:58:25.123588+00,7092.5,57.33,10644,58:23.5,
9318,2025-04-22 04:58:13.46145+00,7406.25,57.58,10643,58:11.9,
9317,2025-04-22 04:58:01.885471+00,7662.5,57.58,10642,58:00.3,
9316,2025-04-22 04:57:50.303557+00,7667.5,57.21,10641,57:48.7,
9315,2025-04-22 04:57:38.704578+00,7282.5,57.33,10640,57:37.1,
9314,2025-04-22 04:57:27.10737+00,7015,57.45,10639,57:25.5,
9313,2025-04-22 04:57:15.46976+00,7360,57.33,10638,57:13.8,
9312,2025-04-22 04:57:03.810235+00,7475,57.45,10637,57:02.2,
9311,2025-04-22 04:56:52.221906+00,7321.25,57.45,10636,56:50.5,
9310,2025-04-22 04:56:40.468758+00,7148.75,57.58,10635,56:38.9,
9309,2025-04-22 04:56:28.876413+00,7378.75,57.58,10634,56:27.3,
9308,2025-04-22 04:56:17.257113+00,7127.5,57.33,10633,56:15.6,
9307,2025-04-22 04:56:05.621919+00,7508.75,57.33,10632,56:03.9,
9306,2025-04-22 04:55:53.847863+00,7345,57.45,10631,55:52.2,
9305,2025-04-22 04:55:42.219292+00,6972.5,57.33,10630,55:40.6,
9304,2025-04-22 04:55:30.619728+00,7545,57.21,10629,55:28.2,
9303,2025-04-22 04:55:18.241872+00,7521.25,57.94,10628,55:16.6,
9302,2025-04-22 04:55:06.626854+00,7062.5,58.18,10627,55:05.0,
9301,2025-04-22 04:54:54.970018+00,7382.5,58.18,10626,54:53.4,
9300,2025-04-22 04:54:43.374172+00,7150,58.06,10625,54:41.8,
9299,2025-04-22 04:54:31.785819+00,7330,57.94,10624,54:30.1,
9298,2025-04-22 04:54:20.052133+00,7398.75,57.94,10623,54:18.3,
9297,2025-04-22 04:54:08.320522+00,7378.75,58.06,10622,54:06.7,
9296,2025-04-22 04:53:56.675299+00,7115,57.58,10621,53:55.1,
9295,2025-04-22 04:53:45.055424+00,7132.5,57.7,10620,53:42.0,
9294,2025-04-22 04:53:32.041264+00,7350,57.94,10619,53:30.3,
9293,2025-04-22 04:53:20.297811+00,7553.75,57.94,10618,53:16.8,
9292,2025-04-22 04:53:06.774799+00,7355,57.82,10617,53:05.2,
9291,2025-04-22 04:52:55.189191+00,7492.5,57.94,10616,52:53.5,
9290,2025-04-22 04:52:43.514578+00,7360,57.94,10615,52:41.9,
9289,2025-04-22 04:52:31.905615+00,7386.25,57.94,10614,52:30.3,
9288,2025-04-22 04:52:20.275063+00,7611.25,58.06,10613,52:18.6,
9287,2025-04-22 04:52:08.583563+00,7558.75,58.18,10612,52:07.0,
9286,2025-04-22 04:51:56.988766+00,6995,57.94,10611,51:55.3,
9285,2025-04-22 04:51:45.349852+00,7365,58.06,10610,51:43.6,
9284,2025-04-22 04:51:33.636665+00,7228.75,57.94,10609,51:32.0,
9283,2025-04-22 04:51:22.009777+00,7308.75,58.06,10608,51:20.4,
9282,2025-04-22 04:51:10.39795+00,7376.25,58.06,10607,51:08.8,
9281,2025-04-22 04:50:58.80009+00,7288.75,57.58,10606,50:57.2,
9280,2025-04-22 04:50:47.15186+00,7133.75,57.7,10605,50:45.5,
9279,2025-04-22 04:50:35.436398+00,7365,57.7,10604,50:33.7,
9278,2025-04-22 04:50:23.668402+00,7221.25,57.82,10603,50:17.5,
9277,2025-04-22 04:50:07.450057+00,7145,57.94,10602,50:05.8,
9276,2025-04-22 04:49:55.824304+00,6771.25,57.82,10601,49:54.2,
9275,2025-04-22 04:49:44.206317+00,7350,58.18,10600,49:42.6,
9274,2025-04-22 04:49:32.590051+00,7066.25,57.82,10599,49:27.5,
9273,2025-04-22 04:49:17.463743+00,7491.25,58.18,10598,49:15.8,
9272,2025-04-22 04:49:05.774186+00,7455,58.06,10597,49:04.2,
9271,2025-04-22 04:48:54.159582+00,6967.5,58.3,10596,48:52.5,
9270,2025-04-22 04:48:42.467812+00,6820,58.18,10595,48:40.8,
9269,2025-04-22 04:48:30.826642+00,6985,57.94,10594,48:29.2,
9268,2025-04-22 04:48:19.125354+00,7430,57.94,10593,48:17.4,
9267,2025-04-22 04:48:07.43928+00,7506.25,57.94,10592,48:05.8,
9266,2025-04-22 04:47:55.763081+00,7271.25,58.3,10591,47:54.2,
9265,2025-04-22 04:47:44.153073+00,7056.25,58.06,10590,47:42.5,
9264,2025-04-22 04:47:32.525245+00,7166.25,58.18,10589,47:30.7,
9263,2025-04-22 04:47:20.66739+00,7233.75,58.18,10588,47:15.9,
9262,2025-04-22 04:47:05.927349+00,7348.75,58.06,10587,47:04.2,
9261,2025-04-22 04:46:54.226738+00,7113.75,57.94,10586,46:52.6,
9260,2025-04-22 04:46:42.608982+00,7217.5,57.94,10585,46:41.0,
9259,2025-04-22 04:46:30.992683+00,7212.5,58.06,10584,46:29.4,
9258,2025-04-22 04:46:19.394746+00,7022.5,58.18,10583,46:17.7,
9257,2025-04-22 04:46:07.711697+00,7622.5,58.06,10582,46:06.1,
9256,2025-04-22 04:45:56.088762+00,7127.5,58.06,10581,45:54.5,
9255,2025-04-22 04:45:44.45571+00,7291.25,58.06,10580,45:42.8,
9254,2025-04-22 04:45:32.812271+00,7580,58.06,10579,45:31.2,
9253,2025-04-22 04:45:21.220028+00,6878.75,57.94,10578,45:19.6,
9252,2025-04-22 04:45:09.587628+00,7442.5,58.3,10577,45:08.0,
9251,2025-04-22 04:44:57.948829+00,7376.25,58.06,10576,44:56.2,
9250,2025-04-22 04:44:46.228895+00,7337.5,58.06,10575,44:44.5,
9249,2025-04-22 04:44:34.457935+00,7502.5,58.42,10574,44:32.9,
9248,2025-04-22 04:44:22.859251+00,7035,58.18,10573,44:19.9,
9247,2025-04-22 04:44:09.9023+00,7285,58.18,10572,44:08.2,
9246,2025-04-22 04:43:58.183832+00,7306.25,58.18,10571,43:56.6,
9245,2025-04-22 04:43:46.551011+00,6990,58.06,10570,43:44.9,
9244,2025-04-22 04:43:34.943488+00,7006.25,57.7,10569,43:33.3,
9243,2025-04-22 04:43:23.338284+00,7136.25,57.82,10568,43:21.7,
9242,2025-04-22 04:43:11.705155+00,6787.5,57.94,10567,43:10.1,
9241,2025-04-22 04:43:00.121904+00,7085,58.06,10566,42:58.5,
9240,2025-04-22 04:42:48.465278+00,7265,58.06,10565,42:46.8,
9239,2025-04-22 04:42:36.804667+00,7352.5,57.94,10564,42:35.1,
9238,2025-04-22 04:42:25.133886+00,7496.25,57.94,10563,42:23.4,
9237,2025-04-22 04:42:13.245748+00,7067.5,58.06,10562,42:11.5,
9236,2025-04-22 04:42:01.468587+00,7531.25,58.06,10561,41:59.9,
9235,2025-04-22 04:41:49.730935+00,7410,57.94,10560,41:48.1,
9234,2025-04-22 04:41:38.083003+00,7066.25,57.94,10559,41:36.5,
9233,2025-04-22 04:41:26.486125+00,7328.75,57.82,10558,41:24.9,
9232,2025-04-22 04:41:14.868566+00,7336.25,57.82,10557,41:13.3,
9231,2025-04-22 04:41:03.251394+00,7110,57.94,10556,41:01.6,
9230,2025-04-22 04:40:51.643688+00,6792.5,57.94,10555,40:48.5,
9229,2025-04-22 04:40:38.46032+00,7335,58.3,10554,40:36.8,
9228,2025-04-22 04:40:26.836412+00,6998.75,58.06,10553,40:25.2,
9227,2025-04-22 04:40:15.226023+00,7180,58.06,10552,40:13.6,
9226,2025-04-22 04:40:03.606936+00,7440,58.06,10551,40:02.0,
9225,2025-04-22 04:39:51.988414+00,7390,57.82,10550,39:50.4,
9224,2025-04-22 04:39:40.368566+00,7558.75,58.18,10549,39:38.6,
9223,2025-04-22 04:39:28.568897+00,7506.25,58.18,10548,39:27.0,
9222,2025-04-22 04:39:16.978211+00,6848.75,58.06,10547,39:15.4,
9221,2025-04-22 04:39:05.406953+00,7217.5,58.06,10546,39:03.8,
9220,2025-04-22 04:38:53.769046+00,7453.75,57.7,10545,38:52.2,
9219,2025-04-22 04:38:42.178087+00,7337.5,58.18,10544,38:40.6,
9218,2025-04-22 04:38:30.582405+00,6887.5,57.82,10543,38:29.0,
9217,2025-04-22 04:38:19.007248+00,7183.75,57.94,10542,38:17.4,
9216,2025-04-22 04:38:07.374279+00,7340,58.06,10541,38:05.7,
9215,2025-04-22 04:37:55.73487+00,7375,57.58,10540,37:54.1,
9214,2025-04-22 04:37:44.117077+00,7021.25,57.45,10539,37:42.5,
9213,2025-04-22 04:37:32.501302+00,7317.5,57.82,10538,37:30.9,
9212,2025-04-22 04:37:20.846138+00,6856.25,57.7,10537,37:19.2,
9211,2025-04-22 04:37:09.220702+00,7131.25,57.82,10536,37:07.6,
9210,2025-04-22 04:36:57.613518+00,7331.25,57.58,10535,36:56.0,
9209,2025-04-22 04:36:45.979146+00,7373.75,57.7,10534,36:44.4,
9208,2025-04-22 04:36:34.38686+00,6973.75,57.94,10533,36:32.8,
9207,2025-04-22 04:36:22.79342+00,6995,57.33,10532,36:21.2,
9206,2025-04-22 04:36:11.156187+00,7335,57.82,10531,36:09.5,
9205,2025-04-22 04:35:59.496629+00,7132.5,57.58,10530,35:57.9,
9204,2025-04-22 04:35:47.84331+00,7207.5,57.58,10529,35:46.2,
9203,2025-04-22 04:35:36.200582+00,7457.5,57.33,10528,35:34.6,
9202,2025-04-22 04:35:24.551412+00,7435,57.58,10527,35:22.9,
9201,2025-04-22 04:35:12.883228+00,7257.5,57.7,10526,35:11.3,
9200,2025-04-22 04:35:01.243751+00,7366.25,57.45,10525,34:59.5,
9199,2025-04-22 04:34:49.527926+00,7273.75,57.82,10524,34:47.9,
9198,2025-04-22 04:34:37.843086+00,7243.75,57.58,10523,34:36.2,
9197,2025-04-22 04:34:26.237606+00,7597.5,57.58,10522,34:24.5,
9196,2025-04-22 04:34:14.491284+00,7212.5,57.58,10521,34:12.9,
9195,2025-04-22 04:34:02.914889+00,7307.5,57.82,10520,34:01.3,
9194,2025-04-22 04:33:51.279202+00,7362.5,57.82,10519,33:49.7,
9193,2025-04-22 04:33:39.652652+00,7347.5,57.94,10518,33:38.0,
9192,2025-04-22 04:33:28.033656+00,7430,57.58,10517,33:26.4,
9191,2025-04-22 04:33:16.424478+00,7612.5,57.7,10516,33:14.8,
9190,2025-04-22 04:33:04.789953+00,7495,57.94,10515,33:03.2,
9189,2025-04-22 04:32:53.213134+00,7060,57.7,10514,32:51.6,
9188,2025-04-22 04:32:41.619419+00,7181.25,58.06,10513,32:40.0,
9187,2025-04-22 04:32:29.990312+00,7236.25,57.94,10512,32:28.4,
9186,2025-04-22 04:32:18.39737+00,7445,57.7,10511,32:16.7,
9185,2025-04-22 04:32:06.731931+00,7405,58.06,10510,32:05.1,
9184,2025-04-22 04:31:55.105264+00,7303.75,57.82,10509,31:53.5,
9183,2025-04-22 04:31:43.484643+00,6926.25,57.7,10508,31:41.9,
9182,2025-04-22 04:31:31.855219+00,7573.75,57.7,10507,31:30.2,
9181,2025-04-22 04:31:20.219517+00,7376.25,57.58,10506,31:18.6,
9180,2025-04-22 04:31:08.575837+00,7583.75,57.7,10505,31:06.9,
9179,2025-04-22 04:30:56.888612+00,7311.25,57.82,10504,30:55.3,
9178,2025-04-22 04:30:45.297631+00,7127.5,57.94,10503,30:43.5,
9177,2025-04-22 04:30:33.484897+00,7430,57.94,10502,30:31.8,
9176,2025-04-22 04:30:21.772062+00,7043.75,57.94,10501,30:19.3,
9175,2025-04-22 04:30:09.337166+00,7240,57.94,10500,30:07.7,
9174,2025-04-22 04:29:57.695652+00,6890,57.82,10499,29:56.1,
9173,2025-04-22 04:29:46.107966+00,6947.5,57.94,10498,29:44.5,
9172,2025-04-22 04:29:34.520519+00,7337.5,58.06,10497,29:32.9,
9171,2025-04-22 04:29:22.874101+00,7113.75,57.94,10496,29:21.3,
9170,2025-04-22 04:29:11.243331+00,7372.5,58.18,10495,29:09.6,
9169,2025-04-22 04:28:59.633235+00,7247.5,58.06,10494,28:58.1,
9168,2025-04-22 04:28:48.043364+00,7448.75,58.06,10493,28:46.5,
9167,2025-04-22 04:28:36.468594+00,6730,57.82,10492,28:34.9,
9166,2025-04-22 04:28:24.836894+00,7022.5,58.3,10491,28:23.2,
9165,2025-04-22 04:28:13.244644+00,7063.75,58.06,10490,28:11.6,
9164,2025-04-22 04:28:01.610207+00,7266.25,57.94,10489,28:00.0,
9163,2025-04-22 04:27:49.997189+00,7267.5,58.06,10488,27:48.3,
9162,2025-04-22 04:27:38.26555+00,7326.25,58.42,10487,27:36.6,
9161,2025-04-22 04:27:26.58327+00,7636.25,58.42,10486,27:25.0,
9160,2025-04-22 04:27:14.957153+00,6827.5,58.3,10485,27:13.4,
9159,2025-04-22 04:27:03.332685+00,7301.25,58.18,10484,27:01.7,
9158,2025-04-22 04:26:51.691508+00,7483.75,58.55,10483,26:50.1,
9157,2025-04-22 04:26:40.0653+00,7401.25,58.42,10482,26:38.5,
9156,2025-04-22 04:26:28.454151+00,7306.25,58.42,10481,26:26.8,
9155,2025-04-22 04:26:16.825652+00,7397.5,58.42,10480,26:15.2,
9154,2025-04-22 04:26:05.201682+00,7492.5,58.55,10479,26:03.6,
9153,2025-04-22 04:25:53.57674+00,7458.75,58.42,10478,25:52.0,
9152,2025-04-22 04:25:41.961204+00,7138.75,58.3,10477,25:40.4,
9151,2025-04-22 04:25:30.347237+00,6843.75,58.3,10476,25:28.7,
9150,2025-04-22 04:25:18.737233+00,7166.25,58.06,10475,25:17.1,
9149,2025-04-22 04:25:07.092896+00,7265,58.18,10474,25:05.5,
9148,2025-04-22 04:24:55.454453+00,6960,58.06,10473,24:53.8,
9147,2025-04-22 04:24:43.827064+00,7387.5,58.3,10472,24:42.2,
9146,2025-04-22 04:24:32.227931+00,7483.75,58.06,10471,24:30.6,
9145,2025-04-22 04:24:20.57401+00,7400,58.3,10470,24:19.0,
9144,2025-04-22 04:24:08.996569+00,7387.5,57.94,10469,24:07.4,
9143,2025-04-22 04:23:57.316524+00,7043.75,58.06,10468,23:55.7,
9142,2025-04-22 04:23:45.716147+00,7175,58.18,10467,23:44.1,
9141,2025-04-22 04:23:34.04209+00,6850,57.94,10466,23:32.4,
9140,2025-04-22 04:23:22.427966+00,7088.75,58.06,10465,23:20.8,
9139,2025-04-22 04:23:10.791912+00,7318.75,58.18,10464,23:09.2,
9138,2025-04-22 04:22:59.168022+00,7010,57.94,10463,22:57.5,
9137,2025-04-22 04:22:47.540022+00,7042.5,58.18,10462,22:45.9,
9136,2025-04-22 04:22:35.869431+00,6820,58.18,10461,22:34.1,
9135,2025-04-22 04:22:24.076522+00,7142.5,57.94,10460,22:22.5,
9134,2025-04-22 04:22:12.476976+00,7487.5,58.06,10459,22:10.9,
9133,2025-04-22 04:22:00.845867+00,7038.75,57.94,10458,21:59.2,
9132,2025-04-22 04:21:49.176953+00,7050,57.82,10457,21:47.6,
9131,2025-04-22 04:21:37.566156+00,7535,57.82,10456,21:36.0,
9130,2025-04-22 04:21:25.945+00,7510,58.18,10455,21:24.4,
9129,2025-04-22 04:21:14.337002+00,7681.25,57.7,10454,21:12.7,
9128,2025-04-22 04:21:02.7194+00,7057.5,57.82,10453,21:01.1,
9127,2025-04-22 04:20:51.098953+00,7365,57.94,10452,20:49.5,
9126,2025-04-22 04:20:39.504052+00,6965,57.82,10451,20:37.9,
9125,2025-04-22 04:20:27.840778+00,7656.25,57.82,10450,20:26.2,
9124,2025-04-22 04:20:16.228361+00,7155,57.7,10449,20:14.6,
9123,2025-04-22 04:20:04.579575+00,7147.5,57.82,10448,20:02.9,
9122,2025-04-22 04:19:52.941523+00,7686.25,57.82,10447,19:51.3,
9121,2025-04-22 04:19:41.336958+00,7620,57.94,10446,19:39.7,
9120,2025-04-22 04:19:29.730392+00,7632.5,57.45,10445,19:28.1,
9119,2025-04-22 04:19:18.111685+00,7177.5,57.42,10444,19:16.5,
9118,2025-04-22 04:19:06.4575+00,7132.5,57.45,10443,19:04.9,
9117,2025-04-22 04:18:54.848626+00,6857.5,57.58,10442,18:53.3,
9116,2025-04-22 04:18:43.235856+00,7118.75,57.21,10441,18:41.6,
9115,2025-04-22 04:18:31.583611+00,7735,57.45,10440,18:30.0,
9114,2025-04-22 04:18:19.972481+00,7110,57.94,10439,18:18.4,
9113,2025-04-22 04:18:08.377732+00,7381.25,57.82,10438,18:06.8,
9112,2025-04-22 04:17:56.77999+00,7601.25,57.94,10437,17:55.2,
9111,2025-04-22 04:17:45.17792+00,7176.25,57.82,10436,17:43.6,
9110,2025-04-22 04:17:33.575355+00,7603.75,57.82,10435,17:32.0,
9109,2025-04-22 04:17:21.959737+00,7472.5,57.94,10434,17:20.4,
9108,2025-04-22 04:17:10.34072+00,7103.75,57.7,10433,17:08.7,
9107,2025-04-22 04:16:58.68381+00,7558.75,57.94,10432,16:57.1,
9106,2025-04-22 04:16:47.062567+00,7452.5,57.7,10431,16:45.5,
9105,2025-04-22 04:16:35.477957+00,7587.5,57.7,10430,16:33.9,
9104,2025-04-22 04:16:23.863096+00,7521.25,57.33,10429,16:22.3,
9103,2025-04-22 04:16:12.240378+00,6985,57.7,10428,16:10.6,
9102,2025-04-22 04:16:00.608128+00,6735,57.82,10427,15:59.0,
9101,2025-04-22 04:15:48.980226+00,7117.5,57.45,10426,15:47.3,
9100,2025-04-22 04:15:37.258118+00,7181.25,57.58,10425,15:35.7,
9099,2025-04-22 04:15:25.641485+00,7490,57.7,10424,15:24.0,
9098,2025-04-22 04:15:13.992459+00,7381.25,57.58,10423,15:12.4,
9097,2025-04-22 04:15:02.38472+00,6700,57.45,10422,15:00.8,
9096,2025-04-22 04:14:50.768631+00,7532.5,57.45,10421,14:49.2,
9095,2025-04-22 04:14:39.153233+00,6738.75,57.45,10420,14:37.6,
9094,2025-04-22 04:14:27.522432+00,7281.25,57.45,10419,14:25.8,
9093,2025-04-22 04:14:15.793406+00,6857.5,57.33,10418,14:14.2,
9092,2025-04-22 04:14:04.192033+00,6918.75,57.58,10417,14:02.6,
9091,2025-04-22 04:13:52.578594+00,6968.75,57.45,10416,13:51.0,
9090,2025-04-22 04:13:40.952677+00,6850,57.45,10415,13:39.3,
9089,2025-04-22 04:13:29.318975+00,7221.25,57.58,10414,13:27.7,
9088,2025-04-22 04:13:17.684996+00,7226.25,57.45,10413,13:16.0,
9087,2025-04-22 04:13:06.013387+00,7233.75,57.45,10412,13:04.4,
9086,2025-04-22 04:12:54.36034+00,7316.25,57.58,10411,12:52.7,
9085,2025-04-22 04:12:42.63928+00,6847.5,57.7,10410,12:41.0,
9084,2025-04-22 04:12:30.982416+00,6986.25,57.58,10409,12:29.4,
9083,2025-04-22 04:12:19.350705+00,7700,56.7,10408,12:17.8,
9082,2025-04-22 04:12:07.739006+00,7098.75,57.7,10407,12:06.0,
9081,2025-04-22 04:11:55.993067+00,6671.25,57.7,10406,11:54.4,
9080,2025-04-22 04:11:44.400497+00,7021.25,57.58,10405,11:40.7,
9079,2025-04-22 04:11:30.656396+00,6931.25,57.7,10404,11:29.1,
9078,2025-04-22 04:11:19.054909+00,7082.5,57.7,10403,11:17.5,
9077,2025-04-22 04:11:07.475572+00,7518.75,57.58,10402,11:05.8,
9076,2025-04-22 04:10:55.816854+00,7095,57.7,10401,10:54.2,
9075,2025-04-22 04:10:44.193271+00,7172.5,57.7,10400,10:42.6,
9074,2025-04-22 04:10:32.529924+00,6910,57.82,10399,10:30.9,
9073,2025-04-22 04:10:20.91705+00,7227.5,57.7,10398,10:19.3,
9072,2025-04-22 04:10:09.225148+00,6942.5,57.82,10397,10:07.6,
9071,2025-04-22 04:09:57.626751+00,7575,57.94,10396,09:56.0,
9070,2025-04-22 04:09:46.005695+00,7511.25,57.82,10395,09:44.4,
9069,2025-04-22 04:09:34.38529+00,7525,57.82,10394,09:32.8,
9068,2025-04-22 04:09:22.752748+00,7728.75,57.94,10393,09:21.2,
9067,2025-04-22 04:09:11.166117+00,7118.75,57.82,10392,09:09.6,
9066,2025-04-22 04:08:59.546593+00,7142.5,57.82,10391,08:57.9,
9065,2025-04-22 04:08:47.904344+00,7147.5,57.82,10390,08:46.3,
9064,2025-04-22 04:08:36.264713+00,7117.5,57.94,10389,08:34.6,
9063,2025-04-22 04:08:24.616611+00,7158.75,58.06,10388,08:23.0,
9062,2025-04-22 04:08:12.994586+00,7671.25,58.06,10387,08:11.4,
9061,2025-04-22 04:08:01.37113+00,7530,57.94,10386,07:59.7,
9060,2025-04-22 04:07:49.684126+00,7578.75,58.06,10385,07:48.1,
9059,2025-04-22 04:07:38.09978+00,6935,58.18,10384,07:36.6,
9058,2025-04-22 04:07:26.516071+00,7388.75,58.06,10383,07:23.3,
9057,2025-04-22 04:07:13.30061+00,6935,57.82,10382,07:11.7,
9056,2025-04-22 04:07:01.680538+00,6850,58.18,10381,07:00.1,
9055,2025-04-22 04:06:50.082004+00,6913.75,57.94,10380,06:48.5,
9054,2025-04-22 04:06:38.486082+00,7240,57.94,10379,06:36.9,
9053,2025-04-22 04:06:26.844718+00,7612.5,58.06,10378,06:25.2,
9052,2025-04-22 04:06:15.227967+00,7541.25,57.94,10377,06:13.6,
9051,2025-04-22 04:06:03.604937+00,7553.75,57.82,10376,06:01.9,
9050,2025-04-22 04:05:51.91542+00,7536.25,57.82,10375,05:50.3,
9049,2025-04-22 04:05:40.32569+00,7247.5,57.82,10374,05:38.7,
9048,2025-04-22 04:05:28.696342+00,7127.5,57.82,10373,05:27.0,
9047,2025-04-22 04:05:17.007632+00,7257.5,57.94,10372,05:15.3,
9046,2025-04-22 04:05:05.287516+00,7433.75,58.06,10371,05:03.6,
9045,2025-04-22 04:04:53.532333+00,6900,57.58,10370,04:51.8,
9044,2025-04-22 04:04:41.755+00,7401.25,57.94,10369,04:40.2,
9043,2025-04-22 04:04:30.164989+00,6935,58.18,10368,04:28.5,
9042,2025-04-22 04:04:18.525864+00,7596.25,57.94,10367,04:16.9,
9041,2025-04-22 04:04:06.886111+00,6812.5,58.06,10366,04:05.3,
9040,2025-04-22 04:03:55.298231+00,7201.25,58.06,10365,03:53.7,
9039,2025-04-22 04:03:43.682552+00,7207.5,57.94,10364,03:42.1,
9038,2025-04-22 04:03:32.079644+00,7237.5,57.82,10363,03:30.5,
9037,2025-04-22 04:03:20.481518+00,7151.25,57.7,10362,03:18.9,
9036,2025-04-22 04:03:08.852199+00,7208.75,57.82,10361,03:07.3,
9035,2025-04-22 04:02:57.126624+00,7537.5,57.58,10360,02:55.2,
9034,2025-04-22 04:02:45.171351+00,6912.5,57.94,10359,02:43.6,
9033,2025-04-22 04:02:33.581635+00,7481.25,57.58,10358,02:32.0,
9032,2025-04-22 04:02:21.964559+00,6948.75,57.94,10357,02:20.4,
9031,2025-04-22 04:02:10.39775+00,6975,57.94,10356,02:08.8,
9030,2025-04-22 04:01:58.785131+00,6603.75,57.82,10355,01:57.2,
9029,2025-04-22 04:01:47.173036+00,7126.25,57.82,10354,01:45.6,
9028,2025-04-22 04:01:35.578254+00,7212.5,57.82,10353,01:32.4,
9027,2025-04-22 04:01:22.413052+00,7541.25,58.06,10352,01:20.8,
9026,2025-04-22 04:01:10.807205+00,7243.75,58.06,10351,01:07.8,
9025,2025-04-22 04:00:57.8219+00,7500,58.3,10350,00:56.1,
9024,2025-04-22 04:00:46.059094+00,7343.75,58.42,10349,00:43.0,
9023,2025-04-22 04:00:33.012767+00,7505,58.55,10348,00:31.4,
9022,2025-04-22 04:00:21.364562+00,7326.25,58.55,10347,00:19.8,
9021,2025-04-22 04:00:09.722299+00,7375,58.67,10346,00:08.1,
9020,2025-04-22 03:59:58.047463+00,7495,58.67,10345,59:56.3,
9019,2025-04-22 03:59:46.335933+00,7246.25,58.42,10344,59:44.7,
9018,2025-04-22 03:59:34.686987+00,6931.25,58.42,10343,59:33.1,
9017,2025-04-22 03:59:23.092738+00,7422.5,58.42,10342,59:21.4,
9016,2025-04-22 03:59:11.432624+00,7341.25,58.18,10341,59:09.8,
9015,2025-04-22 03:58:59.769915+00,7056.25,58.3,10340,58:58.1,
9014,2025-04-22 03:58:48.178372+00,7261.25,58.42,10339,58:46.5,
9013,2025-04-22 03:58:36.510024+00,7622.5,58.18,10338,58:34.9,
9012,2025-04-22 03:58:24.863382+00,7335,58.3,10337,58:23.2,
9011,2025-04-22 03:58:13.23619+00,7160,58.18,10336,58:11.6,
9010,2025-04-22 03:58:01.665281+00,7106.25,58.3,10335,58:00.0,
9009,2025-04-22 03:57:50.011842+00,7382.5,58.18,10334,57:47.3,
9008,2025-04-22 03:36:12.659344+00,7775,57.33,10256,36:10.9,
9007,2025-04-22 03:36:00.475478+00,7383.75,57.45,10255,35:56.0,
9006,2025-04-22 03:35:45.992711+00,7566.25,57.21,10254,35:41.1,
9005,2025-04-22 03:35:31.081966+00,7516.25,56.97,10253,35:25.1,
9004,2025-04-22 03:35:15.125609+00,7276.25,56.85,10252,35:13.4,
9003,2025-04-22 03:35:03.436002+00,7197.5,56.85,10251,34:59.1,
9002,2025-04-22 03:34:49.104434+00,7241.25,57.09,10250,34:45.8,
9001,2025-04-22 03:34:35.762453+00,7525,56.97,10249,34:33.7,
9000,2025-04-22 03:34:23.703643+00,7218.75,56.85,10248,34:21.9,
8999,2025-04-22 03:34:11.94475+00,7887.5,57.09,10247,34:10.1,
8998,2025-04-22 03:33:43.164423+00,7012.5,56.85,10245,33:41.5,
8997,2025-04-22 03:33:31.495327+00,7722.5,56.73,10244,33:28.4,
8996,2025-04-22 03:33:18.373731+00,7573.75,56.97,10243,33:16.7,
8995,2025-04-22 03:33:06.694082+00,7428.75,56.85,10242,33:04.9,
8994,2025-04-22 03:32:36.929038+00,7256.25,57.09,10240,32:35.2,
8993,2025-04-22 03:32:25.214391+00,7672.5,57.09,10239,32:23.6,
8992,2025-04-22 03:32:13.588057+00,7415,56.97,10238,32:07.0,
8991,2025-04-22 03:31:57.035386+00,7661.25,57.09,10237,31:53.0,
8990,2025-04-22 03:31:43.056127+00,7562.5,56.85,10236,31:41.2,
8989,2025-04-22 03:31:31.239478+00,7597.5,57.09,10235,31:29.4,
8988,2025-04-22 03:31:19.459999+00,7708.75,57.21,10234,31:17.7,
8987,2025-04-22 03:30:52.082269+00,7618.75,56.85,10232,30:48.1,
8986,2025-04-22 03:30:38.101795+00,7246.25,56.85,10231,30:36.5,
8985,2025-04-22 03:30:26.461793+00,7496.25,56.97,10230,30:24.8,
8984,2025-04-22 03:30:14.761155+00,7477.5,57.09,10229,30:13.1,
8983,2025-04-22 03:30:03.128938+00,7432.5,57.21,10228,30:01.2,
8982,2025-04-22 03:29:51.225168+00,7378.75,57.33,10227,29:49.5,
8981,2025-04-22 03:29:39.536625+00,7515,57.09,10226,29:37.8,
8980,2025-04-22 03:29:27.785582+00,7120,56.97,10225,29:26.1,
8979,2025-04-22 03:29:16.104608+00,7422.5,57.09,10224,29:14.4,
8978,2025-04-22 03:29:04.31992+00,7482.5,57.21,10223,29:02.7,
8977,2025-04-22 03:27:58.14122+00,7536.25,57.09,10219,27:54.7,
8976,2025-04-22 03:27:44.768223+00,7382.5,56.97,10218,27:42.7,
8975,2025-04-22 03:27:32.67624+00,7450,57.09,10217,27:30.8,
8974,2025-04-22 03:27:20.755746+00,7372.5,56.97,10216,27:19.1,
8973,2025-04-22 03:27:09.107367+00,7501.25,56.85,10215,27:07.3,
8972,2025-04-22 03:26:57.322237+00,7573.75,57.09,10214,26:55.6,
8971,2025-04-22 03:26:45.652855+00,7310,56.85,10213,26:43.8,
8970,2025-04-22 03:26:33.708811+00,7703.75,56.85,10212,26:30.1,
8969,2025-04-22 03:26:20.071641+00,7602.5,56.97,10211,26:18.2,
8968,2025-04-22 03:26:08.168959+00,7258.75,56.61,10210,26:01.0,
8967,2025-04-22 03:25:51.001894+00,7521.25,56.85,10209,25:49.3,
8966,2025-04-22 03:25:39.276135+00,7266.25,56.97,10208,25:33.1,
8965,2025-04-22 03:25:06.24575+00,7768.75,57.09,10206,25:04.4,
8964,2025-04-22 03:24:54.368333+00,7825,57.21,10205,24:52.7,
8963,2025-04-22 03:24:42.676062+00,7410,57.21,10204,24:40.5,
8962,2025-04-22 03:24:30.490945+00,7451.25,57.21,10203,24:28.8,
8961,2025-04-22 03:24:18.834331+00,7767.5,57.09,10202,24:17.1,
8960,2025-04-22 03:24:07.135691+00,7080,57.33,10201,24:05.5,
8959,2025-04-22 03:23:55.464291+00,7582.5,57.21,10200,23:53.8,
8958,2025-04-22 03:23:43.790459+00,7550,57.21,10199,23:42.1,
8957,2025-04-22 03:23:32.136072+00,7470,57.09,10198,23:30.5,
8956,2025-04-22 03:23:20.481815+00,7572.5,57.21,10197,23:18.7,
8955,2025-04-22 03:23:08.671436+00,7336.25,57.45,10196,23:05.1,
8954,2025-04-22 03:22:40.099295+00,7542.5,57.21,10194,22:38.3,
8953,2025-04-22 03:22:28.305309+00,6958.75,57.09,10193,22:26.5,
8952,2025-04-22 03:22:16.481284+00,7698.75,57.21,10192,22:14.8,
8951,2025-04-22 03:22:04.87588+00,7537.5,57.21,10191,22:03.2,
8950,2025-04-22 03:21:53.190514+00,7610,57.21,10190,21:51.4,
8949,2025-04-22 03:21:41.426077+00,7590,57.33,10189,21:39.8,
8948,2025-04-22 03:21:29.775262+00,7368.75,57.33,10188,21:27.9,
8947,2025-04-22 03:21:17.855018+00,7915,57.45,10187,21:16.0,
8946,2025-04-22 03:21:05.061352+00,7573.75,57.45,10186,21:02.5,
8945,2025-04-22 03:20:31.454876+00,7511.25,57.33,10184,20:29.4,
8944,2025-04-22 03:20:14.532543+00,7536.25,57.58,10183,20:11.1,
8943,2025-04-22 03:20:00.885846+00,7492.5,57.45,10182,19:59.2,
8942,2025-04-22 03:19:49.182712+00,7562.5,57.21,10181,19:47.0,
8941,2025-04-22 03:19:37.033823+00,7407.5,57.21,10180,19:34.9,
8940,2025-04-22 03:19:24.913137+00,7515,57.45,10179,19:23.1,
8939,2025-04-22 03:19:13.154224+00,7646.25,57.7,10178,19:11.4,
8938,2025-04-22 03:19:01.432083+00,7303.75,57.21,10177,18:59.7,
8937,2025-04-22 03:18:49.7514+00,7571.25,57.33,10176,18:48.1,
8936,2025-04-22 03:18:38.081418+00,7345,57.21,10175,18:36.4,
8935,2025-04-22 03:18:26.402177+00,7433.75,57.33,10174,18:22.3,
8934,2025-04-22 03:18:12.344294+00,7793.75,57.33,10173,18:10.7,
8933,2025-04-22 03:18:00.727063+00,7723.75,57.45,10172,17:58.9,
8932,2025-04-22 03:17:48.948122+00,7610,57.58,10171,17:47.3,
8931,2025-04-22 03:17:37.338567+00,7501.25,57.82,10170,17:35.7,
8930,2025-04-22 03:17:25.74369+00,7587.5,57.7,10169,17:24.0,
8929,2025-04-22 03:17:14.042503+00,7347.5,57.94,10168,17:12.3,
8928,2025-04-22 03:17:02.339805+00,7530,57.7,10167,17:00.7,
8927,2025-04-22 03:16:50.678473+00,7468.75,58.18,10166,16:49.0,
8926,2025-04-22 03:16:39.038882+00,7303.75,58.3,10165,16:37.2,
8925,2025-04-22 03:16:27.26332+00,7285,58.18,10164,16:25.6,
8924,2025-04-22 03:16:15.572711+00,7467.5,58.42,10163,16:13.9,
8923,2025-04-22 03:16:03.92187+00,6893.75,58.06,10162,16:00.7,
8922,2025-04-22 03:15:50.738948+00,7435,58.42,10161,15:48.9,
8921,2025-04-22 03:15:38.895849+00,7462.5,58.3,10160,15:37.2,
8920,2025-04-22 03:15:27.158471+00,7126.25,58.18,10159,15:25.4,
8919,2025-04-22 03:15:15.428394+00,7353.75,58.18,10158,15:13.8,
8918,2025-04-22 03:15:03.801349+00,7180,58.3,10157,15:02.1,
8917,2025-04-22 03:14:52.096066+00,7515,58.42,10156,14:50.4,
8916,2025-04-22 03:14:40.371068+00,7378.75,58.3,10155,14:38.7,
8915,2025-04-22 03:14:28.662214+00,7136.25,58.3,10154,14:27.0,
8914,2025-04-22 03:14:17.0272+00,7241.25,58.18,10153,14:15.3,
8913,2025-04-22 03:14:05.330217+00,7498.75,58.42,10152,14:03.5,
8912,2025-04-22 03:13:53.54446+00,7402.5,58.3,10151,13:51.7,
8911,2025-04-22 03:13:41.705798+00,7346.25,58.42,10150,13:40.0,
8910,2025-04-22 03:13:29.935016+00,7251.25,58.42,10149,13:23.6,
8909,2025-04-22 03:13:13.648848+00,7555,58.42,10148,13:11.9,
8908,2025-04-22 03:13:01.958427+00,7381.25,58.18,10147,13:00.3,
8907,2025-04-22 03:12:50.288757+00,6868.75,58.3,10146,12:48.6,
8906,2025-04-22 03:12:38.620405+00,7288.75,58.3,10145,12:32.7,
8905,2025-04-22 03:12:22.758149+00,7580,58.42,10144,12:20.9,
8904,2025-04-22 03:12:10.929126+00,7395,58.3,10143,12:07.6,
8903,2025-04-22 03:11:57.605605+00,7431.25,58.55,10142,11:56.0,
8902,2025-04-22 03:11:45.988707+00,7371.25,58.55,10141,11:42.9,
8901,2025-04-22 03:11:16.417162+00,7481.25,58.3,10139,11:14.7,
8900,2025-04-22 03:11:04.712546+00,7375,58.42,10138,11:03.0,
8899,2025-04-22 03:10:53.038602+00,7155,58.3,10137,10:49.9,
8898,2025-04-22 03:10:21.640726+00,7195,58.18,10135,10:19.9,
8897,2025-04-22 03:10:09.968068+00,7087.5,58.3,10134,10:08.2,
8896,2025-04-22 03:09:58.198602+00,7612.5,58.55,10133,09:56.4,
8895,2025-04-22 03:09:44.722786+00,7158.75,58.55,10132,09:42.9,
8894,2025-04-22 03:09:32.931805+00,7392.5,58.55,10131,09:31.2,
8893,2025-04-22 03:09:21.194037+00,7392.5,58.42,10130,09:19.4,
8892,2025-04-22 03:09:09.376783+00,7468.75,58.42,10129,09:07.5,
8891,2025-04-22 03:08:57.510455+00,7226.25,58.42,10128,08:55.8,
8890,2025-04-22 03:08:45.758705+00,7351.25,58.3,10127,08:44.1,
8889,2025-04-22 03:08:34.111083+00,7318.75,58.42,10126,08:32.4,
8888,2025-04-22 03:08:22.431579+00,7551.25,58.67,10125,08:16.1,
8887,2025-04-22 03:08:06.086623+00,7143.75,58.55,10124,08:04.4,
8886,2025-04-22 03:07:54.431313+00,7495,58.42,10123,07:51.1,
8885,2025-04-22 03:07:41.013997+00,7357.5,58.55,10122,07:39.3,
8884,2025-04-22 03:07:29.280962+00,7388.75,58.55,10121,07:27.5,
8883,2025-04-22 03:07:17.373555+00,7315,58.42,10120,07:15.7,
8882,2025-04-22 03:07:05.692479+00,7340,58.42,10119,07:04.0,
8881,2025-04-22 03:06:53.984503+00,7422.5,58.67,10118,06:52.3,
8880,2025-04-22 03:06:42.285093+00,7518.75,58.3,10117,06:40.5,
8879,2025-04-22 03:06:30.554743+00,7507.5,58.42,10116,06:28.9,
8878,2025-04-22 03:06:18.889688+00,7421.25,58.42,10115,06:17.1,
8877,2025-04-22 03:06:07.001241+00,7416.25,58.55,10114,06:03.6,
8876,2025-04-22 03:05:53.528783+00,7093.75,58.55,10113,05:51.9,
8875,2025-04-22 03:05:41.882878+00,7136.25,58.67,10112,05:40.2,
8874,2025-04-22 03:05:30.19761+00,7561.25,58.67,10111,05:28.5,
8873,2025-04-22 03:05:18.478736+00,7176.25,58.42,10110,05:16.8,
8872,2025-04-22 03:05:06.814261+00,7420,58.3,10109,05:05.2,
8871,2025-04-22 03:04:55.168996+00,7491.25,58.3,10108,04:53.5,
8870,2025-04-22 03:04:43.469362+00,7295,58.3,10107,04:40.1,
8869,2025-04-22 03:04:30.060652+00,7071.25,58.42,10106,04:28.2,
8868,2025-04-22 03:04:18.179039+00,7118.75,58.18,10105,04:14.6,
8867,2025-04-22 03:04:04.654013+00,7475,58.42,10104,04:03.0,
8866,2025-04-22 03:03:52.959331+00,7216.25,58.3,10103,03:51.2,
8865,2025-04-22 03:03:41.17524+00,7276.25,58.18,10102,03:39.4,
8864,2025-04-22 03:03:29.415927+00,7153.75,57.94,10101,03:26.3,
8863,2025-04-22 03:03:16.122977+00,7252.5,58.06,10100,03:14.3,
8862,2025-04-22 03:03:04.324624+00,7395,58.18,10099,03:02.6,
8861,2025-04-22 03:02:52.654562+00,7338.75,58.18,10098,02:50.9,
8860,2025-04-22 03:02:40.927988+00,7386.25,58.18,10097,02:37.7,
8859,2025-04-22 03:02:27.659632+00,7330,58.18,10096,02:26.0,
8858,2025-04-22 03:02:15.960536+00,7332.5,58.18,10095,02:14.2,
8857,2025-04-22 03:02:04.223933+00,7027.5,58.42,10094,02:02.6,
8856,2025-04-22 03:01:52.596547+00,7501.25,58.3,10093,01:49.8,
8855,2025-04-22 03:01:39.839616+00,7355,58.42,10092,01:38.2,
8854,2025-04-22 03:01:28.181237+00,6942.5,58.3,10091,01:26.5,
8853,2025-04-22 03:01:16.386805+00,7458.75,58.18,10090,01:14.5,
8852,2025-04-22 03:01:04.434883+00,6836.25,58.42,10089,01:02.2,
8851,2025-04-22 03:00:52.237818+00,7448.75,58.18,10088,00:50.6,
8850,2025-04-22 03:00:40.55434+00,7390,58.18,10087,00:38.7,
8849,2025-04-22 03:00:28.71002+00,7422.5,58.3,10086,00:26.9,
8848,2025-04-22 03:00:16.794025+00,7045,58.42,10085,00:14.8,
8847,2025-04-22 03:00:04.806323+00,7078.75,58.18,10084,00:03.1,
8846,2025-04-22 02:59:53.100813+00,7438.75,58.18,10083,59:51.4,
8845,2025-04-22 02:59:41.361251+00,7333.75,58.18,10082,59:39.7,
8844,2025-04-22 02:59:29.684257+00,7056.25,58.3,10081,59:27.1,
8843,2025-04-22 02:59:16.894376+00,7100,58.18,10080,59:15.2,
8842,2025-04-22 02:59:05.084199+00,7628.75,58.18,10079,59:03.4,
8841,2025-04-22 02:58:53.153807+00,7426.25,58.06,10078,58:51.5,
8840,2025-04-22 02:58:41.511278+00,7137.5,58.18,10077,58:39.9,
8839,2025-04-22 02:58:29.863778+00,7433.75,57.94,10076,58:28.2,
8838,2025-04-22 02:58:18.18848+00,7338.75,58.18,10075,58:16.6,
8837,2025-04-22 02:58:06.586344+00,7571.25,58.06,10074,58:04.8,
8836,2025-04-22 02:57:54.794927+00,7457.5,57.94,10073,57:53.2,
8835,2025-04-22 02:57:43.194769+00,7161.25,57.82,10072,57:41.6,
8834,2025-04-22 02:57:31.41979+00,6963.75,58.06,10071,57:29.7,
8833,2025-04-22 02:57:19.738578+00,7318.75,57.82,10070,57:18.0,
8832,2025-04-22 02:57:08.022598+00,7372.5,58.18,10069,57:06.2,
8831,2025-04-22 02:56:56.154787+00,7647.5,58.18,10068,56:54.2,
8830,2025-04-22 02:56:44.211706+00,7062.5,58.18,10067,56:41.5,
8829,2025-04-22 02:56:31.559367+00,7442.5,58.18,10066,56:29.9,
8828,2025-04-22 02:56:19.925883+00,7327.5,57.94,10065,56:18.2,
8827,2025-04-22 02:56:08.252187+00,7166.25,57.94,10064,56:06.5,
8826,2025-04-22 02:55:56.538268+00,7381.25,57.94,10063,55:54.9,
8825,2025-04-22 02:55:44.832299+00,7178.75,58.06,10062,55:43.2,
8824,2025-04-22 02:55:33.210462+00,7577.5,57.82,10061,55:31.6,
8823,2025-04-22 02:55:21.622412+00,7528.75,58.06,10060,55:20.0,
8822,2025-04-22 02:55:10.022496+00,7552.5,58.18,10059,55:08.0,
8821,2025-04-22 02:54:58.028253+00,7532.5,58.42,10058,54:56.4,
8820,2025-04-22 02:54:46.41298+00,7496.25,58.42,10057,54:44.8,
8819,2025-04-22 02:54:34.773209+00,7420,58.06,10056,54:33.2,
8818,2025-04-22 02:54:23.178728+00,7402.5,58.3,10055,54:21.6,
8817,2025-04-22 02:54:11.556963+00,7712.5,58.42,10054,54:09.8,
8816,2025-04-22 02:53:59.786471+00,7023.75,58.79,10053,53:58.2,
8815,2025-04-22 02:53:48.160163+00,7142.5,58.67,10052,53:46.6,
8814,2025-04-22 02:53:36.577428+00,7572.5,58.55,10051,53:35.0,
8813,2025-04-22 02:53:25.009141+00,7390,58.67,10050,53:23.3,
8812,2025-04-22 02:53:13.33268+00,7510,58.55,10049,53:11.7,
8811,2025-04-22 02:53:01.699944+00,7195,58.55,10048,53:00.1,
8810,2025-04-22 02:52:50.0654+00,7540,58.55,10047,52:48.5,
8809,2025-04-22 02:52:38.466745+00,7566.25,58.79,10046,52:34.5,
8808,2025-04-22 02:52:24.539759+00,7342.5,58.67,10045,52:23.0,
8807,2025-04-22 02:52:12.954952+00,7391.25,58.79,10044,52:07.0,
8806,2025-04-22 02:51:56.998312+00,7495,58.67,10043,51:55.4,
8805,2025-04-22 02:51:45.37717+00,7585,58.79,10042,51:43.8,
8804,2025-04-22 02:51:33.765472+00,7195,58.79,10041,51:32.1,
8803,2025-04-22 02:51:22.127908+00,7198.75,58.55,10040,51:20.5,
8802,2025-04-22 02:51:10.539999+00,7360,58.3,10039,51:08.8,
8801,2025-04-22 02:50:58.81902+00,7413.75,58.42,10038,50:57.2,
8800,2025-04-22 02:50:47.212464+00,7440,58.55,10037,50:45.6,
8799,2025-04-22 02:50:35.621059+00,7291.25,58.67,10036,50:34.0,
8798,2025-04-22 02:50:24.005042+00,7511.25,58.55,10035,50:22.4,
8797,2025-04-22 02:50:12.39119+00,7333.75,58.67,10034,50:10.8,
8796,2025-04-22 02:50:00.781854+00,7337.5,58.42,10033,49:59.1,
8795,2025-04-22 02:49:49.102884+00,7361.25,58.55,10032,49:47.4,
8794,2025-04-22 02:49:37.423045+00,7390,58.55,10031,49:35.8,
8793,2025-04-22 02:49:25.793711+00,7257.5,58.55,10030,49:24.2,
8792,2025-04-22 02:49:14.161005+00,7416.25,58.55,10029,49:12.5,
8791,2025-04-22 02:49:02.538604+00,7533.75,58.42,10028,49:00.9,
8790,2025-04-22 02:48:50.919767+00,7278.75,58.67,10027,48:49.3,
8789,2025-04-22 02:48:39.318826+00,7051.25,58.55,10026,48:37.7,
8788,2025-04-22 02:48:27.713563+00,7547.5,58.3,10025,48:26.1,
8787,2025-04-22 02:48:16.072578+00,6870,58.3,10024,48:14.2,
8786,2025-04-22 02:48:04.163141+00,7212.5,58.42,10023,48:02.5,
8785,2025-04-22 02:47:52.543326+00,7186.25,58.3,10022,47:50.9,
8784,2025-04-22 02:47:40.925315+00,7282.5,58.18,10021,47:39.3,
8783,2025-04-22 02:47:29.31179+00,7215,58.3,10020,47:27.7,
8782,2025-04-22 02:47:17.704353+00,7092.5,58.18,10019,47:16.1,
8781,2025-04-22 02:47:06.098545+00,7077.5,58.3,10018,47:04.4,
8780,2025-04-22 02:46:54.415264+00,7212.5,58.42,10017,46:52.7,
8779,2025-04-22 02:46:42.709856+00,7067.5,58.3,10016,46:41.1,
8778,2025-04-22 02:46:31.080645+00,7381.25,58.42,10015,46:29.5,
8777,2025-04-22 02:46:19.48312+00,7366.25,58.3,10014,46:17.7,
8776,2025-04-22 02:46:07.739536+00,7181.25,58.42,10013,46:06.2,
8775,2025-04-22 02:45:56.153186+00,7420,58.42,10012,45:54.5,
8774,2025-04-22 02:45:44.464735+00,7315,58.79,10011,45:42.9,
8773,2025-04-22 02:45:32.895412+00,7158.75,58.67,10010,45:31.3,
8772,2025-04-22 02:45:21.303618+00,7100,58.79,10009,45:19.7,
8771,2025-04-22 02:45:09.716003+00,7095,58.79,10008,45:08.1,
8770,2025-04-22 02:44:58.089743+00,7346.25,58.55,10007,44:56.4,
8769,2025-04-22 02:44:46.399207+00,7500,58.79,10006,44:44.8,
8768,2025-04-22 02:44:34.811353+00,7581.25,58.74,10005,44:33.2,
8767,2025-04-22 02:44:23.203587+00,7360,58.79,10004,44:21.6,
8766,2025-04-22 02:44:11.55889+00,7323.75,58.91,10003,44:09.9,
8765,2025-04-22 02:43:59.938856+00,7177.5,58.79,10002,43:58.2,
8764,2025-04-22 02:43:48.221465+00,7332.5,58.79,10001,43:46.6,
8763,2025-04-22 02:43:36.61354+00,7102.5,58.79,10000,43:35.0,
8762,2025-04-22 02:43:24.993251+00,7278.75,58.55,9999,43:23.3,
8761,2025-04-22 02:43:13.318036+00,7331.25,58.79,9998,43:11.7,
8760,2025-04-22 02:43:01.649784+00,7146.25,58.55,9997,43:00.0,
8759,2025-04-22 02:42:49.97052+00,7476.25,58.67,9996,42:48.3,
8758,2025-04-22 02:42:38.350189+00,7335,58.67,9995,42:36.8,
8757,2025-04-22 02:42:26.75606+00,7291.25,58.67,9994,42:25.1,
8756,2025-04-22 02:42:15.128792+00,7208.75,58.67,9993,42:13.5,
8755,2025-04-22 02:42:03.493149+00,6865,58.55,9992,42:01.7,
8754,2025-04-22 02:41:51.753239+00,7232.5,58.67,9991,41:50.1,
8753,2025-04-22 02:41:40.122833+00,7270,58.67,9990,41:38.5,
8752,2025-04-22 02:41:28.508083+00,7530,58.67,9989,41:26.9,
8751,2025-04-22 02:41:16.882186+00,7078.75,58.55,9988,41:15.2,
8750,2025-04-22 02:41:05.208134+00,7246.25,58.67,9987,41:03.6,
8749,2025-04-22 02:40:53.584042+00,7265,58.79,9986,40:52.0,
8748,2025-04-22 02:40:41.953659+00,7313.75,58.67,9985,40:40.3,
8747,2025-04-22 02:40:30.291778+00,7236.25,58.79,9984,40:28.7,
8746,2025-04-22 02:40:18.673768+00,7183.75,58.67,9983,40:17.1,
8745,2025-04-22 02:40:07.051867+00,7493.75,58.67,9982,40:03.2,
8744,2025-04-22 02:39:53.149572+00,7462.5,58.55,9981,39:51.5,
8743,2025-04-22 02:39:41.534719+00,7107.5,58.67,9980,39:39.9,
8742,2025-04-22 02:39:29.876411+00,7312.5,58.79,9979,39:28.2,
8741,2025-04-22 02:39:18.224356+00,7296.25,58.55,9978,39:16.6,
8740,2025-04-22 02:39:06.626602+00,7073.75,58.79,9977,39:05.0,
8739,2025-04-22 02:38:54.951326+00,7308.75,59.03,9976,38:53.3,
8738,2025-04-22 02:38:43.181165+00,7615,58.79,9975,38:41.4,
8737,2025-04-22 02:38:31.417077+00,7188.75,58.79,9974,38:29.8,
8736,2025-04-22 02:38:19.766159+00,7201.25,58.91,9973,38:18.1,
8735,2025-04-22 02:38:08.141566+00,7336.25,59.03,9972,38:06.5,
8734,2025-04-22 02:37:56.509184+00,7365,59.03,9971,37:54.9,
8733,2025-04-22 02:37:44.87588+00,7448.75,59.03,9970,37:43.3,
8732,2025-04-22 02:37:33.290479+00,7413.75,59.15,9969,37:31.6,
8731,2025-04-22 02:37:21.615633+00,7275,58.91,9968,37:20.0,
8730,2025-04-22 02:37:10.019335+00,7152.5,58.91,9967,37:08.3,
8729,2025-04-22 02:36:58.37834+00,7350,58.91,9966,36:56.7,
8728,2025-04-22 02:36:46.767116+00,6907.5,58.91,9965,36:45.1,
8727,2025-04-22 02:36:34.993626+00,7147.5,58.67,9964,36:33.0,
8726,2025-04-22 02:36:23.051819+00,7121.25,58.91,9963,36:21.4,
8725,2025-04-22 02:36:11.416522+00,7397.5,58.91,9962,36:09.7,
8724,2025-04-22 02:35:59.734232+00,7355,59.03,9961,35:58.1,
8723,2025-04-22 02:35:48.12465+00,7265,58.91,9960,35:46.5,
8722,2025-04-22 02:35:36.461635+00,7386.25,58.91,9959,35:34.8,
8721,2025-04-22 02:35:24.849941+00,7220,59.03,9958,35:23.2,
8720,2025-04-22 02:35:13.263403+00,7170,59.03,9957,35:11.6,
8719,2025-04-22 02:35:01.58724+00,7496.25,58.91,9956,34:59.9,
8718,2025-04-22 02:34:49.922038+00,7226.25,58.91,9955,34:48.3,
8717,2025-04-22 02:34:38.319885+00,7331.25,59.15,9954,34:36.6,
8716,2025-04-22 02:34:26.639046+00,7153.75,58.91,9953,34:25.0,
8715,2025-04-22 02:34:14.990544+00,7493.75,58.91,9952,34:13.4,
8714,2025-04-22 02:34:03.393139+00,7173.75,59.15,9951,34:00.0,
8713,2025-04-22 02:33:50.013789+00,7180,59.15,9950,33:48.3,
8712,2025-04-22 02:33:38.323378+00,7367.5,59.03,9949,33:36.7,
8711,2025-04-22 02:33:26.690901+00,7337.5,58.79,9948,33:25.0,
8710,2025-04-22 02:33:15.056336+00,7388.75,58.91,9947,33:13.4,
8709,2025-04-22 02:33:03.459709+00,7378.75,58.67,9946,33:01.8,
8708,2025-04-22 02:32:51.799861+00,7616.25,58.79,9945,32:50.1,
8707,2025-04-22 02:32:40.171274+00,7333.75,58.79,9944,32:38.5,
8706,2025-04-22 02:32:28.567145+00,7210,58.79,9943,32:26.9,
8705,2025-04-22 02:32:16.979404+00,7157.5,58.91,9942,32:15.4,
8704,2025-04-22 02:32:05.378976+00,7280,58.91,9941,32:03.7,
8703,2025-04-22 02:31:53.785374+00,7412.5,58.55,9940,31:52.1,
8702,2025-04-22 02:31:42.166619+00,7460,58.79,9939,31:40.4,
8701,2025-04-22 02:31:30.481679+00,7397.5,58.79,9938,31:28.9,
8700,2025-04-22 02:31:18.463461+00,7123.75,58.55,9937,31:16.7,
8699,2025-04-22 02:31:06.777037+00,7378.75,58.79,9936,31:05.1,
8698,2025-04-22 02:30:55.098055+00,7232.5,58.91,9935,30:53.5,
8697,2025-04-22 02:30:43.500419+00,7442.5,58.91,9934,30:41.8,
8696,2025-04-22 02:30:31.819766+00,7430,58.91,9933,30:30.2,
8695,2025-04-22 02:30:20.186022+00,7503.75,58.67,9932,30:18.5,
8694,2025-04-22 02:30:08.499222+00,7060,58.79,9931,30:06.8,
8693,2025-04-22 02:29:56.795542+00,7222.5,58.79,9930,29:55.1,
8692,2025-04-22 02:29:45.164945+00,7378.75,58.79,9929,29:43.5,
8691,2025-04-22 02:29:33.531701+00,7236.25,58.67,9928,29:31.9,
8690,2025-04-22 02:29:21.932692+00,7118.75,58.79,9927,29:20.3,
8689,2025-04-22 02:29:10.340973+00,7400,58.67,9926,29:08.7,
8688,2025-04-22 02:28:58.743773+00,7135,58.67,9925,28:57.1,
8687,2025-04-22 02:28:47.156993+00,6932.5,58.67,9924,28:45.5,
8686,2025-04-22 02:28:35.572505+00,7245,58.79,9923,28:32.3,
8685,2025-04-22 02:28:22.32266+00,7640,58.67,9922,28:20.7,
8684,2025-04-22 02:28:10.74684+00,7147.5,58.67,9921,28:09.1,
8683,2025-04-22 02:27:59.164353+00,7506.25,58.79,9920,27:57.5,
8682,2025-04-22 02:27:47.519981+00,7027.5,58.79,9919,27:45.9,
8681,2025-04-22 02:27:35.910166+00,7347.5,58.67,9918,27:34.3,
8680,2025-04-22 02:27:24.292955+00,7246.25,58.55,9917,27:22.6,
8679,2025-04-22 02:27:12.591988+00,7246.25,58.42,9916,27:10.8,
8678,2025-04-22 02:27:00.880079+00,7230,58.42,9915,26:59.2,
8677,2025-04-22 02:26:49.250207+00,7475,58.18,9914,26:47.6,
8676,2025-04-22 02:26:37.634+00,6931.25,58.3,9913,26:36.0,
8675,2025-04-22 02:26:26.018408+00,6873.75,58.42,9912,26:24.3,
8674,2025-04-22 02:26:14.347404+00,7121.25,58.3,9911,26:12.7,
8673,2025-04-22 02:26:02.731851+00,7713.75,58.06,9910,26:01.1,
8672,2025-04-22 02:25:51.134635+00,7126.25,58.55,9909,25:49.5,
8671,2025-04-22 02:25:39.5001+00,7587.5,58.67,9908,25:37.9,
8670,2025-04-22 02:25:27.89373+00,7516.25,58.67,9907,25:26.2,
8669,2025-04-22 02:25:16.268922+00,7103.75,58.3,9906,25:14.7,
8668,2025-04-22 02:25:04.687627+00,7168.75,58.55,9905,25:03.1,
8667,2025-04-22 02:24:53.094198+00,7498.75,58.3,9904,24:51.4,
8666,2025-04-22 02:24:41.449454+00,7048.75,58.42,9903,24:39.8,
8665,2025-04-22 02:24:29.811052+00,7332.5,58.3,9902,24:28.2,
8664,2025-04-22 02:24:18.196593+00,7592.5,58.3,9901,24:16.4,
8663,2025-04-22 02:24:06.432009+00,7510,58.18,9900,24:04.8,
8662,2025-04-22 02:23:54.821103+00,7083.75,58.42,9899,23:53.2,
8661,2025-04-22 02:23:43.204676+00,7168.75,58.42,9898,23:41.6,
8660,2025-04-22 02:23:31.586252+00,6983.75,58.3,9897,23:30.0,
8659,2025-04-22 02:23:19.980383+00,7523.75,58.42,9896,23:18.4,
8658,2025-04-22 02:23:08.399487+00,7106.25,58.42,9895,23:06.8,
8657,2025-04-22 02:22:56.792316+00,7236.25,58.3,9894,22:55.2,
8656,2025-04-22 02:22:45.18421+00,6887.5,58.3,9893,22:43.5,
8655,2025-04-22 02:22:33.568473+00,7026.25,58.3,9892,22:32.0,
8654,2025-04-22 02:22:21.994934+00,6817.5,58.42,9891,22:20.3,
8653,2025-04-22 02:22:10.318739+00,7057.5,58.3,9890,22:08.7,
8652,2025-04-22 02:21:58.714484+00,6961.25,58.42,9889,21:57.1,
8651,2025-04-22 02:21:47.113215+00,7012.5,58.3,9888,21:45.5,
8650,2025-04-22 02:21:35.478298+00,6911.25,58.3,9887,21:33.9,
8649,2025-04-22 02:21:23.896433+00,7237.5,58.42,9886,21:22.3,
8648,2025-04-22 02:21:12.308975+00,6980,58.55,9885,21:10.7,
8647,2025-04-22 02:21:00.713071+00,7665,58.42,9884,20:59.1,
8646,2025-04-22 02:20:49.100784+00,7511.25,58.42,9883,20:47.5,
8645,2025-04-22 02:20:37.476818+00,7365,58.42,9882,20:35.8,
8644,2025-04-22 02:20:25.862864+00,7621.25,58.42,9881,20:24.2,
8643,2025-04-22 02:20:14.194962+00,7096.25,58.42,9880,20:12.5,
8642,2025-04-22 02:20:02.574476+00,7137.5,58.18,9879,20:00.9,
8641,2025-04-22 02:19:50.941764+00,6988.75,58.3,9878,19:49.3,
8640,2025-04-22 02:19:39.341694+00,7045,58.3,9877,19:37.7,
8639,2025-04-22 02:19:27.718176+00,6986.25,58.18,9876,19:26.1,
8638,2025-04-22 02:19:16.117561+00,7238.75,58.18,9875,19:14.5,
8637,2025-04-22 02:19:04.512071+00,6871.25,58.18,9874,19:02.9,
8636,2025-04-22 02:18:52.887539+00,6997.5,58.3,9873,18:51.3,
8635,2025-04-22 02:18:41.293068+00,7117.5,57.94,9872,18:39.6,
8634,2025-04-22 02:18:29.654464+00,7598.75,58.18,9871,18:28.0,
8633,2025-04-22 02:18:18.026429+00,7516.25,58.18,9870,18:16.4,
8632,2025-04-22 02:18:06.414832+00,7481.25,58.06,9869,18:04.8,
8631,2025-04-22 02:17:54.80756+00,7121.25,58.18,9868,17:53.2,
8630,2025-04-22 02:17:43.194566+00,7140,58.06,9867,17:41.5,
8629,2025-04-22 02:17:31.575486+00,7486.25,58.06,9866,17:30.0,
8628,2025-04-22 02:17:19.977248+00,7212.5,58.18,9865,17:18.4,
8627,2025-04-22 02:17:08.379768+00,7065,57.94,9864,17:06.8,
8626,2025-04-22 02:16:56.795892+00,6855,57.58,9863,16:55.2,
8625,2025-04-22 02:16:45.190299+00,6998.75,57.94,9862,16:43.6,
8624,2025-04-22 02:16:33.591682+00,6967.5,58.06,9861,16:32.0,
8623,2025-04-22 02:16:21.988788+00,6727.5,57.94,9860,16:20.3,
8622,2025-04-22 02:16:10.357591+00,7297.5,58.18,9859,16:08.8,
8621,2025-04-22 02:15:58.769316+00,6962.5,58.06,9858,15:57.1,
8620,2025-04-22 02:15:47.143909+00,7218.75,57.94,9857,15:45.5,
8619,2025-04-22 02:15:35.512912+00,7511.25,58.06,9856,15:33.9,
8618,2025-04-22 02:15:23.8673+00,7223.75,58.06,9855,15:22.2,
8617,2025-04-22 02:15:12.270683+00,7157.5,57.94,9854,15:10.6,
8616,2025-04-22 02:15:00.665355+00,7343.75,57.82,9853,14:59.0,
8615,2025-04-22 02:14:49.007184+00,6935,57.82,9852,14:47.4,
8614,2025-04-22 02:14:37.381159+00,6785,57.82,9851,14:35.7,
8613,2025-04-22 02:14:25.719962+00,6738.75,57.7,9850,14:24.1,
8612,2025-04-22 02:14:14.093155+00,6955,57.94,9849,14:12.4,
8611,2025-04-22 02:14:02.377406+00,6975,57.7,9848,14:00.7,
8610,2025-04-22 02:13:50.757915+00,7058.75,57.82,9847,13:49.2,
8609,2025-04-22 02:13:39.186211+00,6900,57.45,9846,13:37.6,
8608,2025-04-22 02:13:27.5891+00,6943.75,57.58,9845,13:26.0,
8607,2025-04-22 02:13:15.971129+00,7015,57.45,9844,13:14.4,
8606,2025-04-22 02:13:04.367685+00,6962.5,57.7,9843,13:02.8,
8605,2025-04-22 02:12:52.74693+00,7307.5,57.7,9842,12:51.1,
8604,2025-04-22 02:12:41.120949+00,7117.5,57.94,9841,12:39.5,
8603,2025-04-22 02:12:29.50615+00,6917.5,57.82,9840,12:27.9,
8602,2025-04-22 02:12:17.911337+00,7001.25,57.7,9839,12:16.2,
8601,2025-04-22 02:12:06.234581+00,7071.25,57.82,9838,12:04.6,
8600,2025-04-22 02:11:54.578265+00,7210,58.18,9837,11:52.9,
8599,2025-04-22 02:11:42.952421+00,7181.25,57.94,9836,11:41.3,
8598,2025-04-22 02:11:31.323521+00,6832.5,58.06,9835,11:29.6,
8597,2025-04-22 02:11:19.65314+00,7441.25,57.94,9834,11:18.0,
8596,2025-04-22 02:11:08.061633+00,7038.75,57.94,9833,11:06.4,
8595,2025-04-22 02:10:56.429642+00,7321.25,58.06,9832,10:54.8,
8594,2025-04-22 02:10:44.832159+00,7232.5,58.18,9831,10:43.2,
8593,2025-04-22 02:10:33.099291+00,7183.75,58.18,9830,10:29.6,
8592,2025-04-22 02:10:19.641008+00,6935,58.18,9829,10:18.0,
8591,2025-04-22 02:10:08.018035+00,6928.75,58.18,9828,10:06.4,
8590,2025-04-22 02:09:56.410203+00,7492.5,58.55,9827,09:54.8,
8589,2025-04-22 02:09:44.792856+00,7368.75,58.3,9826,09:43.2,
8588,2025-04-22 02:09:33.186302+00,7420,58.3,9825,09:31.5,
8587,2025-04-22 02:09:21.549376+00,7116.25,58.3,9824,09:19.9,
8586,2025-04-22 02:09:09.897181+00,7228.75,58.42,9823,09:08.3,
8585,2025-04-22 02:08:58.298297+00,7031.25,58.55,9822,08:56.7,
8584,2025-04-22 02:08:46.667632+00,7138.75,58.67,9821,08:45.0,
8583,2025-04-22 02:08:35.057733+00,7767.5,58.67,9820,08:33.5,
8582,2025-04-22 02:08:23.477255+00,7293.75,58.55,9819,08:21.9,
8581,2025-04-22 02:08:11.870612+00,7213.75,58.3,9818,08:10.2,
8580,2025-04-22 02:08:00.208362+00,7261.25,58.42,9817,07:58.6,
8579,2025-04-22 02:07:48.587409+00,7428.75,58.42,9816,07:47.0,
8578,2025-04-22 02:07:36.948983+00,7281.25,58.18,9815,07:35.3,
8577,2025-04-22 02:07:25.292612+00,7225,58.42,9814,07:23.7,
8576,2025-04-22 02:07:13.694572+00,7231.25,58.67,9813,07:12.1,
8575,2025-04-22 02:07:02.111809+00,7310,58.79,9812,07:00.4,
8574,2025-04-22 02:06:50.432596+00,7362.5,58.67,9811,06:48.8,
8573,2025-04-22 02:06:38.839838+00,7293.75,58.67,9810,06:37.2,
8572,2025-04-22 02:06:27.241665+00,7422.5,58.67,9809,06:25.6,
8571,2025-04-22 02:06:15.625386+00,7175,58.91,9808,06:13.9,
8570,2025-04-22 02:06:03.946594+00,7313.75,58.79,9807,06:02.3,
8569,2025-04-22 02:05:52.336894+00,7428.75,58.55,9806,05:50.7,
8568,2025-04-22 02:05:40.730237+00,7043.75,58.55,9805,05:39.1,
8567,2025-04-22 02:05:29.122495+00,7021.25,58.67,9804,05:27.5,
8566,2025-04-22 02:05:17.494862+00,7126.25,58.55,9803,05:15.9,
8565,2025-04-22 02:05:05.905961+00,7342.5,58.67,9802,05:04.3,
8564,2025-04-22 02:04:54.323877+00,7273.75,58.91,9801,04:52.7,
8563,2025-04-22 02:04:42.699959+00,7235,58.79,9800,04:41.1,
8562,2025-04-22 02:04:31.041358+00,7152.5,58.79,9799,04:29.4,
8561,2025-04-22 02:04:19.417436+00,7271.25,58.79,9798,04:17.8,
8560,2025-04-22 02:04:07.826431+00,7465,58.79,9797,04:05.2,
8559,2025-04-22 02:03:55.227135+00,7386.25,59.15,9796,03:53.6,
8558,2025-04-22 02:03:43.6107+00,7113.75,58.67,9795,03:42.0,
8557,2025-04-22 02:03:31.996888+00,7192.5,58.67,9794,03:30.4,
8556,2025-04-22 02:03:20.430973+00,7376.25,58.91,9793,03:18.8,
8555,2025-04-22 02:03:08.818752+00,7233.75,58.79,9792,03:07.2,
8554,2025-04-22 02:02:57.235643+00,7261.25,58.67,9791,02:55.6,
8553,2025-04-22 02:02:45.614019+00,7068.75,58.67,9790,02:44.0,
8552,2025-04-22 02:02:33.956803+00,7373.75,59.03,9789,02:32.4,
8551,2025-04-22 02:02:22.368908+00,7370,59.03,9788,02:20.7,
8550,2025-04-22 02:02:10.718725+00,7526.25,59.03,9787,02:09.0,
8549,2025-04-22 02:01:59.034941+00,7402.5,59.15,9786,01:57.4,
8548,2025-04-22 02:01:47.374435+00,7480,59.03,9785,01:45.7,
8547,2025-04-22 02:01:35.762785+00,7217.5,59.03,9784,01:34.1,
8546,2025-04-22 02:01:24.142043+00,7371.25,59.03,9783,01:22.4,
8545,2025-04-22 02:01:12.391952+00,7465,59.27,9782,01:10.8,
8544,2025-04-22 02:01:00.786246+00,7590,59.27,9781,00:59.2,
8543,2025-04-22 02:00:49.162546+00,7458.75,59.15,9780,00:47.6,
8542,2025-04-22 02:00:37.566368+00,7263.75,59.27,9779,00:35.9,
8541,2025-04-22 02:00:25.957657+00,7382.5,59.15,9778,00:24.3,
8540,2025-04-22 02:00:14.336107+00,7155,59.03,9777,00:12.7,
8539,2025-04-22 02:00:02.704131+00,7191.25,59.15,9776,00:01.0,
8538,2025-04-22 01:59:51.001221+00,7453.75,59.03,9775,59:49.4,
8537,2025-04-22 01:59:39.381097+00,7315,59.03,9774,59:37.8,
8536,2025-04-22 01:59:27.759491+00,7407.5,59.27,9773,59:26.1,
8535,2025-04-22 01:59:16.153591+00,7136.25,59.03,9772,59:14.5,
8534,2025-04-22 01:59:04.455461+00,7203.75,58.79,9771,59:02.7,
8533,2025-04-22 01:58:52.478776+00,7113.75,58.67,9770,58:50.1,
8532,2025-04-22 01:58:40.138943+00,7568.75,59.03,9769,58:38.4,
8531,2025-04-22 01:58:28.336263+00,7332.5,58.91,9768,58:26.7,
8530,2025-04-22 01:58:16.720768+00,7072.5,58.91,9767,58:15.1,
8529,2025-04-22 01:58:05.104115+00,7018.75,58.91,9766,58:03.5,
8528,2025-04-22 01:57:53.480999+00,7292.5,58.79,9765,57:51.8,
8527,2025-04-22 01:57:41.837977+00,7237.5,58.79,9764,57:40.2,
8526,2025-04-22 01:57:30.154787+00,7206.25,58.91,9763,57:28.5,
8525,2025-04-22 01:57:18.484867+00,7037.5,58.91,9762,57:16.9,
8524,2025-04-22 01:57:06.891964+00,7130,58.79,9761,57:05.3,
8523,2025-04-22 01:56:55.298389+00,7412.5,58.79,9760,56:53.6,
8522,2025-04-22 01:56:43.604782+00,7211.25,58.91,9759,56:42.0,
8521,2025-04-22 01:56:32.016186+00,7445,58.91,9758,56:30.3,
8520,2025-04-22 01:56:20.261548+00,7336.25,58.91,9757,56:18.6,
8519,2025-04-22 01:56:08.625822+00,7452.5,58.67,9756,56:07.0,
8518,2025-04-22 01:55:56.949227+00,7698.75,58.79,9755,55:55.3,
8517,2025-04-22 01:55:45.310531+00,7173.75,58.67,9754,55:43.7,
8516,2025-04-22 01:55:33.691083+00,7113.75,58.79,9753,55:32.1,
8515,2025-04-22 01:55:22.073461+00,7083.75,58.42,9752,55:20.5,
8514,2025-04-22 01:55:10.510347+00,7205,58.55,9751,55:08.8,
8513,2025-04-22 01:54:58.816217+00,6987.5,58.79,9750,54:57.2,
8512,2025-04-22 01:54:47.219353+00,7321.25,58.91,9749,54:45.6,
8511,2025-04-22 01:54:35.633498+00,7315,59.03,9748,54:34.0,
8510,2025-04-22 01:54:24.001031+00,7655,59.03,9747,54:22.4,
8509,2025-04-22 01:54:12.371346+00,7267.5,58.91,9746,54:10.7,
8508,2025-04-22 01:54:00.675302+00,7092.5,59.03,9745,53:59.0,
8507,2025-04-22 01:53:49.02491+00,7565,59.03,9744,53:47.4,
8506,2025-04-22 01:53:37.343177+00,7222.5,59.03,9743,53:35.7,
8505,2025-04-22 01:53:25.75075+00,7225,58.91,9742,53:24.1,
8504,2025-04-22 01:53:14.065093+00,7442.5,58.91,9741,53:12.5,
8503,2025-04-22 01:53:02.500646+00,7243.75,58.91,9740,53:00.9,
8502,2025-04-22 01:52:50.896307+00,7247.5,58.91,9739,52:49.2,
8501,2025-04-22 01:52:39.151325+00,7068.75,58.91,9738,52:37.6,
8500,2025-04-22 01:52:27.564509+00,7205,58.79,9737,52:25.9,
8499,2025-04-22 01:52:15.941256+00,7031.25,58.67,9736,52:14.3,
8498,2025-04-22 01:52:04.330907+00,7297.5,58.79,9735,52:02.7,
8497,2025-04-22 01:51:52.719333+00,7611.25,59.03,9734,51:51.1,
8496,2025-04-22 01:51:41.069289+00,7242.5,58.67,9733,51:39.4,
8495,2025-04-22 01:51:29.366878+00,6883.75,58.79,9732,51:27.7,
8494,2025-04-22 01:51:17.749983+00,7210,58.67,9731,51:16.1,
8493,2025-04-22 01:51:06.1253+00,7176.25,58.67,9730,51:04.5,
8492,2025-04-22 01:50:54.535833+00,7498.75,58.55,9729,50:52.9,
8491,2025-04-22 01:50:42.948676+00,6782.5,58.42,9728,50:41.3,
8490,2025-04-22 01:50:31.351925+00,7177.5,58.42,9727,50:29.7,
8489,2025-04-22 01:50:19.715184+00,7175,58.42,9726,50:18.0,
8488,2025-04-22 01:50:08.04863+00,7291.25,58.55,9725,50:06.5,
8487,2025-04-22 01:49:56.485801+00,7165,58.55,9724,49:52.7,
8486,2025-04-22 01:49:42.65622+00,7133.75,58.55,9723,49:41.0,
8485,2025-04-22 01:49:31.047555+00,7323.75,58.42,9722,49:29.4,
8484,2025-04-22 01:49:19.396056+00,7590,58.67,9721,49:17.8,
8483,2025-04-22 01:49:07.799687+00,7191.25,58.67,9720,49:06.1,
8482,2025-04-22 01:48:56.145058+00,7748.75,58.42,9719,48:54.5,
8481,2025-04-22 01:48:44.555491+00,7697.5,58.67,9718,48:42.9,
8480,2025-04-22 01:48:32.923122+00,6823.75,58.42,9717,48:31.3,
8479,2025-04-22 01:48:21.331567+00,7357.5,58.42,9716,48:19.7,
8478,2025-04-22 01:48:09.738612+00,7311.25,58.55,9715,48:08.1,
8477,2025-04-22 01:47:58.144765+00,7330,58.55,9714,47:56.5,
8476,2025-04-22 01:47:46.474273+00,7563.75,58.67,9713,47:44.9,
8475,2025-04-22 01:47:34.859089+00,7296.25,58.55,9712,47:31.2,
8474,2025-04-22 01:47:21.23545+00,7406.25,58.55,9711,47:19.6,
8473,2025-04-22 01:47:09.609458+00,6782.5,58.55,9710,47:08.0,
8472,2025-04-22 01:46:58.006677+00,7367.5,58.55,9709,46:56.4,
8471,2025-04-22 01:46:46.389965+00,7292.5,58.42,9708,46:44.8,
8470,2025-04-22 01:46:34.818426+00,6915,58.42,9707,46:33.2,
8469,2025-04-22 01:46:23.062388+00,7346.25,58.42,9706,46:21.3,
8468,2025-04-22 01:46:11.288007+00,7405,58.18,9705,46:09.7,
8467,2025-04-22 01:45:59.688107+00,7001.25,58.55,9704,45:58.0,
8466,2025-04-22 01:45:48.028484+00,7050,58.18,9703,45:46.4,
8465,2025-04-22 01:45:36.422748+00,6846.25,58.55,9702,45:34.7,
8464,2025-04-22 01:45:24.706363+00,7081.25,58.42,9701,45:23.1,
8463,2025-04-22 01:45:12.965723+00,7506.25,58.42,9700,45:11.3,
8462,2025-04-22 01:45:01.260515+00,7248.75,58.5,9699,44:59.6,
8461,2025-04-22 01:44:49.642079+00,7338.75,58.55,9698,44:48.0,
8460,2025-04-22 01:44:37.986438+00,7153.75,58.3,9697,44:36.3,
8459,2025-04-22 01:44:26.312812+00,7076.25,58.55,9696,44:24.6,
8458,2025-04-22 01:44:14.63185+00,6938.75,58.55,9695,44:13.0,
8457,2025-04-22 01:44:03.024901+00,7173.75,58.67,9694,44:01.4,
8456,2025-04-22 01:43:51.414461+00,7401.25,59.03,9693,43:49.8,
8455,2025-04-22 01:43:39.803261+00,7032.5,58.91,9692,43:38.2,
8454,2025-04-22 01:43:28.221752+00,7022.5,58.67,9691,43:26.6,
8453,2025-04-22 01:43:16.618032+00,7106.25,58.67,9690,43:15.0,
8452,2025-04-22 01:43:05.0098+00,7322.5,58.79,9689,43:03.4,
8451,2025-04-22 01:42:53.387246+00,7191.25,58.18,9688,42:51.7,
8450,2025-04-22 01:42:41.727729+00,7370,58.42,9687,42:40.1,
8449,2025-04-22 01:42:30.115789+00,7297.5,58.67,9686,42:28.5,
8448,2025-04-22 01:42:18.500932+00,6906.25,58.3,9685,42:16.9,
8447,2025-04-22 01:42:06.898512+00,6822.5,58.3,9684,42:05.3,
8446,2025-04-22 01:41:55.31325+00,7396.25,58.42,9683,41:53.7,
8445,2025-04-22 01:41:43.71446+00,7395,58.3,9682,41:42.1,
8444,2025-04-22 01:41:32.069169+00,7085,58.55,9681,41:30.5,
8443,2025-04-22 01:41:20.47962+00,7192.5,58.42,9680,41:18.9,
8442,2025-04-22 01:41:08.86301+00,7241.25,58.42,9679,41:07.3,
8441,2025-04-22 01:40:57.262784+00,7152.5,58.42,9678,40:55.6,
8440,2025-04-22 01:40:45.648553+00,7236.25,58.42,9677,40:44.1,
8439,2025-04-22 01:40:34.061857+00,7303.75,58.42,9676,40:32.4,
8438,2025-04-22 01:40:22.390989+00,7351.25,58.3,9675,40:20.8,
8437,2025-04-22 01:40:10.751327+00,7208.75,58.55,9674,40:09.1,
8436,2025-04-22 01:39:59.095614+00,6707.5,58.42,9673,39:57.5,
8435,2025-04-22 01:39:47.509474+00,7143.75,58.3,9672,39:45.9,
8434,2025-04-22 01:39:35.901058+00,6998.75,58.55,9671,39:34.3,
8433,2025-04-22 01:39:24.291662+00,7260,58.67,9670,39:22.7,
8432,2025-04-22 01:39:12.701167+00,7058.75,58.42,9669,39:11.1,
8431,2025-04-22 01:39:01.108397+00,7288.75,58.55,9668,38:59.4,
8430,2025-04-22 01:38:49.396322+00,7022.5,58.55,9667,38:47.8,
8429,2025-04-22 01:38:37.81288+00,7136.25,58.55,9666,38:36.1,
8428,2025-04-22 01:38:26.107978+00,7208.75,58.55,9665,38:24.5,
8427,2025-04-22 01:38:14.461779+00,7170,58.3,9664,38:10.4,
8426,2025-04-22 01:38:00.390902+00,7128.75,58.55,9663,37:58.8,
8425,2025-04-22 01:37:48.768707+00,7052.5,58.55,9662,37:47.1,
8424,2025-04-22 01:37:37.101619+00,7163.75,58.42,9661,37:35.5,
8423,2025-04-22 01:37:25.50243+00,7300,58.42,9660,37:23.7,
8422,2025-04-22 01:37:13.758861+00,7223.75,58.42,9659,37:12.1,
8421,2025-04-22 01:37:02.136595+00,6841.25,58.67,9658,37:00.5,
8420,2025-04-22 01:36:50.535155+00,7717.5,58.67,9657,36:48.9,
8419,2025-04-22 01:36:38.932243+00,7366.25,58.67,9656,36:37.3,
8418,2025-04-22 01:36:27.288552+00,7075,58.67,9655,36:25.7,
8417,2025-04-22 01:36:15.686518+00,7127.5,58.55,9654,36:14.0,
8416,2025-04-22 01:36:04.070548+00,7268.75,58.67,9653,36:02.5,
8415,2025-04-22 01:35:52.427536+00,7333.75,58.79,9652,35:50.8,
8414,2025-04-22 01:35:40.835821+00,7251.25,58.79,9651,35:39.2,
8413,2025-04-22 01:35:29.195184+00,6968.75,58.67,9650,35:27.6,
8412,2025-04-22 01:35:17.594917+00,7123.75,58.55,9649,35:16.0,
8411,2025-04-22 01:35:06.003641+00,7181.25,58.55,9648,35:04.4,
8410,2025-04-22 01:34:54.383493+00,6965,58.67,9647,34:52.8,
8409,2025-04-22 01:34:42.777136+00,7073.75,58.55,9646,34:40.0,
8408,2025-04-22 01:34:30.069021+00,7028.75,58.67,9645,34:28.4,
8407,2025-04-22 01:34:18.462741+00,7108.75,58.42,9644,34:16.8,
8406,2025-04-22 01:34:06.728887+00,7421.25,58.79,9643,34:05.1,
8405,2025-04-22 01:33:55.123608+00,6993.75,58.91,9642,33:53.5,
8404,2025-04-22 01:33:43.488809+00,7358.75,58.91,9641,33:41.8,
8403,2025-04-22 01:33:31.796692+00,7068.75,58.91,9640,33:30.2,
8402,2025-04-22 01:33:20.171414+00,7417.5,59.03,9639,33:18.3,
8401,2025-04-22 01:33:08.352979+00,7528.75,58.79,9638,33:06.7,
8400,2025-04-22 01:32:56.736616+00,7106.25,58.91,9637,32:55.1,
8399,2025-04-22 01:32:45.076054+00,7173.75,58.79,9636,32:43.4,
8398,2025-04-22 01:32:33.412725+00,7195,59.03,9635,32:31.7,
8397,2025-04-22 01:32:21.766467+00,7261.25,58.79,9634,32:20.0,
8396,2025-04-22 01:32:10.062197+00,7230,59.03,9633,32:08.3,
8395,2025-04-22 01:31:58.29477+00,7438.75,59.03,9632,31:56.6,
8394,2025-04-22 01:31:46.661093+00,7393.75,59.03,9631,31:44.9,
8393,2025-04-22 01:31:34.947682+00,7400,59.03,9630,31:33.3,
8392,2025-04-22 01:31:23.304432+00,7470,58.91,9629,31:21.7,
8391,2025-04-22 01:31:11.712081+00,6985,58.67,9628,31:10.0,
8390,2025-04-22 01:31:00.041301+00,7366.25,58.79,9627,30:58.2,
8389,2025-04-22 01:30:48.274524+00,7390,58.42,9626,30:46.6,
8388,2025-04-22 01:30:36.65842+00,7031.25,58.67,9625,30:35.0,
8387,2025-04-22 01:30:25.067241+00,7231.25,58.55,9624,30:23.5,
8386,2025-04-22 01:30:13.483649+00,7157.5,58.91,9623,30:11.8,
8385,2025-04-22 01:30:01.849492+00,7290,58.79,9622,30:00.2,
8384,2025-04-22 01:29:50.23522+00,7330,58.79,9621,29:48.5,
8383,2025-04-22 01:29:38.538446+00,7188.75,58.91,9620,29:36.8,
8382,2025-04-22 01:29:26.871435+00,7245,58.91,9619,29:25.2,
8382,2025-04-22 01:29:26.871435+00,7245,58.91,9619,29:25.2,
8381,2025-04-22 01:29:15.255081+00,7178.75,58.79,9618,29:13.6,
8380,2025-04-22 01:29:03.618285+00,7223.75,58.79,9617,29:02.0,
8379,2025-04-22 01:28:52.000629+00,7363.75,59.03,9616,28:50.4,
8378,2025-04-22 01:28:40.387878+00,7502.5,59.03,9615,28:38.8,
8377,2025-04-22 01:28:28.796893+00,7128.75,58.91,9614,28:26.8,
8376,2025-04-22 01:28:16.81257+00,7796.25,58.91,9613,28:15.1,
8375,2025-04-22 01:28:05.132729+00,7370,59.03,9612,28:03.5,
8374,2025-04-22 01:27:53.540672+00,7230,58.79,9611,27:51.9,
8373,2025-04-22 01:27:41.945447+00,7417.5,58.91,9610,27:40.3,
8372,2025-04-22 01:27:30.336034+00,7190,59.03,9609,27:28.7,
8371,2025-04-22 01:27:18.678238+00,7333.75,58.91,9608,27:17.0,
8370,2025-04-22 01:27:06.972286+00,7145,58.79,9607,27:05.1,
8369,2025-04-22 01:26:55.063923+00,7548.75,58.79,9606,26:53.4,
8368,2025-04-22 01:26:43.439715+00,7475,58.67,9605,26:41.8,
8367,2025-04-22 01:26:31.817851+00,7427.5,58.67,9604,26:30.2,
8366,2025-04-22 01:26:20.20379+00,7196.25,58.67,9603,26:18.6,
8365,2025-04-22 01:26:08.597291+00,7210,58.91,9602,26:07.0,
8364,2025-04-22 01:25:56.834426+00,7483.75,58.42,9601,25:55.2,
8363,2025-04-22 01:25:45.221595+00,7223.75,58.79,9600,25:43.6,
8362,2025-04-22 01:25:33.597547+00,6895,58.3,9599,25:31.9,
8361,2025-04-22 01:25:21.970673+00,6953.75,58.42,9598,25:20.2,
8360,2025-04-22 01:25:10.20002+00,7322.5,58.67,9597,25:08.6,
8359,2025-04-22 01:24:58.599442+00,7315,58.79,9596,24:57.0,
8358,2025-04-22 01:24:46.969834+00,7258.75,58.55,9595,24:45.3,
8357,2025-04-22 01:24:35.323752+00,7288.75,58.79,9594,24:33.7,
8356,2025-04-22 01:24:23.690907+00,7071.25,58.55,9593,24:22.1,
8355,2025-04-22 01:24:12.076487+00,7160,58.79,9592,24:10.4,
8354,2025-04-22 01:24:00.427317+00,7311.25,58.79,9591,23:58.7,
8353,2025-04-22 01:23:48.732696+00,7287.5,58.91,9590,23:47.1,
8352,2025-04-22 01:23:37.073712+00,7401.25,58.79,9589,23:35.5,
8351,2025-04-22 01:23:25.455824+00,6852.5,58.91,9588,23:23.8,
8350,2025-04-22 01:23:13.839517+00,7265,58.91,9587,23:12.2,
8349,2025-04-22 01:23:02.204815+00,7157.5,58.79,9586,22:59.4,
8348,2025-04-22 01:22:49.457854+00,7076.25,59.03,9585,22:47.5,
8347,2025-04-22 01:22:37.533335+00,7247.5,58.67,9584,22:35.9,
8346,2025-04-22 01:22:25.929121+00,7577.5,58.79,9583,22:24.2,
8345,2025-04-22 01:22:14.229785+00,7121.25,58.91,9582,22:12.5,
8344,2025-04-22 01:22:02.544355+00,7212.5,58.79,9581,22:00.9,
8343,2025-04-22 01:21:50.897957+00,7158.75,59.03,9580,21:49.2,
8342,2025-04-22 01:21:39.205604+00,7217.5,58.79,9579,21:36.1,
8341,2025-04-22 01:21:26.169178+00,7218.75,58.91,9578,21:24.5,
8340,2025-04-22 01:21:14.560195+00,7115,58.91,9577,21:12.9,
8339,2025-04-22 01:21:02.891211+00,7353.75,59.03,9576,21:01.2,
8338,2025-04-22 01:20:51.26547+00,7248.75,58.67,9575,20:49.6,
8337,2025-04-22 01:20:39.650377+00,7570,58.91,9574,20:38.0,
8336,2025-04-22 01:20:27.972826+00,7362.5,59.03,9573,20:26.4,
8335,2025-04-22 01:20:16.385884+00,7348.75,58.67,9572,20:14.7,
8334,2025-04-22 01:20:04.743241+00,7122.5,58.91,9571,20:03.1,
8333,2025-04-22 01:19:53.131039+00,7751.25,59.03,9570,19:51.5,
8332,2025-04-22 01:19:41.493514+00,7102.5,59.03,9569,19:39.9,
8331,2025-04-22 01:19:29.870514+00,7357.5,58.67,9568,19:28.1,
8330,2025-04-22 01:19:18.145165+00,7416.25,58.79,9567,19:16.5,
8329,2025-04-22 01:19:06.544838+00,7177.5,58.67,9566,19:04.8,
8328,2025-04-22 01:18:54.864441+00,7086.25,58.79,9565,18:52.8,
8327,2025-04-22 01:18:42.790118+00,7247.5,58.91,9564,18:38.8,
8326,2025-04-22 01:18:28.852351+00,7275,59.15,9563,18:27.2,
8325,2025-04-22 01:18:17.196219+00,7281.25,58.91,9562,18:15.2,
8324,2025-04-22 01:18:05.214325+00,7263.75,59.15,9561,18:03.6,
8323,2025-04-22 01:17:53.582505+00,7165,58.91,9560,17:51.9,
8322,2025-04-22 01:17:41.966148+00,7623.75,58.79,9559,17:40.3,
8321,2025-04-22 01:17:30.35962+00,7660,58.79,9558,17:28.7,
8320,2025-04-22 01:17:18.741488+00,7325,58.67,9557,17:17.1,
8319,2025-04-22 01:17:07.166651+00,7442.5,58.67,9556,17:05.5,
8318,2025-04-22 01:16:55.567092+00,7222.5,58.79,9555,16:53.9,
8317,2025-04-22 01:16:43.934722+00,7792.5,59.03,9554,16:42.3,
8316,2025-04-22 01:16:32.28683+00,7490,58.67,9553,16:30.7,
8315,2025-04-22 01:16:20.707162+00,7233.75,59.03,9552,16:19.1,
8314,2025-04-22 01:16:09.084092+00,7755,58.91,9551,16:07.4,
8313,2025-04-22 01:15:57.451337+00,7375,58.67,9550,15:55.8,
8312,2025-04-22 01:15:45.820654+00,7308.75,58.67,9549,15:44.2,
8311,2025-04-22 01:15:34.223497+00,7723.75,58.67,9548,15:32.6,
8310,2025-04-22 01:15:22.632959+00,7502.5,58.55,9547,15:21.0,
8309,2025-04-22 01:15:11.027269+00,7587.5,58.91,9546,15:09.4,
8308,2025-04-22 01:14:59.422726+00,7177.5,58.79,9545,14:57.8,
8307,2025-04-22 01:14:47.829136+00,7245,58.67,9544,14:44.8,
8306,2025-04-22 01:14:34.823162+00,7908.75,58.79,9543,14:33.2,
8305,2025-04-22 01:14:23.194266+00,7296.25,58.67,9542,14:21.5,
8304,2025-04-22 01:14:11.560295+00,7203.75,58.79,9541,14:09.9,
8303,2025-04-22 01:13:59.936825+00,7328.75,58.91,9540,13:58.3,
8302,2025-04-22 01:13:48.27716+00,7317.5,58.67,9539,13:46.6,
8301,2025-04-22 01:13:36.64087+00,7482.5,58.67,9538,13:35.0,
8300,2025-04-22 01:13:24.976466+00,7481.25,58.67,9537,13:23.3,
8299,2025-04-22 01:13:13.30494+00,7616.25,58.67,9536,13:11.6,
8298,2025-04-22 01:13:01.568205+00,7112.5,58.55,9535,12:59.9,
8297,2025-04-22 01:12:49.944829+00,7622.5,58.67,9534,12:48.2,
8296,2025-04-22 01:12:38.219163+00,7081.25,58.79,9533,12:36.6,
8295,2025-04-22 01:12:26.612134+00,7688.75,58.91,9532,12:25.0,
8294,2025-04-22 01:12:14.972253+00,7593.75,58.79,9531,12:13.3,
8293,2025-04-22 01:12:03.289249+00,7521.25,58.91,9530,12:01.7,
8292,2025-04-22 01:11:51.701452+00,7263.75,59.03,9529,11:50.1,
8291,2025-04-22 01:11:40.122093+00,7252.5,58.91,9528,11:38.5,
8290,2025-04-22 01:11:28.527927+00,7457.5,59.03,9527,11:26.8,
8289,2025-04-22 01:11:16.808554+00,7418.75,58.79,9526,11:15.2,
8288,2025-04-22 01:11:05.20809+00,7638.75,58.67,9525,11:03.6,
8287,2025-04-22 01:10:53.601073+00,7491.25,58.79,9524,10:51.9,
8286,2025-04-22 01:10:41.958335+00,7392.5,58.79,9523,10:40.3,
8285,2025-04-22 01:10:30.342963+00,7157.5,58.79,9522,10:28.7,
8284,2025-04-22 01:10:18.710546+00,7437.5,58.67,9521,10:17.1,
8283,2025-04-22 01:10:07.096438+00,7588.75,58.67,9520,10:05.4,
8282,2025-04-22 01:09:55.448434+00,7638.75,59.03,9519,09:53.8,
8281,2025-04-22 01:09:43.822261+00,7266.25,58.55,9518,09:42.1,
8280,2025-04-22 01:09:32.132941+00,7222.5,58.91,9517,09:30.5,
8279,2025-04-22 01:09:20.504068+00,7565,59.03,9516,09:18.9,
8278,2025-04-22 01:09:08.892984+00,7351.25,58.67,9515,09:07.3,
8277,2025-04-22 01:08:57.257786+00,7270,58.67,9514,08:55.6,
8276,2025-04-22 01:08:45.640237+00,6982.5,58.55,9513,08:44.0,
8275,2025-04-22 01:08:34.00974+00,7185,58.55,9512,08:32.4,
8274,2025-04-22 00:41:11.920787+00,7423.75,58.18,9414,41:10.2,
8273,2025-04-22 00:41:00.195487+00,6821.25,58.55,9413,40:58.3,
8272,2025-04-22 00:40:48.306231+00,6935,58.18,9412,40:44.7,
8271,2025-04-22 00:40:34.679252+00,7372.5,58.06,9411,40:33.0,
8270,2025-04-22 00:40:23.03581+00,6968.75,58.18,9410,40:21.4,
8269,2025-04-22 00:40:11.367697+00,7140,58.18,9409,40:09.6,
8268,2025-04-22 00:39:59.553942+00,7390,58.18,9408,39:57.9,
8267,2025-04-22 00:39:47.851373+00,7172.5,58.55,9407,39:46.2,
8266,2025-04-22 00:39:36.194104+00,7098.75,58.18,9406,39:33.4,
8265,2025-04-22 00:39:23.370979+00,7077.5,58.18,9405,39:21.7,
8264,2025-04-22 00:39:11.716331+00,7376.25,58.18,9404,39:08.7,
8263,2025-04-22 00:38:58.707227+00,7532.5,58.18,9403,38:57.0,
8262,2025-04-22 00:38:46.993057+00,7640,58.18,9402,38:43.8,
8261,2025-04-22 00:38:33.767295+00,6855,58.18,9401,38:32.1,
8260,2025-04-22 00:38:22.117585+00,6946.25,58.3,9400,38:20.5,
8259,2025-04-22 00:38:10.449507+00,6835,58.55,9399,38:08.7,
8258,2025-04-22 00:37:58.694645+00,7212.5,58.55,9398,37:57.0,
8257,2025-04-22 00:37:47.006887+00,7156.25,58.55,9397,37:45.3,
8256,2025-04-22 00:37:35.32334+00,7530,58.67,9396,37:33.6,
8255,2025-04-22 00:37:23.649535+00,7341.25,58.67,9395,37:22.0,
8254,2025-04-22 00:37:11.998755+00,7092.5,58.91,9394,37:10.3,
8253,2025-04-22 00:37:00.328577+00,7128.75,58.55,9393,36:58.1,
8252,2025-04-22 00:36:48.15351+00,7553.75,58.91,9392,36:46.5,
8251,2025-04-22 00:36:19.507+00,7005,59.03,9390,36:16.2,
8250,2025-04-22 00:36:06.254514+00,7277.5,58.79,9389,36:03.0,
8249,2025-04-22 00:35:53.022606+00,7341.25,58.91,9388,35:49.9,
8248,2025-04-22 00:35:39.904243+00,7131.25,59.15,9387,35:38.2,
8247,2025-04-22 00:35:28.259848+00,7581.25,58.91,9386,35:26.5,
8246,2025-04-22 00:35:16.434987+00,7656.25,58.91,9385,35:13.3,
8245,2025-04-22 00:35:03.265901+00,7233.75,58.79,9384,34:59.9,
8244,2025-04-22 00:34:49.893808+00,7101.25,58.67,9383,34:46.6,
8243,2025-04-22 00:34:36.586282+00,7248.75,58.79,9382,34:33.5,
8242,2025-04-22 00:34:23.436573+00,7162.5,58.67,9381,34:21.6,
8241,2025-04-22 00:34:11.582808+00,7137.5,58.55,9380,34:09.9,
8240,2025-04-22 00:33:59.93206+00,7150,58.67,9379,33:58.3,
8239,2025-04-22 00:33:48.314207+00,7026.25,58.42,9378,33:46.6,
8238,2025-04-22 00:33:36.636407+00,7413.75,58.42,9377,33:34.8,
8237,2025-04-22 00:33:24.769705+00,7392.5,58.67,9376,33:20.9,
8236,2025-04-22 00:33:10.933368+00,7576.25,58.42,9375,33:09.2,
8235,2025-04-22 00:32:59.248939+00,6893.75,58.42,9374,32:57.6,
8234,2025-04-22 00:32:47.579872+00,7081.25,58.67,9373,32:45.6,
8233,2025-04-22 00:32:35.652183+00,6892.5,58.3,9372,32:34.0,
8232,2025-04-22 00:32:24.026566+00,6853.75,57.94,9371,32:20.7,
8231,2025-04-22 00:32:10.720247+00,6905,57.94,9370,32:09.0,
8230,2025-04-22 00:31:59.020325+00,7237.5,57.82,9369,31:57.3,
8229,2025-04-22 00:31:47.355343+00,7050,57.94,9368,31:45.6,
8228,2025-04-22 00:31:35.620729+00,7185,58.06,9367,31:33.7,
8227,2025-04-22 00:31:23.684045+00,7111.25,57.94,9366,31:21.6,
8226,2025-04-22 00:31:11.639031+00,7075,58.3,9365,31:09.9,
8225,2025-04-22 00:30:59.881163+00,7341.25,58.42,9364,30:58.3,
8224,2025-04-22 00:30:48.279218+00,7223.75,58.3,9363,30:45.2,
8223,2025-04-22 00:30:35.244363+00,7516.25,58.42,9362,30:33.6,
8222,2025-04-22 00:30:23.621056+00,7577.5,58.3,9361,30:21.9,
8221,2025-04-22 00:30:11.879083+00,7162.5,58.42,9360,30:09.9,
8220,2025-04-22 00:29:59.890801+00,7021.25,58.55,9359,29:56.8,
8219,2025-04-22 00:29:46.704532+00,7068.75,58.3,9358,29:43.8,
8218,2025-04-22 00:29:33.829569+00,7591.25,58.42,9357,29:32.1,
8217,2025-04-22 00:29:22.08929+00,7207.5,58.42,9356,29:16.4,
8216,2025-04-22 00:29:06.345592+00,7108.75,58.42,9355,29:04.6,
8215,2025-04-22 00:28:54.610951+00,7316.25,58.42,9354,28:52.9,
8214,2025-04-22 00:28:42.899372+00,7192.5,58.18,9353,28:41.2,
8213,2025-04-22 00:28:31.174298+00,7455,58.42,9352,28:27.8,
8212,2025-04-22 00:28:15.765438+00,7483.75,57.94,9351,28:10.2,
8211,2025-04-22 00:28:00.195926+00,7182.5,58.3,9350,27:58.4,
8210,2025-04-22 00:27:48.306965+00,6882.5,58.18,9349,27:46.3,
8209,2025-04-22 00:27:36.316338+00,7241.25,58.3,9348,27:32.4,
8208,2025-04-22 00:27:22.430039+00,7010,58.55,9347,27:20.7,
8207,2025-04-22 00:27:10.703238+00,7070,58.3,9346,27:04.6,
8206,2025-04-22 00:26:54.621068+00,7100,58.55,9345,26:52.9,
8205,2025-04-22 00:26:42.939415+00,7190,58.55,9344,26:41.0,
8204,2025-04-22 00:26:31.066164+00,7308.75,58.18,9343,26:29.4,
8203,2025-04-22 00:26:19.415343+00,7105,58.18,9342,26:17.8,
8202,2025-04-22 00:26:07.726459+00,6852.5,58.18,9341,26:06.0,
8201,2025-04-22 00:25:56.041462+00,7077.5,58.18,9340,25:54.3,
8200,2025-04-22 00:25:44.284109+00,7521.25,58.3,9339,25:42.7,
8199,2025-04-22 00:25:32.674653+00,7468.75,58.55,9338,25:31.0,
8198,2025-04-22 00:25:20.981477+00,7117.5,58.55,9337,25:19.3,
8197,2025-04-22 00:25:09.261604+00,7183.75,58.67,9336,25:07.1,
8196,2025-04-22 00:24:57.153135+00,7607.5,58.79,9335,24:55.5,
8195,2025-04-22 00:24:45.542113+00,7547.5,58.79,9334,24:43.9,
8194,2025-04-22 00:24:33.871749+00,7025,58.79,9333,24:31.5,
8193,2025-04-22 00:24:21.491658+00,7112.5,58.67,9332,24:19.8,
8192,2025-04-22 00:24:09.753625+00,7373.75,58.67,9331,24:07.8,
8191,2025-04-22 00:23:57.832741+00,7207.5,58.79,9330,23:56.1,
8190,2025-04-22 00:23:46.120664+00,7221.25,58.79,9329,23:44.3,
8189,2025-04-22 00:23:39.687675+00,7278.75,58.91,9328,23:25.8,
8188,2025-04-22 00:23:15.856803+00,7071.25,58.91,9327,23:14.0,
8187,2025-04-22 00:23:04.004872+00,7326.25,58.79,9326,23:02.3,
8186,2025-04-22 00:22:52.352503+00,7266.25,58.91,9325,22:49.2,
8185,2025-04-22 00:22:39.189103+00,6891.25,58.79,9324,22:35.9,
8184,2025-04-22 00:22:25.912862+00,7170,59.15,9323,22:24.1,
8183,2025-04-22 00:22:14.076988+00,7196.25,59.27,9322,22:09.6,
8182,2025-04-22 00:21:59.609965+00,7038.75,58.79,9321,21:58.0,
8181,2025-04-22 00:21:47.956836+00,7620,59.15,9320,21:46.0,
8180,2025-04-22 00:21:36.015682+00,7740,59.15,9319,21:34.4,
8179,2025-04-22 00:21:24.43804+00,7142.5,59.03,9318,21:22.8,
8178,2025-04-22 00:21:12.603574+00,7105,59.27,9317,21:06.9,
8177,2025-04-22 00:20:56.878655+00,7498.75,59.39,9316,20:54.5,
8176,2025-04-22 00:20:44.532029+00,7807.5,59.39,9315,20:42.9,
8175,2025-04-22 00:20:16.381774+00,7187.5,59.15,9313,20:14.7,
8174,2025-04-22 00:20:04.662008+00,7135,59.03,9312,20:02.9,
8173,2025-04-22 00:19:52.864+00,7355,59.39,9311,19:50.9,
8172,2025-04-22 00:19:40.909311+00,7113.75,59.27,9310,19:39.2,
8171,2025-04-22 00:19:29.162034+00,7128.75,59.27,9309,19:27.2,
8170,2025-04-22 00:19:17.206299+00,7033.75,59.39,9308,19:15.5,
8169,2025-04-22 00:19:05.526509+00,7097.5,59.03,9307,19:03.9,
8168,2025-04-22 00:18:53.87984+00,7316.25,59.27,9306,18:52.3,
8167,2025-04-22 00:18:42.273635+00,7536.25,59.64,9305,18:40.5,
8166,2025-04-22 00:18:30.517922+00,7215,59.39,9304,18:28.9,
8165,2025-04-22 00:18:18.849507+00,7486.25,59.52,9303,18:17.1,
8164,2025-04-22 00:18:07.157752+00,7257.5,59.64,9302,18:05.5,
8163,2025-04-22 00:17:55.563244+00,7670,59.39,9301,17:53.9,
8162,2025-04-22 00:17:43.880509+00,7076.25,60.73,9300,17:42.2,
8161,2025-04-22 00:17:32.211094+00,7330,60.97,9299,17:30.3,
8160,2025-04-22 00:17:20.250709+00,7358.75,59.39,9298,17:18.0,
8159,2025-04-22 00:17:07.984254+00,7497.5,59.39,9297,17:06.3,
8158,2025-04-22 00:16:56.193637+00,7127.5,59.64,9296,16:54.2,
8157,2025-04-22 00:16:44.226732+00,7397.5,59.64,9295,16:42.6,
8156,2025-04-22 00:16:32.590317+00,7240,59.52,9294,16:30.8,
8155,2025-04-22 00:16:20.856688+00,7338.75,59.52,9293,16:19.2,
8154,2025-04-22 00:16:09.176476+00,7152.5,59.27,9292,16:07.4,
8153,2025-04-22 00:15:57.447881+00,7028.75,59.15,9291,15:55.6,
8152,2025-04-22 00:15:45.634066+00,7197.5,59.27,9290,15:44.0,
8151,2025-04-22 00:15:33.859001+00,7342.5,59.52,9289,15:32.0,
8150,2025-04-22 00:15:22.012171+00,7737.5,59.52,9288,15:19.7,
8149,2025-04-22 00:15:09.718591+00,7648.75,59.52,9287,15:07.9,
8148,2025-04-22 00:14:57.769099+00,7512.5,59.39,9286,14:55.9,
8147,2025-04-22 00:14:45.923791+00,7476.25,59.64,9285,14:44.2,
8146,2025-04-22 00:14:34.248513+00,7275,59.27,9284,14:32.5,
8145,2025-04-22 00:14:22.54989+00,7357.5,59.52,9283,14:20.7,
8144,2025-04-22 00:14:10.734608+00,7343.75,59.52,9282,14:09.0,
8143,2025-04-22 00:13:59.02344+00,7555,59.64,9281,13:57.3,
8142,2025-04-22 00:13:47.274958+00,7460,59.88,9280,13:45.6,
8141,2025-04-22 00:13:35.561626+00,7191.25,59.52,9279,13:33.2,
8140,2025-04-22 00:13:23.202611+00,7180,59.64,9278,13:21.5,
8139,2025-04-22 00:12:55.017062+00,7315,59.64,9276,12:53.3,
8138,2025-04-22 00:12:43.309519+00,7381.25,59.39,9275,12:41.6,
8137,2025-04-22 00:12:31.571814+00,7323.75,59.52,9274,12:29.8,
8136,2025-04-22 00:12:19.474145+00,7471.25,59.46,9273,12:17.8,
8135,2025-04-22 00:12:07.782574+00,7360,59.39,9272,12:06.1,
8134,2025-04-22 00:11:56.157656+00,7557.5,59.27,9271,11:54.5,
8133,2025-04-22 00:11:44.452408+00,7838.75,59.39,9270,11:42.8,
8132,2025-04-22 00:11:32.85938+00,7330,59.15,9269,11:31.2,
8131,2025-04-22 00:11:21.203288+00,7725,59.15,9268,11:19.5,
8130,2025-04-22 00:11:09.437187+00,7310,58.91,9267,11:07.7,
8129,2025-04-22 00:10:57.706118+00,7215,59.03,9266,10:56.1,
8128,2025-04-22 00:10:46.061089+00,7795,59.15,9265,10:44.4,
8127,2025-04-22 00:10:34.417787+00,7178.75,59.27,9264,10:32.8,
8126,2025-04-22 00:10:22.767895+00,7390,59.39,9263,10:21.1,
8125,2025-04-22 00:10:11.153772+00,7751.25,59.39,9262,10:09.5,
8124,2025-04-22 00:09:59.517123+00,7335,59.27,9261,09:57.9,
8123,2025-04-22 00:09:47.868089+00,7741.25,59.15,9260,09:46.2,
8122,2025-04-22 00:09:36.138965+00,7310,59.52,9259,09:34.4,
8121,2025-04-22 00:09:24.407263+00,7233.75,59.27,9258,09:22.7,
8120,2025-04-22 00:09:12.732433+00,7466.25,60,9257,09:11.1,
8119,2025-04-22 00:09:01.133759+00,7582.5,59.39,9256,08:59.5,
8118,2025-04-22 00:08:49.51635+00,7376.25,59.39,9255,08:47.4,
8117,2025-04-22 00:08:37.376224+00,7693.75,59.52,9254,08:35.8,
8116,2025-04-22 00:08:25.794089+00,7257.5,59.39,9253,08:24.2,
8115,2025-04-22 00:08:14.193501+00,7446.25,59.52,9252,08:12.4,
8114,2025-04-22 00:08:02.424095+00,7155,59.52,9251,08:00.8,
8113,2025-04-22 00:07:50.793416+00,7316.25,59.39,9250,07:49.2,
8112,2025-04-22 00:07:39.198503+00,7863.75,59.76,9249,07:37.6,
8111,2025-04-22 00:07:27.572556+00,7438.75,59.88,9248,07:26.0,
8110,2025-04-22 00:07:15.995991+00,7338.75,59.64,9247,07:14.3,
8109,2025-04-22 00:07:04.238181+00,7436.25,59.76,9246,07:02.6,
8108,2025-04-22 00:06:52.560659+00,7657.5,59.64,9245,06:50.7,
8107,2025-04-22 00:06:40.623949+00,7452.5,59.64,9244,06:37.0,
8106,2025-04-22 00:06:26.967493+00,7430,59.52,9243,06:25.2,
8105,2025-04-22 00:06:15.207964+00,7363.75,59.64,9242,06:13.5,
8104,2025-04-22 00:06:03.509439+00,7400,59.52,9241,06:01.9,
8103,2025-04-22 00:05:51.830424+00,7588.75,59.64,9240,05:50.2,
8102,2025-04-22 00:05:40.223763+00,7545,59.76,9239,05:38.6,
8101,2025-04-22 00:05:28.582275+00,7466.25,59.52,9238,05:26.9,
8100,2025-04-22 00:05:16.897886+00,7287.5,59.27,9237,05:13.7,
8099,2025-04-22 00:05:03.71945+00,7222.5,59.15,9236,05:02.0,
8098,2025-04-22 00:04:52.006789+00,7057.5,59.15,9235,04:50.4,
8097,2025-04-22 00:04:40.40341+00,7323.75,59.03,9234,04:37.6,
8096,2025-04-22 00:04:27.563712+00,7472.5,59.39,9233,04:25.9,
8095,2025-04-22 00:04:15.879009+00,7531.25,59.27,9232,04:14.1,
8094,2025-04-22 00:04:04.102476+00,7380,59.15,9231,04:02.4,
8093,2025-04-22 00:03:52.385771+00,7350,59.27,9230,03:50.7,
8092,2025-04-22 00:03:40.701736+00,7131.25,59.03,9229,03:37.1,
8091,2025-04-22 00:03:27.064612+00,7515,59.03,9228,03:25.4,
8090,2025-04-22 00:03:15.387109+00,7330,60.24,9227,03:13.7,
8089,2025-04-22 00:03:03.741096+00,7310,60.73,9226,03:02.1,
8088,2025-04-22 00:02:52.018178+00,6903.75,59.03,9225,02:50.3,
8087,2025-04-22 00:02:40.265873+00,7187.5,59.27,9224,02:38.6,
8086,2025-04-22 00:02:28.592681+00,7598.75,59.03,9223,02:27.0,
8085,2025-04-22 00:02:16.95867+00,7180,58.91,9222,02:15.4,
8084,2025-04-22 00:02:05.349233+00,7128.75,58.79,9221,02:02.0,
8083,2025-04-22 00:01:51.996507+00,7067.5,58.79,9220,01:50.3,
8082,2025-04-22 00:01:40.337712+00,7253.75,59.52,9219,01:38.7,
8081,2025-04-22 00:01:28.718492+00,7278.75,59.15,9218,01:27.1,
8080,2025-04-22 00:01:17.088381+00,7721.25,59.03,9217,01:15.4,
8079,2025-04-22 00:01:05.389848+00,7226.25,59.27,9216,01:03.8,
8078,2025-04-22 00:00:53.768324+00,7178.75,59.03,9215,00:52.1,
8077,2025-04-22 00:00:42.103288+00,7552.5,59.39,9214,00:40.5,
8076,2025-04-22 00:00:30.449135+00,7410,58.91,9213,00:28.7,
8075,2025-04-22 00:00:18.753405+00,7222.5,59.15,9212,00:16.8,
8074,2025-04-22 00:00:06.758771+00,7180,58.91,9211,00:05.2,
8073,2025-04-21 23:59:55.162386+00,7132.5,59.15,9210,59:53.6,
8072,2025-04-21 23:59:43.559831+00,7152.5,59.15,9209,59:42.0,
8071,2025-04-21 23:59:31.931776+00,6987.5,58.91,9208,59:30.3,
8070,2025-04-21 23:59:20.311867+00,6958.75,58.91,9207,59:18.6,
8069,2025-04-21 23:59:08.53924+00,7057.5,59.03,9206,59:06.9,
8068,2025-04-21 23:58:56.877805+00,7237.5,59.27,9205,58:55.3,
8067,2025-04-21 23:58:45.264615+00,7043.75,58.91,9204,58:43.6,
8066,2025-04-21 23:58:33.654914+00,7346.25,59.15,9203,58:32.0,
8065,2025-04-21 23:58:22.047654+00,7750,58.79,9202,58:20.5,
8064,2025-04-21 23:58:10.46271+00,7222.5,58.91,9201,58:08.8,
8063,2025-04-21 23:57:58.85418+00,6916.25,58.91,9200,57:57.3,
8062,2025-04-21 23:57:47.277956+00,7032.5,58.79,9199,57:45.6,
8061,2025-04-21 23:57:35.624179+00,7668.75,58.91,9198,57:34.0,
8060,2025-04-21 23:57:24.024701+00,6938.75,59.03,9197,57:20.7,
8059,2025-04-21 23:57:10.704856+00,7478.75,59.03,9196,57:09.1,
8058,2025-04-21 23:56:59.094894+00,7357.5,59.27,9195,56:57.5,
8057,2025-04-21 23:56:47.523867+00,6996.25,59.39,9194,56:45.9,
8056,2025-04-21 23:56:35.918944+00,7188.75,59.52,9193,56:34.3,
8055,2025-04-21 23:56:24.319293+00,7327.5,59.52,9192,56:22.6,
8054,2025-04-21 23:56:12.650066+00,7160,59.64,9191,56:11.1,
8053,2025-04-21 23:56:01.05031+00,7337.5,59.64,9190,55:59.4,
8052,2025-04-21 23:55:49.438379+00,7300,59.7,9189,55:47.8,
8051,2025-04-21 23:55:37.838007+00,7487.5,59.52,9188,55:36.2,
8050,2025-04-21 23:55:26.218079+00,7320,59.64,9187,55:24.6,
8049,2025-04-21 23:55:14.580587+00,7018.75,59.64,9186,55:12.3,
8048,2025-04-21 23:55:02.301269+00,7167.5,59.64,9185,55:00.6,
8047,2025-04-21 23:54:50.60658+00,6883.75,59.64,9184,54:49.0,
8046,2025-04-21 23:54:39.01113+00,6751.25,59.27,9183,54:37.4,
8045,2025-04-21 23:54:27.442575+00,6801.25,59.27,9182,54:25.8,
8044,2025-04-21 23:54:15.844855+00,7232.5,59.27,9181,54:14.1,
8043,2025-04-21 23:54:04.10744+00,7098.75,59.39,9180,54:02.5,
8042,2025-04-21 23:53:52.431644+00,6741.25,59.27,9179,53:50.7,
8041,2025-04-21 23:53:40.664793+00,7852.5,59.15,9178,53:39.1,
8040,2025-04-21 23:53:29.073437+00,6978.75,59.27,9177,53:27.3,
8039,2025-04-21 23:53:17.337526+00,6965,59.52,9176,53:15.7,
8038,2025-04-21 23:53:05.690172+00,7643.75,59.15,9175,53:04.1,
8037,2025-04-21 23:52:54.090108+00,7050,59.52,9174,52:52.5,
8036,2025-04-21 23:52:42.484121+00,6912.5,59.39,9173,52:40.9,
8035,2025-04-21 23:52:30.879987+00,6766.25,59.64,9172,52:29.2,
8034,2025-04-21 23:52:19.153942+00,7663.75,59.52,9171,52:17.5,
8033,2025-04-21 23:52:07.545391+00,6802.5,59.52,9170,52:05.9,
8032,2025-04-21 23:51:55.940697+00,7240,59.39,9169,51:54.4,
8031,2025-04-21 23:51:44.360809+00,7833.75,59.39,9168,51:42.8,
8030,2025-04-21 23:51:32.760846+00,7653.75,59.52,9167,51:31.1,
8029,2025-04-21 23:51:21.11659+00,7113.75,59.39,9166,51:18.8,
8028,2025-04-21 23:51:08.836566+00,7763.75,59.52,9165,51:07.2,
8027,2025-04-21 23:50:57.159672+00,7386.25,59.39,9164,50:55.5,
8026,2025-04-21 23:50:45.554446+00,7725,59.39,9163,50:43.9,
8025,2025-04-21 23:50:33.88741+00,7793.75,59.64,9162,50:32.3,
8024,2025-04-21 23:50:22.295056+00,7147.5,59.52,9161,50:20.4,
8023,2025-04-21 23:50:10.428574+00,7348.75,59.64,9160,50:08.8,
8022,2025-04-21 23:49:58.78016+00,7308.75,59.39,9159,49:57.2,
8021,2025-04-21 23:49:47.170053+00,6851.25,59.27,9158,49:45.6,
8020,2025-04-21 23:49:35.550081+00,6920,59.27,9157,49:33.9,
8019,2025-04-21 23:49:23.88084+00,6806.25,59.39,9156,49:21.2,
8018,2025-04-21 23:49:11.177178+00,6871.25,59.27,9155,49:09.5,
8017,2025-04-21 23:48:59.507748+00,7276.25,59.52,9154,48:57.7,
8016,2025-04-21 23:48:47.713903+00,7310,59.15,9153,48:46.1,
8015,2025-04-21 23:48:36.099012+00,7236.25,59.39,9152,48:34.3,
8014,2025-04-21 23:48:24.317663+00,7147.5,59.27,9151,48:22.7,
8013,2025-04-21 23:48:12.708039+00,7162.5,59.64,9150,48:11.1,
8012,2025-04-21 23:48:01.087301+00,7210,59.52,9149,47:59.4,
8011,2025-04-21 23:47:49.418103+00,7417.5,59.39,9148,47:47.8,
8010,2025-04-21 23:47:37.852199+00,7050,59.39,9147,47:36.3,
8009,2025-04-21 23:47:26.255+00,7246.25,59.52,9146,47:24.6,
8008,2025-04-21 23:47:14.633617+00,7448.75,59.64,9145,47:12.9,
8007,2025-04-21 23:47:02.878223+00,7610,59.76,9144,47:01.2,
8006,2025-04-21 23:46:51.237511+00,7068.75,59.52,9143,46:49.6,
8005,2025-04-21 23:46:39.575635+00,6961.25,59.52,9142,46:37.9,
8004,2025-04-21 23:46:27.934115+00,7381.25,59.64,9141,46:26.3,
8003,2025-04-21 23:46:16.28689+00,7660,59.39,9140,46:14.7,
8002,2025-04-21 23:46:04.690084+00,7015,59.27,9139,46:03.1,
8001,2025-04-21 23:45:53.093763+00,7672.5,59.76,9138,45:51.4,
8000,2025-04-21 23:45:41.446182+00,7148.75,59.88,9137,45:39.8,
7999,2025-04-21 23:45:29.755745+00,7056.25,59.39,9136,45:28.1,
7998,2025-04-21 23:45:18.028336+00,6962.5,59.52,9135,45:16.4,
7997,2025-04-21 23:45:06.390159+00,7666.25,59.64,9134,45:04.8,
7996,2025-04-21 23:44:54.769275+00,7110,59.52,9133,44:53.1,
7995,2025-04-21 23:44:43.149815+00,7236.25,59.27,9132,44:41.5,
7994,2025-04-21 23:44:31.531932+00,7636.25,59.52,9131,44:29.9,
7993,2025-04-21 23:44:19.89415+00,7523.75,59.39,9130,44:18.2,
7992,2025-04-21 23:44:07.994935+00,7018.75,59.52,9129,44:06.3,
7991,2025-04-21 23:43:56.32243+00,7486.25,59.52,9128,43:54.6,
7990,2025-04-21 23:43:44.649244+00,7961.25,59.52,9127,43:42.9,
7989,2025-04-21 23:43:32.88584+00,7460,59.52,9126,43:31.2,
7988,2025-04-21 23:43:21.243939+00,7643.75,59.27,9125,43:19.6,
7987,2025-04-21 23:43:09.616879+00,7006.25,59.39,9124,43:08.0,
7986,2025-04-21 23:42:57.96764+00,7303.75,59.39,9123,42:56.2,
7985,2025-04-21 23:42:46.202761+00,6893.75,59.39,9122,42:44.6,
7984,2025-04-21 23:42:34.589158+00,7060,59.27,9121,42:33.0,
7983,2025-04-21 23:42:23.000017+00,6976.25,59.15,9120,42:21.4,
7982,2025-04-21 23:42:11.388636+00,7166.25,59.52,9119,42:09.8,
7981,2025-04-21 23:41:59.771194+00,7523.75,59.52,9118,41:58.1,
7980,2025-04-21 23:41:48.062409+00,7577.5,59.39,9117,41:46.5,
7979,2025-04-21 23:41:36.430279+00,6916.25,59.52,9116,41:34.8,
7978,2025-04-21 23:41:24.841512+00,6915,59.39,9115,41:23.3,
7977,2025-04-21 23:41:13.239196+00,7163.75,59.27,9114,41:11.5,
7976,2025-04-21 23:41:01.449006+00,7187.5,59.27,9113,40:59.8,
7975,2025-04-21 23:40:49.680214+00,6991.25,59.15,9112,40:48.1,
7974,2025-04-21 23:40:38.086536+00,7435,59.27,9111,40:36.4,
7973,2025-04-21 23:40:26.438311+00,6973.75,59.39,9110,40:24.8,
7972,2025-04-21 23:40:14.808338+00,7833.75,59.39,9109,40:13.1,
7971,2025-04-21 23:40:03.125512+00,7386.25,59.52,9108,40:01.5,
7970,2025-04-21 23:39:51.505281+00,7491.25,59.39,9107,39:49.9,
7969,2025-04-21 23:39:39.899564+00,7538.75,59.27,9106,39:38.3,
7968,2025-04-21 23:39:28.289285+00,7243.75,59.27,9105,39:26.7,
7967,2025-04-21 23:39:16.65609+00,7153.75,59.39,9104,39:15.0,
7966,2025-04-21 23:39:05.032585+00,7200,59.27,9103,39:03.4,
7965,2025-04-21 23:38:53.435867+00,7095,59.52,9102,38:51.8,
7964,2025-04-21 23:38:41.772012+00,7142.5,59.39,9101,38:40.2,
7963,2025-04-21 23:38:30.139801+00,7117.5,59.27,9100,38:28.4,
7962,2025-04-21 23:38:18.436409+00,7446.25,59.03,9099,38:16.7,
7961,2025-04-21 23:38:06.713861+00,7281.25,59.27,9098,38:05.0,
7960,2025-04-21 23:37:55.026868+00,7127.5,59.15,9097,37:53.4,
7959,2025-04-21 23:37:43.440149+00,7040,59.03,9096,37:41.8,
7958,2025-04-21 23:37:31.833976+00,7167.5,59.15,9095,37:30.1,
7957,2025-04-21 23:37:20.132018+00,7606.25,59.15,9094,37:18.5,
7956,2025-04-21 23:37:08.530823+00,7312.5,59.15,9093,37:06.8,
7955,2025-04-21 23:36:56.920872+00,7238.75,59.15,9092,36:55.2,
7954,2025-04-21 23:36:45.163659+00,7176.25,59.64,9091,36:43.5,
7953,2025-04-21 23:36:33.519558+00,7045,59.03,9090,36:31.8,
7952,2025-04-21 23:36:21.907107+00,7277.5,59.03,9089,36:20.2,
7951,2025-04-21 23:36:10.283716+00,7417.5,59.27,9088,36:08.6,
7950,2025-04-21 23:35:58.68674+00,7197.5,59.27,9087,35:57.0,
7949,2025-04-21 23:35:47.02497+00,7150,59.15,9086,35:45.3,
7948,2025-04-21 23:35:35.344247+00,7193.75,59.15,9085,35:33.7,
7947,2025-04-21 23:35:23.74242+00,7067.5,59.27,9084,35:22.0,
7946,2025-04-21 23:35:12.117436+00,7296.25,59.15,9083,35:10.5,
7945,2025-04-21 23:35:00.524082+00,7386.25,59.27,9082,34:58.8,
7944,2025-04-21 23:34:48.880088+00,7442.5,59.15,9081,34:47.2,
7943,2025-04-21 23:34:37.288445+00,7068.75,59.03,9080,34:35.6,
7942,2025-04-21 23:34:25.682237+00,7235,59.27,9079,34:23.3,
7941,2025-04-21 23:34:13.332815+00,7050,59.27,9078,34:11.6,
7940,2025-04-21 23:34:01.706659+00,7142.5,59.27,9077,34:00.0,
7939,2025-04-21 23:33:50.028419+00,6865,59.39,9076,33:48.4,
7938,2025-04-21 23:33:38.42394+00,7482.5,59.15,9075,33:36.7,
7937,2025-04-21 23:33:26.754918+00,7085,59.27,9074,33:25.1,
7936,2025-04-21 23:33:15.148022+00,7156.25,59.27,9073,33:13.5,
7935,2025-04-21 23:33:03.543062+00,7626.25,59.15,9072,33:01.9,
7934,2025-04-21 23:32:51.937547+00,7131.25,59.15,9071,32:50.3,
7933,2025-04-21 23:32:40.345524+00,7127.5,59.03,9070,32:38.7,
7932,2025-04-21 23:32:28.763937+00,7140,59.03,9069,32:27.1,
7931,2025-04-21 23:32:17.179052+00,7663.75,59.15,9068,32:15.5,
7930,2025-04-21 23:32:05.585948+00,7626.25,59.03,9067,32:03.9,
7929,2025-04-21 23:31:53.995344+00,7303.75,59.39,9066,31:52.3,
7928,2025-04-21 23:31:42.310287+00,7102.5,59.15,9065,31:40.6,
7927,2025-04-21 23:31:30.675449+00,7196.25,59.27,9064,31:29.0,
7926,2025-04-21 23:31:19.063381+00,7355,59.27,9063,31:17.4,
7925,2025-04-21 23:31:07.438139+00,6991.25,59.27,9062,31:05.8,
7924,2025-04-21 23:30:55.849521+00,7048.75,59.15,9061,30:54.2,
7923,2025-04-21 23:30:44.128363+00,7345,59.27,9060,30:42.4,
7922,2025-04-21 23:30:32.504522+00,7098.75,59.27,9059,30:30.8,
7921,2025-04-21 23:30:20.89046+00,7165,59.39,9058,30:19.2,
7920,2025-04-21 23:30:09.286678+00,7157.5,59.39,9057,30:07.6,
7919,2025-04-21 23:29:57.649524+00,7251.25,59.39,9056,29:56.0,
7918,2025-04-21 23:29:46.05024+00,6936.25,59.27,9055,29:44.4,
7917,2025-04-21 23:29:34.471641+00,7655,59.52,9054,29:32.8,
7916,2025-04-21 23:29:22.858766+00,6963.75,59.52,9053,29:21.2,
7915,2025-04-21 23:29:11.257414+00,7255,59.76,9052,29:09.6,
7914,2025-04-21 23:28:59.652574+00,7070,59.39,9051,28:58.0,
7913,2025-04-21 23:28:48.023551+00,7315,59.27,9050,28:46.4,
7912,2025-04-21 23:28:36.444232+00,7176.25,59.27,9049,28:34.8,
7911,2025-04-21 23:28:24.854658+00,6981.25,59.27,9048,28:23.2,
7910,2025-04-21 23:28:13.245126+00,7236.25,59.39,9047,28:11.5,
7909,2025-04-21 23:28:01.612466+00,6973.75,59.52,9046,27:59.9,
7908,2025-04-21 23:27:50.014641+00,7451.25,59.39,9045,27:48.3,
7907,2025-04-21 23:27:38.398392+00,7036.25,59.39,9044,27:36.7,
7906,2025-04-21 23:27:26.769868+00,7405,59.52,9043,27:25.0,
7905,2025-04-21 23:27:15.114126+00,7097.5,59.39,9042,27:13.4,
7904,2025-04-21 23:27:03.501096+00,7020,59.39,9041,27:01.8,
7903,2025-04-21 23:26:51.845016+00,7287.5,59.15,9040,26:50.2,
7902,2025-04-21 23:26:40.262444+00,7177.5,59.39,9039,26:38.6,
7901,2025-04-21 23:26:28.653037+00,6976.25,59.39,9038,26:27.0,
7900,2025-04-21 23:26:17.037551+00,6985,59.52,9037,26:15.4,
7899,2025-04-21 23:26:05.457658+00,7656.25,59.27,9036,26:03.7,
7898,2025-04-21 23:25:53.74776+00,7046.25,59.39,9035,25:52.1,
7897,2025-04-21 23:25:42.155238+00,7006.25,59.27,9034,25:40.5,
7896,2025-04-21 23:25:30.53441+00,7058.75,59.39,9033,25:28.9,
7895,2025-04-21 23:25:18.931894+00,7206.25,59.15,9032,25:17.2,
7894,2025-04-21 23:25:07.30356+00,6935,59.27,9031,25:05.6,
7893,2025-04-21 23:24:55.676688+00,7576.25,59.15,9030,24:54.0,
7892,2025-04-21 23:24:44.012362+00,7091.25,59.15,9029,24:42.3,
7891,2025-04-21 23:24:32.40189+00,6947.5,59.22,9028,24:30.7,
7890,2025-04-21 23:24:20.80315+00,7063.75,59.39,9027,24:19.1,
7889,2025-04-21 23:24:09.158882+00,7337.5,59.27,9026,24:07.5,
7888,2025-04-21 23:23:57.536369+00,7531.25,59.15,9025,23:55.8,
7887,2025-04-21 23:23:45.902265+00,7532.5,59.39,9024,23:44.2,
7886,2025-04-21 23:23:34.273462+00,7126.25,59.27,9023,23:32.6,
7885,2025-04-21 23:23:22.659496+00,7440,59.39,9022,23:21.0,
7884,2025-04-21 23:23:11.025461+00,6955,59.39,9021,23:09.3,
7883,2025-04-21 23:22:59.377507+00,7527.5,59.39,9020,22:57.7,
7882,2025-04-21 23:22:47.724481+00,7027.5,59.39,9019,22:46.1,
7881,2025-04-21 23:22:36.144258+00,7317.5,59.64,9018,22:34.5,
7880,2025-04-21 23:22:24.516495+00,7392.5,59.39,9017,22:22.8,
7879,2025-04-21 23:22:12.908149+00,7247.5,59.39,9016,22:11.2,
7878,2025-04-21 23:22:01.285234+00,7347.5,59.39,9015,21:59.6,
7877,2025-04-21 23:21:49.675333+00,7431.25,59.39,9014,21:48.0,
7876,2025-04-21 23:21:38.047914+00,7296.25,59.39,9013,21:36.4,
7875,2025-04-21 23:21:26.417239+00,7291.25,59.27,9012,21:24.7,
7874,2025-04-21 22:49:44.00306+00,7302.5,59.64,8899,49:40.6,
7873,2025-04-21 22:49:15.129236+00,6945,59.52,8897,49:13.4,
7872,2025-04-21 22:48:46.869683+00,7490,59.39,8895,48:44.8,
7871,2025-04-21 22:48:34.83583+00,7840,59.52,8894,48:33.0,
7870,2025-04-21 22:48:23.029345+00,7385,59.64,8893,48:14.3,
7869,2025-04-21 22:47:47.793398+00,6600,59.64,8891,47:44.4,
7868,2025-04-21 22:47:34.478465+00,6931.25,59.27,8890,47:32.8,
7867,2025-04-21 22:47:22.799264+00,7486.25,59.39,8889,47:19.1,
7866,2025-04-21 22:47:09.127766+00,7288.75,59.27,8888,47:07.2,
7865,2025-04-21 22:46:57.280932+00,6790,59.39,8887,46:52.6,
7864,2025-04-21 22:46:27.195526+00,6802.5,59.27,8885,46:22.7,
7863,2025-04-21 22:45:56.181966+00,7463.75,59.39,8883,45:52.5,
7862,2025-04-21 22:45:42.555103+00,7381.25,59.15,8882,45:38.8,
7861,2025-04-21 22:45:28.849914+00,7751.25,59.52,8881,45:24.9,
7860,2025-04-21 22:45:14.934004+00,6858.75,59.52,8880,45:11.5,
7859,2025-04-21 22:45:01.432368+00,7352.5,59.52,8879,44:58.2,
7858,2025-04-21 22:44:48.190755+00,7167.5,59.39,8878,44:46.4,
7857,2025-04-21 22:44:36.419387+00,6970,59.39,8877,44:30.9,
7856,2025-04-21 22:44:20.909317+00,7368.75,59.15,8876,44:15.7,
7855,2025-04-21 22:44:05.777558+00,7392.5,59.39,8875,44:02.5,
7854,2025-04-21 22:43:34.261622+00,7428.75,59.27,8873,43:32.4,
7853,2025-04-21 22:43:22.461717+00,7170,59.27,8872,43:20.7,
7852,2025-04-21 22:43:10.692378+00,7443.75,59.15,8871,43:09.0,
7851,2025-04-21 22:42:59.019549+00,7123.75,59.52,8870,42:57.1,
7850,2025-04-21 22:42:47.122573+00,7623.75,59.52,8869,42:41.2,
7849,2025-04-21 22:42:31.234735+00,7375,59.39,8868,42:29.5,
7848,2025-04-21 22:42:19.520209+00,7451.25,60.12,8867,42:17.8,
7847,2025-04-21 22:42:07.830113+00,7465,60,8866,42:06.1,
7846,2025-04-21 22:41:56.148126+00,6907.5,59.88,8865,41:50.6,
7845,2025-04-21 22:41:40.614558+00,7637.5,59.76,8864,41:38.7,
7844,2025-04-21 22:41:28.724027+00,7491.25,59.64,8863,41:26.7,
7843,2025-04-21 22:41:16.707872+00,7622.5,59.88,8862,41:11.3,
7842,2025-04-21 22:41:01.373715+00,7396.25,59.76,8861,40:55.0,
7841,2025-04-21 22:40:44.98451+00,7386.25,60,8860,40:43.1,
7840,2025-04-21 22:40:33.173578+00,7615,60.12,8859,40:28.3,
7839,2025-04-21 22:39:58.24347+00,7541.25,59.76,8857,39:50.5,
7838,2025-04-21 22:39:40.540331+00,6986.25,59.88,8856,39:38.5,
7837,2025-04-21 22:39:11.362868+00,7438.75,59.64,8854,39:09.7,
7836,2025-04-21 22:38:43.225437+00,7015,59.52,8852,38:35.4,
7835,2025-04-21 22:37:53.217417+00,6906.25,59.39,8849,37:47.1,
7834,2025-04-21 22:37:37.135771+00,7315,59.52,8848,37:35.3,
7833,2025-04-21 22:37:25.453969+00,7247.5,59.76,8847,37:23.5,
7832,2025-04-21 22:37:13.623957+00,6938.75,59.64,8846,37:07.1,
7831,2025-04-21 22:36:57.227852+00,7532.5,59.76,8845,36:53.3,
7830,2025-04-21 22:36:43.425997+00,7622.5,59.64,8844,36:38.2,
7829,2025-04-21 22:36:28.330539+00,7326.25,59.64,8843,36:21.7,
7828,2025-04-21 22:36:11.80882+00,7351.25,59.64,8842,36:08.3,
7827,2025-04-21 22:35:58.429023+00,7540,59.39,8841,35:56.6,
7826,2025-04-21 22:35:46.748914+00,7301.25,59.39,8840,35:43.4,
7825,2025-04-21 22:35:17.018448+00,7708.75,59.76,8838,35:15.1,
7824,2025-04-21 22:35:05.216986+00,7150,59.76,8837,34:57.5,
7823,2025-04-21 22:34:47.630734+00,7097.5,59.64,8836,34:44.5,
7822,2025-04-21 22:34:34.61963+00,7741.25,59.64,8835,34:32.8,
7821,2025-04-21 22:34:22.893381+00,7525,59.88,8834,34:19.1,
7820,2025-04-21 22:34:09.263392+00,7335,59.64,8833,34:07.3,
7819,2025-04-21 22:33:40.945071+00,7011.25,59.39,8831,33:39.0,
7818,2025-04-21 22:33:29.08613+00,7697.5,59.76,8830,33:27.3,
7817,2025-04-21 22:33:17.361604+00,7740,59.76,8829,33:15.6,
7816,2025-04-21 22:33:05.73488+00,7263.75,59.88,8828,33:03.8,
7815,2025-04-21 22:32:53.955705+00,7533.75,60,8827,32:52.1,
7814,2025-04-21 22:32:42.187394+00,7547.5,60,8826,32:40.4,
7813,2025-04-21 22:32:30.275324+00,7646.25,59.88,8825,32:28.5,
7812,2025-04-21 22:32:00.906176+00,7650,59.76,8823,31:57.4,
7811,2025-04-21 22:31:47.498656+00,7093.75,59.76,8822,31:45.7,
7810,2025-04-21 22:31:35.53385+00,7198.75,59.64,8821,31:33.7,
7809,2025-04-21 22:31:23.800063+00,7143.75,59.39,8820,31:22.1,
7808,2025-04-21 22:30:56.698304+00,7082.5,59.88,8818,30:46.8,
7807,2025-04-21 22:30:36.840444+00,7855,59.88,8817,30:35.0,
7806,2025-04-21 22:30:25.134918+00,6933.75,60,8816,30:20.2,
7805,2025-04-21 22:30:10.292555+00,7908.75,60,8815,30:07.0,
7804,2025-04-21 22:29:57.15962+00,6878.75,60,8814,29:55.4,
7803,2025-04-21 22:29:45.557306+00,6845,59.88,8813,29:43.7,
7802,2025-04-21 22:29:33.865542+00,7603.75,60.24,8812,29:32.1,
7801,2025-04-21 22:29:22.181865+00,7560,60,8811,29:20.0,
7800,2025-04-21 22:29:10.16665+00,7646.25,59.88,8810,29:06.9,
7799,2025-04-21 22:28:57.001712+00,7286.25,59.76,8809,28:55.2,
7798,2025-04-21 22:28:45.307723+00,7560,59.52,8808,28:43.5,
7797,2025-04-21 22:28:11.094637+00,7480,59.88,8806,28:09.2,
7796,2025-04-21 22:27:59.332443+00,6902.5,59.64,8805,27:56.7,
7795,2025-04-21 22:27:46.777778+00,6975,59.52,8804,27:38.3,
7794,2025-04-21 22:27:28.439356+00,7778.75,59.64,8803,27:20.8,
7793,2025-04-21 22:26:54.425133+00,7677.5,59.39,8801,26:47.8,
7792,2025-04-21 22:26:37.957853+00,7583.75,59.39,8800,26:35.8,
7791,2025-04-21 22:25:32.353621+00,7845,59.52,8796,25:30.6,
7790,2025-04-21 22:25:20.701763+00,7453.75,59.64,8795,25:17.4,
7789,2025-04-21 22:25:07.481297+00,7786.25,59.52,8794,25:05.7,
7788,2025-04-21 22:24:55.851296+00,7555,59.52,8793,24:53.9,
7787,2025-04-21 22:24:44.051057+00,7573.75,59.52,8792,24:39.6,
7786,2025-04-21 22:24:29.682766+00,6595,59.88,8791,24:25.6,
7785,2025-04-21 22:23:59.085949+00,7493.75,59.64,8789,23:57.0,
7784,2025-04-21 22:23:29.207369+00,7188.75,59.76,8787,23:24.7,
7783,2025-04-21 22:23:14.745252+00,7137.5,59.88,8786,23:11.1,
7782,2025-04-21 22:23:01.227943+00,7696.25,59.76,8785,22:57.2,
7781,2025-04-21 22:22:47.343381+00,6462.5,59.76,8784,22:44.1,
7780,2025-04-21 22:22:34.220162+00,6882.5,59.76,8783,22:30.2,
7779,2025-04-21 22:22:20.284388+00,7742.5,59.88,8782,22:18.2,
7778,2025-04-21 22:22:08.320237+00,7793.75,59.76,8781,22:06.2,
7777,2025-04-21 22:21:40.844244+00,7571.25,59.76,8779,21:39.0,
7776,2025-04-21 22:21:29.105877+00,7733.75,59.64,8778,21:27.3,
7775,2025-04-21 22:21:17.38339+00,7780,59.7,8777,21:15.6,
7774,2025-04-21 22:21:05.686469+00,7451.25,59.64,8776,21:02.1,
7773,2025-04-21 22:20:52.188534+00,6815,59.64,8775,20:50.4,
7772,2025-04-21 22:20:40.489723+00,7255,59.76,8774,20:38.4,
7771,2025-04-21 22:20:28.52838+00,6897.5,59.64,8773,20:26.6,
7770,2025-04-21 22:20:16.682873+00,6757.5,60,8772,20:14.9,
7769,2025-04-21 22:20:05.038147+00,7333.75,59.64,8771,20:03.1,
7768,2025-04-21 22:19:53.222004+00,7743.75,59.76,8770,19:51.3,
7767,2025-04-21 22:19:41.428258+00,7086.25,59.64,8769,19:39.7,
7766,2025-04-21 22:19:29.784525+00,7177.5,59.64,8768,19:27.8,
7765,2025-04-21 22:19:17.917377+00,7572.5,59.64,8767,19:16.0,
7764,2025-04-21 22:19:06.129898+00,7780,59.52,8766,19:04.4,
7763,2025-04-21 22:18:54.461382+00,7358.75,59.76,8765,18:52.7,
7762,2025-04-21 22:18:42.796374+00,7527.5,59.52,8764,18:41.0,
7761,2025-04-21 22:18:31.118136+00,7572.5,59.64,8763,18:29.3,
7760,2025-04-21 22:18:19.384123+00,6993.75,59.64,8762,18:17.6,
7759,2025-04-21 22:18:07.678877+00,6720,59.64,8761,18:03.5,
7758,2025-04-21 22:17:53.509074+00,6892.5,59.76,8760,17:51.6,
7757,2025-04-21 22:17:40.002997+00,7760,59.64,8759,17:38.0,
7756,2025-04-21 22:17:28.06688+00,6987.5,59.64,8758,17:26.2,
7755,2025-04-21 22:17:16.290078+00,7773.75,59.76,8757,17:14.2,
7754,2025-04-21 22:17:04.352945+00,7081.25,59.88,8756,17:02.6,
7753,2025-04-21 22:16:52.762464+00,7397.5,59.88,8755,16:51.0,
7752,2025-04-21 22:16:41.11232+00,7423.75,59.88,8754,16:36.4,
7751,2025-04-21 22:16:26.134952+00,7151.25,59.76,8753,16:24.1,
7750,2025-04-21 22:16:14.17347+00,6536.25,59.76,8752,16:09.2,
7749,2025-04-21 22:15:59.351608+00,6833.75,59.76,8751,15:57.6,
7748,2025-04-21 22:15:47.714049+00,7151.25,60,8750,15:45.9,
7747,2025-04-21 22:15:36.026402+00,7348.75,59.88,8749,15:34.1,
7746,2025-04-21 22:15:24.253913+00,7096.25,60,8748,15:21.1,
7745,2025-04-21 22:15:11.168906+00,7400,59.76,8747,15:09.2,
7744,2025-04-21 22:14:59.353707+00,6861.25,60.12,8746,14:57.5,
7743,2025-04-21 22:14:47.636738+00,7455,60,8745,14:45.6,
7742,2025-04-21 22:14:35.673068+00,7036.25,59.76,8744,14:33.9,
7741,2025-04-21 22:14:24.012658+00,7531.25,59.88,8743,14:22.2,
7740,2025-04-21 22:14:12.304748+00,7396.25,60.12,8742,14:10.2,
7739,2025-04-21 22:14:00.254427+00,7506.25,59.88,8741,13:58.2,
7738,2025-04-21 22:13:48.253361+00,7443.75,60,8740,13:46.5,
7737,2025-04-21 22:13:36.5694+00,7597.5,60,8739,13:34.5,
7736,2025-04-21 22:13:24.571154+00,7711.25,59.88,8738,13:21.4,
7735,2025-04-21 22:12:39.835794+00,7605,60,8735,12:38.1,
7734,2025-04-21 22:12:28.192711+00,7025,59.88,8734,12:24.1,
7733,2025-04-21 22:12:14.162549+00,7365,59.76,8733,12:12.0,
7732,2025-04-21 22:12:02.141924+00,7451.25,59.88,8732,12:00.4,
7731,2025-04-21 22:11:50.502642+00,6955,60,8731,11:48.8,
7730,2025-04-21 22:11:38.861728+00,7612.5,59.88,8730,11:36.6,
7729,2025-04-21 22:11:26.730407+00,7605,59.76,8729,11:25.0,
7728,2025-04-21 22:11:15.089341+00,7131.25,59.76,8728,11:13.4,
7727,2025-04-21 22:11:03.441848+00,7108.75,59.88,8727,11:01.7,
7726,2025-04-21 22:10:51.79674+00,7443.75,59.76,8726,10:50.0,
7725,2025-04-21 22:10:40.091036+00,7213.75,59.64,8725,10:38.3,
7724,2025-04-21 22:10:28.453047+00,7563.75,59.64,8724,10:26.6,
7723,2025-04-21 22:10:16.641243+00,7236.25,59.88,8723,10:14.8,
7722,2025-04-21 22:10:04.805903+00,7062.5,59.88,8722,10:03.0,
7721,2025-04-21 22:09:52.989896+00,7467.5,60.12,8721,09:51.0,
7720,2025-04-21 22:09:41.033845+00,6851.25,60,8720,09:39.2,
7719,2025-04-21 22:09:29.271478+00,6916.25,59.76,8719,09:27.2,
7718,2025-04-21 22:09:17.318723+00,7275,60,8718,09:12.2,
7717,2025-04-21 22:09:02.337956+00,6917.5,59.76,8717,08:58.9,
7716,2025-04-21 22:08:48.939681+00,7296.25,59.76,8716,08:47.1,
7715,2025-04-21 22:08:37.179436+00,7558.75,60,8715,08:35.3,
7714,2025-04-21 22:08:25.390923+00,7243.75,59.76,8714,08:23.3,
7713,2025-04-21 22:08:13.450276+00,7745,60.12,8713,08:07.0,
7712,2025-04-21 22:07:57.122363+00,7242.5,59.82,8712,07:52.4,
7711,2025-04-21 22:07:42.470476+00,7547.5,60,8711,07:40.5,
7710,2025-04-21 22:07:30.629414+00,7526.25,59.88,8710,07:28.8,
7709,2025-04-21 22:07:18.91429+00,7602.5,59.76,8709,07:17.1,
7708,2025-04-21 22:07:07.189238+00,6985,59.88,8708,07:05.3,
7707,2025-04-21 22:06:55.359949+00,7305,59.88,8707,06:53.6,
7706,2025-04-21 22:06:43.732018+00,7356.25,60.24,8706,06:41.6,
7705,2025-04-21 22:06:31.732966+00,6623.75,60,8705,06:30.0,
7704,2025-04-21 22:06:20.058757+00,6858.75,60,8704,06:18.3,
7703,2025-04-21 22:06:08.420805+00,7508.75,60.12,8703,06:06.6,
7702,2025-04-21 22:05:56.601+00,7225,59.88,8702,05:53.5,
7701,2025-04-21 22:05:43.588795+00,7738.75,59.88,8701,05:41.8,
7700,2025-04-21 22:05:31.922791+00,7310,60.24,8700,05:30.2,
7699,2025-04-21 22:05:20.267858+00,7215,60,8699,05:18.5,
7698,2025-04-21 22:05:08.562846+00,7163.75,60,8698,05:06.8,
7697,2025-04-21 22:04:56.893562+00,7161.25,59.88,8697,04:53.5,
7696,2025-04-21 22:04:43.59119+00,7607.5,59.88,8696,04:41.8,
7695,2025-04-21 22:04:31.93094+00,7415,59.88,8695,04:30.1,
7694,2025-04-21 22:04:20.161534+00,7278.75,59.88,8694,04:18.2,
7693,2025-04-21 22:03:51.710366+00,7767.5,60.12,8692,03:49.8,
7692,2025-04-21 22:03:39.915241+00,7151.25,60,8691,03:38.0,
7691,2025-04-21 22:03:28.130824+00,7178.75,60,8690,03:26.1,
7690,2025-04-21 22:03:16.142702+00,7620,60.12,8689,03:14.3,
7689,2025-04-21 22:03:04.453271+00,7321.25,59.88,8688,03:02.5,
7688,2025-04-21 22:02:52.595925+00,7376.25,59.88,8687,02:50.8,
7687,2025-04-21 22:02:40.850722+00,7121.25,59.76,8686,02:38.1,
7686,2025-04-21 22:02:28.196287+00,7402.5,59.88,8685,02:26.3,
7685,2025-04-21 22:02:16.424556+00,7740,60,8684,02:12.8,
7684,2025-04-21 22:02:02.8593+00,7268.75,59.64,8683,02:00.9,
7683,2025-04-21 22:01:50.932989+00,7137.5,60,8682,01:49.2,
7682,2025-04-21 22:01:39.262454+00,7076.25,60,8681,01:37.5,
7681,2025-04-21 22:01:27.598556+00,7126.25,59.88,8680,01:25.5,
7680,2025-04-21 22:01:15.211822+00,7185,59.88,8679,01:11.7,
7679,2025-04-21 22:00:45.288904+00,7133.75,60,8677,00:41.6,
7678,2025-04-21 22:00:31.675926+00,7207.5,59.88,8676,00:27.6,
7677,2025-04-21 22:00:17.709096+00,6945,59.64,8675,00:14.1,
7676,2025-04-21 22:00:04.241641+00,7422.5,59.88,8674,00:02.2,
7675,2025-04-21 21:59:35.799084+00,7302.5,59.64,8672,59:32.0,
7674,2025-04-21 21:58:15.009448+00,7040,59.76,8667,58:12.8,
7673,2025-04-21 21:58:02.896191+00,7383.75,59.52,8666,58:00.8,
7672,2025-04-21 21:57:50.68978+00,7708.75,59.64,8665,57:48.7,
7671,2025-04-21 21:57:38.721023+00,7000,59.76,8664,57:36.7,
7670,2025-04-21 21:57:26.833877+00,7467.5,60,8663,57:20.5,
7669,2025-04-21 21:57:10.629121+00,7241.25,59.76,8662,57:06.6,
7668,2025-04-21 21:56:56.713855+00,7185,59.76,8661,56:53.3,
7667,2025-04-21 21:56:43.333061+00,7266.25,59.76,8660,56:40.8,
7666,2025-04-21 21:56:12.476323+00,6958.75,59.64,8658,56:10.1,
7665,2025-04-21 21:56:00.109169+00,6926.25,59.76,8657,55:55.0,
7664,2025-04-21 21:55:26.36277+00,7580,60,8655,55:24.3,
7663,2025-04-21 21:55:14.368053+00,7386.25,60,8654,55:11.9,
7662,2025-04-21 21:55:01.97788+00,7266.25,59.88,8653,54:58.4,
7661,2025-04-21 21:54:48.481356+00,7038.75,59.88,8652,54:45.9,
7660,2025-04-21 21:54:35.870741+00,7510,59.88,8651,54:33.8,
7659,2025-04-21 21:54:23.355632+00,7095,60,8650,54:21.2,
7658,2025-04-21 21:54:11.157935+00,7168.75,59.88,8649,54:04.8,
7657,2025-04-21 21:53:54.941748+00,7116.25,60.24,8648,53:52.8,
7656,2025-04-21 21:53:42.881242+00,7040,60.12,8647,53:40.9,
7655,2025-04-21 21:53:14.522805+00,7135,60.12,8645,53:12.7,
7654,2025-04-21 21:53:02.798531+00,7572.5,59.88,8644,53:00.7,
7653,2025-04-21 21:52:32.601914+00,7468.75,60.12,8642,52:29.2,
7652,2025-04-21 21:52:02.036551+00,7593.75,60,8640,51:59.1,
7651,2025-04-21 21:51:49.158434+00,7038.75,60,8639,51:47.3,
7650,2025-04-21 21:51:37.297528+00,7117.5,60,8638,51:34.5,
7649,2025-04-21 21:51:24.648998+00,7580,60.24,8637,51:22.4,
7648,2025-04-21 21:51:12.467093+00,7646.25,60.73,8636,51:10.5,
7647,2025-04-21 21:51:00.589062+00,6945,60,8635,50:58.3,
7646,2025-04-21 21:50:30.620496+00,6873.75,59.88,8633,50:26.8,
7645,2025-04-21 21:50:16.308761+00,7341.25,59.88,8632,50:14.2,
7644,2025-04-21 21:50:04.274339+00,7450,59.88,8631,50:02.3,
7643,2025-04-21 21:49:52.022252+00,7206.25,59.76,8630,49:49.8,
7642,2025-04-21 21:49:39.440303+00,7502.5,59.88,8629,49:37.5,
7641,2025-04-21 21:49:27.296585+00,7322.5,59.88,8628,49:25.3,
7640,2025-04-21 21:49:15.335621+00,7695,59.88,8627,49:11.3,
7639,2025-04-21 21:49:01.396861+00,7537.5,59.76,8626,48:57.8,
7638,2025-04-21 21:48:47.907177+00,7421.25,59.76,8625,48:46.1,
7637,2025-04-21 21:48:36.228529+00,7116.25,59.88,8624,48:34.2,
7636,2025-04-21 21:48:23.652849+00,7147.5,59.64,8623,48:21.7,
7635,2025-04-21 21:48:11.721127+00,6942.5,59.76,8622,48:05.0,
7634,2025-04-21 21:47:55.051773+00,7085,59.88,8621,47:52.7,
7633,2025-04-21 21:47:42.704694+00,6678.75,59.88,8620,47:40.3,
7632,2025-04-21 21:47:30.336641+00,7163.75,59.76,8619,47:28.4,
7631,2025-04-21 21:47:18.538268+00,7230,59.64,8618,47:16.6,
7630,2025-04-21 21:47:06.680476+00,7550,59.76,8617,47:00.4,
7629,2025-04-21 21:46:50.441283+00,7286.25,59.27,8616,46:48.5,
7628,2025-04-21 21:46:38.579454+00,7188.75,59.15,8615,46:36.4,
7627,2025-04-21 21:46:26.399824+00,7070,59.15,8614,46:23.0,
7626,2025-04-21 21:46:13.05118+00,6975,59.39,8613,46:06.7,
7625,2025-04-21 21:45:56.770356+00,7082.5,59.15,8612,45:54.7,
7624,2025-04-21 21:45:44.655509+00,6948.75,59.15,8611,45:42.7,
7623,2025-04-21 21:45:32.716301+00,6586.25,59.03,8610,45:30.5,
7622,2025-04-21 21:45:20.624802+00,7252.5,59.27,8609,45:16.7,
7621,2025-04-21 21:45:06.416593+00,7387.5,59.39,8608,45:04.5,
7620,2025-04-21 21:44:54.52337+00,7243.75,59.52,8607,44:52.7,
7619,2025-04-21 21:44:42.720245+00,7446.25,59.39,8606,44:39.0,
7618,2025-04-21 21:44:12.303152+00,7168.75,59.27,8604,44:08.2,
7617,2025-04-21 21:43:58.272929+00,7321.25,59.39,8603,43:55.5,
7616,2025-04-21 21:43:28.563915+00,7190,59.52,8601,43:26.5,
7615,2025-04-21 21:43:16.552196+00,7255,59.52,8600,43:14.7,
7614,2025-04-21 21:43:04.759752+00,7295,59.52,8599,43:00.1,
7613,2025-04-21 21:42:50.212135+00,7271.25,59.64,8598,42:48.1,
7612,2025-04-21 21:42:38.300231+00,7102.5,59.39,8597,42:31.4,
7611,2025-04-21 21:42:21.429699+00,7233.75,59.64,8596,42:19.6,
7610,2025-04-21 21:42:09.663221+00,7255,59.64,8595,42:05.7,
7609,2025-04-21 21:41:38.998804+00,7093.75,59.52,8593,41:36.0,
7608,2025-04-21 21:41:21.327113+00,6936.25,59.88,8592,41:17.1,
7607,2025-04-21 21:41:07.120092+00,7405,59.88,8591,41:04.7,
7606,2025-04-21 21:40:19.869194+00,7102.5,59.76,8588,40:18.0,
7605,2025-04-21 21:40:08.068979+00,7047.5,59.76,8587,40:05.9,
7604,2025-04-21 21:39:55.943506+00,7412.5,59.88,8586,39:54.0,
7603,2025-04-21 21:39:44.067155+00,7256.25,59.76,8585,39:41.9,
7602,2025-04-21 21:38:54.284538+00,7323.75,59.88,8582,38:52.0,
7601,2025-04-21 21:38:42.073724+00,7248.75,59.64,8581,38:35.6,
7600,2025-04-21 21:37:50.658566+00,7001.25,59.39,8578,37:46.5,
7599,2025-04-21 21:37:19.726645+00,7060,59.52,8576,37:14.1,
7598,2025-04-21 21:37:03.896996+00,7482.5,59.27,8575,37:01.6,
7597,2025-04-21 21:36:51.618562+00,7011.25,59.27,8574,36:49.3,
7596,2025-04-21 21:36:22.450467+00,7393.75,59.52,8572,36:20.5,
7595,2025-04-21 21:35:37.068109+00,7166.25,59.52,8569,35:30.6,
7594,2025-04-21 21:35:20.565808+00,7182.5,59.39,8568,35:15.2,
7593,2025-04-21 21:34:49.67852+00,7416.25,59.52,8566,34:46.5,
7592,2025-04-21 21:34:36.394548+00,6893.75,59.39,8565,34:32.7,
7591,2025-04-21 21:34:22.72193+00,6958.75,59.27,8564,34:20.9,
7590,2025-04-21 21:32:29.350315+00,7101.25,59.64,8557,32:27.7,
7589,2025-04-21 21:32:17.684851+00,7193.75,59.64,8556,32:15.9,
7588,2025-04-21 21:32:05.90238+00,6971.25,59.39,8555,32:04.1,
7587,2025-04-21 21:31:54.145126+00,7133.75,59.27,8554,31:52.3,
7586,2025-04-21 21:31:42.292533+00,7118.75,59.39,8553,31:40.6,
7585,2025-04-21 21:31:30.5931+00,7383.75,59.39,8552,31:28.9,
7584,2025-04-21 21:31:18.906695+00,7165,59.39,8551,31:17.2,
7583,2025-04-21 21:31:07.248537+00,6813.75,59.15,8550,31:05.6,
7582,2025-04-21 21:30:55.648391+00,7171.25,59.52,8549,30:52.6,
7581,2025-04-21 21:30:42.551158+00,6971.25,59.64,8548,30:39.1,
7580,2025-04-21 21:30:29.090962+00,7128.75,59.52,8547,30:25.8,
7579,2025-04-21 21:30:15.775243+00,7361.25,59.39,8546,30:14.1,
7578,2025-04-21 21:30:04.044065+00,7257.5,59.39,8545,30:02.4,
7577,2025-04-21 21:29:52.396307+00,7100,59.39,8544,29:50.7,
7576,2025-04-21 21:29:40.722622+00,7307.5,59.52,8543,29:38.8,
7575,2025-04-21 21:29:28.796056+00,6766.25,59.64,8542,29:22.6,
7574,2025-04-21 21:29:12.574476+00,7245,59.64,8541,29:10.9,
7573,2025-04-21 21:29:00.89331+00,7158.75,59.64,8540,28:58.9,
7572,2025-04-21 21:28:48.893951+00,7247.5,59.64,8539,28:47.3,
7571,2025-04-21 21:28:37.250461+00,7421.25,59.76,8538,28:35.3,
7570,2025-04-21 21:28:25.250401+00,7557.5,59.76,8537,28:23.6,
7569,2025-04-21 21:28:13.558336+00,7385,59.76,8536,28:11.9,
7568,2025-04-21 21:28:01.870359+00,7363.75,59.76,8535,28:00.2,
7567,2025-04-21 21:27:50.200566+00,7225,59.76,8534,27:48.5,
7566,2025-04-21 21:27:38.45386+00,7095,59.76,8533,27:36.4,
7565,2025-04-21 21:27:26.369636+00,7112.5,59.88,8532,27:22.8,
7564,2025-04-21 21:27:12.740083+00,7145,59.64,8531,27:11.0,
7563,2025-04-21 21:27:00.960527+00,7457.5,59.52,8530,26:59.3,
7562,2025-04-21 21:26:49.285792+00,6998.75,59.88,8529,26:47.6,
7561,2025-04-21 21:26:37.64572+00,7067.5,59.76,8528,26:36.0,
7560,2025-04-21 21:26:25.928771+00,7105,59.64,8527,26:24.3,
7559,2025-04-21 21:26:14.282475+00,7187.5,59.64,8526,26:12.6,
7558,2025-04-21 21:26:02.577909+00,7013.75,59.76,8525,26:00.9,
7557,2025-04-21 21:25:50.919081+00,7361.25,59.76,8524,25:49.1,
7556,2025-04-21 21:25:39.047244+00,7218.75,59.88,8523,25:37.3,
7555,2025-04-21 21:25:27.252718+00,7222.5,59.76,8522,25:25.1,
7554,2025-04-21 21:25:15.105111+00,7475,59.64,8521,25:13.4,
7553,2025-04-21 21:25:03.40738+00,7420,60,8520,25:01.7,
7552,2025-04-21 21:24:51.727895+00,7310,59.76,8519,24:50.0,
7551,2025-04-21 21:24:39.954273+00,7165,59.64,8518,24:38.2,
7550,2025-04-21 21:24:28.210162+00,7231.25,59.64,8517,24:26.4,
7549,2025-04-21 21:24:16.334391+00,7080,59.39,8516,24:14.6,
7548,2025-04-21 21:24:04.083748+00,7210,59.39,8515,23:59.8,
7547,2025-04-21 21:23:49.764618+00,7156.25,59.15,8514,23:44.9,
7546,2025-04-21 21:23:34.842775+00,6945,59.39,8513,23:32.8,
7545,2025-04-21 21:23:22.790323+00,8051.25,59.64,8512,23:20.8,
7544,2025-04-21 21:23:10.778541+00,7363.75,59.27,8511,23:07.1,
7543,2025-04-21 21:22:57.047846+00,7463.75,59.52,8510,22:53.7,
7542,2025-04-21 21:22:43.636882+00,7065,59.88,8509,22:41.7,
7541,2025-04-21 21:22:31.638273+00,7493.75,60,8508,22:25.3,
7540,2025-04-21 21:22:15.26695+00,7245,59.88,8507,22:13.5,
7539,2025-04-21 21:22:03.484102+00,7520,60,8506,22:01.5,
7538,2025-04-21 21:21:51.503323+00,7678.75,60.12,8505,21:49.5,
7537,2025-04-21 21:21:39.459395+00,7263.75,60.12,8504,21:37.6,
7536,2025-04-21 21:21:27.526135+00,7017.5,60,8503,21:25.8,
7535,2025-04-21 21:21:15.803475+00,6918.75,60,8502,21:14.1,
7534,2025-04-21 21:21:04.088006+00,7331.25,59.88,8501,21:00.9,
7533,2025-04-21 21:20:50.872726+00,6790,59.88,8500,20:49.1,
7532,2025-04-21 21:20:39.129123+00,7091.25,59.64,8499,20:37.3,
7531,2025-04-21 21:20:27.205411+00,6965,59.76,8498,20:23.8,
7530,2025-04-21 21:20:13.783141+00,7557.5,59.64,8497,20:12.1,
7529,2025-04-21 21:20:02.07267+00,7306.25,60,8496,19:56.4,
7528,2025-04-21 21:19:46.362307+00,6855,59.76,8495,19:44.8,
7527,2025-04-21 21:19:34.753614+00,7186.25,59.76,8494,19:33.1,
7526,2025-04-21 21:19:23.108192+00,7646.25,59.64,8493,19:21.5,
7525,2025-04-21 21:19:11.471046+00,7042.5,59.64,8492,19:09.8,
7524,2025-04-21 21:18:59.792002+00,7005,59.76,8491,18:57.9,
7523,2025-04-21 21:18:47.937858+00,7555,59.76,8490,18:46.2,
7522,2025-04-21 21:18:36.239045+00,7367.5,59.52,8489,18:33.1,
7521,2025-04-21 21:18:23.127944+00,7173.75,59.64,8488,18:19.1,
7520,2025-04-21 21:18:09.097632+00,7127.5,59.64,8487,18:04.5,
7519,2025-04-21 21:17:37.787345+00,7263.75,59.64,8485,17:35.9,
7518,2025-04-21 21:17:25.885342+00,7435,59.64,8484,17:24.0,
7517,2025-04-21 21:16:58.481367+00,7066.25,59.76,8482,16:54.2,
7516,2025-04-21 21:16:44.181417+00,7233.75,60,8481,16:37.9,
7515,2025-04-21 21:16:27.870969+00,7702.5,59.88,8480,16:26.0,
7514,2025-04-21 21:16:15.992031+00,7425,59.88,8479,16:14.2,
7513,2025-04-21 21:16:04.176016+00,6880,59.88,8478,15:59.3,
7512,2025-04-21 21:15:49.333316+00,7126.25,59.88,8477,15:44.6,
7511,2025-04-21 21:15:34.59516+00,7658.75,59.88,8476,15:32.9,
7510,2025-04-21 21:15:22.916623+00,7521.25,59.76,8475,15:19.0,
7509,2025-04-21 21:15:08.972762+00,7858.75,60,8474,15:07.0,
7508,2025-04-21 21:14:57.021634+00,7527.5,59.88,8473,14:55.2,
7507,2025-04-21 21:14:45.213302+00,7722.5,60.24,8472,14:43.2,
7506,2025-04-21 21:14:33.15332+00,7626.25,60.12,8471,14:29.8,
7505,2025-04-21 21:14:19.799397+00,7703.75,59.88,8470,14:18.0,
7504,2025-04-21 21:14:07.925471+00,6907.5,59.88,8469,14:06.1,
7503,2025-04-21 21:13:56.075225+00,7112.5,59.76,8468,13:52.8,
7502,2025-04-21 21:13:42.783216+00,7293.75,60,8467,13:40.7,
7501,2025-04-21 21:13:30.674256+00,7358.75,59.64,8466,13:28.6,
7500,2025-04-21 21:13:18.598616+00,7535,59.64,8465,13:16.5,
7499,2025-04-21 21:13:06.529+00,7568.75,59.76,8464,13:04.8,
7498,2025-04-21 21:12:54.745164+00,7071.25,59.52,8463,12:53.0,
7497,2025-04-21 21:12:43.040256+00,7136.25,59.52,8462,12:41.3,
7496,2025-04-21 21:12:31.287119+00,6836.25,59.27,8461,12:29.6,
7495,2025-04-21 21:12:19.625686+00,7088.75,59.27,8460,12:17.5,
7494,2025-04-21 21:12:07.432272+00,6781.25,59.03,8459,12:05.7,
7493,2025-04-21 21:11:55.734622+00,6628.75,58.91,8458,11:54.1,
7492,2025-04-21 21:11:44.079812+00,7197.5,59.03,8457,11:42.2,
7491,2025-04-21 21:11:32.203409+00,7598.75,59.52,8456,11:30.2,
7490,2025-04-21 21:11:20.05954+00,6872.5,59.03,8455,11:18.4,
7489,2025-04-21 21:11:08.417582+00,7122.5,59.15,8454,11:06.4,
7488,2025-04-21 21:10:56.333711+00,6912.5,59.15,8453,10:54.4,
7487,2025-04-21 21:10:44.349762+00,7708.75,59.39,8452,10:42.5,
7486,2025-04-21 21:10:32.506988+00,7346.25,59.52,8451,10:30.8,
7485,2025-04-21 21:10:20.814366+00,7227.5,59.39,8450,10:19.0,
7484,2025-04-21 21:10:09.029112+00,6922.5,59.39,8449,10:07.0,
7483,2025-04-21 21:09:57.011796+00,7646.25,59.64,8448,09:55.2,
7482,2025-04-21 21:09:45.243136+00,7297.5,59.39,8447,09:41.0,
7481,2025-04-21 21:09:31.012481+00,7171.25,59.88,8446,09:29.3,
7480,2025-04-21 21:09:19.281325+00,7516.25,59.76,8445,09:17.4,
7479,2025-04-21 21:09:07.350635+00,7557.5,60.12,8444,09:05.6,
7478,2025-04-21 21:08:55.554488+00,7353.75,59.64,8443,08:52.4,
7477,2025-04-21 21:08:42.390289+00,7376.25,59.76,8442,08:38.6,
7476,2025-04-21 21:08:28.585172+00,6837.5,60,8441,08:23.7,
7475,2025-04-21 21:08:13.730325+00,6736.25,59.76,8440,08:10.7,
7474,2025-04-21 21:08:00.674446+00,6857.5,59.76,8439,07:59.0,
7473,2025-04-21 21:07:49.043743+00,7477.5,59.76,8438,07:47.1,
7472,2025-04-21 21:07:37.048974+00,7063.75,59.88,8437,07:35.3,
7471,2025-04-21 21:07:25.304486+00,7325,59.76,8436,07:23.4,
7470,2025-04-21 21:07:13.327473+00,7190,59.64,8435,07:11.3,
7469,2025-04-21 21:07:01.295811+00,7400,59.76,8434,06:58.4,
7468,2025-04-21 21:06:48.397757+00,7126.25,59.64,8433,06:46.7,
7467,2025-04-21 21:06:36.666058+00,7622.5,59.64,8432,06:35.0,
7466,2025-04-21 21:06:24.978167+00,7575,59.76,8431,06:23.2,
7465,2025-04-21 21:06:13.204316+00,7572.5,59.76,8430,06:11.5,
7464,2025-04-21 21:06:01.301384+00,7388.75,59.64,8429,05:57.8,
7463,2025-04-21 21:05:32.439009+00,7193.75,59.39,8427,05:30.5,
7462,2025-04-21 21:05:20.516995+00,7521.25,59.39,8426,05:18.7,
7461,2025-04-21 21:05:08.63422+00,7042.5,59.52,8425,05:05.2,
7460,2025-04-21 21:04:55.214711+00,7020,59.52,8424,04:53.4,
7459,2025-04-21 21:04:43.414828+00,7115,59.64,8423,04:41.8,
7458,2025-04-21 21:04:31.751391+00,6840,59.64,8422,04:30.0,
7457,2025-04-21 21:04:20.045859+00,6823.75,59.27,8421,04:16.8,
7456,2025-04-21 21:04:06.808829+00,7158.75,59.27,8420,04:05.1,
7455,2025-04-21 21:03:55.119153+00,7047.5,59.39,8419,03:53.5,
7454,2025-04-21 21:03:43.445254+00,7156.25,59.15,8418,03:41.8,
7453,2025-04-21 21:03:31.750564+00,7388.75,59.39,8417,03:25.7,
7452,2025-04-21 21:03:15.648013+00,7631.25,59.64,8416,03:14.0,
7451,2025-04-21 21:03:04.001814+00,7256.25,59.64,8415,03:02.3,
7450,2025-04-21 21:02:52.321682+00,7552.5,59.52,8414,02:50.5,
7449,2025-04-21 21:02:40.530704+00,7376.25,59.39,8413,02:34.3,
7448,2025-04-21 21:02:24.29085+00,7390,59.27,8412,02:22.4,
7447,2025-04-21 21:02:12.355679+00,7458.75,59.52,8411,02:10.5,
7446,2025-04-21 21:01:43.62537+00,7207.5,59.27,8409,01:40.4,
7445,2025-04-21 21:01:30.378294+00,7140,59.64,8408,01:28.7,
7444,2025-04-21 21:01:18.725398+00,7140,59.52,8407,01:17.1,
7443,2025-04-21 21:01:07.031248+00,7123.75,59.52,8406,01:04.1,
7442,2025-04-21 21:00:54.037629+00,7563.75,59.64,8405,00:50.9,
7441,2025-04-21 21:00:40.884599+00,7055,59.52,8404,00:39.3,
7440,2025-04-21 21:00:29.266595+00,6857.5,59.64,8403,00:27.3,
7439,2025-04-21 21:00:17.29212+00,6997.5,59.64,8402,00:15.7,
7438,2025-04-21 21:00:05.627159+00,7223.75,59.64,8401,00:03.9,
7437,2025-04-21 20:59:53.939034+00,7030,59.88,8400,59:52.3,
7436,2025-04-21 20:59:42.255302+00,7255,59.39,8399,59:40.6,
7435,2025-04-21 20:59:30.595638+00,7146.25,59.52,8398,59:29.0,
7434,2025-04-21 20:59:18.998986+00,7343.75,59.64,8397,59:17.3,
7433,2025-04-21 20:59:07.31323+00,7258.75,59.64,8396,59:05.7,
7432,2025-04-21 20:58:55.663509+00,7412.5,59.39,8395,58:54.0,
7431,2025-04-21 20:58:43.928418+00,7175,59.88,8394,58:41.8,
7430,2025-04-21 20:58:31.77023+00,7480,59.64,8393,58:30.1,
7429,2025-04-21 20:58:20.113389+00,7296.25,59.52,8392,58:18.4,
7428,2025-04-21 20:58:08.373129+00,7423.75,59.64,8391,58:06.7,
7427,2025-04-21 20:57:56.610677+00,7303.75,59.52,8390,57:50.2,
7426,2025-04-21 20:57:40.174551+00,7172.5,59.76,8389,57:38.5,
7425,2025-04-21 20:57:28.519639+00,7175,59.64,8388,57:25.2,
7424,2025-04-21 20:56:58.553699+00,7392.5,59.76,8386,56:57.0,
7423,2025-04-21 20:56:46.966993+00,7313.75,59.52,8385,56:45.3,
7422,2025-04-21 20:56:35.241227+00,7106.25,59.64,8384,56:33.1,
7421,2025-04-21 20:56:23.061242+00,7142.5,59.52,8383,56:20.9,
7420,2025-04-21 20:56:10.877936+00,7098.75,59.27,8382,56:09.3,
7419,2025-04-21 20:55:59.270846+00,7385,59.27,8381,55:57.7,
7418,2025-04-21 20:55:47.591311+00,7032.5,59.15,8380,55:45.8,
7417,2025-04-21 20:55:35.711388+00,6985,59.15,8379,55:34.0,
7416,2025-04-21 20:55:23.936524+00,7128.75,59.27,8378,55:20.5,
7415,2025-04-21 20:55:10.479137+00,7257.5,59.03,8377,55:08.2,
7414,2025-04-21 20:54:58.199031+00,6940,59.15,8376,54:56.6,
7413,2025-04-21 20:54:46.600611+00,7195,59.27,8375,54:44.9,
7412,2025-04-21 20:54:34.89046+00,7398.75,59.39,8374,54:33.2,
7411,2025-04-21 20:54:23.212464+00,7356.25,59.64,8373,54:16.9,
7410,2025-04-21 20:54:06.926228+00,7211.25,59.39,8372,54:05.3,
7409,2025-04-21 20:53:55.285726+00,7491.25,59.39,8371,53:53.7,
7408,2025-04-21 20:53:43.643904+00,7237.5,59.52,8370,53:40.5,
7407,2025-04-21 20:53:30.445414+00,6807.5,59.64,8369,53:28.8,
7406,2025-04-21 20:53:18.743142+00,7237.5,59.52,8368,53:17.1,
7405,2025-04-21 20:53:07.129948+00,7537.5,59.64,8367,53:05.4,
7404,2025-04-21 20:52:55.407473+00,6881.25,59.15,8366,52:53.7,
7403,2025-04-21 20:52:43.737162+00,7192.5,59.27,8365,52:42.1,
7402,2025-04-21 20:52:32.058086+00,6838.75,59.39,8364,52:29.8,
7401,2025-04-21 20:52:19.828182+00,7052.5,59.64,8363,52:18.3,
7400,2025-04-21 20:52:08.224824+00,6857.5,59.27,8362,52:06.0,
7399,2025-04-21 20:51:55.944006+00,7120,59.64,8361,51:53.6,
7398,2025-04-21 20:51:26.738634+00,6886.25,59.52,8359,51:23.5,
7397,2025-04-21 20:51:13.433882+00,7081.25,59.39,8358,51:09.9,
7396,2025-04-21 20:50:59.856693+00,7118.75,59.39,8357,50:57.4,
7395,2025-04-21 20:50:47.42854+00,7280,59.39,8356,50:45.9,
7394,2025-04-21 20:50:35.847128+00,7288.75,59.52,8355,50:34.3,
7393,2025-04-21 20:50:24.243439+00,7016.25,59.52,8354,50:22.5,
7392,2025-04-21 20:50:12.430217+00,7213.75,59.52,8353,50:10.7,
7391,2025-04-21 20:50:00.679276+00,7092.5,59.39,8352,49:58.9,
7390,2025-04-21 20:49:48.830099+00,6887.5,59.52,8351,49:47.2,
7389,2025-04-21 20:49:37.192498+00,7601.25,59.52,8350,49:33.4,
7388,2025-04-21 20:49:23.42335+00,7063.75,59.7,8349,49:21.8,
7387,2025-04-21 20:49:11.800645+00,7173.75,59.64,8348,49:10.2,
7386,2025-04-21 20:49:00.152113+00,7132.5,59.64,8347,48:58.5,
7385,2025-04-21 20:48:48.444371+00,7407.5,59.15,8346,48:46.4,
7384,2025-04-21 20:48:36.340027+00,7190,59.52,8345,48:32.7,
7383,2025-04-21 20:48:22.719866+00,7188.75,59.52,8344,48:20.9,
7382,2025-04-21 20:48:10.92843+00,7631.25,59.64,8343,48:09.2,
7381,2025-04-21 20:47:59.216027+00,7011.25,59.27,8342,47:56.6,
7380,2025-04-21 20:47:46.169447+00,7290,59.39,8341,47:44.5,
7379,2025-04-21 20:47:34.437437+00,7638.75,59.52,8340,47:31.8,
7378,2025-04-21 20:47:21.786224+00,7058.75,59.27,8339,47:20.2,
7377,2025-04-21 20:47:10.18567+00,7047.5,59.52,8338,47:08.5,
7376,2025-04-21 20:46:58.523147+00,7022.5,59.64,8337,46:55.9,
7375,2025-04-21 20:46:45.871266+00,7562.5,59.64,8336,46:44.2,
7374,2025-04-21 20:46:34.089907+00,6903.75,59.15,8335,46:32.5,
7373,2025-04-21 20:46:22.454578+00,7325,59.27,8334,46:20.9,
7372,2025-04-21 20:46:10.779833+00,7221.25,59.15,8333,46:09.2,
7371,2025-04-21 20:45:59.165598+00,7095,59.27,8332,45:57.5,
7370,2025-04-21 20:45:47.415212+00,7057.5,59.39,8331,45:45.7,
7369,2025-04-21 20:45:35.698443+00,6717.5,59.52,8330,45:34.0,
7368,2025-04-21 20:45:23.954287+00,7110,59.39,8329,45:22.3,
7367,2025-04-21 20:45:12.333449+00,7010,59.39,8328,45:10.8,
7366,2025-04-21 20:45:00.678701+00,7320,59.39,8327,44:57.7,
7365,2025-04-21 20:44:46.138521+00,7505,59.39,8326,44:44.2,
7364,2025-04-21 20:44:34.212998+00,6802.5,59.39,8325,44:32.2,
7363,2025-04-21 20:44:22.196576+00,7223.75,59.39,8324,44:20.3,
7362,2025-04-21 20:44:10.258875+00,7085,59.27,8323,44:08.6,
7361,2025-04-21 20:43:58.526487+00,7772.5,59.52,8322,43:56.9,
7360,2025-04-21 20:43:46.915149+00,7252.5,59.64,8321,43:45.3,
7359,2025-04-21 20:43:35.317476+00,7235,59.52,8320,43:33.8,
7358,2025-04-21 20:43:23.741351+00,7410,59.64,8319,43:22.1,
7357,2025-04-21 20:43:12.09032+00,7761.25,59.64,8318,43:10.1,
7356,2025-04-21 20:43:00.071364+00,7142.5,59.76,8317,42:58.2,
7355,2025-04-21 20:42:48.16953+00,7535,59.39,8316,42:46.4,
7354,2025-04-21 20:42:36.335534+00,6955,59.64,8315,42:34.6,
7353,2025-04-21 20:42:24.586052+00,7220,59.64,8314,42:22.7,
7352,2025-04-21 20:42:12.726248+00,7183.75,59.64,8313,42:11.1,
7351,2025-04-21 20:42:01.041863+00,7085,59.52,8312,41:58.9,
7350,2025-04-21 20:41:48.87097+00,6818.75,59.52,8311,41:47.3,
7349,2025-04-21 20:41:37.278026+00,6790,59.52,8310,41:35.7,
7348,2025-04-21 20:41:25.665374+00,7246.25,59.52,8309,41:23.8,
7347,2025-04-21 20:41:13.781467+00,7272.5,59.64,8308,41:12.1,
7346,2025-04-21 20:41:02.035515+00,7225,59.52,8307,41:00.4,
7345,2025-04-21 20:40:50.427117+00,6970,59.52,8306,40:48.9,
7344,2025-04-21 20:40:38.846471+00,7402.5,59.52,8305,40:37.3,
7343,2025-04-21 20:40:27.225318+00,7373.75,59.52,8304,40:25.6,
7342,2025-04-21 20:40:15.543047+00,7596.25,59.39,8303,40:13.9,
7341,2025-04-21 20:40:03.860277+00,7446.25,59.39,8302,40:02.2,
7340,2025-04-21 20:39:52.170849+00,7383.75,59.39,8301,39:50.6,
7339,2025-04-21 20:39:40.525713+00,7316.25,59.52,8300,39:38.6,
7338,2025-04-21 20:39:28.546287+00,7182.5,59.27,8299,39:24.7,
7337,2025-04-21 20:39:14.632752+00,7640,59.39,8298,39:13.0,
7336,2025-04-21 20:39:02.969956+00,7018.75,59.39,8297,39:01.4,
7335,2025-04-21 20:38:51.354077+00,7227.5,59.15,8296,38:49.7,
7334,2025-04-21 20:38:39.668004+00,6955,59.52,8295,38:36.7,
7333,2025-04-21 20:38:09.741557+00,6780,59.27,8293,38:08.2,
7332,2025-04-21 20:37:58.151404+00,7067.5,59.27,8292,37:56.5,
7331,2025-04-21 20:37:46.490889+00,7386.25,59.15,8291,37:44.9,
7330,2025-04-21 20:37:34.860191+00,7410,59.15,8290,37:31.4,
7329,2025-04-21 20:37:21.420733+00,6633.75,59.27,8289,37:19.8,
7328,2025-04-21 20:37:09.746772+00,7095,59.27,8288,37:06.4,
7327,2025-04-21 20:36:56.392074+00,7486.25,59.27,8287,36:53.7,
7326,2025-04-21 20:36:43.69212+00,7337.5,59.27,8286,36:42.1,
7325,2025-04-21 20:36:32.084211+00,7266.25,59.03,8285,36:30.3,
7324,2025-04-21 20:36:20.26949+00,7083.75,59.27,8284,36:18.6,
7323,2025-04-21 20:36:08.644267+00,7643.75,59.39,8283,36:07.0,
7322,2025-04-21 20:35:57.033007+00,6922.5,59.15,8282,35:55.4,
7321,2025-04-21 20:35:45.417689+00,6987.5,59.52,8281,35:43.8,
7320,2025-04-21 20:35:33.72142+00,7440,59.15,8280,35:32.0,
7319,2025-04-21 20:35:21.937549+00,6958.75,59.15,8279,35:20.1,
7318,2025-04-21 20:35:10.098394+00,7563.75,59.52,8278,35:08.2,
7317,2025-04-21 20:34:58.201749+00,7471.25,59.52,8277,34:56.5,
7316,2025-04-21 20:34:46.427335+00,6860,59.64,8276,34:44.7,
7315,2025-04-21 20:34:34.648235+00,7546.25,59.64,8275,34:33.0,
7314,2025-04-21 20:34:22.653149+00,7246.25,60.12,8274,34:20.0,
7313,2025-04-21 20:34:09.928495+00,7160,60.12,8273,34:07.1,
7312,2025-04-21 20:33:57.061756+00,6946.25,60.12,8272,33:55.5,
7311,2025-04-21 20:33:45.45139+00,7401.25,60.12,8271,33:43.8,
7310,2025-04-21 20:33:33.836619+00,7210,60.24,8270,33:32.3,
7309,2025-04-21 20:33:22.011181+00,7633.75,60.36,8269,33:20.4,
7308,2025-04-21 20:33:10.374953+00,7231.25,61.82,8268,33:08.7,
7307,2025-04-21 20:32:58.730621+00,7076.25,62.55,8267,32:57.1,
7306,2025-04-21 20:32:47.092598+00,7195,62.18,8266,32:43.5,
7305,2025-04-21 20:32:33.486028+00,7031.25,62.06,8265,32:31.9,
7304,2025-04-21 20:32:21.850843+00,7618.75,62.42,8264,32:20.2,
7303,2025-04-21 20:32:10.217399+00,7266.25,62.18,8263,32:08.6,
7302,2025-04-21 20:31:58.588807+00,7408.75,62.06,8262,31:57.0,
7301,2025-04-21 20:31:46.931397+00,7485,61.94,8261,31:45.2,
7300,2025-04-21 20:31:35.204551+00,7421.25,61.94,8260,31:33.6,
7299,2025-04-21 20:31:23.540226+00,7378.75,61.82,8259,31:21.9,
7298,2025-04-21 20:31:11.911778+00,7373.75,61.94,8258,31:10.3,
7297,2025-04-21 20:31:00.275382+00,6948.75,61.94,8257,30:58.7,
7296,2025-04-21 20:30:48.685269+00,7205,62.3,8256,30:47.1,
7295,2025-04-21 20:30:37.035761+00,7358.75,62.06,8255,30:33.2,
7294,2025-04-21 20:30:23.191696+00,7362.5,62.18,8254,30:21.5,
7293,2025-04-21 20:30:11.519882+00,7645,62.06,8253,30:06.9,
7292,2025-04-21 20:29:38.880786+00,7650,61.82,8251,29:35.7,
7291,2025-04-21 20:29:25.674382+00,7522.5,62.06,8250,29:24.0,
7290,2025-04-21 20:29:13.89764+00,6980,62.55,8249,29:12.2,
7289,2025-04-21 20:29:02.191023+00,7181.25,62.3,8248,29:00.6,
7288,2025-04-21 20:28:50.541414+00,7520,62.22,8247,28:48.9,
7287,2025-04-21 20:28:38.908218+00,6870,62.18,8246,28:37.0,
7286,2025-04-21 20:28:27.006229+00,7405,62.18,8245,28:25.3,
7285,2025-04-21 20:28:15.289003+00,6872.5,62.18,8244,28:13.6,
7284,2025-04-21 20:28:03.53952+00,7600,62.3,8243,28:01.8,
7283,2025-04-21 20:27:51.725003+00,7263.75,62.06,8242,27:50.0,
7282,2025-04-21 20:27:39.994674+00,7171.25,62.18,8241,27:38.3,
7281,2025-04-21 20:27:28.274078+00,7518.75,62.18,8240,27:26.6,
7280,2025-04-21 20:27:16.5394+00,7430,62.3,8239,27:14.6,
7279,2025-04-21 20:27:04.555778+00,7317.5,62.18,8238,27:02.9,
7278,2025-04-21 20:26:52.933417+00,7660,62.18,8237,26:51.3,
7277,2025-04-21 20:26:41.267359+00,7440,61.94,8236,26:39.7,
7276,2025-04-21 20:26:29.629662+00,6727.5,62.06,8235,26:27.8,
7275,2025-04-21 20:26:17.774264+00,7305,62.18,8234,26:16.1,
7274,2025-04-21 20:26:06.076225+00,7607.5,62.06,8233,26:04.1,
7273,2025-04-21 20:25:54.130607+00,7593.75,61.94,8232,25:52.1,
7272,2025-04-21 20:25:42.059576+00,6882.5,61.82,8231,25:40.5,
7271,2025-04-21 20:25:30.455159+00,6813.75,61.94,8230,25:28.8,
7270,2025-04-21 20:25:18.815905+00,7146.25,61.82,8229,25:17.2,
7269,2025-04-21 20:25:07.196549+00,7452.5,61.94,8228,25:05.6,
7268,2025-04-21 20:24:55.525778+00,7477.5,61.82,8227,24:53.7,
7267,2025-04-21 20:24:43.691196+00,6752.5,62.06,8226,24:41.5,
7266,2025-04-21 20:24:31.447805+00,7240,62.06,8225,24:29.4,
7265,2025-04-21 20:24:19.414122+00,6828.75,62.18,8224,24:17.7,
7264,2025-04-21 20:24:07.694352+00,7126.25,62.3,8223,24:05.8,
7263,2025-04-21 20:23:55.476169+00,7133.75,62.06,8222,23:50.1,
7262,2025-04-21 20:23:40.111321+00,7755,62.18,8221,23:37.0,
7261,2025-04-21 20:23:26.988851+00,7420,62.06,8220,23:25.4,
7260,2025-04-21 20:23:15.350225+00,7630,62.06,8219,23:13.8,
7259,2025-04-21 20:23:03.689591+00,7555,61.82,8218,23:01.9,
7258,2025-04-21 20:22:51.925226+00,7165,62.06,8217,22:50.0,
7257,2025-04-21 20:22:39.985987+00,7205,61.82,8216,22:38.3,
7256,2025-04-21 20:22:28.254076+00,7658.75,61.7,8215,22:25.3,
7255,2025-04-21 20:22:15.232146+00,7286.25,61.7,8214,22:13.5,
7254,2025-04-21 20:22:03.494089+00,7616.25,61.94,8213,21:59.5,
7253,2025-04-21 20:21:49.482691+00,7426.25,61.82,8212,21:45.3,
7252,2025-04-21 20:21:35.014557+00,7503.75,61.82,8211,21:30.7,
7251,2025-04-21 20:21:05.169985+00,7535,61.58,8209,21:03.5,
7250,2025-04-21 20:20:53.48627+00,7582.5,61.7,8208,20:51.9,
7249,2025-04-21 20:20:41.829833+00,7028.75,61.7,8207,20:39.9,
7248,2025-04-21 20:20:29.89554+00,7665,61.7,8206,20:28.2,
7247,2025-04-21 20:20:18.111577+00,7297.5,61.7,8205,20:14.9,
7246,2025-04-21 20:20:04.835562+00,7695,61.94,8204,20:02.6,
7245,2025-04-21 20:19:52.562789+00,6701.25,61.82,8203,19:50.8,
7244,2025-04-21 20:19:40.788574+00,7398.75,61.7,8202,19:39.1,
7243,2025-04-21 20:19:29.135789+00,7655,61.82,8201,19:27.5,
7242,2025-04-21 20:19:17.515187+00,7137.5,61.7,8200,19:14.4,
7241,2025-04-21 20:19:04.361302+00,6798.75,61.82,8199,19:02.7,
7240,2025-04-21 20:18:52.461584+00,7248.75,61.94,8198,18:50.7,
7239,2025-04-21 20:18:40.67037+00,7163.75,61.58,8197,18:39.0,
7238,2025-04-21 20:18:28.675099+00,7576.25,61.7,8196,18:26.9,
7237,2025-04-21 20:18:16.864919+00,7083.75,61.82,8195,18:15.1,
7236,2025-04-21 20:18:04.845435+00,7532.5,61.94,8194,18:03.0,
7235,2025-04-21 20:17:52.967081+00,7606.25,61.94,8193,17:47.7,
7234,2025-04-21 20:17:37.675874+00,7047.5,61.82,8192,17:36.1,
7233,2025-04-21 20:17:26.058789+00,7585,61.94,8191,17:24.4,
7232,2025-04-21 20:17:14.382413+00,7763.75,62.18,8190,17:12.8,
7231,2025-04-21 20:17:02.764217+00,7182.5,61.94,8189,17:01.1,
7230,2025-04-21 20:16:51.077528+00,7577.5,61.94,8188,16:47.8,
7229,2025-04-21 20:16:37.827749+00,7550,62.06,8187,16:36.2,
7228,2025-04-21 20:16:26.159822+00,7570,61.94,8186,16:24.4,
7227,2025-04-21 20:16:14.382549+00,6996.25,61.94,8185,16:12.7,
7226,2025-04-21 20:16:02.623896+00,7627.5,61.94,8184,16:00.9,
7225,2025-04-21 20:15:50.913982+00,7798.75,62.18,8183,15:49.3,
7224,2025-04-21 20:15:39.253478+00,7121.25,62.06,8182,15:37.6,
7223,2025-04-21 20:15:27.606575+00,6872.5,62.3,8181,15:25.9,
7222,2025-04-21 20:15:15.925222+00,7636.25,61.94,8180,15:14.3,
7221,2025-04-21 20:15:04.282523+00,7620,62.3,8179,15:02.4,
7220,2025-04-21 20:14:52.356823+00,7615,62.3,8178,14:50.7,
7219,2025-04-21 20:14:40.64226+00,7646.25,62.3,8177,14:39.1,
7218,2025-04-21 20:14:29.040263+00,7608.75,62.3,8176,14:27.2,
7217,2025-04-21 20:14:17.195528+00,7156.25,62.42,8175,14:15.6,
7216,2025-04-21 20:14:05.564768+00,7446.25,62.42,8174,14:03.9,
7215,2025-04-21 20:13:53.92365+00,6917.5,62.3,8173,13:52.3,
7214,2025-04-21 20:13:42.289246+00,7640,62.18,8172,13:40.7,
7213,2025-04-21 20:13:30.640529+00,7036.25,62.06,8171,13:28.9,
7212,2025-04-21 20:13:18.893596+00,7227.5,61.94,8170,13:17.3,
7211,2025-04-21 20:13:07.287054+00,7820,62.06,8169,13:05.7,
7210,2025-04-21 20:12:55.65334+00,7647.5,61.94,8168,12:53.1,
7209,2025-04-21 20:12:43.109606+00,7560,61.94,8167,12:41.4,
7208,2025-04-21 20:12:31.328566+00,7040,62.06,8166,12:29.5,
7207,2025-04-21 20:12:19.532096+00,7433.75,61.94,8165,12:17.9,
7206,2025-04-21 20:12:07.93259+00,7491.25,61.82,8164,12:06.1,
7205,2025-04-21 20:11:55.91056+00,7376.25,61.94,8163,11:53.9,
7204,2025-04-21 20:11:43.926428+00,7063.75,61.94,8162,11:42.2,
7203,2025-04-21 20:11:32.039726+00,6917.5,61.94,8161,11:27.6,
7202,2025-04-21 20:11:17.59068+00,6966.25,61.82,8160,11:15.6,
7201,2025-04-21 20:11:05.560981+00,7592.5,61.94,8159,11:03.8,
7200,2025-04-21 20:10:53.791284+00,7533.75,61.94,8158,10:51.7,
7199,2025-04-21 20:10:41.684776+00,6806.25,61.82,8157,10:39.1,
7198,2025-04-21 20:10:28.979199+00,7710,61.82,8156,10:27.3,
7197,2025-04-21 20:10:17.291878+00,7707.5,62.18,8155,10:15.1,
7196,2025-04-21 20:10:05.011971+00,7256.25,61.82,8154,10:01.5,
7195,2025-04-21 20:09:51.528501+00,7192.5,61.94,8153,09:47.8,
7194,2025-04-21 20:09:37.800626+00,7437.5,61.94,8152,09:36.2,
7193,2025-04-21 20:09:26.195575+00,7377.5,62.06,8151,09:24.6,
7192,2025-04-21 20:09:14.58963+00,7040,61.82,8150,09:13.0,
7191,2025-04-21 20:09:02.95803+00,7583.75,61.82,8149,09:01.2,
7190,2025-04-21 20:08:51.146096+00,7671.25,61.94,8148,08:49.4,
7189,2025-04-21 20:08:39.419385+00,6826.25,61.82,8147,08:37.8,
7188,2025-04-21 20:08:27.779833+00,7453.75,62.3,8146,08:26.2,
7187,2025-04-21 20:08:16.176938+00,6821.25,61.82,8145,08:14.6,
7186,2025-04-21 20:08:04.572674+00,7305,62.06,8144,08:03.0,
7185,2025-04-21 20:07:52.965934+00,7571.25,61.94,8143,07:51.3,
7184,2025-04-21 20:07:41.271744+00,7385,61.82,8142,07:39.7,
7183,2025-04-21 20:07:29.672317+00,7497.5,61.82,8141,07:28.1,
7182,2025-04-21 20:07:17.314549+00,7453.75,61.7,8140,07:15.6,
7181,2025-04-21 20:07:05.524906+00,7047.5,61.45,8139,07:03.9,
7180,2025-04-21 20:06:53.891609+00,6830,61.33,8138,06:52.3,
7179,2025-04-21 20:06:42.270197+00,7486.25,61.45,8137,06:40.7,
7178,2025-04-21 20:06:30.681725+00,7042.5,61.7,8136,06:29.1,
7177,2025-04-21 20:06:19.061799+00,7651.25,61.58,8135,06:17.5,
7176,2025-04-21 20:06:07.090719+00,7412.5,61.45,8134,06:05.5,
7175,2025-04-21 20:05:55.461484+00,7375,61.45,8133,05:53.9,
7174,2025-04-21 20:05:43.843194+00,7015,61.21,8132,05:42.3,
7173,2025-04-21 20:05:32.245325+00,6625,61.21,8131,05:30.6,
7172,2025-04-21 20:05:20.59585+00,7305,61.45,8130,05:18.9,
7171,2025-04-21 20:05:08.906631+00,7337.5,61.45,8129,05:07.3,
7170,2025-04-21 20:04:57.260311+00,7553.75,61.33,8128,04:55.7,
7169,2025-04-21 20:04:45.672595+00,7078.75,61.09,8127,04:44.1,
7168,2025-04-21 20:04:34.067637+00,6757.5,61.45,8126,04:32.5,
7167,2025-04-21 20:04:22.470983+00,7197.5,61.45,8125,04:20.9,
7166,2025-04-21 20:04:10.856727+00,7163.75,61.58,8124,04:09.2,
7165,2025-04-21 20:03:59.143358+00,7190,61.45,8123,03:57.5,
7164,2025-04-21 20:03:47.518616+00,6778.75,61.33,8122,03:45.9,
7163,2025-04-21 20:03:35.931192+00,7026.25,61.45,8121,03:34.4,
7162,2025-04-21 20:03:24.203958+00,7381.25,61.45,8120,03:22.6,
7161,2025-04-21 20:03:12.577179+00,6801.25,61.7,8119,03:11.0,
7160,2025-04-21 20:03:00.97872+00,7497.5,61.45,8118,02:59.4,
7159,2025-04-21 20:02:49.347562+00,6652.5,61.7,8117,02:47.7,
7158,2025-04-21 20:02:37.707602+00,7455,61.82,8116,02:36.1,
7157,2025-04-21 20:02:26.08321+00,7158.75,61.94,8115,02:24.4,
7156,2025-04-21 20:02:14.417141+00,7631.25,61.58,8114,02:12.8,
7155,2025-04-21 20:02:02.799985+00,6886.25,61.7,8113,02:01.1,
7154,2025-04-21 20:01:51.049503+00,7305,61.7,8112,01:49.5,
7153,2025-04-21 20:01:39.438265+00,7107.5,61.7,8111,01:37.8,
7152,2025-04-21 20:01:27.834102+00,7141.25,61.7,8110,01:26.3,
7151,2025-04-21 20:01:16.176256+00,6425,61.58,8109,01:14.5,
7150,2025-04-21 20:01:04.485468+00,6820,61.7,8108,01:02.5,
7149,2025-04-21 20:00:52.49172+00,6733.75,61.58,8107,00:50.9,
7148,2025-04-21 20:00:40.835985+00,6711.25,61.7,8106,00:39.3,
7147,2025-04-21 20:00:29.212007+00,6941.25,61.7,8105,00:27.5,
7146,2025-04-21 20:00:17.443303+00,7335,61.94,8104,00:15.8,
7145,2025-04-21 20:00:05.771378+00,7313.75,61.82,8103,00:04.1,
7144,2025-04-21 19:59:54.069843+00,7077.5,62.18,8102,59:52.4,
7143,2025-04-21 19:59:42.425861+00,7318.75,61.94,8101,59:40.8,
7142,2025-04-21 19:59:30.818573+00,7568.75,61.94,8100,59:29.2,
7141,2025-04-21 19:59:19.181883+00,6761.25,61.82,8099,59:17.5,
7140,2025-04-21 19:59:07.474605+00,7352.5,61.94,8098,59:05.8,
7139,2025-04-21 19:58:55.790738+00,7461.25,62.06,8097,58:54.2,
7138,2025-04-21 19:58:44.186934+00,7186.25,61.94,8096,58:42.6,
7137,2025-04-21 19:58:32.541036+00,6710,62.06,8095,58:30.9,
7136,2025-04-21 19:58:20.869546+00,7031.25,62.06,8094,58:19.2,
7135,2025-04-21 19:58:09.158575+00,7692.5,62.18,8093,58:07.1,
7134,2025-04-21 19:57:56.907528+00,7123.75,62.3,8092,57:55.0,
7133,2025-04-21 19:57:44.96268+00,7562.5,61.94,8091,57:41.2,
7132,2025-04-21 19:57:14.729395+00,7526.25,61.94,8089,57:11.2,
7131,2025-04-21 19:57:01.131242+00,7530,61.94,8088,56:59.4,
7130,2025-04-21 19:56:49.431032+00,7410,62.3,8087,56:47.8,
7129,2025-04-21 19:56:37.802074+00,7415,62.3,8086,56:34.9,
7128,2025-04-21 19:56:24.842551+00,7065,62.06,8085,56:23.3,
7127,2025-04-21 19:56:13.270869+00,7443.75,61.94,8084,56:11.4,
7126,2025-04-21 19:56:01.409147+00,7083.75,62.06,8083,55:59.8,
7125,2025-04-21 19:55:49.75241+00,7498.75,62.06,8082,55:48.1,
7124,2025-04-21 19:55:38.086057+00,6948.75,62.06,8081,55:34.7,
7123,2025-04-21 19:55:24.70294+00,7083.75,61.82,8080,55:21.3,
7122,2025-04-21 19:55:11.286069+00,7625,61.7,8079,55:09.7,
7121,2025-04-21 19:54:59.46385+00,6970,61.82,8078,54:57.9,
7120,2025-04-21 19:54:47.841848+00,7605,61.94,8077,54:46.1,
7119,2025-04-21 19:54:36.134039+00,7025,61.82,8076,54:34.5,
7118,2025-04-21 19:54:24.527041+00,6753.75,61.94,8075,54:22.9,
7117,2025-04-21 19:54:12.858035+00,7706.25,61.7,8074,54:11.3,
7116,2025-04-21 19:54:01.237966+00,6737.5,61.82,8073,53:59.6,
7115,2025-04-21 19:53:49.630567+00,6632.5,61.94,8072,53:47.8,
7114,2025-04-21 19:53:37.824133+00,7410,61.82,8071,53:36.2,
7113,2025-04-21 19:53:26.215847+00,7067.5,61.94,8070,53:24.6,
7112,2025-04-21 19:53:14.310252+00,7302.5,61.82,8069,53:11.5,
7111,2025-04-21 19:53:01.475366+00,7060,61.86,8068,52:59.9,
7110,2025-04-21 19:52:49.913065+00,6738.75,62.06,8067,52:48.2,
7109,2025-04-21 19:52:38.155082+00,7036.25,62.18,8066,52:36.5,
7108,2025-04-21 19:52:26.535333+00,6717.5,62.3,8065,52:24.9,
7107,2025-04-21 19:52:14.915007+00,7148.75,61.94,8064,52:13.2,
7106,2025-04-21 19:52:03.19438+00,7527.5,61.94,8063,52:01.6,
7105,2025-04-21 19:51:51.467492+00,6816.25,61.94,8062,51:49.9,
7104,2025-04-21 19:51:39.648942+00,7253.75,61.82,8061,51:37.9,
7103,2025-04-21 19:51:27.899328+00,6893.75,61.82,8060,51:26.3,
7102,2025-04-21 19:51:16.306844+00,7315,61.94,8059,51:14.7,
7101,2025-04-21 19:51:04.67268+00,7187.5,61.7,8058,51:03.1,
7100,2025-04-21 19:50:53.076+00,6796.25,61.94,8057,50:49.7,
7099,2025-04-21 19:50:39.733754+00,6793.75,61.82,8056,50:35.3,
7098,2025-04-21 19:50:25.249554+00,7201.25,61.82,8055,50:23.6,
7097,2025-04-21 19:50:13.612657+00,6631.25,61.82,8054,50:12.0,
7096,2025-04-21 19:50:01.991461+00,7323.75,61.82,8053,50:00.4,
7095,2025-04-21 19:49:50.393196+00,6962.5,61.82,8052,49:48.7,
7094,2025-04-21 19:49:38.715995+00,7721.25,61.7,8051,49:37.2,
7093,2025-04-21 19:49:27.14726+00,6870,61.7,8050,49:25.6,
7092,2025-04-21 19:49:15.576806+00,7323.75,62.3,8049,49:13.9,
7091,2025-04-21 19:49:03.924072+00,7641.25,61.7,8048,49:02.4,
7090,2025-04-21 19:48:52.109708+00,7533.75,61.94,8047,48:50.4,
7089,2025-04-21 19:48:40.377727+00,7121.25,61.94,8046,48:38.8,
7088,2025-04-21 19:48:28.778297+00,7468.75,62.06,8045,48:27.2,
7087,2025-04-21 19:48:17.10302+00,7023.75,62.06,8044,48:15.5,
7086,2025-04-21 19:48:05.489688+00,7648.75,62.06,8043,48:03.9,
7085,2025-04-21 19:47:53.87411+00,7478.75,61.82,8042,47:52.3,
7084,2025-04-21 19:47:42.29004+00,7701.25,61.94,8041,47:40.7,
7083,2025-04-21 19:47:30.642081+00,7345,62.06,8040,47:29.0,
7082,2025-04-21 19:47:18.998415+00,6923.75,61.94,8039,47:16.4,
7081,2025-04-21 19:47:06.346214+00,7596.25,61.82,8038,47:04.8,
7080,2025-04-21 19:46:54.752842+00,6662.5,61.82,8037,46:53.2,
7079,2025-04-21 19:46:43.133961+00,7415,61.7,8036,46:41.6,
7078,2025-04-21 19:46:31.541072+00,7377.5,61.82,8035,46:29.9,
7077,2025-04-21 19:46:19.892351+00,6961.25,62.18,8034,46:18.3,
7076,2025-04-21 19:46:08.280078+00,7440,61.82,8033,46:06.7,
7075,2025-04-21 19:45:56.630026+00,7590,62.18,8032,45:55.1,
7074,2025-04-21 19:45:45.034734+00,7597.5,62.18,8031,45:43.3,
7073,2025-04-21 19:45:33.262382+00,7508.75,62.06,8030,45:30.7,
7072,2025-04-21 19:45:20.657214+00,6590,62.18,8029,45:19.1,
7071,2025-04-21 19:45:09.091155+00,6987.5,62.42,8028,45:07.5,
7070,2025-04-21 19:44:57.464418+00,7487.5,62.18,8027,44:55.9,
7069,2025-04-21 19:44:45.855799+00,7083.75,62.3,8026,44:44.3,
7068,2025-04-21 19:44:34.275872+00,6981.25,62.55,8025,44:32.7,
7067,2025-04-21 19:44:22.677181+00,7131.25,62.42,8024,44:21.0,
7066,2025-04-21 19:44:10.983175+00,7513.75,62.55,8023,44:09.4,
7065,2025-04-21 19:43:59.397156+00,7025,62.18,8022,43:57.8,
7064,2025-04-21 19:43:47.803605+00,6896.25,62.3,8021,43:46.3,
7063,2025-04-21 19:43:36.23544+00,7601.25,62.18,8020,43:34.7,
7062,2025-04-21 19:43:24.650028+00,6732.5,62.3,8019,43:21.5,
7061,2025-04-21 19:43:11.487071+00,6736.25,62.18,8018,43:09.9,
7060,2025-04-21 19:42:59.87704+00,6710,62.1,8017,42:58.3,
7059,2025-04-21 19:42:48.253092+00,7377.5,62.06,8016,42:46.5,
7058,2025-04-21 19:42:36.474384+00,7058.75,62.3,8015,42:34.9,
7057,2025-04-21 19:42:24.906692+00,6975,61.94,8014,42:23.3,
7056,2025-04-21 19:42:13.271787+00,6945,62.18,8013,42:11.7,
7055,2025-04-21 19:42:01.687617+00,7366.25,62.42,8012,42:00.0,
7054,2025-04-21 19:41:50.027885+00,7341.25,62.42,8011,41:48.4,
7053,2025-04-21 19:41:38.393891+00,7473.75,62.3,8010,41:36.8,
7052,2025-04-21 19:41:26.795234+00,7662.5,62.67,8009,41:25.2,
7051,2025-04-21 19:41:15.183564+00,7168.75,62.67,8008,41:13.6,
7050,2025-04-21 19:41:03.571299+00,7580,62.3,8007,41:02.0,
7049,2025-04-21 19:40:51.98051+00,7407.5,62.3,8006,40:50.4,
7048,2025-04-21 19:40:40.350573+00,7376.25,62.3,8005,40:38.8,
7047,2025-04-21 19:40:28.746237+00,6820,62.3,8004,40:27.2,
7046,2025-04-21 19:40:17.167086+00,7218.75,62.3,8003,40:15.6,
7045,2025-04-21 19:40:05.546679+00,7151.25,62.3,8002,40:03.9,
7044,2025-04-21 19:39:53.915401+00,6968.75,62.42,8001,39:50.3,
7043,2025-04-21 19:39:40.319308+00,7500,62.06,8000,39:38.5,
7042,2025-04-21 19:39:28.502454+00,6725,62.18,7999,39:25.6,
7041,2025-04-21 19:39:15.53451+00,7462.5,62.06,7998,39:13.9,
7040,2025-04-21 19:39:03.913901+00,7326.25,62.3,7997,39:02.3,
7039,2025-04-21 19:38:52.312535+00,7325,62.42,7996,38:50.4,
7038,2025-04-21 19:38:40.390326+00,7380,63.27,7995,38:38.8,
7037,2025-04-21 19:38:28.789457+00,7237.5,62.55,7994,38:26.8,
7036,2025-04-21 19:38:16.737389+00,7322.5,62.06,7993,38:11.7,
7035,2025-04-21 19:38:01.705883+00,7423.75,62.55,7992,38:00.2,
7034,2025-04-21 19:37:50.124963+00,7140,62.42,7991,37:48.5,
7033,2025-04-21 19:37:38.484076+00,7636.25,62.42,7990,37:36.9,
7032,2025-04-21 19:37:26.905447+00,7026.25,62.3,7989,37:24.2,
7031,2025-04-21 19:37:14.220861+00,7353.75,62.55,7988,37:12.6,
7030,2025-04-21 19:37:02.6048+00,7266.25,62.3,7987,37:01.0,
7029,2025-04-21 19:36:51.009048+00,7053.75,62.3,7986,36:49.3,
7028,2025-04-21 19:36:39.353543+00,7431.25,62.3,7985,36:37.7,
7027,2025-04-21 19:36:27.693738+00,6686.25,62.06,7984,36:24.5,
7026,2025-04-21 19:36:14.507789+00,7380,62.06,7983,36:12.9,
7025,2025-04-21 19:36:02.898351+00,7267.5,62.18,7982,36:01.3,
7024,2025-04-21 19:35:51.330483+00,7082.5,62.06,7981,35:49.6,
7023,2025-04-21 19:35:39.570958+00,7182.5,62.3,7980,35:37.9,
7022,2025-04-21 19:35:27.910817+00,7283.75,62.3,7979,35:26.2,
7021,2025-04-21 19:35:16.234258+00,7258.75,62.06,7978,35:14.6,
7020,2025-04-21 19:35:04.608432+00,7171.25,62.06,7977,35:03.0,
7019,2025-04-21 19:34:53.010653+00,6678.75,62.18,7976,34:51.3,
7018,2025-04-21 19:34:41.331676+00,6907.5,62.3,7975,34:39.7,
7017,2025-04-21 19:34:29.717979+00,7076.25,62.3,7974,34:28.1,
7016,2025-04-21 19:34:18.118731+00,7270,62.3,7973,34:14.1,
7015,2025-04-21 19:34:04.135773+00,7312.5,62.3,7972,34:02.5,
7014,2025-04-21 19:33:52.529804+00,6926.25,62.3,7971,33:50.9,
7013,2025-04-21 19:33:40.86139+00,7710,62.46,7970,33:39.3,
7012,2025-04-21 19:33:29.267075+00,7511.25,62.42,7969,33:27.6,
7011,2025-04-21 19:33:17.596783+00,7398.75,62.42,7968,33:16.0,
7010,2025-04-21 19:33:05.885424+00,7066.25,62.55,7967,33:04.3,
7009,2025-04-21 19:32:54.266608+00,7582.5,62.55,7966,32:51.6,
7008,2025-04-21 19:32:41.567854+00,7556.25,62.55,7965,32:40.0,
7007,2025-04-21 19:32:29.978914+00,7255,62.79,7964,32:28.4,
7006,2025-04-21 19:32:18.385398+00,7600,62.42,7963,32:16.8,
7005,2025-04-21 19:32:06.777356+00,7541.25,62.67,7962,32:05.1,
7004,2025-04-21 19:31:55.142154+00,7601.25,62.79,7961,31:53.3,
7003,2025-04-21 19:31:43.307977+00,7101.25,62.67,7960,31:41.7,
7002,2025-04-21 19:31:31.665286+00,7637.5,62.79,7959,31:30.0,
7001,2025-04-21 19:31:20.002935+00,7263.75,62.79,7958,31:18.4,
7000,2025-04-21 19:31:08.397603+00,7402.5,62.67,7957,31:06.7,
6999,2025-04-21 19:30:56.682346+00,7615,62.67,7956,30:53.2,
6998,2025-04-21 19:30:43.1804+00,7470,62.79,7955,30:34.2,
6997,2025-04-21 19:30:24.167006+00,7185,62.55,7954,30:22.6,
6996,2025-04-21 19:30:12.568845+00,6790,62.55,7953,30:10.8,
6995,2025-04-21 19:30:00.800637+00,6881.25,62.55,7952,29:59.2,
6994,2025-04-21 19:29:49.179695+00,7220,62.55,7951,29:47.6,
6993,2025-04-21 19:29:37.567424+00,6968.75,62.55,7950,29:36.0,
6992,2025-04-21 19:29:25.945+00,7431.25,62.42,7949,29:20.8,
6991,2025-04-21 19:29:10.798241+00,7122.5,62.67,7948,29:09.1,
6990,2025-04-21 19:28:59.113096+00,7285,62.42,7947,28:57.3,
6989,2025-04-21 19:28:47.285662+00,7496.25,62.55,7946,28:45.7,
6988,2025-04-21 19:28:35.69974+00,7701.25,62.55,7945,28:34.0,
6987,2025-04-21 19:28:23.938939+00,7176.25,62.42,7944,28:22.3,
6986,2025-04-21 19:28:12.307315+00,7686.25,62.3,7943,28:10.5,
6985,2025-04-21 19:28:00.467842+00,7570,62.67,7942,27:58.0,
6984,2025-04-21 19:27:47.99677+00,7437.5,62.3,7941,27:46.2,
6983,2025-04-21 19:27:36.223725+00,7330,62.42,7940,27:34.6,
6982,2025-04-21 19:27:24.598061+00,6917.5,62.3,7939,27:23.0,
6981,2025-04-21 19:27:12.978798+00,7521.25,62.42,7938,27:11.4,
6980,2025-04-21 19:27:01.364039+00,7540,62.3,7937,26:59.8,
6979,2025-04-21 19:26:49.768814+00,7287.5,62.18,7936,26:48.1,
6978,2025-04-21 19:26:38.113266+00,6837.5,62.3,7935,26:36.5,
6977,2025-04-21 19:26:26.474734+00,7466.25,62.55,7934,26:24.8,
6976,2025-04-21 19:26:14.812265+00,7215,62.42,7933,26:13.2,
6975,2025-04-21 19:26:03.201039+00,7268.75,62.18,7932,26:01.6,
6974,2025-04-21 19:25:51.630243+00,7011.25,62.55,7931,25:50.0,
6973,2025-04-21 19:25:39.997245+00,7376.25,62.3,7930,25:38.4,
6972,2025-04-21 19:25:28.420123+00,7461.25,62.42,7929,25:26.6,
6971,2025-04-21 19:25:16.620487+00,7717.5,62.3,7928,25:15.0,
6970,2025-04-21 19:25:05.014739+00,7355,62.42,7927,25:03.4,
6969,2025-04-21 19:24:53.403251+00,6907.5,62.55,7926,24:51.7,
6968,2025-04-21 19:24:41.73606+00,7583.75,62.55,7925,24:40.1,
6967,2025-04-21 19:24:30.121021+00,7621.25,62.3,7924,24:28.5,
6966,2025-04-21 19:24:18.489366+00,7556.25,62.42,7923,24:16.9,
6965,2025-04-21 19:24:06.891632+00,7081.25,62.42,7922,24:05.3,
6964,2025-04-21 19:23:55.280905+00,7447.5,62.3,7921,23:52.8,
6963,2025-04-21 19:23:42.820857+00,7592.5,62.55,7920,23:41.2,
6962,2025-04-21 19:23:31.220661+00,7606.25,62.3,7919,23:29.6,
6961,2025-04-21 19:23:19.595393+00,7066.25,62.42,7918,23:18.0,
6960,2025-04-21 19:23:07.989789+00,7492.5,62.3,7917,23:06.1,
6959,2025-04-21 19:22:56.094348+00,6558.75,62.3,7916,22:54.5,
6958,2025-04-21 19:22:44.483252+00,6935,62.42,7915,22:42.9,
6957,2025-04-21 19:22:32.848367+00,7708.75,62.3,7914,22:31.2,
6956,2025-04-21 19:22:21.193589+00,6991.25,62.18,7913,22:19.6,
6955,2025-04-21 19:22:09.565601+00,7615,62.42,7912,22:07.9,
6954,2025-04-21 19:21:57.900872+00,7562.5,62.42,7911,21:56.3,
6953,2025-04-21 19:21:46.284676+00,7076.25,62.3,7910,21:44.2,
6952,2025-04-21 19:21:34.165105+00,6988.75,62.55,7909,21:32.6,
6951,2025-04-21 19:21:22.576411+00,7308.75,62.42,7908,21:21.0,
6950,2025-04-21 19:21:10.991936+00,7663.75,62.67,7907,21:09.4,
6949,2025-04-21 19:20:59.377005+00,7506.25,62.46,7906,20:57.7,
6948,2025-04-21 19:20:47.719102+00,7585,62.42,7905,20:45.8,
6947,2025-04-21 19:20:35.783482+00,7357.5,62.79,7904,20:34.2,
6946,2025-04-21 19:20:24.175828+00,7447.5,62.79,7903,20:22.5,
6945,2025-04-21 19:20:12.5247+00,7355,63.03,7902,20:09.7,
6944,2025-04-21 19:19:59.735615+00,7525,62.67,7901,19:58.2,
6943,2025-04-21 19:19:48.160951+00,7533.75,62.79,7900,19:46.5,
6942,2025-04-21 19:19:36.435253+00,7600,62.79,7899,19:34.8,
6941,2025-04-21 19:19:24.798303+00,7728.75,62.79,7898,19:23.2,
6940,2025-04-21 19:19:13.181427+00,7738.75,62.42,7897,19:11.5,
6939,2025-04-21 19:19:01.481547+00,7590,62.79,7896,18:59.9,
6938,2025-04-21 19:18:49.887489+00,7386.25,62.79,7895,18:48.0,
6937,2025-04-21 19:18:38.012398+00,7445,62.67,7894,18:36.4,
6936,2025-04-21 19:18:26.395231+00,7557.5,62.67,7893,18:24.8,
6935,2025-04-21 19:18:14.786633+00,7590,62.67,7892,18:13.2,
6934,2025-04-21 19:18:03.165307+00,7148.75,62.46,7891,18:01.5,
6933,2025-04-21 19:17:51.525375+00,7451.25,62.67,7890,17:49.9,
6932,2025-04-21 19:17:39.874723+00,7136.25,62.42,7889,17:38.3,
6931,2025-04-21 19:17:28.27104+00,6942.5,62.55,7888,17:26.1,
6930,2025-04-21 19:17:16.115647+00,7372.5,62.55,7887,17:14.5,
6929,2025-04-21 19:17:04.522016+00,7565,62.55,7886,17:02.9,
6928,2025-04-21 19:16:52.920164+00,7687.5,62.42,7885,16:51.4,
6927,2025-04-21 19:16:41.343992+00,7596.25,62.3,7884,16:39.7,
6926,2025-04-21 19:16:29.660546+00,7527.5,62.55,7883,16:24.8,
6925,2025-04-21 19:16:14.83379+00,7363.75,62.42,7882,16:13.2,
6924,2025-04-21 19:16:03.170396+00,6833.75,62.42,7881,16:01.6,
6923,2025-04-21 19:15:51.551198+00,6938.75,62.67,7880,15:50.0,
6922,2025-04-21 19:15:39.971478+00,7580,62.67,7879,15:38.4,
6921,2025-04-21 19:15:28.373332+00,7753.75,62.67,7878,15:26.7,
6920,2025-04-21 19:15:16.663003+00,7705,62.55,7877,15:15.0,
6919,2025-04-21 19:15:04.996247+00,7367.5,62.42,7876,15:03.4,
6918,2025-04-21 19:14:53.275762+00,7537.5,62.55,7875,14:51.5,
6917,2025-04-21 19:14:41.53766+00,7551.25,62.55,7874,14:40.0,
6916,2025-04-21 19:14:29.909107+00,7653.75,62.79,7873,14:28.3,
6915,2025-04-21 19:14:18.285327+00,7451.25,62.67,7872,14:16.3,
6914,2025-04-21 19:14:06.267577+00,7143.75,62.79,7871,14:04.7,
6913,2025-04-21 19:13:54.660408+00,7506.25,62.42,7870,13:53.1,
6912,2025-04-21 19:13:43.047087+00,6925,62.55,7869,13:41.5,
6911,2025-04-21 19:13:31.425845+00,6956.25,62.42,7868,13:29.8,
6910,2025-04-21 19:13:19.821212+00,6832.5,62.55,7867,13:18.2,
6909,2025-04-21 19:13:08.206181+00,7818.75,62.42,7866,13:06.5,
6908,2025-04-21 19:12:56.471982+00,6560,62.55,7865,12:54.9,
6907,2025-04-21 19:12:44.882677+00,7275,62.67,7864,12:43.2,
6906,2025-04-21 19:12:33.208811+00,7763.75,62.79,7863,12:31.6,
6905,2025-04-21 19:12:21.610543+00,6943.75,62.91,7862,12:20.0,
6904,2025-04-21 19:12:09.99787+00,7203.75,62.79,7861,12:08.4,
6903,2025-04-21 19:11:58.144622+00,7496.25,62.42,7860,11:55.5,
6902,2025-04-21 19:11:45.495428+00,7655,62.67,7859,11:43.9,
6901,2025-04-21 19:11:33.876658+00,7335,62.79,7858,11:32.3,
6900,2025-04-21 19:11:22.282816+00,7627.5,62.55,7857,11:20.7,
6899,2025-04-21 19:11:10.667079+00,7322.5,62.67,7856,11:09.0,
6898,2025-04-21 19:10:59.024326+00,7291.25,62.67,7855,10:57.2,
6897,2025-04-21 19:10:47.164538+00,7465,62.55,7854,10:45.5,
6896,2025-04-21 19:10:35.528464+00,7547.5,62.67,7853,10:34.0,
6895,2025-04-21 19:10:23.950095+00,6906.25,62.67,7852,10:22.3,
6894,2025-04-21 19:10:12.33322+00,7341.25,62.79,7851,10:10.7,
6893,2025-04-21 19:10:00.698412+00,7592.5,62.79,7850,09:59.1,
6892,2025-04-21 19:09:49.106508+00,6907.5,62.67,7849,09:47.5,
6891,2025-04-21 19:09:37.495156+00,7171.25,62.79,7848,09:35.9,
6890,2025-04-21 19:09:25.880852+00,7157.5,62.79,7847,09:24.3,
6889,2025-04-21 19:09:14.25955+00,7283.75,62.79,7846,09:11.6,
6888,2025-04-21 19:09:01.497816+00,7361.25,62.67,7845,08:59.9,
6887,2025-04-21 19:08:49.903638+00,7528.75,62.67,7844,08:48.3,
6886,2025-04-21 19:08:38.330404+00,7615,62.42,7843,08:36.7,
6885,2025-04-21 19:08:26.690631+00,7028.75,62.67,7842,08:25.1,
6884,2025-04-21 19:08:15.051998+00,7432.5,62.42,7841,08:13.4,
6883,2025-04-21 19:08:03.411717+00,7338.75,62.79,7840,08:01.8,
6882,2025-04-21 19:07:51.770565+00,7263.75,62.42,7839,07:50.2,
6881,2025-04-21 19:07:40.123296+00,7256.25,62.42,7838,07:38.4,
6880,2025-04-21 19:07:28.426102+00,7470,62.42,7837,07:26.9,
6879,2025-04-21 19:07:16.841441+00,7466.25,62.67,7836,07:15.2,
6878,2025-04-21 19:07:05.199941+00,7473.75,62.55,7835,07:03.6,
6877,2025-04-21 19:06:53.611668+00,7486.25,62.42,7834,06:51.9,
6876,2025-04-21 19:06:41.924238+00,6672.5,62.42,7833,06:40.3,
6875,2025-04-21 19:06:30.315899+00,7605,62.42,7832,06:28.5,
6874,2025-04-21 19:06:18.44815+00,7602.5,62.3,7831,06:16.9,
6873,2025-04-21 19:06:06.818305+00,7056.25,62.18,7830,06:05.2,
6872,2025-04-21 19:05:55.150653+00,6915,62.55,7829,05:53.4,
6871,2025-04-21 19:05:43.407919+00,7611.25,62.67,7828,05:41.8,
6870,2025-04-21 19:05:31.804534+00,7306.25,62.67,7827,05:30.2,
6869,2025-04-21 19:05:20.16531+00,6918.75,62.42,7826,05:18.6,
6868,2025-04-21 19:05:08.571086+00,7395,62.67,7825,05:07.0,
6867,2025-04-21 19:04:56.962602+00,7783.75,62.55,7824,04:55.3,
6866,2025-04-21 19:04:45.133235+00,6945,62.67,7823,04:42.9,
6865,2025-04-21 19:04:32.884607+00,7713.75,62.55,7822,04:31.3,
6864,2025-04-21 19:04:21.24872+00,7061.25,63.03,7821,04:19.6,
6863,2025-04-21 19:04:09.60237+00,7645,62.55,7820,04:08.0,
6862,2025-04-21 19:03:58.018415+00,7571.25,62.91,7819,03:56.4,
6861,2025-04-21 19:03:46.414668+00,7656.25,62.91,7818,03:44.8,
6860,2025-04-21 19:03:34.764868+00,7266.25,62.91,7817,03:33.2,
6859,2025-04-21 19:03:23.171377+00,7377.5,62.67,7816,03:21.5,
6858,2025-04-21 19:03:11.421278+00,7522.5,63.03,7815,03:09.8,
6857,2025-04-21 19:02:59.744513+00,7606.25,62.67,7814,02:57.8,
6856,2025-04-21 19:02:47.792474+00,7537.5,62.91,7813,02:46.2,
6855,2025-04-21 19:02:36.199433+00,7605,62.79,7812,02:34.6,
6854,2025-04-21 19:02:24.51751+00,7473.75,63.03,7811,02:20.6,
6853,2025-04-21 19:02:10.618569+00,7303.75,62.91,7810,02:09.0,
6852,2025-04-21 19:01:59.014998+00,7230,62.91,7809,01:57.4,
6851,2025-04-21 19:01:47.387586+00,7362.5,62.67,7808,01:45.7,
6850,2025-04-21 19:01:35.725255+00,7286.25,62.79,7807,01:34.1,
6849,2025-04-21 19:01:24.101386+00,7703.75,62.91,7806,01:22.4,
6848,2025-04-21 19:01:12.360029+00,7173.75,62.91,7805,01:10.7,
6847,2025-04-21 19:01:00.713103+00,7442.5,63.03,7804,00:55.0,
6846,2025-04-21 19:00:44.954918+00,7180,62.67,7803,00:43.4,
6845,2025-04-21 19:00:33.363175+00,7096.25,62.67,7802,00:31.6,
6844,2025-04-21 19:00:21.57473+00,7497.5,62.67,7801,00:20.0,
6843,2025-04-21 19:00:09.954123+00,7176.25,62.42,7800,00:08.4,
6842,2025-04-21 18:59:58.369297+00,7276.25,62.67,7799,59:56.6,
6841,2025-04-21 18:59:46.55728+00,7346.25,62.55,7798,59:45.0,
6840,2025-04-21 18:59:34.827513+00,7356.25,62.67,7797,59:33.1,
6839,2025-04-21 18:59:23.069051+00,7518.75,62.42,7796,59:21.2,
6838,2025-04-21 18:59:11.137654+00,7503.75,62.67,7795,59:09.5,
6837,2025-04-21 18:58:59.467739+00,7328.75,62.79,7794,58:57.9,
6836,2025-04-21 18:58:47.836613+00,7148.75,62.79,7793,58:46.2,
6835,2025-04-21 18:58:36.214168+00,7333.75,62.79,7792,58:34.6,
6834,2025-04-21 18:58:24.589624+00,7416.25,62.55,7791,58:23.0,
6833,2025-04-21 18:58:13.009739+00,7400,62.67,7790,58:11.5,
6832,2025-04-21 18:58:01.430739+00,7137.5,62.67,7789,57:59.9,
6831,2025-04-21 18:57:49.833579+00,7350,62.55,7788,57:48.2,
6830,2025-04-21 18:57:38.189609+00,7540,63.03,7787,57:36.6,
6829,2025-04-21 18:57:26.608709+00,7617.5,62.91,7786,57:24.9,
6828,2025-04-21 18:57:14.891652+00,7647.5,63.03,7785,57:13.3,
6827,2025-04-21 18:57:03.277101+00,7345,63.15,7784,57:01.7,
6826,2025-04-21 18:56:51.657243+00,7208.75,62.91,7783,56:50.0,
6825,2025-04-21 18:56:40.011976+00,7610,62.91,7782,56:38.4,
6824,2025-04-21 18:56:28.373892+00,7378.75,63.03,7781,56:26.8,
6823,2025-04-21 18:56:16.754441+00,7368.75,62.91,7780,56:15.2,
6822,2025-04-21 18:56:05.151987+00,7323.75,62.79,7779,56:03.5,
6821,2025-04-21 18:55:53.440711+00,7211.25,63.03,7778,55:51.9,
6820,2025-04-21 18:55:41.860831+00,7338.75,63.03,7777,55:39.9,
6819,2025-04-21 18:55:29.837798+00,7325,62.91,7776,55:28.2,
6818,2025-04-21 18:55:18.218355+00,7435,63.15,7775,55:16.6,
6817,2025-04-21 18:55:06.608085+00,7732.5,63.03,7774,55:05.0,
6816,2025-04-21 18:54:55.016348+00,7573.75,63.15,7773,54:53.4,
6815,2025-04-21 18:54:43.402794+00,7607.5,63.03,7772,54:41.8,
6814,2025-04-21 18:54:31.796544+00,7357.5,63.03,7771,54:30.2,
6813,2025-04-21 18:54:20.162359+00,7595,63.15,7770,54:18.5,
6812,2025-04-21 18:54:08.461309+00,7488.75,63.39,7769,54:06.9,
6811,2025-04-21 18:53:56.834619+00,7441.25,63.15,7768,53:55.0,
6810,2025-04-21 18:53:44.964522+00,7617.5,63.03,7767,53:43.2,
6809,2025-04-21 18:53:33.137727+00,7465,62.91,7766,53:31.4,
6808,2025-04-21 18:53:21.352759+00,7337.5,62.91,7765,53:19.8,
6807,2025-04-21 18:53:09.736123+00,7085,62.91,7764,53:08.2,
6806,2025-04-21 18:52:58.141183+00,7266.25,62.91,7763,52:56.5,
6805,2025-04-21 18:52:46.528679+00,7556.25,62.91,7762,52:44.5,
6804,2025-04-21 18:52:34.469729+00,7540,63.27,7761,52:32.9,
6803,2025-04-21 18:52:22.883683+00,7288.75,62.79,7760,52:21.3,
6802,2025-04-21 18:52:11.270893+00,6910,62.79,7759,52:09.6,
6801,2025-04-21 18:51:59.615694+00,7531.25,62.91,7758,51:58.0,
6800,2025-04-21 18:51:48.003168+00,7143.75,62.91,7757,51:46.4,
6799,2025-04-21 18:51:36.405379+00,7370,63.03,7756,51:34.8,
6798,2025-04-21 18:51:24.758848+00,7462.5,62.91,7755,51:22.9,
6797,2025-04-21 18:51:12.853075+00,7453.75,63.27,7754,51:11.2,
6796,2025-04-21 18:51:01.18758+00,7636.25,62.91,7753,50:59.6,
6795,2025-04-21 18:50:49.572345+00,6977.5,62.42,7752,50:48.0,
6794,2025-04-21 18:50:37.958706+00,7672.5,62.42,7751,50:34.1,
6793,2025-04-21 18:50:24.032277+00,7178.75,62.79,7750,50:22.5,
6792,2025-04-21 18:50:12.430718+00,7631.25,62.79,7749,50:10.9,
6791,2025-04-21 18:50:00.828682+00,7740,62.67,7748,49:59.2,
6790,2025-04-21 18:49:49.212141+00,7477.5,62.67,7747,49:47.6,
6789,2025-04-21 18:49:37.615666+00,7406.25,62.79,7746,49:36.0,
6788,2025-04-21 18:49:25.971783+00,7286.25,62.79,7745,49:24.4,
6787,2025-04-21 18:49:14.364005+00,7256.25,62.91,7744,49:12.8,
6786,2025-04-21 18:49:02.771961+00,7480,62.79,7743,49:01.2,
6785,2025-04-21 18:48:51.177637+00,7313.75,62.79,7742,48:49.5,
6784,2025-04-21 18:48:39.523078+00,7388.75,62.79,7741,48:37.9,
6783,2025-04-21 18:48:27.899207+00,7621.25,63.15,7740,48:26.3,
6782,2025-04-21 18:48:16.317757+00,7425,63.27,7739,48:14.7,
6781,2025-04-21 18:48:04.718208+00,7453.75,63.27,7738,48:03.1,
6780,2025-04-21 18:47:53.110952+00,7436.25,63.15,7737,47:51.5,
6779,2025-04-21 18:47:41.500797+00,7538.75,63.27,7736,47:39.9,
6778,2025-04-21 18:47:29.895284+00,7373.75,63.15,7735,47:28.3,
6777,2025-04-21 18:47:18.263145+00,7330,63.03,7734,47:16.7,
6776,2025-04-21 18:47:06.636024+00,7502.5,63.27,7733,47:05.0,
6775,2025-04-21 18:46:54.999608+00,7193.75,62.91,7732,46:53.4,
6774,2025-04-21 18:46:43.253422+00,7786.25,63.27,7731,46:41.6,
6773,2025-04-21 18:46:31.584773+00,7506.25,63.15,7730,46:28.8,
6772,2025-04-21 18:46:18.511695+00,7501.25,63.03,7729,46:16.9,
6771,2025-04-21 18:46:06.831885+00,7386.25,62.91,7728,46:05.1,
6770,2025-04-21 18:45:55.065665+00,7175,62.91,7727,45:53.1,
6769,2025-04-21 18:45:43.057808+00,7253.75,62.67,7726,45:41.2,
6768,2025-04-21 18:45:31.125607+00,7471.25,62.67,7725,45:29.6,
6767,2025-04-21 18:45:19.52331+00,7718.75,62.67,7724,45:18.0,
6766,2025-04-21 18:45:07.925084+00,7440,62.79,7723,45:06.4,
6765,2025-04-21 18:44:56.349926+00,7142.5,62.79,7722,44:54.8,
6764,2025-04-21 18:44:44.757379+00,7550,63.03,7721,44:43.2,
6763,2025-04-21 18:44:33.158084+00,7642.5,62.79,7720,44:31.5,
6762,2025-04-21 18:44:21.476936+00,7223.75,62.79,7719,44:19.9,
6761,2025-04-21 18:44:09.85813+00,7458.75,62.67,7718,44:08.3,
6760,2025-04-21 18:43:58.237946+00,7507.5,62.55,7717,43:56.7,
6759,2025-04-21 18:43:46.632002+00,7431.25,62.3,7716,43:45.0,
6758,2025-04-21 18:43:35.008654+00,7390,62.42,7715,43:33.4,
6757,2025-04-21 18:43:23.399126+00,7135,62.42,7714,43:21.8,
6756,2025-04-21 18:43:11.814489+00,7553.75,62.91,7713,43:09.9,
6755,2025-04-21 18:42:59.854248+00,7231.25,62.91,7712,42:57.2,
6754,2025-04-21 18:42:47.219327+00,7257.5,62.55,7711,42:45.6,
6753,2025-04-21 18:42:35.573622+00,6997.5,62.55,7710,42:33.7,
6752,2025-04-21 18:42:23.692665+00,7473.75,62.67,7709,42:22.1,
6751,2025-04-21 18:42:12.064829+00,7016.25,62.67,7708,42:10.4,
6750,2025-04-21 18:42:00.405576+00,7541.25,62.91,7707,41:58.6,
6749,2025-04-21 18:41:48.540121+00,7281.25,62.91,7706,41:46.7,
6748,2025-04-21 18:41:36.705372+00,7358.75,62.67,7705,41:35.1,
6747,2025-04-21 18:41:25.111253+00,7387.5,62.67,7704,41:23.5,
6746,2025-04-21 18:41:13.467194+00,7648.75,62.67,7703,41:11.9,
6745,2025-04-21 18:41:01.815281+00,7538.75,62.55,7702,41:00.2,
6744,2025-04-21 18:40:50.202611+00,7417.5,62.42,7701,40:48.6,
6743,2025-04-21 18:40:38.602838+00,6976.25,62.42,7700,40:36.7,
6742,2025-04-21 18:40:26.712166+00,7165,62.3,7699,40:25.1,
6741,2025-04-21 18:40:15.065615+00,7297.5,62.42,7698,40:13.5,
6740,2025-04-21 18:40:03.452423+00,7272.5,62.18,7697,40:01.8,
6739,2025-04-21 18:39:51.790547+00,7270,62.42,7696,39:50.2,
6738,2025-04-21 18:39:40.177091+00,7223.75,62.42,7695,39:38.5,
6737,2025-04-21 18:39:28.470685+00,7288.75,62.42,7694,39:26.8,
6736,2025-04-21 18:39:16.788149+00,7235,62.55,7693,39:15.0,
6735,2025-04-21 18:39:04.948133+00,7345,62.67,7692,39:03.3,
6734,2025-04-21 18:38:53.285025+00,7383.75,62.55,7691,38:51.6,
6733,2025-04-21 18:38:41.622841+00,7700,62.42,7690,38:40.0,
6732,2025-04-21 18:38:29.92252+00,7186.25,62.67,7689,38:27.9,
6731,2025-04-21 18:38:17.858435+00,7290,62.42,7688,38:16.1,
6730,2025-04-21 18:38:06.106008+00,7701.25,62.18,7687,38:04.4,
6729,2025-04-21 18:37:54.41829+00,7571.25,62.3,7686,37:52.8,
6728,2025-04-21 18:37:42.260853+00,7418.75,62.55,7685,37:40.3,
6727,2025-04-21 18:37:29.952905+00,7255,62.3,7684,37:28.3,
6726,2025-04-21 18:37:18.278553+00,7665,62.1,7683,37:16.6,
6725,2025-04-21 18:37:06.653282+00,7496.25,62.18,7682,37:04.2,
6724,2025-04-21 18:36:54.249261+00,7102.5,62.42,7681,36:52.5,
6723,2025-04-21 18:36:42.442386+00,7498.75,62.55,7680,36:40.8,
6722,2025-04-21 18:36:30.795972+00,7502.5,62.42,7679,36:29.1,
6721,2025-04-21 18:36:19.085502+00,7320,62.55,7678,36:17.4,
6720,2025-04-21 18:36:07.154635+00,7273.75,62.79,7677,36:05.5,
6719,2025-04-21 18:35:55.491939+00,7107.5,62.67,7676,35:53.8,
6718,2025-04-21 18:35:43.816788+00,7620,62.67,7675,35:42.1,
6717,2025-04-21 18:35:32.14332+00,7266.25,62.91,7674,35:30.5,
6716,2025-04-21 18:35:20.008672+00,7060,62.79,7673,35:18.3,
6715,2025-04-21 18:35:08.280437+00,7026.25,62.55,7672,35:06.6,
6714,2025-04-21 18:34:56.626413+00,7615,62.67,7671,34:55.0,
6713,2025-04-21 18:34:44.964749+00,7312.5,62.67,7670,34:43.3,
6712,2025-04-21 18:34:33.304734+00,7226.25,62.55,7669,34:31.4,
6711,2025-04-21 18:34:21.355167+00,7367.5,63.03,7668,34:19.7,
6710,2025-04-21 18:34:09.675214+00,7188.75,62.55,7667,34:08.0,
6709,2025-04-21 18:33:57.953427+00,7120,62.55,7666,33:56.3,
6708,2025-04-21 18:33:46.300812+00,7212.5,62.55,7665,33:44.7,
6707,2025-04-21 18:33:34.667643+00,7343.75,62.55,7664,33:33.0,
6706,2025-04-21 18:33:23.032195+00,7291.25,62.79,7663,33:21.4,
6705,2025-04-21 18:33:11.122289+00,7320,63.03,7662,33:08.3,
6704,2025-04-21 18:32:58.325995+00,7636.25,62.79,7661,32:56.6,
6703,2025-04-21 18:32:46.564388+00,7258.75,63.03,7660,32:44.9,
6702,2025-04-21 18:32:34.893003+00,7458.75,63.15,7659,32:33.2,
6701,2025-04-21 18:32:23.161821+00,7223.75,62.79,7658,32:19.8,
6700,2025-04-21 18:32:09.758895+00,7645,63.15,7657,32:07.9,
6699,2025-04-21 18:31:57.887636+00,7272.5,62.91,7656,31:56.1,
6698,2025-04-21 18:31:45.956354+00,7558.75,62.79,7655,31:44.2,
6697,2025-04-21 18:31:34.173975+00,7626.25,62.67,7654,31:32.4,
6696,2025-04-21 18:31:22.392947+00,7195,62.67,7653,31:20.6,
6695,2025-04-21 18:31:10.567357+00,7223.75,62.79,7652,31:08.7,
6694,2025-04-21 18:30:58.710933+00,7138.75,62.42,7651,30:57.1,
6693,2025-04-21 18:30:47.0545+00,7395,62.79,7650,30:45.2,
6692,2025-04-21 18:30:35.173939+00,7371.25,62.67,7649,30:33.5,
6691,2025-04-21 18:30:23.524098+00,7383.75,62.91,7648,30:21.8,
6690,2025-04-21 18:30:11.806386+00,7498.75,62.55,7647,30:10.1,
6689,2025-04-21 18:30:00.139417+00,7511.25,62.42,7646,29:58.5,
6688,2025-04-21 18:29:48.493223+00,7275,62.67,7645,29:46.8,
6687,2025-04-21 18:29:36.84642+00,7270,62.67,7644,29:35.1,
6686,2025-04-21 18:29:25.071238+00,7133.75,62.55,7643,29:23.4,
6685,2025-04-21 18:29:13.422228+00,7222.5,62.79,7642,29:11.8,
6684,2025-04-21 18:29:01.766139+00,7418.75,62.55,7641,29:00.1,
6683,2025-04-21 18:28:50.112375+00,7331.25,62.67,7640,28:48.5,
6682,2025-04-21 18:28:38.460984+00,7740,62.79,7639,28:36.6,
6681,2025-04-21 18:28:26.598885+00,7063.75,62.79,7638,28:24.7,
6680,2025-04-21 18:28:14.689533+00,7478.75,62.79,7637,28:13.0,
6679,2025-04-21 18:27:47.949055+00,7147.5,62.79,7635,27:46.3,
6678,2025-04-21 18:27:36.335742+00,7335,62.55,7634,27:34.7,
6677,2025-04-21 18:27:24.694657+00,7267.5,62.42,7633,27:23.1,
6676,2025-04-21 18:27:13.090615+00,7242.5,62.3,7632,27:11.5,
6675,2025-04-21 18:27:01.478208+00,7658.75,62.67,7631,26:59.8,
6674,2025-04-21 18:26:49.836492+00,7450,62.67,7630,26:48.2,
6673,2025-04-21 18:26:38.234989+00,7486.25,62.55,7629,26:36.6,
6672,2025-04-21 18:26:26.606143+00,7465,62.67,7628,26:25.0,
6671,2025-04-21 18:26:15.002547+00,7013.75,62.55,7627,26:13.4,
6670,2025-04-21 18:26:03.353319+00,7901.25,62.42,7626,26:01.7,
6669,2025-04-21 18:25:51.734669+00,7855,62.55,7625,25:50.1,
6668,2025-04-21 18:25:40.108363+00,7411.25,62.55,7624,25:38.5,
6667,2025-04-21 18:25:28.465223+00,7157.5,62.18,7623,25:26.9,
6666,2025-04-21 18:25:16.860902+00,7333.75,62.42,7622,25:15.3,
6665,2025-04-21 18:25:05.255212+00,7482.5,62.3,7621,25:03.6,
6664,2025-04-21 18:24:53.643827+00,7495,62.3,7620,24:52.0,
6663,2025-04-21 18:24:42.017946+00,6790,62.42,7619,24:40.4,
6662,2025-04-21 18:24:30.429941+00,7266.25,62.18,7618,24:28.8,
6661,2025-04-21 18:24:18.829972+00,6701.25,62.06,7617,24:17.2,
6660,2025-04-21 18:24:07.210474+00,7381.25,62.18,7616,24:05.6,
6659,2025-04-21 18:23:55.60238+00,7127.5,62.18,7615,23:54.0,
6658,2025-04-21 18:23:43.972964+00,7093.75,62.06,7614,23:42.4,
6657,2025-04-21 18:23:32.368729+00,6753.75,62.18,7613,23:30.8,
6656,2025-04-21 18:23:20.787921+00,7508.75,62.06,7612,23:19.2,
6655,2025-04-21 18:23:09.211781+00,7677.5,62.18,7611,23:07.6,
6654,2025-04-21 18:22:57.604891+00,7545,62.3,7610,22:55.9,
6653,2025-04-21 18:22:45.924334+00,7415,62.42,7609,22:44.3,
6652,2025-04-21 18:22:34.290691+00,7396.25,62.67,7608,22:32.7,
6651,2025-04-21 18:22:22.710176+00,7287.5,62.67,7607,22:21.1,
6650,2025-04-21 18:22:11.103476+00,7330,62.42,7606,22:09.5,
6649,2025-04-21 18:21:59.510418+00,7638.75,62.67,7605,21:57.9,
6648,2025-04-21 18:21:47.869591+00,7265,62.67,7604,21:46.3,
6647,2025-04-21 18:21:36.127504+00,7633.75,62.79,7603,21:34.5,
6646,2025-04-21 18:21:24.52593+00,7212.5,62.79,7602,21:22.8,
6645,2025-04-21 18:21:12.836064+00,7438.75,62.55,7601,21:11.2,
6644,2025-04-21 18:21:01.23756+00,7823.75,62.91,7600,20:59.6,
6643,2025-04-21 18:20:49.645135+00,7095,62.55,7599,20:48.1,
6642,2025-04-21 18:20:38.059903+00,7217.5,62.42,7598,20:36.5,
6641,2025-04-21 18:20:26.457423+00,7400,62.55,7597,20:24.9,
6640,2025-04-21 18:20:14.870726+00,7451.25,62.42,7596,20:13.3,
6639,2025-04-21 18:20:03.255194+00,7288.75,62.3,7595,20:01.6,
6638,2025-04-21 18:19:51.657473+00,7360,62.42,7594,19:50.1,
6637,2025-04-21 18:19:40.065824+00,7515,62.3,7593,19:38.5,
6636,2025-04-21 18:19:28.458539+00,7232.5,62.42,7592,19:26.9,
6635,2025-04-21 18:19:16.858364+00,7252.5,62.42,7591,19:15.3,
6634,2025-04-21 18:19:05.272772+00,7115,62.18,7590,19:03.7,
6633,2025-04-21 18:18:53.660309+00,7477.5,62.06,7589,18:52.0,
6632,2025-04-21 18:18:42.016534+00,7332.5,62.06,7588,18:40.4,
6631,2025-04-21 18:18:30.428349+00,7016.25,62.3,7587,18:26.8,
6630,2025-04-21 18:18:16.831039+00,7345,62.18,7586,18:15.3,
6629,2025-04-21 18:18:05.260786+00,7592.5,62.42,7585,18:03.7,
6628,2025-04-21 18:17:53.64901+00,6961.25,62.18,7584,17:52.0,
6627,2025-04-21 18:17:42.039193+00,6845,61.82,7583,17:40.4,
6626,2025-04-21 18:17:30.428653+00,6988.75,62.06,7582,17:28.8,
6625,2025-04-21 18:17:18.807369+00,7198.75,62.06,7581,17:17.2,
6624,2025-04-21 18:17:07.214517+00,7143.75,61.94,7580,17:05.6,
6623,2025-04-21 18:16:55.587203+00,7025,62.06,7579,16:54.0,
6622,2025-04-21 18:16:43.982229+00,6945,61.94,7578,16:42.4,
6621,2025-04-21 18:16:32.387929+00,7300,62.06,7577,16:30.8,
6620,2025-04-21 18:16:20.796599+00,6683.75,61.45,7576,16:19.2,
6619,2025-04-21 18:16:09.177789+00,6936.25,61.94,7575,16:07.6,
6618,2025-04-21 18:15:57.566701+00,7253.75,62.06,7574,15:56.0,
6617,2025-04-21 18:15:45.963822+00,6953.75,62.06,7573,15:44.3,
6616,2025-04-21 18:15:34.352711+00,6773.75,61.94,7572,15:32.7,
6615,2025-04-21 18:15:22.726351+00,7145,62.06,7571,15:21.1,
6614,2025-04-21 18:15:11.114672+00,7567.5,62.18,7570,15:09.5,
6613,2025-04-21 18:14:59.477309+00,7396.25,62.18,7569,14:57.9,
6612,2025-04-21 18:14:47.692558+00,7300,62.55,7568,14:46.1,
6611,2025-04-21 18:14:36.062836+00,7191.25,62.42,7567,14:34.5,
6610,2025-04-21 18:14:24.46778+00,6861.25,62.55,7566,14:22.9,
6609,2025-04-21 18:14:12.874209+00,7117.5,62.42,7565,14:11.3,
6608,2025-04-21 18:14:01.284356+00,7028.75,62.3,7564,13:59.7,
6607,2025-04-21 18:13:49.674966+00,7210,62.06,7563,13:48.0,
6606,2025-04-21 18:13:38.002914+00,7053.75,62.06,7562,13:36.4,
6605,2025-04-21 18:13:26.382979+00,7043.75,61.94,7561,13:24.8,
6604,2025-04-21 18:13:14.787422+00,7533.75,61.94,7560,13:13.2,
6603,2025-04-21 18:13:03.149442+00,7026.25,61.94,7559,13:01.5,
6602,2025-04-21 18:12:51.551823+00,7076.25,61.58,7558,12:48.3,
6601,2025-04-21 18:12:38.340758+00,7615,61.45,7557,12:36.7,
6600,2025-04-21 18:12:26.743434+00,7161.25,61.33,7556,12:25.1,
6599,2025-04-21 18:12:15.11464+00,7476.25,61.33,7555,12:13.5,
6598,2025-04-21 18:12:03.508086+00,6638.75,61.09,7554,12:01.9,
6597,2025-04-21 18:11:51.919338+00,7460,61.09,7553,11:50.3,
6596,2025-04-21 18:11:40.317989+00,7212.5,61.21,7552,11:38.7,
6595,2025-04-21 18:11:28.698613+00,7420,61.21,7551,11:27.1,
6594,2025-04-21 18:11:17.100339+00,6470,61.58,7550,11:15.5,
6593,2025-04-21 18:11:05.501014+00,7741.25,61.33,7549,11:03.9,
6592,2025-04-21 18:10:53.898537+00,6728.75,61.58,7548,10:52.3,
6591,2025-04-21 18:10:42.292285+00,7195,61.94,7547,10:40.7,
6590,2025-04-21 18:10:30.686911+00,6810,61.94,7546,10:28.9,
6589,2025-04-21 18:10:18.856887+00,7375,61.94,7545,10:17.3,
6588,2025-04-21 18:10:07.25283+00,6982.5,61.7,7544,10:05.7,
6587,2025-04-21 18:09:55.597074+00,6978.75,61.94,7543,09:54.0,
6586,2025-04-21 18:09:43.965188+00,7352.5,62.06,7542,09:42.4,
6585,2025-04-21 18:09:32.352093+00,7102.5,61.82,7541,09:30.7,
6584,2025-04-21 18:09:20.729225+00,7361.25,61.7,7540,09:19.1,
6583,2025-04-21 18:09:09.113168+00,6725,61.82,7539,09:07.5,
6582,2025-04-21 18:08:57.49822+00,7157.5,61.58,7538,08:55.9,
6581,2025-04-21 18:08:45.906273+00,7080,61.58,7537,08:44.3,
6580,2025-04-21 18:08:34.313983+00,7235,61.82,7536,08:32.7,
6579,2025-04-21 18:08:22.688751+00,7045,61.58,7535,08:21.1,
6578,2025-04-21 18:08:11.105254+00,6680,61.58,7534,08:09.5,
6577,2025-04-21 18:07:59.467054+00,7120,61.33,7533,07:57.9,
6576,2025-04-21 18:07:47.883604+00,7232.5,61.45,7532,07:46.3,
6575,2025-04-21 18:07:36.279094+00,7110,61.58,7531,07:34.7,
6574,2025-04-21 18:07:24.689748+00,6811.25,61.58,7530,07:23.1,
6573,2025-04-21 18:07:12.921733+00,7385,61.82,7529,07:11.2,
6572,2025-04-21 18:07:01.244876+00,7265,61.58,7528,06:59.6,
6571,2025-04-21 18:06:49.631992+00,7406.25,61.33,7527,06:48.0,
6570,2025-04-21 18:06:38.031902+00,7337.5,61.45,7526,06:36.4,
6569,2025-04-21 18:06:26.440605+00,7400,61.33,7525,06:24.9,
6568,2025-04-21 18:06:14.856267+00,7121.25,61.58,7524,06:13.3,
6567,2025-04-21 18:06:03.280279+00,7175,61.45,7523,06:01.7,
6566,2025-04-21 18:05:51.679506+00,7495,61.58,7522,05:50.0,
6565,2025-04-21 18:05:40.024788+00,7127.5,61.7,7521,05:38.4,
6564,2025-04-21 18:05:28.419476+00,7450,62.18,7520,05:23.1,
6563,2025-04-21 18:05:13.097397+00,7263.75,62.06,7519,05:11.5,
6562,2025-04-21 18:05:01.496444+00,7432.5,61.94,7518,04:59.4,
6561,2025-04-21 18:04:49.398743+00,6868.75,62.06,7517,04:47.7,
6560,2025-04-21 18:04:37.740112+00,7376.25,61.82,7516,04:36.1,
6559,2025-04-21 18:04:26.071892+00,7617.5,61.7,7515,04:24.4,
6558,2025-04-21 18:04:14.392624+00,7337.5,61.94,7514,04:12.8,
6557,2025-04-21 18:04:02.783677+00,7143.75,61.94,7513,04:01.1,
6556,2025-04-21 18:03:51.103392+00,6968.75,61.45,7512,03:49.5,
6555,2025-04-21 18:03:39.476585+00,7758.75,61.82,7511,03:37.9,
6554,2025-04-21 18:03:27.861775+00,7302.5,61.7,7510,03:23.4,
6553,2025-04-21 18:03:13.399141+00,6908.75,61.45,7509,03:11.8,
6552,2025-04-21 18:03:01.76275+00,7485,61.7,7508,03:00.2,
6551,2025-04-21 18:02:50.150417+00,7708.75,61.62,7507,02:48.5,
6550,2025-04-21 18:02:38.504971+00,7545,61.82,7506,02:36.9,
6549,2025-04-21 18:02:26.908605+00,6827.5,61.82,7505,02:25.3,
6548,2025-04-21 18:02:15.278825+00,7001.25,61.7,7504,02:13.7,
6547,2025-04-21 18:02:03.693733+00,6493.75,61.45,7503,02:02.1,
6546,2025-04-21 18:01:52.074475+00,6815,61.09,7502,01:50.5,
6545,2025-04-21 18:01:40.462473+00,6792.5,61.21,7501,01:38.9,
6544,2025-04-21 18:01:28.841595+00,6955,61.33,7500,01:27.3,
6543,2025-04-21 18:01:17.249312+00,7445,60.97,7499,01:15.7,
6542,2025-04-21 18:01:05.656352+00,6642.5,61.09,7498,01:04.1,
6541,2025-04-21 18:00:54.038882+00,7478.75,61.33,7497,00:52.5,
6540,2025-04-21 18:00:42.43324+00,7327.5,61.45,7496,00:40.8,
6539,2025-04-21 18:00:30.78247+00,6845,61.58,7495,00:29.2,
6538,2025-04-21 18:00:19.211642+00,7440,61.45,7494,00:17.6,
6537,2025-04-21 18:00:07.583956+00,7668.75,61.45,7493,00:06.0,
6536,2025-04-21 17:59:56.005493+00,6988.75,61.7,7492,59:54.4,
6535,2025-04-21 17:59:44.428088+00,7401.25,61.58,7491,59:42.9,
6534,2025-04-21 17:59:32.850188+00,7427.5,61.58,7490,59:31.3,
6533,2025-04-21 17:59:21.251132+00,7060,61.45,7489,59:19.6,
6532,2025-04-21 17:59:09.58634+00,7088.75,61.45,7488,59:08.0,
6531,2025-04-21 17:58:57.997087+00,6996.25,61.45,7487,58:56.4,
6530,2025-04-21 17:58:46.403967+00,7130,61.33,7486,58:44.8,
6529,2025-04-21 17:58:34.763882+00,7587.5,61.45,7485,58:33.2,
6528,2025-04-21 17:58:23.179611+00,7207.5,61.33,7484,58:21.6,
6527,2025-04-21 17:58:11.600503+00,6661.25,61.45,7483,58:10.0,
6526,2025-04-21 17:57:59.992251+00,6815,61.33,7482,57:58.4,
6525,2025-04-21 17:57:48.382465+00,7596.25,61.21,7481,57:46.8,
6524,2025-04-21 17:57:36.771735+00,6603.75,61.45,7480,57:35.2,
6523,2025-04-21 17:57:25.173926+00,7188.75,61.45,7479,57:23.6,
6522,2025-04-21 17:57:13.557199+00,7458.75,61.09,7478,57:11.9,
6521,2025-04-21 17:57:01.913842+00,7326.25,61.45,7477,57:00.3,
6520,2025-04-21 17:56:50.268055+00,6928.75,61.33,7476,56:48.7,
6519,2025-04-21 17:56:38.669215+00,7610,61.7,7475,56:37.0,
6518,2025-04-21 17:56:27.026291+00,7501.25,61.33,7474,56:25.4,
6517,2025-04-21 17:56:15.383801+00,7302.5,61.58,7473,56:13.8,
6516,2025-04-21 17:56:03.788122+00,6911.25,61.7,7472,56:02.2,
6515,2025-04-21 17:55:52.157565+00,7435,61.7,7471,55:50.6,
6514,2025-04-21 17:55:40.578441+00,6477.5,61.94,7470,55:39.0,
6513,2025-04-21 17:55:28.948739+00,7446.25,61.94,7469,55:27.4,
6512,2025-04-21 17:55:17.33733+00,6962.5,61.82,7468,55:15.8,
6511,2025-04-21 17:55:05.744792+00,7418.75,61.82,7467,55:04.1,
6510,2025-04-21 17:54:54.136269+00,7503.75,61.82,7466,54:52.5,
6509,2025-04-21 17:54:42.53404+00,6810,61.82,7465,54:40.8,
6508,2025-04-21 17:54:30.828845+00,6980,61.94,7464,54:29.2,
6507,2025-04-21 17:54:19.194239+00,7147.5,61.7,7463,54:17.6,
6506,2025-04-21 17:54:07.573259+00,7332.5,61.94,7462,53:59.9,
6505,2025-04-21 17:53:49.88443+00,7681.25,61.45,7461,53:48.2,
6504,2025-04-21 17:53:38.22995+00,6973.75,61.82,7460,53:36.6,
6503,2025-04-21 17:53:26.591741+00,7027.5,61.94,7459,53:25.0,
6502,2025-04-21 17:53:15.006442+00,7331.25,61.94,7458,53:13.4,
6501,2025-04-21 17:53:03.41446+00,7305,62.06,7457,53:01.8,
6500,2025-04-21 17:52:51.818076+00,6968.75,61.94,7456,52:50.2,
6499,2025-04-21 17:52:40.215389+00,7160,62.06,7455,52:38.6,
6498,2025-04-21 17:52:28.600427+00,7015,62.06,7454,52:27.0,
6497,2025-04-21 17:52:17.017932+00,6988.75,62.3,7453,52:15.4,
6496,2025-04-21 17:52:05.434345+00,7162.5,62.42,7452,52:03.9,
6495,2025-04-21 17:51:53.836304+00,7727.5,62.06,7451,51:52.2,
6494,2025-04-21 17:51:42.185832+00,7095,62.06,7450,51:40.6,
6493,2025-04-21 17:51:30.575037+00,7241.25,62.3,7449,51:29.0,
6492,2025-04-21 17:51:18.975552+00,7400,62.3,7448,51:17.4,
6491,2025-04-21 17:51:07.39303+00,7487.5,62.18,7447,51:05.8,
6490,2025-04-21 17:50:55.783496+00,7096.25,61.7,7446,50:54.2,
6489,2025-04-21 17:50:44.179801+00,6755,61.58,7445,50:42.6,
6488,2025-04-21 17:50:32.5954+00,6691.25,61.45,7444,50:31.0,
6487,2025-04-21 17:50:21.011813+00,7773.75,62.06,7443,50:19.4,
6486,2025-04-21 17:50:09.385367+00,7261.25,62.18,7442,50:07.8,
6485,2025-04-21 17:49:57.750463+00,7177.5,61.7,7441,49:56.2,
6484,2025-04-21 17:49:46.17513+00,7100,61.82,7440,49:44.6,
6483,2025-04-21 17:49:34.57624+00,7432.5,61.82,7439,49:32.9,
6482,2025-04-21 17:49:22.946658+00,7525,61.45,7438,49:16.7,
6481,2025-04-21 17:49:06.690158+00,6772.5,61.58,7437,49:05.1,
6480,2025-04-21 17:48:55.073972+00,7513.75,61.7,7436,48:53.5,
6479,2025-04-21 17:48:43.453084+00,6942.5,61.7,7435,48:41.9,
6478,2025-04-21 17:48:31.822419+00,6672.5,61.7,7434,48:30.2,
6477,2025-04-21 17:48:20.202713+00,6631.25,61.82,7433,48:18.6,
6476,2025-04-21 17:48:08.584781+00,7125,61.94,7432,48:07.0,
6475,2025-04-21 17:47:56.95399+00,6980,62.55,7431,47:55.4,
6474,2025-04-21 17:47:45.34619+00,7433.75,62.06,7430,47:43.7,
6473,2025-04-21 17:47:33.712365+00,7707.5,62.18,7429,47:32.1,
6472,2025-04-21 17:47:22.096232+00,7525,62.06,7428,47:20.5,
6471,2025-04-21 17:47:10.459502+00,7657.5,61.94,7427,47:08.9,
6470,2025-04-21 17:46:58.870345+00,7168.75,62.3,7426,46:57.3,
6469,2025-04-21 17:46:47.253355+00,7428.75,62.06,7425,46:45.7,
6468,2025-04-21 17:46:35.662629+00,6875,62.06,7424,46:34.0,
6467,2025-04-21 17:46:23.98673+00,7173.75,62.18,7423,46:22.4,
6466,2025-04-21 17:46:12.368194+00,6986.25,61.94,7422,46:10.8,
6465,2025-04-21 17:46:00.751977+00,6730,61.94,7421,45:59.2,
6464,2025-04-21 17:45:49.13555+00,7768.75,61.94,7420,45:47.6,
6463,2025-04-21 17:45:37.541359+00,6967.5,61.94,7419,45:35.9,
6462,2025-04-21 17:45:25.925793+00,6693.75,62.06,7418,45:24.3,
6461,2025-04-21 17:45:14.313692+00,7007.5,61.94,7417,45:12.7,
6460,2025-04-21 17:45:02.728926+00,7481.25,62.42,7416,45:01.1,
6459,2025-04-21 17:44:51.124702+00,7665,62.67,7415,44:49.5,
6458,2025-04-21 17:44:39.519574+00,7448.75,62.42,7414,44:37.9,
6457,2025-04-21 17:44:27.892779+00,7607.5,62.42,7413,44:26.3,
6456,2025-04-21 17:44:16.290172+00,7638.75,62.55,7412,44:14.7,
6455,2025-04-21 17:44:04.656362+00,6898.75,62.55,7411,44:03.0,
6454,2025-04-21 17:43:53.010839+00,6866.25,62.55,7410,43:51.4,
6453,2025-04-21 17:43:41.369125+00,7678.75,62.18,7409,43:39.8,
6452,2025-04-21 17:43:29.756472+00,6952.5,61.94,7408,43:28.2,
6451,2025-04-21 17:43:18.151615+00,7093.75,61.7,7407,43:16.5,
6450,2025-04-21 17:43:06.495139+00,6840,61.7,7406,43:04.9,
6449,2025-04-21 17:42:54.84572+00,7336.25,62.06,7405,42:53.2,
6448,2025-04-21 17:42:43.232339+00,7466.25,61.94,7404,42:41.6,
6447,2025-04-21 17:42:31.541564+00,7495,62.18,7403,42:29.8,
6446,2025-04-21 17:42:19.806427+00,7065,62.18,7402,42:18.2,
6445,2025-04-21 17:42:08.146587+00,7120,61.94,7401,42:06.5,
6444,2025-04-21 17:41:56.504662+00,7566.25,62.06,7400,41:54.9,
6443,2025-04-21 17:41:44.888407+00,6933.75,61.94,7399,41:43.3,
6442,2025-04-21 17:41:33.247566+00,6967.5,62.06,7398,41:31.6,
6441,2025-04-21 17:41:21.613823+00,7227.5,61.45,7397,41:20.0,
6440,2025-04-21 17:41:10.004859+00,6988.75,61.58,7396,41:08.4,
6439,2025-04-21 17:40:58.37958+00,7488.75,61.82,7395,40:56.8,
6438,2025-04-21 17:40:46.74041+00,7647.5,61.82,7394,40:45.0,
6437,2025-04-21 17:40:34.983254+00,7036.25,61.82,7393,40:33.4,
6436,2025-04-21 17:40:23.385858+00,7302.5,61.82,7392,40:21.8,
6435,2025-04-21 17:40:11.773586+00,7578.75,61.94,7391,40:10.1,
6434,2025-04-21 17:40:00.125759+00,7471.25,61.82,7390,39:58.5,
6433,2025-04-21 17:39:48.478823+00,7551.25,61.82,7389,39:46.9,
6432,2025-04-21 17:39:36.869748+00,7241.25,61.94,7388,39:35.3,
6431,2025-04-21 17:39:25.288242+00,7110,61.94,7387,39:23.6,
6430,2025-04-21 17:39:13.592747+00,7201.25,61.82,7386,39:12.0,
6429,2025-04-21 17:39:01.983001+00,7600,62.06,7385,39:00.3,
6428,2025-04-21 17:38:50.313931+00,6932.5,61.82,7384,38:48.7,
6427,2025-04-21 17:38:38.701089+00,7443.75,61.58,7383,38:37.1,
6426,2025-04-21 17:38:27.069372+00,7127.5,61.82,7382,38:25.5,
6425,2025-04-21 17:38:15.450764+00,6815,61.94,7381,38:13.9,
6424,2025-04-21 17:38:03.822584+00,7725,61.82,7380,38:02.2,
6423,2025-04-21 17:37:52.139136+00,7441.25,61.45,7379,37:50.5,
6422,2025-04-21 17:37:40.4762+00,7465,61.58,7378,37:38.8,
6421,2025-04-21 17:37:28.796733+00,7671.25,61.58,7377,37:27.1,
6420,2025-04-21 17:37:17.143679+00,7286.25,61.45,7376,37:15.4,
6419,2025-04-21 17:37:05.399045+00,7163.75,61.58,7375,37:03.7,
6418,2025-04-21 17:36:53.756075+00,7251.25,61.7,7374,36:52.1,
6417,2025-04-21 17:36:42.080026+00,7168.75,61.82,7373,36:40.5,
6416,2025-04-21 17:36:30.486307+00,7346.25,61.94,7372,36:28.9,
6415,2025-04-21 17:36:18.895498+00,7415,61.7,7371,36:17.3,
6414,2025-04-21 17:36:07.299961+00,7176.25,62.06,7370,36:05.6,
6413,2025-04-21 17:35:55.661272+00,7296.25,61.82,7369,35:54.0,
6412,2025-04-21 17:35:44.032907+00,7175,61.58,7368,35:42.4,
6411,2025-04-21 17:35:32.408713+00,6881.25,61.94,7367,35:30.7,
6410,2025-04-21 17:35:20.698592+00,7042.5,61.94,7366,35:18.8,
6409,2025-04-21 17:35:08.856699+00,7142.5,62.06,7365,35:07.2,
6408,2025-04-21 17:34:57.24824+00,7030,62.06,7364,34:55.6,
6407,2025-04-21 17:34:45.608504+00,7316.25,62.18,7363,34:44.0,
6406,2025-04-21 17:34:33.994782+00,7391.25,62.18,7362,34:32.4,
6405,2025-04-21 17:34:22.386273+00,7465,62.42,7361,34:20.7,
6404,2025-04-21 17:34:10.750535+00,7611.25,62.55,7360,34:09.1,
6403,2025-04-21 17:33:59.134137+00,6923.75,62.3,7359,33:57.5,
6402,2025-04-21 17:33:47.510679+00,7418.75,62.55,7358,33:45.9,
6401,2025-04-21 17:33:35.886309+00,7246.25,62.42,7357,33:34.2,
6400,2025-04-21 17:33:24.276191+00,7547.5,62.18,7356,33:22.6,
6399,2025-04-21 17:33:12.675518+00,7311.25,62.18,7355,33:11.0,
6398,2025-04-21 17:33:01.048745+00,6620,62.18,7354,32:59.4,
6397,2025-04-21 17:32:49.410693+00,7466.25,62.46,7353,32:47.8,
6396,2025-04-21 17:32:37.772996+00,7547.5,62.67,7352,32:36.1,
6395,2025-04-21 17:32:26.119736+00,7006.25,62.55,7351,32:24.4,
6394,2025-04-21 17:32:14.469423+00,7523.75,62.67,7350,32:12.8,
6393,2025-04-21 17:32:02.828886+00,7793.75,62.91,7349,32:01.2,
6392,2025-04-21 17:31:51.213438+00,7653.75,62.55,7348,31:49.6,
6391,2025-04-21 17:31:39.587161+00,7721.25,62.55,7347,31:37.9,
6390,2025-04-21 17:31:27.946704+00,7751.25,62.55,7346,31:26.3,
6389,2025-04-21 17:31:16.308177+00,7432.5,62.42,7345,31:14.6,
6388,2025-04-21 17:31:04.665467+00,7100,62.55,7344,31:03.0,
6387,2025-04-21 17:30:53.036939+00,7623.75,62.79,7343,30:51.4,
6386,2025-04-21 17:30:41.415008+00,7147.5,62.91,7342,30:39.8,
6385,2025-04-21 17:30:29.766428+00,7531.25,62.91,7341,30:28.1,
6384,2025-04-21 17:30:18.101621+00,7176.25,62.91,7340,30:16.4,
6383,2025-04-21 17:30:06.459373+00,7570,63.39,7339,30:04.8,
6382,2025-04-21 17:29:54.856654+00,7561.25,63.15,7338,29:53.2,
6381,2025-04-21 17:29:43.19389+00,7722.5,63.27,7337,29:41.5,
6380,2025-04-21 17:29:31.520965+00,7077.5,63.3,7336,29:29.8,
6379,2025-04-21 17:29:19.846062+00,7323.75,63.03,7335,29:18.2,
6378,2025-04-21 17:29:08.225283+00,7648.75,63.03,7334,29:06.6,
6377,2025-04-21 17:28:56.583902+00,7283.75,62.79,7333,28:54.8,
6376,2025-04-21 17:28:44.845546+00,7711.25,62.91,7332,28:43.2,
6375,2025-04-21 17:28:33.2138+00,7391.25,62.91,7331,28:31.6,
6374,2025-04-21 17:28:21.555089+00,7590,62.91,7330,28:19.9,
6373,2025-04-21 17:28:09.895936+00,6963.75,62.91,7329,28:08.2,
6372,2025-04-21 17:27:58.23563+00,7636.25,62.67,7328,27:56.6,
6371,2025-04-21 17:27:46.594205+00,7772.5,62.67,7327,27:45.0,
6370,2025-04-21 17:27:34.970605+00,7360,62.67,7326,27:33.3,
6369,2025-04-21 17:27:23.323838+00,7920,62.91,7325,27:21.7,
6368,2025-04-21 17:27:11.701808+00,7251.25,62.79,7324,27:10.1,
6367,2025-04-21 17:27:00.090238+00,7485,62.79,7323,26:58.4,
6366,2025-04-21 17:26:48.402466+00,6867.5,62.67,7322,26:46.7,
6365,2025-04-21 17:26:36.771709+00,7865,62.79,7321,26:35.1,
6364,2025-04-21 17:26:25.144491+00,7326.25,63.03,7320,26:23.5,
6363,2025-04-21 17:26:13.474141+00,7615,62.94,7319,26:11.8,
6362,2025-04-21 17:26:01.827191+00,7456.25,62.91,7318,26:00.2,
6361,2025-04-21 17:25:50.172626+00,7466.25,62.67,7317,25:48.5,
6360,2025-04-21 17:25:38.555153+00,7493.75,62.55,7316,25:36.9,
6359,2025-04-21 17:25:26.937862+00,7508.75,62.67,7315,25:25.3,
6358,2025-04-21 17:25:15.310487+00,7433.75,62.67,7314,25:13.6,
6357,2025-04-21 17:25:03.6569+00,7348.75,62.42,7313,25:02.0,
6356,2025-04-21 17:24:52.04906+00,7473.75,62.67,7312,24:50.4,
6355,2025-04-21 17:24:40.429372+00,7441.25,62.3,7311,24:38.7,
6354,2025-04-21 17:24:28.770708+00,6866.25,62.42,7310,24:27.1,
6353,2025-04-21 17:24:17.165353+00,7287.5,62.3,7309,24:15.5,
6352,2025-04-21 17:24:05.545513+00,7323.75,62.3,7308,24:03.9,
6351,2025-04-21 17:23:53.916159+00,7230,62.18,7307,23:52.2,
6350,2025-04-21 17:23:42.277321+00,7446.25,62.18,7306,23:40.6,
6349,2025-04-21 17:23:20.553341+00,7287.5,62.3,7304,23:18.9,
6348,2025-04-21 17:23:08.930884+00,7283.75,62.06,7303,23:07.3,
6347,2025-04-21 17:22:57.31057+00,7021.25,61.94,7302,22:55.7,
6346,2025-04-21 17:22:45.694372+00,6908.75,62.06,7301,22:44.1,
6345,2025-04-21 17:22:34.100754+00,7065,61.82,7300,22:32.5,
6344,2025-04-21 17:22:22.487978+00,6813.75,61.82,7299,22:20.9,
6343,2025-04-21 17:22:10.889539+00,7360,61.7,7298,22:09.2,
6342,2025-04-21 17:21:59.255237+00,7376.25,62.3,7297,21:57.6,
6341,2025-04-21 17:21:47.624474+00,7415,62.3,7296,21:44.9,
6340,2025-04-21 17:21:34.847508+00,7197.5,62.3,7295,21:33.2,
6339,2025-04-21 17:21:23.238335+00,7201.25,62.42,7294,21:21.6,
6338,2025-04-21 17:21:11.600587+00,7053.75,62.18,7293,21:10.0,
6337,2025-04-21 17:20:59.977258+00,7537.5,62.42,7292,20:58.3,
6336,2025-04-21 17:20:48.371789+00,7441.25,62.18,7291,20:46.7,
6335,2025-04-21 17:20:36.735719+00,7381.25,61.94,7290,20:35.1,
6334,2025-04-21 17:20:25.109137+00,7171.25,61.94,7289,20:23.5,
6333,2025-04-21 17:20:13.494923+00,7322.5,61.94,7288,20:11.9,
6332,2025-04-21 17:19:46.441679+00,7236.25,61.94,7286,19:44.8,
6331,2025-04-21 17:19:34.801362+00,7458.75,61.94,7285,19:33.2,
6330,2025-04-21 17:19:23.180437+00,7478.75,61.82,7284,19:21.6,
6329,2025-04-21 17:19:11.577893+00,7286.25,62.06,7283,19:08.2,
6328,2025-04-21 17:18:58.185415+00,7461.25,62.06,7282,18:56.5,
6327,2025-04-21 17:18:46.560295+00,7357.5,61.82,7281,18:44.9,
6326,2025-04-21 17:18:34.908219+00,7181.25,61.7,7280,18:33.2,
6325,2025-04-21 17:18:23.262726+00,7470,61.82,7279,18:21.6,
6324,2025-04-21 17:18:11.628963+00,7368.75,61.82,7278,18:10.0,
6323,2025-04-21 17:17:59.988021+00,7211.25,61.82,7277,17:58.3,
6322,2025-04-21 17:17:48.331018+00,7392.5,61.82,7276,17:46.7,
6321,2025-04-21 17:17:36.729478+00,7390,61.82,7275,17:35.1,
6320,2025-04-21 17:17:25.10567+00,7310,61.7,7274,17:23.5,
6319,2025-04-21 17:17:13.488746+00,7272.5,61.82,7273,17:11.8,
6318,2025-04-21 17:17:01.863742+00,7210,61.82,7272,17:00.2,
6317,2025-04-21 17:16:50.261818+00,6900,61.94,7271,16:48.6,
6316,2025-04-21 17:16:38.64616+00,7368.75,62.06,7270,16:37.0,
6315,2025-04-21 17:16:27.001317+00,6860,62.18,7269,16:25.4,
6314,2025-04-21 17:16:15.375011+00,7402.5,62.06,7268,16:13.8,
6313,2025-04-21 17:16:03.789663+00,7467.5,62.18,7267,16:02.2,
6312,2025-04-21 17:15:52.195613+00,7450,62.42,7266,15:50.6,
6311,2025-04-21 17:15:40.58339+00,7420,62.55,7265,15:39.0,
6310,2025-04-21 17:15:28.993907+00,7300,62.06,7264,15:27.4,
6309,2025-04-21 17:15:17.428895+00,7302.5,62.3,7263,15:15.8,
6308,2025-04-21 17:15:05.781219+00,7257.5,62.3,7262,15:04.2,
6307,2025-04-21 17:14:54.19727+00,7930,62.18,7261,14:52.6,
6306,2025-04-21 17:14:42.604204+00,7638.75,62.18,7260,14:41.0,
6305,2025-04-21 17:14:31.008186+00,7786.25,62.42,7259,14:29.4,
6304,2025-04-21 17:14:19.410206+00,7976.25,62.18,7258,14:17.8,
6303,2025-04-21 17:14:07.770565+00,7416.25,62.18,7257,14:06.2,
6302,2025-04-21 17:13:56.18641+00,7385,62.06,7256,13:54.6,
6301,2025-04-21 17:13:44.572081+00,7677.5,62.42,7255,13:43.0,
6300,2025-04-21 17:13:32.981676+00,7601.25,62.3,7254,13:31.4,
6299,2025-04-21 17:13:21.398213+00,7503.75,62.55,7253,13:19.8,
6298,2025-04-21 17:13:09.809681+00,7247.5,62.3,7252,13:08.2,
6297,2025-04-21 17:12:38.087845+00,7096.25,62.06,7249,12:36.5,
6296,2025-04-21 17:12:26.478201+00,7241.25,61.82,7248,12:24.8,
6295,2025-04-21 17:12:14.862992+00,7446.25,61.94,7247,12:13.2,
6294,2025-04-21 17:12:03.241989+00,7508.75,61.7,7246,12:01.6,
6293,2025-04-21 17:11:51.65019+00,7460,61.94,7245,11:50.0,
6292,2025-04-21 17:11:40.061906+00,7411.25,62.18,7244,11:38.4,
6291,2025-04-21 17:11:28.457175+00,7430,61.94,7243,11:26.8,
6290,2025-04-21 17:11:16.861791+00,7462.5,61.82,7242,11:15.2,
6289,2025-04-21 17:11:05.238324+00,7205,61.94,7241,11:03.6,
6288,2025-04-21 17:10:53.618004+00,7176.25,61.7,7240,10:52.0,
6287,2025-04-21 17:10:41.984991+00,7398.75,61.45,7239,10:40.4,
6286,2025-04-21 17:10:30.393775+00,7828.75,61.7,7238,10:28.8,
6285,2025-04-21 17:10:18.796363+00,7628.75,61.94,7237,10:17.2,
6284,2025-04-21 17:10:07.207892+00,7605,61.94,7236,10:05.6,
6283,2025-04-21 17:09:55.625363+00,7120,61.82,7235,09:54.0,
6282,2025-04-21 17:09:44.015823+00,7220,61.7,7234,09:42.4,
6281,2025-04-21 17:09:32.422897+00,7133.75,61.33,7233,09:30.8,
6280,2025-04-21 17:09:20.833367+00,7330,61.58,7232,09:19.2,
6279,2025-04-21 17:09:09.223959+00,7336.25,61.58,7231,09:07.6,
6278,2025-04-21 17:08:57.640833+00,7358.75,61.7,7230,08:56.0,
6277,2025-04-21 17:08:46.021441+00,7320,62.18,7229,08:44.4,
6276,2025-04-21 17:08:34.416066+00,7383.75,62.46,7228,08:32.8,
6275,2025-04-21 17:08:22.84803+00,7136.25,62.67,7227,08:21.2,
6274,2025-04-21 17:08:11.253415+00,7112.5,62.42,7226,08:09.6,
6273,2025-04-21 17:07:59.654018+00,7453.75,62.3,7225,07:58.0,
6272,2025-04-21 17:07:48.039165+00,7272.5,62.3,7224,07:46.4,
6271,2025-04-21 17:07:36.447637+00,7180,62.3,7223,07:34.8,
6270,2025-04-21 17:07:24.827084+00,7238.75,62.42,7222,07:23.2,
6269,2025-04-21 17:07:13.226493+00,7146.25,62.42,7221,07:11.6,
6268,2025-04-21 17:07:01.614156+00,7130,62.3,7220,07:00.0,
6267,2025-04-21 17:06:50.007961+00,7725,62.42,7219,06:48.4,
6266,2025-04-21 17:06:38.407142+00,7455,62.18,7218,06:36.8,
6265,2025-04-21 17:06:26.787068+00,7666.25,62.79,7217,06:25.2,
6264,2025-04-21 17:06:15.174117+00,7295,62.18,7216,06:13.6,
6263,2025-04-21 17:06:03.588942+00,7183.75,62.18,7215,06:02.0,
6262,2025-04-21 17:05:52.008519+00,6928.75,62.3,7214,05:50.4,
6261,2025-04-21 17:05:40.374953+00,7031.25,62.55,7213,05:38.8,
6260,2025-04-21 17:05:28.763718+00,7870,62.3,7212,05:27.1,
6259,2025-04-21 17:05:17.136495+00,7348.75,62.55,7211,05:15.5,
6258,2025-04-21 17:05:05.543431+00,7141.25,62.3,7210,05:03.9,
6257,2025-04-21 17:04:53.950555+00,7301.25,62.3,7209,04:52.3,
6256,2025-04-21 17:04:42.343718+00,7090,62.18,7208,04:40.7,
6255,2025-04-21 17:04:30.732737+00,6785,62.3,7207,04:29.1,
6254,2025-04-21 17:04:19.082644+00,7296.25,62.18,7206,04:17.5,
6253,2025-04-21 17:04:07.512776+00,7215,62.18,7205,04:05.9,
6252,2025-04-21 17:03:55.905089+00,7506.25,62.3,7204,03:54.3,
6251,2025-04-21 17:03:44.288131+00,7292.5,62.18,7203,03:42.7,
6250,2025-04-21 17:03:32.713163+00,7597.5,62.18,7202,03:31.1,
6249,2025-04-21 17:03:21.093628+00,7443.75,62.18,7201,03:19.5,
6248,2025-04-21 17:03:09.479631+00,7246.25,62.3,7200,03:07.9,
6247,2025-04-21 17:02:57.881498+00,7702.5,62.18,7199,02:56.2,
6246,2025-04-21 17:02:46.256513+00,7682.5,62.18,7198,02:44.6,
6245,2025-04-21 17:02:34.652139+00,7325,61.94,7197,02:33.1,
6244,2025-04-21 17:02:23.060814+00,7350,62.18,7196,02:21.4,
6243,2025-04-21 17:02:11.435059+00,7750,62.18,7195,02:09.8,
6242,2025-04-21 17:01:59.851459+00,7703.75,62.18,7194,01:58.2,
6241,2025-04-21 17:01:48.233458+00,7376.25,62.55,7193,01:46.2,
6240,2025-04-21 17:01:36.21107+00,7447.5,61.94,7192,01:34.5,
6239,2025-04-21 17:01:24.550002+00,6786.25,62.18,7191,01:22.9,
6238,2025-04-21 17:01:12.904754+00,7706.25,62.3,7190,01:11.3,
6237,2025-04-21 17:01:01.296466+00,7586.25,62.18,7189,00:59.7,
6236,2025-04-21 17:00:49.658394+00,7398.75,62.55,7188,00:48.0,
6235,2025-04-21 17:00:37.989666+00,7433.75,62.55,7187,00:36.4,
6234,2025-04-21 17:00:26.384318+00,7355,62.06,7186,00:24.8,
6233,2025-04-21 17:00:14.759318+00,7415,62.42,7185,00:13.1,
6232,2025-04-21 17:00:03.145942+00,7406.25,62.3,7184,00:01.5,
6231,2025-04-21 16:59:51.529149+00,7317.5,62.42,7183,59:49.9,
6230,2025-04-21 16:59:39.909356+00,7692.5,62.18,7182,59:38.3,
6229,2025-04-21 16:59:28.273729+00,7623.75,62.55,7181,59:26.7,
6228,2025-04-21 16:59:16.690067+00,7852.5,62.42,7180,59:15.1,
6227,2025-04-21 16:59:05.085279+00,7323.75,62.55,7179,59:03.5,
6226,2025-04-21 16:58:53.468697+00,7020,62.3,7178,58:51.8,
6225,2025-04-21 16:58:41.841192+00,7416.25,62.42,7177,58:40.2,
6224,2025-04-21 16:58:30.238746+00,7346.25,62.3,7176,58:28.6,
6223,2025-04-21 16:58:18.623951+00,7272.5,62.3,7175,58:17.0,
6222,2025-04-21 16:58:07.018676+00,7570,62.18,7174,58:05.4,
6221,2025-04-21 16:57:55.379845+00,7468.75,62.18,7173,57:53.8,
6220,2025-04-21 16:57:43.79088+00,7653.75,62.3,7172,57:42.2,
6219,2025-04-21 16:57:32.198716+00,7477.5,62.18,7171,57:30.6,
6218,2025-04-21 16:57:20.562277+00,7420,62.3,7170,57:18.9,
6217,2025-04-21 16:57:08.955877+00,7688.75,62.42,7169,57:07.3,
6216,2025-04-21 16:56:57.337788+00,7193.75,62.3,7168,56:55.7,
6215,2025-04-21 16:56:45.733555+00,7596.25,62.3,7167,56:44.1,
6214,2025-04-21 16:56:34.114064+00,6770,62.18,7166,56:32.5,
6213,2025-04-21 16:56:22.511+00,7276.25,62.3,7165,56:20.9,
6212,2025-04-21 16:56:10.913191+00,7545,61.98,7164,56:09.3,
6211,2025-04-21 16:55:59.262475+00,7637.5,61.94,7163,55:57.7,
6210,2025-04-21 16:55:47.682357+00,7065,62.06,7162,55:46.1,
6209,2025-04-21 16:55:36.08938+00,7268.75,62.18,7161,55:34.5,
6208,2025-04-21 16:55:24.490509+00,7413.75,61.94,7160,55:22.9,
6207,2025-04-21 16:55:12.86476+00,7457.5,61.94,7159,55:11.3,
6206,2025-04-21 16:55:01.275923+00,7172.5,62.06,7158,54:59.7,
6205,2025-04-21 16:54:49.680081+00,7418.75,62.06,7157,54:48.1,
6204,2025-04-21 16:54:38.07169+00,7161.25,62.55,7156,54:36.4,
6203,2025-04-21 16:54:26.436207+00,6918.75,62.3,7155,54:24.8,
6202,2025-04-21 16:54:14.821413+00,7660,62.18,7154,54:13.2,
6201,2025-04-21 16:54:03.198326+00,7423.75,62.55,7153,54:01.6,
6200,2025-04-21 16:53:51.556497+00,7053.75,62.06,7152,53:49.9,
6199,2025-04-21 16:53:39.911096+00,6867.5,62.42,7151,53:38.3,
6198,2025-04-21 16:53:28.274075+00,7596.25,62.42,7150,53:26.7,
6197,2025-04-21 16:53:16.681076+00,7060,62.42,7149,53:15.0,
6196,2025-04-21 16:53:05.014119+00,7413.75,62.3,7148,53:03.4,
6195,2025-04-21 16:52:53.393967+00,7462.5,62.3,7147,52:51.8,
6194,2025-04-21 16:52:41.781338+00,7571.25,62.42,7146,52:40.2,
6193,2025-04-21 16:52:30.180855+00,7760,62.67,7145,52:28.6,
6192,2025-04-21 16:52:18.556319+00,7381.25,62.42,7144,52:16.9,
6191,2025-04-21 16:52:06.942091+00,7407.5,62.42,7143,52:05.3,
6190,2025-04-21 16:51:55.314339+00,7460,62.18,7142,51:53.7,
6189,2025-04-21 16:51:43.684785+00,7015,62.3,7141,51:42.1,
6188,2025-04-21 16:51:32.060979+00,7765,62.55,7140,51:30.4,
6187,2025-04-21 16:51:20.429982+00,7350,62.55,7139,51:18.8,
6186,2025-04-21 16:51:08.76198+00,7711.25,62.67,7138,51:07.2,
6185,2025-04-21 16:50:57.157847+00,7598.75,62.55,7137,50:51.2,
6184,2025-04-21 16:50:41.209988+00,7418.75,62.42,7136,50:39.5,
6183,2025-04-21 16:50:29.519432+00,7301.25,62.18,7135,50:27.9,
6182,2025-04-21 16:50:17.872127+00,7526.25,62.3,7134,50:16.2,
6181,2025-04-21 16:50:06.234445+00,7660,62.18,7133,50:04.6,
6180,2025-04-21 16:49:54.595744+00,7135,61.94,7132,49:53.0,
6179,2025-04-21 16:49:42.954404+00,7552.5,62.18,7131,49:41.3,
6178,2025-04-21 16:49:31.284356+00,7435,61.94,7130,49:29.6,
6177,2025-04-21 16:49:19.639974+00,7352.5,61.94,7129,49:18.0,
6176,2025-04-21 16:49:07.959628+00,7418.75,61.82,7128,49:06.3,
6175,2025-04-21 16:48:56.320035+00,7438.75,61.7,7127,48:54.7,
6174,2025-04-21 16:48:44.704607+00,7675,61.82,7126,48:43.1,
6173,2025-04-21 16:48:33.085996+00,7412.5,61.82,7125,48:31.4,
6172,2025-04-21 16:48:21.435893+00,7656.25,62.06,7124,48:19.8,
6171,2025-04-21 16:48:09.825867+00,7300,62.06,7123,48:08.2,
6170,2025-04-21 16:47:58.196768+00,7336.25,62.42,7122,47:56.5,
6169,2025-04-21 16:47:46.50108+00,7233.75,61.94,7121,47:44.9,
6168,2025-04-21 16:47:34.874898+00,7651.25,61.94,7120,47:33.2,
6167,2025-04-21 16:47:23.246357+00,7228.75,61.82,7119,47:21.6,
6166,2025-04-21 16:47:11.608669+00,6947.5,61.94,7118,47:10.0,
6165,2025-04-21 16:46:59.986539+00,6727.5,61.82,7117,46:58.4,
6164,2025-04-21 16:46:48.375376+00,7277.5,62.3,7116,46:46.7,
6163,2025-04-21 16:46:36.74509+00,7001.25,62.18,7115,46:35.1,
6162,2025-04-21 16:46:25.123334+00,7392.5,61.82,7114,46:23.5,
6161,2025-04-21 16:46:13.484512+00,7492.5,61.7,7113,46:11.8,
6160,2025-04-21 16:46:01.846434+00,7485,61.82,7112,45:58.9,
6159,2025-04-21 16:45:48.829028+00,7575,61.94,7111,45:47.2,
6158,2025-04-21 16:45:37.15164+00,7561.25,61.94,7110,45:35.5,
6157,2025-04-21 16:45:25.469866+00,7548.75,61.82,7109,45:23.9,
6156,2025-04-21 16:45:13.861123+00,7363.75,61.94,7108,45:12.2,
6155,2025-04-21 16:45:02.222271+00,7180,61.7,7107,45:00.6,
6154,2025-04-21 16:44:50.582678+00,7460,61.7,7106,44:48.9,
6153,2025-04-21 16:44:38.910182+00,7372.5,61.7,7105,44:37.3,
6152,2025-04-21 16:44:27.288043+00,7541.25,61.82,7104,44:25.7,
6151,2025-04-21 16:44:15.64957+00,7325,62.06,7103,44:14.0,
6150,2025-04-21 16:44:03.979775+00,7421.25,61.94,7102,44:02.4,
6149,2025-04-21 16:43:52.354614+00,7185,61.82,7101,43:48.5,
6148,2025-04-21 16:43:38.54167+00,7640,61.94,7100,43:36.9,
6147,2025-04-21 16:43:26.901835+00,7797.5,61.82,7099,43:25.3,
6146,2025-04-21 16:43:15.264138+00,7570,61.82,7098,43:13.7,
6145,2025-04-21 16:43:03.647611+00,7547.5,61.94,7097,43:02.0,
6144,2025-04-21 16:42:51.983357+00,7496.25,61.94,7096,42:50.4,
6143,2025-04-21 16:42:40.363736+00,7358.75,61.7,7095,42:38.7,
6142,2025-04-21 16:42:28.714333+00,7515,61.7,7094,42:27.1,
6141,2025-04-21 16:42:17.065793+00,7631.25,61.82,7093,42:15.4,
6140,2025-04-21 16:42:05.440671+00,7350,61.7,7092,42:03.8,
6139,2025-04-21 16:41:53.808547+00,7410,61.58,7091,41:52.2,
6138,2025-04-21 16:41:42.201662+00,7362.5,61.45,7090,41:40.6,
6137,2025-04-21 16:41:30.558593+00,6868.75,61.45,7089,41:28.9,
6136,2025-04-21 16:41:18.933172+00,7615,61.58,7088,41:17.3,
6135,2025-04-21 16:41:07.299406+00,7680,61.45,7087,41:05.7,
6134,2025-04-21 16:40:55.651192+00,7045,61.58,7086,40:54.0,
6133,2025-04-21 16:40:44.013892+00,7290,61.7,7085,40:42.3,
6132,2025-04-21 16:40:32.292048+00,6803.75,61.33,7084,40:30.7,
6131,2025-04-21 16:40:20.645317+00,7186.25,61.33,7083,40:19.0,
6130,2025-04-21 16:40:08.973628+00,6763.75,61.45,7082,40:07.3,
6129,2025-04-21 16:39:57.28926+00,7621.25,61.45,7081,39:55.6,
6128,2025-04-21 16:39:45.574284+00,7426.25,61.58,7080,39:43.9,
6127,2025-04-21 16:39:33.906609+00,7608.75,61.58,7079,39:32.3,
6126,2025-04-21 16:39:22.269104+00,7567.5,61.45,7078,39:20.6,
6125,2025-04-21 16:39:10.616583+00,7507.5,61.45,7077,39:09.0,
6124,2025-04-21 16:38:58.986319+00,7033.75,61.58,7076,38:57.4,
6123,2025-04-21 16:38:47.342156+00,6971.25,61.7,7075,38:45.7,
6122,2025-04-21 16:38:35.713615+00,7473.75,61.45,7074,38:34.0,
6121,2025-04-21 16:38:24.029347+00,7196.25,61.58,7073,38:22.4,
6120,2025-04-21 16:38:12.38934+00,6823.75,61.45,7072,38:10.8,
6119,2025-04-21 16:38:00.726483+00,6843.75,61.45,7071,37:59.1,
6118,2025-04-21 16:37:49.059602+00,7372.5,61.33,7070,37:47.5,
6117,2025-04-21 16:37:37.437246+00,7705,61.33,7069,37:35.8,
6116,2025-04-21 16:37:25.78641+00,7363.75,61.33,7068,37:24.1,
6115,2025-04-21 16:37:14.14251+00,7620,61.21,7067,37:12.4,
6114,2025-04-21 16:37:02.458406+00,7822.5,61.45,7066,37:00.8,
6113,2025-04-21 16:36:50.809172+00,7008.75,61.45,7065,36:49.1,
6112,2025-04-21 16:36:39.127878+00,7577.5,61.7,7064,36:37.5,
6111,2025-04-21 16:36:27.50305+00,7231.25,61.7,7063,36:25.8,
6110,2025-04-21 16:36:15.87609+00,7756.25,61.82,7062,36:14.2,
6109,2025-04-21 16:36:04.258086+00,6717.5,62.06,7061,36:02.6,
6108,2025-04-21 16:17:00.76101+00,7538.75,62.18,6992,16:58.8,
6107,2025-04-21 16:16:35.890845+00,7363.75,62.3,6990,16:34.3,
6106,2025-04-21 16:16:24.241202+00,7127.5,62.18,6989,16:22.5,
6105,2025-04-21 16:16:12.547613+00,7073.75,62.18,6988,16:10.9,
6104,2025-04-21 16:16:00.922999+00,7522.5,61.82,6987,15:59.3,
6103,2025-04-21 16:15:49.289669+00,7548.75,61.94,6986,15:47.7,
6102,2025-04-21 16:15:37.675704+00,7102.5,61.7,6985,15:36.1,
6101,2025-04-21 16:15:26.07072+00,7672.5,61.82,6984,15:24.5,
6100,2025-04-21 16:15:14.479085+00,7302.5,61.7,6983,15:12.8,
6099,2025-04-21 16:15:02.843606+00,7493.75,61.58,6982,15:01.2,
6098,2025-04-21 16:14:51.215334+00,7276.25,61.45,6981,14:49.6,
6097,2025-04-21 16:14:39.568087+00,7432.5,61.58,6980,14:37.9,
6096,2025-04-21 16:14:27.896668+00,7713.75,61.45,6979,14:26.2,
6095,2025-04-21 16:14:16.243376+00,7471.25,61.7,6978,14:14.6,
6094,2025-04-21 16:14:04.616005+00,7493.75,61.82,6977,14:01.6,
6093,2025-04-21 16:13:51.621354+00,7561.25,61.82,6976,13:50.0,
6092,2025-04-21 16:13:39.999851+00,7253.75,61.7,6975,13:38.3,
6091,2025-04-21 16:13:28.355787+00,7487.5,61.45,6974,13:26.7,
6090,2025-04-21 16:13:16.718119+00,7256.25,61.58,6973,13:15.1,
6089,2025-04-21 16:13:05.119308+00,7443.75,61.45,6972,13:03.4,
6088,2025-04-21 16:12:53.416745+00,7042.5,61.33,6971,12:51.8,
6087,2025-04-21 16:12:41.819186+00,6882.5,61.33,6970,12:40.2,
6086,2025-04-21 16:12:30.181741+00,7375,61.21,6969,12:28.5,
6085,2025-04-21 16:12:18.562187+00,7158.75,61.21,6968,12:17.0,
6084,2025-04-21 16:12:06.977424+00,7108.75,61.21,6967,12:05.3,
6083,2025-04-21 16:11:55.367193+00,7448.75,61.21,6966,11:53.8,
6082,2025-04-21 16:11:43.770286+00,7140,61.33,6965,11:42.1,
6081,2025-04-21 16:11:32.115444+00,7601.25,61.45,6964,11:30.5,
6080,2025-04-21 16:11:20.534583+00,7146.25,61.33,6963,11:18.9,
6079,2025-04-21 16:11:08.931781+00,7277.5,61.45,6962,11:07.3,
6078,2025-04-21 16:10:57.28738+00,6957.5,61.33,6961,10:55.7,
6077,2025-04-21 16:10:45.645498+00,7560,61.45,6960,10:43.8,
6076,2025-04-21 16:10:33.734573+00,7150,61.58,6959,10:32.1,
6075,2025-04-21 16:10:22.070283+00,6832.5,61.82,6958,10:20.4,
6074,2025-04-21 16:10:10.455771+00,6926.25,61.82,6957,10:08.8,
6073,2025-04-21 16:09:58.851541+00,6757.5,61.7,6956,09:57.2,
6072,2025-04-21 16:09:47.241849+00,7615,61.7,6955,09:45.6,
6071,2025-04-21 16:09:35.626649+00,7178.75,61.7,6954,09:34.0,
6070,2025-04-21 16:09:24.008147+00,7378.75,61.7,6953,09:22.3,
6069,2025-04-21 16:09:12.306051+00,7511.25,61.7,6952,09:10.7,
6068,2025-04-21 16:09:00.705921+00,6765,61.94,6951,08:57.0,
6067,2025-04-21 16:08:46.953498+00,7362.5,61.82,6950,08:45.3,
6066,2025-04-21 16:08:35.289957+00,7343.75,61.82,6949,08:33.2,
6065,2025-04-21 16:08:23.248655+00,7555,61.82,6948,08:21.6,
6064,2025-04-21 16:08:11.618017+00,7227.5,61.82,6947,08:08.3,
6063,2025-04-21 16:07:58.344668+00,6942.5,62.06,6946,07:56.7,
6062,2025-04-21 16:07:46.687538+00,7150,61.7,6945,07:45.0,
6061,2025-04-21 16:07:35.046156+00,6867.5,61.45,6944,07:33.4,
6060,2025-04-21 16:07:23.402325+00,7115,61.33,6943,07:21.7,
6059,2025-04-21 16:07:11.704456+00,7245,61.45,6942,07:10.1,
6058,2025-04-21 16:07:00.084521+00,6857.5,61.21,6941,06:58.5,
6057,2025-04-21 16:06:48.513585+00,7290,61.45,6940,06:46.9,
6056,2025-04-21 16:06:36.913839+00,7425,61.45,6939,06:35.3,
6055,2025-04-21 16:06:25.26528+00,7177.5,61.45,6938,06:23.6,
6054,2025-04-21 16:06:13.629968+00,6850,61.45,6937,06:10.6,
6053,2025-04-21 16:06:00.638954+00,7286.25,61.58,6936,05:59.0,
6052,2025-04-21 16:05:49.027064+00,7178.75,61.45,6935,05:47.4,
6051,2025-04-21 16:05:37.379512+00,7251.25,61.45,6934,05:35.7,
6050,2025-04-21 16:05:25.748945+00,6940,61.45,6933,05:24.0,
6049,2025-04-21 16:05:14.04456+00,7222.5,61.33,6932,05:12.4,
6048,2025-04-21 16:05:02.461222+00,6953.75,61.58,6931,05:00.9,
6047,2025-04-21 16:04:50.899485+00,7237.5,61.45,6930,04:49.3,
6046,2025-04-21 16:04:39.266922+00,7538.75,61.94,6929,04:37.6,
6045,2025-04-21 16:04:27.615429+00,7073.75,61.7,6928,04:25.8,
6044,2025-04-21 16:04:15.814745+00,7188.75,61.94,6927,04:14.2,
6043,2025-04-21 16:04:04.208121+00,7788.75,61.7,6926,04:02.6,
6042,2025-04-21 16:03:52.625048+00,7153.75,61.94,6925,03:51.0,
6041,2025-04-21 16:03:41.020568+00,7791.25,61.82,6924,03:39.4,
6040,2025-04-21 16:03:29.389897+00,7350,61.94,6923,03:27.8,
6039,2025-04-21 16:03:17.763993+00,7008.75,61.58,6922,03:16.1,
6038,2025-04-21 16:03:06.159871+00,7653.75,61.82,6921,03:04.5,
6037,2025-04-21 16:02:54.535572+00,7436.25,61.82,6920,02:52.9,
6036,2025-04-21 16:02:42.930543+00,7386.25,61.82,6919,02:41.3,
6035,2025-04-21 16:02:31.319745+00,7328.75,61.94,6918,02:29.7,
6034,2025-04-21 16:02:19.721301+00,7202.5,61.94,6917,02:18.1,
6033,2025-04-21 16:02:08.139258+00,7275,61.98,6916,02:06.5,
6032,2025-04-21 16:01:56.489297+00,7595,61.82,6915,01:54.8,
6031,2025-04-21 16:01:44.848044+00,7733.75,62.06,6914,01:43.2,
6030,2025-04-21 16:01:33.208588+00,7392.5,62.18,6913,01:31.6,
6029,2025-04-21 16:01:21.635336+00,7400,62.06,6912,01:20.0,
6028,2025-04-21 16:01:09.981375+00,7046.25,61.82,6911,01:08.3,
6027,2025-04-21 16:00:58.350354+00,7627.5,61.94,6910,00:56.7,
6026,2025-04-21 16:00:46.719355+00,7142.5,62.06,6909,00:45.1,
6025,2025-04-21 16:00:35.078157+00,7417.5,62.18,6908,00:33.4,
6024,2025-04-21 16:00:23.435097+00,7212.5,62.06,6907,00:21.8,
6023,2025-04-21 16:00:11.813869+00,7487.5,61.94,6906,00:10.2,
6022,2025-04-21 16:00:00.177768+00,7241.25,62.06,6905,59:58.6,
6021,2025-04-21 15:59:48.569431+00,7092.5,62.06,6904,59:47.0,
6020,2025-04-21 15:59:36.978786+00,7333.75,62.18,6903,59:35.1,
6019,2025-04-21 15:59:25.140398+00,7207.5,62.3,6902,59:23.5,
6018,2025-04-21 15:59:13.494795+00,7222.5,62.06,6901,59:11.9,
6017,2025-04-21 15:59:01.898448+00,7111.25,61.94,6900,59:00.2,
6016,2025-04-21 15:58:50.251491+00,7047.5,61.82,6899,58:48.7,
6015,2025-04-21 15:58:38.676318+00,7590,61.94,6898,58:37.1,
6014,2025-04-21 15:58:27.07234+00,7732.5,61.94,6897,58:25.4,
6013,2025-04-21 15:58:15.4534+00,7470,62.55,6896,58:13.8,
6012,2025-04-21 15:58:03.822615+00,7361.25,62.55,6895,58:02.2,
6011,2025-04-21 15:57:52.206628+00,7336.25,62.3,6894,57:50.5,
6010,2025-04-21 15:57:40.456254+00,7780,62.67,6893,57:38.8,
6009,2025-04-21 15:57:28.828413+00,7505,62.3,6892,57:27.2,
6008,2025-04-21 15:57:17.259887+00,7351.25,62.18,6891,57:15.6,
6007,2025-04-21 15:57:05.65558+00,7376.25,62.18,6890,57:04.1,
6006,2025-04-21 15:56:54.029595+00,7788.75,62.18,6889,56:52.4,
6005,2025-04-21 15:56:42.417338+00,7562.5,62.3,6888,56:40.8,
6004,2025-04-21 15:56:30.788028+00,8015,62.42,6887,56:29.2,
6003,2025-04-21 15:56:19.153397+00,7746.25,62.18,6886,56:17.5,
6002,2025-04-21 15:56:07.55581+00,6823.75,62.18,6885,56:05.9,
6001,2025-04-21 15:55:55.940648+00,7958.75,62.18,6884,55:54.3,
6000,2025-04-21 15:55:44.332875+00,7693.75,61.94,6883,55:42.7,
5999,2025-04-21 15:55:32.754078+00,7405,61.7,6882,55:31.1,
5998,2025-04-21 15:55:21.12912+00,7660,61.7,6881,55:19.3,
5997,2025-04-21 15:55:09.333138+00,7160,61.82,6880,55:07.7,
5996,2025-04-21 15:54:57.712491+00,7430,61.94,6879,54:56.1,
5995,2025-04-21 15:54:46.138003+00,7153.75,61.58,6878,54:44.5,
5994,2025-04-21 15:54:34.468436+00,7678.75,62.06,6877,54:32.8,
5993,2025-04-21 15:54:22.853083+00,7388.75,62.06,6876,54:21.2,
5992,2025-04-21 15:54:11.220075+00,7740,62.06,6875,54:09.6,
5991,2025-04-21 15:53:59.618477+00,7723.75,61.82,6874,53:58.0,
5990,2025-04-21 15:53:48.014853+00,6710,61.7,6873,53:46.4,
5989,2025-04-21 15:53:36.412911+00,7526.25,61.7,6872,53:34.8,
5988,2025-04-21 15:53:24.796563+00,7537.5,61.58,6871,53:23.2,
5987,2025-04-21 15:53:13.207882+00,7502.5,61.58,6870,53:11.6,
5986,2025-04-21 15:53:01.578107+00,6802.5,61.45,6869,53:00.0,
5985,2025-04-21 15:52:49.959908+00,7621.25,61.7,6868,52:48.4,
5984,2025-04-21 15:52:38.367776+00,7370,61.82,6867,52:36.8,
5983,2025-04-21 15:52:26.755077+00,7021.25,61.82,6866,52:25.1,
5982,2025-04-21 15:52:15.129065+00,7596.25,61.94,6865,52:13.5,
5981,2025-04-21 15:52:03.516398+00,7568.75,61.82,6864,52:01.9,
5980,2025-04-21 15:51:51.909604+00,7146.25,61.94,6863,51:50.3,
5979,2025-04-21 15:51:40.309041+00,7536.25,62.06,6862,51:38.7,
5978,2025-04-21 15:51:28.705383+00,6986.25,61.7,6861,51:27.1,
5977,2025-04-21 15:51:17.123328+00,7090,62.18,6860,51:15.5,
5976,2025-04-21 15:51:05.515356+00,7283.75,61.7,6859,51:03.9,
5975,2025-04-21 15:50:53.897241+00,7577.5,61.82,6858,50:52.3,
5974,2025-04-21 15:50:42.288473+00,7486.25,61.45,6857,50:40.7,
5973,2025-04-21 15:50:30.656476+00,7297.5,61.58,6856,50:29.0,
5972,2025-04-21 15:50:19.055194+00,6785,61.58,6855,50:17.5,
5971,2025-04-21 15:50:07.4617+00,6936.25,61.7,6854,50:05.8,
5970,2025-04-21 15:49:55.83289+00,6927.5,61.58,6853,49:54.2,
5969,2025-04-21 15:49:44.211719+00,7453.75,61.7,6852,49:42.6,
5968,2025-04-21 15:49:32.567742+00,7593.75,61.7,6851,49:31.0,
5967,2025-04-21 15:49:20.966827+00,6737.5,61.7,6850,49:19.4,
5966,2025-04-21 15:49:09.383705+00,7433.75,61.7,6849,49:07.8,
5965,2025-04-21 15:48:57.788529+00,7432.5,61.58,6848,48:56.2,
5964,2025-04-21 15:48:46.168852+00,7213.75,61.82,6847,48:44.6,
5963,2025-04-21 15:48:34.377722+00,7307.5,61.58,6846,48:32.7,
5962,2025-04-21 15:48:22.754698+00,7295,61.58,6845,48:21.1,
5961,2025-04-21 15:48:11.140802+00,7367.5,61.82,6844,48:09.5,
5960,2025-04-21 15:47:59.528709+00,7542.5,61.7,6843,47:57.9,
5959,2025-04-21 15:47:47.924902+00,7596.25,61.7,6842,47:46.3,
5958,2025-04-21 15:47:36.334899+00,7516.25,61.58,6841,47:34.7,
5957,2025-04-21 15:47:24.710896+00,7648.75,61.45,6840,47:23.1,
5956,2025-04-21 15:47:13.080449+00,7038.75,61.45,6839,47:11.5,
5955,2025-04-21 15:47:01.471581+00,7296.25,61.33,6838,46:59.9,
5954,2025-04-21 15:46:49.859075+00,7165,61.33,6837,46:48.3,
5953,2025-04-21 15:46:38.261338+00,7640,61.33,6836,46:36.6,
5952,2025-04-21 15:46:26.653239+00,7422.5,61.58,6835,46:25.0,
5951,2025-04-21 15:46:15.014944+00,7122.5,61.45,6834,46:13.4,
5950,2025-04-21 15:46:03.374118+00,7708.75,61.33,6833,46:01.7,
5949,2025-04-21 15:45:51.726243+00,7435,61.58,6832,45:50.1,
5948,2025-04-21 15:45:40.09497+00,7326.25,61.58,6831,45:38.5,
5947,2025-04-21 15:45:28.518303+00,7280,61.21,6830,45:26.9,
5946,2025-04-21 15:45:16.914757+00,7206.25,61.45,6829,45:15.3,
5945,2025-04-21 15:45:05.268413+00,7403.75,61.45,6828,45:03.7,
5944,2025-04-21 15:44:53.677208+00,7461.25,61.21,6827,44:52.1,
5943,2025-04-21 15:44:42.081304+00,7296.25,61.58,6826,44:40.5,
5942,2025-04-21 15:44:30.462756+00,7481.25,61.7,6825,44:28.8,
5941,2025-04-21 15:44:18.85111+00,7341.25,61.7,6824,44:17.3,
5940,2025-04-21 15:44:07.273834+00,7281.25,61.58,6823,44:05.7,
5939,2025-04-21 15:43:55.670591+00,7510,61.7,6822,43:54.0,
5938,2025-04-21 15:43:44.045792+00,6835,61.45,6821,43:42.4,
5937,2025-04-21 15:43:32.42861+00,6992.5,61.58,6820,43:30.8,
5936,2025-04-21 15:43:20.816434+00,7061.25,61.58,6819,43:19.2,
5935,2025-04-21 15:43:09.202468+00,7220,61.58,6818,43:07.6,
5934,2025-04-21 15:42:57.617156+00,7703.75,61.45,6817,42:56.0,
5933,2025-04-21 15:42:45.966796+00,7588.75,61.21,6816,42:44.1,
5932,2025-04-21 15:42:34.121217+00,7640,61.45,6815,42:30.9,
5931,2025-04-21 15:42:20.929186+00,7261.25,61.7,6814,42:19.3,
5930,2025-04-21 15:42:09.326114+00,7515,61.58,6813,42:07.7,
5929,2025-04-21 15:41:57.710673+00,7288.75,61.7,6812,41:56.1,
5928,2025-04-21 15:41:46.093007+00,7367.5,61.45,6811,41:44.5,
5927,2025-04-21 15:41:34.488032+00,7483.75,61.7,6810,41:32.9,
5926,2025-04-21 15:41:22.906297+00,7280,61.82,6809,41:21.2,
5925,2025-04-21 15:41:11.252051+00,7400,61.82,6808,41:09.6,
5924,2025-04-21 15:40:59.626989+00,7583.75,61.58,6807,40:58.0,
5923,2025-04-21 15:40:47.961691+00,7516.25,61.7,6806,40:46.3,
5922,2025-04-21 15:40:36.297104+00,7570,61.58,6805,40:34.7,
5921,2025-04-21 15:40:24.711192+00,7328.75,61.45,6804,40:23.1,
5920,2025-04-21 15:40:13.118076+00,7625,61.7,6803,40:11.5,
5919,2025-04-21 15:40:01.513324+00,7086.25,61.58,6802,39:59.9,
5918,2025-04-21 15:39:49.917318+00,7306.25,61.45,6801,39:48.3,
5917,2025-04-21 15:39:38.3339+00,7592.5,61.45,6800,39:36.7,
5916,2025-04-21 15:39:26.744487+00,7590,61.38,6799,39:25.1,
5915,2025-04-21 15:39:15.105009+00,7512.5,61.09,6798,39:13.5,
5914,2025-04-21 15:39:03.538754+00,7455,61.45,6797,39:01.9,
5913,2025-04-21 15:38:51.930238+00,7612.5,61.58,6796,38:50.3,
5912,2025-04-21 15:38:40.341439+00,7687.5,61.82,6795,38:38.8,
5911,2025-04-21 15:38:28.762799+00,7236.25,61.82,6794,38:27.2,
5910,2025-04-21 15:38:17.181673+00,7171.25,61.94,6793,38:15.6,
5909,2025-04-21 15:38:05.593966+00,7598.75,62.06,6792,38:04.0,
5908,2025-04-21 15:37:53.976402+00,7552.5,61.82,6791,37:52.4,
5907,2025-04-21 15:37:42.358261+00,7472.5,61.82,6790,37:40.8,
5906,2025-04-21 15:37:30.773758+00,7323.75,62.18,6789,37:29.2,
5905,2025-04-21 15:37:19.161153+00,7508.75,62.18,6788,37:17.5,
5904,2025-04-21 15:37:07.529152+00,7573.75,62.06,6787,37:05.9,
5903,2025-04-21 15:36:55.950917+00,7701.25,62.18,6786,36:54.4,
5902,2025-04-21 15:36:44.377427+00,7553.75,62.06,6785,36:42.8,
5901,2025-04-21 15:36:32.755777+00,7456.25,62.3,6784,36:31.2,
5900,2025-04-21 15:36:21.164524+00,7507.5,62.42,6783,36:19.5,
5899,2025-04-21 15:36:09.508264+00,7647.5,62.42,6782,36:07.9,
5898,2025-04-21 15:35:57.905019+00,7501.25,62.3,6781,35:56.3,
5897,2025-04-21 15:35:46.29937+00,7526.25,62.42,6780,35:44.7,
5896,2025-04-21 15:35:34.686215+00,7718.75,62.55,6779,35:33.1,
5895,2025-04-21 15:35:23.090958+00,7570,62.42,6778,35:21.5,
5894,2025-04-21 15:35:11.471574+00,7393.75,62.18,6777,35:09.8,
5893,2025-04-21 15:34:59.849542+00,7611.25,62.18,6776,34:58.2,
5892,2025-04-21 15:34:48.218502+00,7480,62.3,6775,34:46.6,
5891,2025-04-21 15:34:36.594101+00,7230,62.18,6774,34:35.0,
5890,2025-04-21 15:34:24.958411+00,7386.25,61.94,6773,34:23.3,
5889,2025-04-21 15:34:13.337664+00,7412.5,61.94,6772,34:11.7,
5888,2025-04-21 15:34:01.719642+00,7270,61.82,6771,34:00.1,
5887,2025-04-21 15:33:50.106093+00,7241.25,61.7,6770,33:48.5,
5886,2025-04-21 15:33:38.507144+00,7316.25,61.33,6769,33:36.9,
5885,2025-04-21 15:33:26.905186+00,7505,60.97,6768,33:25.3,
5884,2025-04-21 15:33:15.291537+00,7292.5,61.33,6767,33:13.7,
5883,2025-04-21 15:33:03.683797+00,7146.25,61.33,6766,33:02.0,
5882,2025-04-21 15:32:51.992341+00,7297.5,61.33,6765,32:50.4,
5881,2025-04-21 15:32:40.385265+00,7285,61.45,6764,32:38.8,
5880,2025-04-21 15:32:28.779702+00,7305,61.58,6763,32:27.1,
5879,2025-04-21 15:32:17.110318+00,7547.5,61.82,6762,32:15.5,
5878,2025-04-21 15:32:05.485095+00,7536.25,62.06,6761,32:03.8,
5877,2025-04-21 15:31:53.801462+00,7491.25,62.3,6760,31:52.2,
5876,2025-04-21 15:31:42.19797+00,7568.75,62.06,6759,31:40.6,
5875,2025-04-21 15:31:30.604205+00,7526.25,62.3,6758,31:29.0,
5874,2025-04-21 15:31:19.004047+00,7705,62.18,6757,31:17.3,
5873,2025-04-21 15:31:07.290429+00,7412.5,61.7,6756,31:05.7,
5872,2025-04-21 15:30:55.67473+00,7511.25,61.33,6755,30:54.0,
5871,2025-04-21 15:30:44.050665+00,7431.25,61.09,6754,30:42.4,
5870,2025-04-21 15:30:32.448063+00,7163.75,61.09,6753,30:30.8,
5869,2025-04-21 15:30:20.850394+00,7342.5,61.21,6752,30:19.2,
5868,2025-04-21 15:30:09.222119+00,7082.5,61.21,6751,30:07.6,
5867,2025-04-21 15:29:57.60792+00,6920,60.85,6750,29:56.0,
5866,2025-04-21 15:29:45.985319+00,7573.75,61.09,6749,29:44.4,
5865,2025-04-21 15:29:34.38434+00,7460,60.97,6748,29:32.7,
5864,2025-04-21 15:29:22.700967+00,7580,61.21,6747,29:21.1,
5863,2025-04-21 15:29:11.056529+00,7603.75,61.33,6746,29:09.5,
5862,2025-04-21 15:28:59.459273+00,7221.25,61.21,6745,28:57.8,
5861,2025-04-21 15:28:47.853627+00,6977.5,61.09,6744,28:46.3,
5860,2025-04-21 15:28:36.259953+00,7253.75,61.21,6743,28:34.7,
5859,2025-04-21 15:28:24.671643+00,7128.75,61.09,6742,28:23.0,
5858,2025-04-21 15:28:13.052119+00,7107.5,61.09,6741,28:11.4,
5857,2025-04-21 15:28:01.446971+00,7323.75,60.97,6740,27:59.8,
5856,2025-04-21 15:27:49.834746+00,7401.25,61.09,6739,27:48.1,
5855,2025-04-21 15:27:38.143819+00,7512.5,61.21,6738,27:36.5,
5854,2025-04-21 15:27:26.543324+00,7440,60.97,6737,27:24.9,
5853,2025-04-21 15:27:14.934526+00,7115,61.21,6736,27:13.3,
5852,2025-04-21 15:27:03.276565+00,7315,61.09,6735,27:01.7,
5851,2025-04-21 15:26:51.653001+00,7557.5,61.21,6734,26:50.0,
5850,2025-04-21 15:26:40.042806+00,7032.5,61.21,6733,26:38.5,
5849,2025-04-21 15:26:28.461082+00,6971.25,61.21,6732,26:26.9,
5848,2025-04-21 15:26:16.863864+00,7485,61.21,6731,26:15.3,
5847,2025-04-21 15:26:05.267072+00,7422.5,61.58,6730,26:03.5,
5846,2025-04-21 15:25:53.537616+00,7511.25,61.7,6729,25:52.0,
5845,2025-04-21 15:25:41.95824+00,7240,61.45,6728,25:40.3,
5844,2025-04-21 15:25:30.341023+00,7436.25,61.45,6727,25:28.7,
5843,2025-04-21 15:25:18.708697+00,7267.5,61.33,6726,25:17.1,
5842,2025-04-21 15:25:07.112544+00,7123.75,61.58,6725,25:05.5,
5841,2025-04-21 15:24:55.533288+00,7222.5,61.7,6724,24:53.9,
5840,2025-04-21 15:24:43.881444+00,7416.25,61.33,6723,24:42.3,
5839,2025-04-21 15:24:32.270861+00,7552.5,61.33,6722,24:30.7,
5838,2025-04-21 15:24:20.680782+00,7371.25,61.45,6721,24:19.0,
5837,2025-04-21 15:24:08.970722+00,7666.25,61.33,6720,24:07.4,
5836,2025-04-21 15:23:57.366269+00,7380,61.33,6719,23:55.7,
5835,2025-04-21 15:23:45.741854+00,7523.75,61.33,6718,23:44.1,
5834,2025-04-21 15:23:34.097029+00,7447.5,61.33,6717,23:32.5,
5833,2025-04-21 15:23:22.494736+00,7421.25,61.33,6716,23:20.9,
5832,2025-04-21 15:23:10.909265+00,7405,61.45,6715,23:09.3,
5831,2025-04-21 15:22:59.294289+00,7508.75,61.45,6714,22:57.7,
5830,2025-04-21 15:22:47.715016+00,7248.75,61.45,6713,22:46.0,
5829,2025-04-21 15:22:36.048008+00,7237.5,61.09,6712,22:34.3,
5828,2025-04-21 15:22:24.339881+00,7180,61.21,6711,22:22.7,
5827,2025-04-21 15:22:12.717869+00,7717.5,61.33,6710,22:11.1,
5826,2025-04-21 15:22:01.101245+00,7218.75,61.21,6709,21:59.5,
5825,2025-04-21 15:21:49.503881+00,7126.25,61.21,6708,21:47.8,
5824,2025-04-21 15:21:37.859163+00,7543.75,61.33,6707,21:36.2,
5823,2025-04-21 15:21:26.248888+00,6900,61.33,6706,21:24.6,
5822,2025-04-21 15:21:14.641112+00,7260,61.45,6705,21:13.0,
5821,2025-04-21 15:21:03.025869+00,7272.5,61.33,6704,21:01.4,
5820,2025-04-21 15:20:51.410498+00,7266.25,61.33,6703,20:49.7,
5819,2025-04-21 15:20:39.740483+00,7111.25,61.09,6702,20:38.1,
5818,2025-04-21 15:20:28.109585+00,7307.5,61.21,6701,20:26.4,
5817,2025-04-21 15:20:16.462932+00,6987.5,60.73,6700,20:14.8,
5816,2025-04-21 15:20:04.83662+00,7382.5,60.73,6699,20:03.2,
5815,2025-04-21 15:19:53.223074+00,6981.25,60.73,6698,19:51.6,
5814,2025-04-21 15:19:41.624637+00,7002.5,60.36,6697,19:40.0,
5813,2025-04-21 15:19:30.023967+00,6966.25,60.85,6696,19:28.4,
5812,2025-04-21 15:19:18.417944+00,7301.25,60.85,6695,19:16.8,
5811,2025-04-21 15:19:06.815816+00,7341.25,61.21,6694,19:05.1,
5810,2025-04-21 15:18:55.120142+00,7428.75,61.09,6693,18:53.4,
5809,2025-04-21 15:18:43.45659+00,7342.5,60.85,6692,18:41.8,
5808,2025-04-21 15:18:31.846191+00,7078.75,60.85,6691,18:30.2,
5807,2025-04-21 15:18:20.206482+00,7241.25,60.61,6690,18:18.6,
5806,2025-04-21 15:18:08.637893+00,7151.25,60.73,6689,18:07.0,
5805,2025-04-21 15:17:57.044711+00,6877.5,60.73,6688,17:55.4,
5804,2025-04-21 15:17:45.440308+00,6911.25,60.97,6687,17:43.8,
5803,2025-04-21 15:17:33.778029+00,6855,60.85,6686,17:30.7,
5802,2025-04-21 15:17:20.773746+00,7415,60.85,6685,17:19.1,
5801,2025-04-21 15:17:09.09736+00,7233.75,60.85,6684,17:07.5,
5800,2025-04-21 15:16:57.492025+00,7085,60.73,6683,16:55.9,
5799,2025-04-21 15:16:45.890907+00,7496.25,60.97,6682,16:44.2,
5798,2025-04-21 15:16:34.268505+00,7376.25,60.85,6681,16:32.6,
5797,2025-04-21 15:16:22.652218+00,7223.75,60.85,6680,16:21.0,
5796,2025-04-21 15:16:11.00249+00,7407.5,60.61,6679,16:09.3,
5795,2025-04-21 15:15:59.377275+00,7310,60.97,6678,15:57.8,
5794,2025-04-21 15:15:47.784295+00,6936.25,60.85,6677,15:46.0,
5793,2025-04-21 15:15:36.049634+00,7477.5,61.09,6676,15:34.4,
5792,2025-04-21 15:15:24.39343+00,7360,61.21,6675,15:22.8,
5791,2025-04-21 15:15:12.761726+00,6958.75,60.97,6674,15:11.0,
5790,2025-04-21 15:15:00.980595+00,7161.25,61.09,6673,14:59.3,
5789,2025-04-21 15:14:49.360915+00,7450,60.97,6672,14:47.7,
5788,2025-04-21 15:14:37.73232+00,7292.5,61.09,6671,14:36.1,
5787,2025-04-21 15:14:26.116605+00,7462.5,60.97,6670,14:24.5,
5786,2025-04-21 15:14:14.48318+00,7052.5,60.97,6669,14:12.8,
5785,2025-04-21 15:14:02.807068+00,7255,61.09,6668,14:01.2,
5784,2025-04-21 15:13:51.210643+00,7406.25,61.09,6667,13:49.5,
5783,2025-04-21 15:13:39.292622+00,7272.5,61.09,6666,13:35.3,
5782,2025-04-21 15:13:25.371822+00,7080,60.97,6665,13:23.7,
5781,2025-04-21 15:13:13.773077+00,7468.75,61.09,6664,13:12.1,
5780,2025-04-21 15:13:02.161024+00,7401.25,60.97,6663,13:00.5,
5779,2025-04-21 15:12:50.550667+00,7313.75,60.97,6662,12:48.9,
5778,2025-04-21 15:12:38.889623+00,7095,60.85,6661,12:37.2,
5777,2025-04-21 15:12:27.270454+00,7251.25,60.97,6660,12:25.6,
5776,2025-04-21 15:12:15.656772+00,7480,61.09,6659,12:14.0,
5775,2025-04-21 15:12:04.045979+00,6985,60.97,6658,12:02.4,
5774,2025-04-21 15:11:52.425599+00,7245,60.73,6657,11:50.7,
5773,2025-04-21 15:11:40.751487+00,7185,60.73,6656,11:39.1,
5772,2025-04-21 15:11:29.154181+00,7435,60.97,6655,11:27.5,
5771,2025-04-21 15:11:17.56079+00,7426.25,60.97,6654,11:15.9,
5770,2025-04-21 15:11:05.960282+00,7588.75,61.33,6653,11:04.3,
5769,2025-04-21 15:10:54.357546+00,7301.25,61.21,6652,10:52.7,
5768,2025-04-21 15:10:42.746095+00,7146.25,61.21,6651,10:41.1,
5767,2025-04-21 15:10:31.145561+00,7333.75,61.09,6650,10:29.5,
5766,2025-04-21 15:10:19.565551+00,7265,61.09,6649,10:18.0,
5765,2025-04-21 15:10:07.985544+00,7388.75,61.21,6648,10:06.4,
5764,2025-04-21 15:09:56.390161+00,7246.25,61.21,6647,09:54.7,
5763,2025-04-21 15:09:44.759691+00,7487.5,61.21,6646,09:43.1,
5762,2025-04-21 15:09:33.155461+00,7300,61.21,6645,09:31.5,
5761,2025-04-21 15:09:21.544397+00,7437.5,61.21,6644,09:19.9,
5760,2025-04-21 15:09:09.957376+00,7285,61.45,6643,09:08.3,
5759,2025-04-21 15:08:58.366513+00,7195,60.97,6642,08:56.8,
5758,2025-04-21 15:08:46.791273+00,7288.75,60.97,6641,08:45.2,
5757,2025-04-21 15:08:35.193119+00,7443.75,60.85,6640,08:33.3,
5756,2025-04-21 15:08:23.298358+00,7391.25,60.85,6639,08:21.5,
5755,2025-04-21 15:08:11.554022+00,7395,60.61,6638,08:09.9,
5754,2025-04-21 15:07:59.94595+00,7098.75,60.36,6637,07:58.3,
5753,2025-04-21 15:07:48.336563+00,7175,60.61,6636,07:46.7,
5752,2025-04-21 15:07:36.712717+00,6818.75,60.36,6635,07:35.1,
5751,2025-04-21 15:07:25.100688+00,6965,60.48,6634,07:23.5,
5750,2025-04-21 15:07:13.493579+00,7096.25,60.36,6633,07:11.9,
5749,2025-04-21 15:07:01.911119+00,7070,60.48,6632,07:00.3,
5748,2025-04-21 15:06:50.296991+00,7486.25,60.61,6631,06:48.7,
5747,2025-04-21 15:06:38.676201+00,7397.5,60.73,6630,06:35.1,
5746,2025-04-21 15:06:25.135067+00,7473.75,60.73,6629,06:23.5,
5745,2025-04-21 15:06:13.548074+00,7330,60.61,6628,06:11.9,
5744,2025-04-21 15:06:01.954736+00,7453.75,60.48,6627,06:00.3,
5743,2025-04-21 15:05:50.332221+00,7150,60.61,6626,05:48.7,
5742,2025-04-21 15:05:38.715075+00,7195,60.48,6625,05:37.0,
5741,2025-04-21 15:05:27.061635+00,7396.25,60.24,6624,05:25.4,
5740,2025-04-21 15:05:15.452671+00,7270,60.24,6623,05:13.8,
5739,2025-04-21 15:05:03.849689+00,7236.25,60.24,6622,05:02.2,
5738,2025-04-21 15:04:52.206837+00,7247.5,60.24,6621,04:50.5,
5737,2025-04-21 15:04:40.512822+00,7237.5,60.36,6620,04:38.8,
5736,2025-04-21 15:04:28.861402+00,7321.25,60.48,6619,04:27.2,
5735,2025-04-21 15:04:17.260655+00,7345,60.36,6618,04:15.5,
5734,2025-04-21 15:04:05.502292+00,6951.25,60.61,6617,04:03.8,
5733,2025-04-21 15:03:53.859243+00,7441.25,60.48,6616,03:52.2,
5732,2025-04-21 15:03:42.241294+00,7063.75,60.36,6615,03:40.6,
5731,2025-04-21 15:03:30.620872+00,7086.25,60.36,6614,03:29.0,
5730,2025-04-21 15:03:18.954233+00,7128.75,60.24,6613,03:17.3,
5729,2025-04-21 15:03:07.300161+00,6927.5,60,6612,03:05.7,
5728,2025-04-21 15:02:55.673528+00,7310,60.12,6611,02:54.0,
5727,2025-04-21 15:02:44.031569+00,7195,60.24,6610,02:42.4,
5726,2025-04-21 15:02:32.449318+00,7215,60.24,6609,02:30.8,
5725,2025-04-21 15:02:20.853571+00,7430,60.24,6608,02:19.2,
5724,2025-04-21 15:02:09.24026+00,7011.25,60.24,6607,02:07.6,
5723,2025-04-21 15:01:57.644662+00,6870,60.12,6606,01:55.9,
5722,2025-04-21 15:01:45.917925+00,7227.5,60.12,6605,01:44.3,
5721,2025-04-21 15:01:34.297136+00,7230,60.24,6604,01:32.6,
5720,2025-04-21 15:01:22.669271+00,7412.5,60.24,6603,01:21.1,
5719,2025-04-21 15:01:11.072046+00,7313.75,60.24,6602,01:09.1,
5718,2025-04-21 15:00:59.147017+00,7412.5,60.24,6601,00:57.5,
5717,2025-04-21 15:00:47.525943+00,6946.25,60.12,6600,00:45.9,
5716,2025-04-21 15:00:35.937312+00,7208.75,60.12,6599,00:34.3,
5715,2025-04-21 15:00:24.311264+00,6956.25,60.48,6598,00:22.6,
5714,2025-04-21 15:00:12.635343+00,7121.25,60.36,6597,00:11.0,
5713,2025-04-21 15:00:01.044639+00,7027.5,60.48,6596,59:59.4,
5712,2025-04-21 14:59:49.429421+00,6945,60.36,6595,59:47.8,
5711,2025-04-21 14:59:37.788717+00,6972.5,60.24,6594,59:36.2,
5710,2025-04-21 14:59:26.157551+00,7093.75,60.12,6593,59:24.5,
5709,2025-04-21 14:59:14.53893+00,6995,59.76,6592,59:12.9,
5708,2025-04-21 14:59:02.918342+00,7303.75,59.88,6591,59:01.3,
5707,2025-04-21 14:58:51.293355+00,7027.5,60.12,6590,58:49.7,
5706,2025-04-21 14:58:39.672698+00,7128.75,60,6589,58:38.0,
5705,2025-04-21 14:58:28.064361+00,6713.75,60,6588,58:26.4,
5704,2025-04-21 14:58:16.465713+00,7295,60,6587,58:14.8,
5703,2025-04-21 14:58:04.844955+00,6632.5,59.64,6586,58:03.2,
5702,2025-04-21 14:57:53.243552+00,7240,59.88,6585,57:51.6,
5701,2025-04-21 14:57:41.596894+00,6676.25,59.88,6584,57:40.0,
5700,2025-04-21 14:57:29.996421+00,6918.75,60,6583,57:28.4,
5699,2025-04-21 14:57:18.392052+00,6877.5,59.76,6582,57:16.8,
5698,2025-04-21 14:57:06.783383+00,6916.25,59.64,6581,57:05.2,
5697,2025-04-21 14:56:55.173895+00,6618.75,59.88,6580,56:53.5,
5696,2025-04-21 14:56:43.550601+00,6945,60,6579,56:41.9,
5695,2025-04-21 14:56:31.946767+00,6707.5,59.52,6578,56:30.3,
5694,2025-04-21 14:56:20.32533+00,6796.25,59.64,6577,56:18.7,
5693,2025-04-21 14:56:08.692412+00,7172.5,59.88,6576,56:07.1,
5692,2025-04-21 14:55:57.088718+00,7055,59.88,6575,55:55.5,
5691,2025-04-21 14:55:45.48839+00,7250,60,6574,55:43.9,
5690,2025-04-21 14:55:33.896807+00,6947.5,60,6573,55:32.3,
5689,2025-04-21 14:55:22.283526+00,7106.25,60,6572,55:20.7,
5688,2025-04-21 14:55:10.681298+00,6737.5,59.88,6571,55:09.0,
5687,2025-04-21 14:54:59.052882+00,7271.25,59.88,6570,54:57.4,
5686,2025-04-21 14:54:47.449002+00,6886.25,60.12,6569,54:45.8,
5685,2025-04-21 14:54:35.820315+00,7060,60,6568,54:34.2,
5684,2025-04-21 14:54:24.2202+00,6982.5,59.88,6567,54:22.6,
5683,2025-04-21 14:54:12.626609+00,6801.25,60,6566,54:11.0,
5682,2025-04-21 14:54:00.990129+00,6938.75,60,6565,53:59.4,
5681,2025-04-21 14:53:49.381981+00,7237.5,60.24,6564,53:47.8,
5680,2025-04-21 14:53:37.792768+00,7245,60.12,6563,53:36.2,
5679,2025-04-21 14:53:26.177441+00,7167.5,60.12,6562,53:24.5,
5678,2025-04-21 14:53:14.557399+00,7243.75,59.88,6561,53:12.9,
5677,2025-04-21 14:53:02.924211+00,6908.75,59.88,6560,53:01.3,
5676,2025-04-21 14:52:51.3259+00,6791.25,59.76,6559,52:49.7,
5675,2025-04-21 14:52:39.728553+00,7098.75,59.88,6558,52:38.1,
5674,2025-04-21 14:52:28.156005+00,7005,59.88,6557,52:26.5,
5673,2025-04-21 14:52:16.527524+00,6578.75,60.12,6556,52:14.9,
5672,2025-04-21 14:52:04.933537+00,6826.25,60.12,6555,52:03.3,
5671,2025-04-21 14:51:53.310133+00,7118.75,60.24,6554,51:51.7,
5670,2025-04-21 14:51:41.705033+00,7198.75,60.24,6553,51:40.1,
5669,2025-04-21 14:51:30.113526+00,7558.75,60.24,6552,51:28.5,
5668,2025-04-21 14:51:18.511653+00,6915,60.36,6551,51:16.9,
5667,2025-04-21 14:51:06.906282+00,7080,60.24,6550,51:05.3,
5666,2025-04-21 14:50:55.279604+00,6936.25,60.36,6549,50:53.6,
5665,2025-04-21 14:50:43.652373+00,6761.25,60.12,6548,50:42.0,
5664,2025-04-21 14:50:32.025147+00,6730,59.88,6547,50:30.4,
5663,2025-04-21 14:50:20.406029+00,7212.5,60.36,6546,50:18.8,
5662,2025-04-21 14:50:08.806874+00,7046.25,60.12,6545,50:07.2,
5661,2025-04-21 14:49:57.194167+00,7263.75,60.24,6544,49:55.6,
5660,2025-04-21 14:49:45.599277+00,7180,59.88,6543,49:43.9,
5659,2025-04-21 14:49:33.948976+00,6786.25,60,6542,49:32.4,
5658,2025-04-21 14:49:22.368893+00,7126.25,59.88,6541,49:20.8,
5657,2025-04-21 14:49:10.776317+00,6850,59.76,6540,49:09.2,
5656,2025-04-21 14:48:59.164462+00,6957.5,59.88,6539,48:57.5,
5655,2025-04-21 14:48:47.548044+00,6803.75,59.76,6538,48:45.9,
5654,2025-04-21 14:48:35.927309+00,7121.25,59.64,6537,48:34.3,
5653,2025-04-21 14:48:24.300709+00,6553.75,59.76,6536,48:22.6,
5652,2025-04-21 14:48:12.655803+00,6660,59.88,6535,48:11.1,
5651,2025-04-21 14:48:01.081663+00,7157.5,59.76,6534,47:59.5,
5650,2025-04-21 14:47:49.477707+00,7155,60,6533,47:47.9,
5649,2025-04-21 14:47:37.88384+00,6963.75,60,6532,47:36.2,
5648,2025-04-21 14:47:26.25344+00,7036.25,60.18,6531,47:24.7,
5647,2025-04-21 14:47:14.677101+00,7206.25,60,6530,47:13.0,
5646,2025-04-21 14:47:03.057548+00,7216.25,59.88,6529,47:01.5,
5645,2025-04-21 14:46:51.464609+00,7135,59.76,6528,46:49.9,
5644,2025-04-21 14:46:39.880767+00,6961.25,60.12,6527,46:38.3,
5643,2025-04-21 14:46:28.270922+00,7030,59.88,6526,46:26.7,
5642,2025-04-21 14:46:16.662424+00,6701.25,59.88,6525,46:15.1,
5641,2025-04-21 14:46:05.077006+00,6777.5,60,6524,46:03.5,
5640,2025-04-21 14:45:53.480928+00,6985,59.76,6523,45:51.8,
5639,2025-04-21 14:45:41.841115+00,6928.75,60,6522,45:40.2,
5638,2025-04-21 14:45:30.246868+00,6945,60,6521,45:28.6,
5637,2025-04-21 14:45:18.636814+00,7068.75,60.12,6520,45:17.0,
5636,2025-04-21 14:45:07.003869+00,6780,59.76,6519,45:05.4,
5635,2025-04-21 14:44:55.360186+00,6911.25,59.76,6518,44:53.7,
5634,2025-04-21 14:44:43.717566+00,6867.5,59.64,6517,44:42.1,
5633,2025-04-21 14:44:32.083887+00,7137.5,59.88,6516,44:30.5,
5632,2025-04-21 14:44:20.464053+00,6947.5,60,6515,44:18.7,
5631,2025-04-21 14:44:08.755314+00,7051.25,59.76,6514,44:07.1,
5630,2025-04-21 14:43:57.164454+00,7127.5,60,6513,43:55.6,
5629,2025-04-21 14:43:45.579876+00,7216.25,60.12,6512,43:44.0,
5628,2025-04-21 14:43:33.962238+00,7220,60.24,6511,43:32.3,
5627,2025-04-21 14:43:22.334758+00,7265,59.76,6510,43:20.7,
5626,2025-04-21 14:43:10.611366+00,7225,59.76,6509,43:09.0,
5625,2025-04-21 14:42:58.974924+00,6873.75,60.36,6508,42:57.4,
5624,2025-04-21 14:42:47.36588+00,6630,60.24,6507,42:45.7,
5623,2025-04-21 14:42:35.751146+00,6963.75,60.24,6506,42:34.1,
5622,2025-04-21 14:42:24.11806+00,7145,60.36,6505,42:22.5,
5621,2025-04-21 14:42:12.520068+00,7348.75,60.48,6504,42:10.9,
5620,2025-04-21 14:42:00.927018+00,6792.5,60,6503,41:59.3,
5619,2025-04-21 14:41:49.295975+00,7248.75,60.36,6502,41:47.7,
5618,2025-04-21 14:41:37.697484+00,7048.75,60.12,6501,41:36.1,
5617,2025-04-21 14:41:26.094921+00,7495,60.36,6500,41:24.5,
5616,2025-04-21 14:41:14.501828+00,6547.5,60,6499,41:12.9,
5615,2025-04-21 14:41:02.896361+00,7050,60,6498,41:01.2,
5614,2025-04-21 14:40:51.245253+00,6940,60,6497,40:49.6,
5613,2025-04-21 14:40:39.646309+00,7092.5,60.24,6496,40:38.0,
5612,2025-04-21 14:40:28.052525+00,7061.25,60.24,6495,40:26.4,
5611,2025-04-21 14:40:16.435538+00,7110,60.24,6494,40:14.8,
5610,2025-04-21 14:40:04.845517+00,6842.5,60.12,6493,40:03.2,
5609,2025-04-21 14:39:53.200855+00,7047.5,60.36,6492,39:51.6,
5608,2025-04-21 14:39:41.600182+00,7200,60.36,6491,39:40.0,
5607,2025-04-21 14:39:29.98582+00,6830,60.12,6490,39:28.3,
5606,2025-04-21 14:39:18.333371+00,7270,60.36,6489,39:16.7,
5605,2025-04-21 14:39:06.738995+00,7345,60.3,6488,39:05.1,
5604,2025-04-21 14:38:55.147612+00,7343.75,60.48,6487,38:53.5,
5603,2025-04-21 14:38:43.511064+00,6598.75,60.73,6486,38:41.9,
5602,2025-04-21 14:38:31.900677+00,7017.5,60.85,6485,38:30.3,
5601,2025-04-21 14:38:20.291268+00,6963.75,60.85,6484,38:18.7,
5600,2025-04-21 14:38:08.674567+00,7056.25,60.73,6483,38:07.0,
5599,2025-04-21 14:37:57.028894+00,7497.5,60.73,6482,37:55.4,
5598,2025-04-21 14:37:45.401364+00,7088.75,60.61,6481,37:43.8,
5597,2025-04-21 14:37:33.778942+00,6927.5,60.36,6480,37:32.2,
5596,2025-04-21 14:37:22.203278+00,7525,60.48,6479,37:20.6,
5595,2025-04-21 14:37:10.576312+00,7422.5,60.48,6478,37:09.0,
5594,2025-04-21 14:36:58.94497+00,6886.25,60.12,6477,36:57.3,
5593,2025-04-21 14:36:47.310437+00,7226.25,60.61,6476,36:45.7,
5592,2025-04-21 14:36:35.731052+00,7066.25,60.36,6475,36:34.1,
5591,2025-04-21 14:36:24.109418+00,6908.75,60.36,6474,36:22.5,
5590,2025-04-21 14:36:12.498951+00,6910,60,6473,36:10.8,
5589,2025-04-21 14:36:00.825142+00,6981.25,60.12,6472,35:59.2,
5588,2025-04-21 14:35:49.177009+00,6997.5,60,6471,35:47.6,
5587,2025-04-21 14:35:37.585161+00,7165,59.88,6470,35:36.0,
5586,2025-04-21 14:35:25.972034+00,6975,59.88,6469,35:24.4,
5585,2025-04-21 14:35:14.373478+00,7040,59.76,6468,35:12.7,
5584,2025-04-21 14:35:02.713834+00,6912.5,59.76,6467,35:01.1,
5583,2025-04-21 14:34:51.103129+00,6623.75,59.88,6466,34:49.5,
5582,2025-04-21 14:34:39.503306+00,6891.25,59.76,6465,34:37.9,
5581,2025-04-21 14:34:27.878343+00,6971.25,59.88,6464,34:26.3,
5580,2025-04-21 14:34:16.301827+00,7172.5,59.88,6463,34:14.7,
5579,2025-04-21 14:34:04.717577+00,6823.75,59.76,6462,34:03.1,
5578,2025-04-21 14:33:53.098608+00,7176.25,59.88,6461,33:51.2,
5577,2025-04-21 14:33:41.239519+00,7196.25,59.88,6460,33:39.6,
5576,2025-04-21 14:33:29.619439+00,6862.5,60,6459,33:28.0,
5575,2025-04-21 14:33:18.011785+00,7315,59.76,6458,33:16.4,
5574,2025-04-21 14:33:06.380506+00,6981.25,59.76,6457,33:04.8,
5573,2025-04-21 14:32:54.794361+00,7236.25,59.64,6456,32:53.2,
5572,2025-04-21 14:32:43.195913+00,7153.75,59.88,6455,32:41.6,
5571,2025-04-21 14:32:31.587384+00,7061.25,59.88,6454,32:30.0,
5570,2025-04-21 14:32:19.997542+00,6587.5,59.64,6453,32:18.4,
5569,2025-04-21 14:32:08.411473+00,6841.25,59.76,6452,32:06.8,
5568,2025-04-21 14:31:56.777174+00,6707.5,59.52,6451,31:55.1,
5567,2025-04-21 14:31:45.149927+00,6917.5,59.64,6450,31:43.5,
5566,2025-04-21 14:31:33.538561+00,6841.25,59.52,6449,31:31.9,
5565,2025-04-21 14:31:21.89172+00,6925,59.64,6448,31:20.3,
5564,2025-04-21 14:31:10.294275+00,7011.25,59.52,6447,31:08.7,
5563,2025-04-21 14:30:58.702754+00,6473.75,59.64,6446,30:57.1,
5562,2025-04-21 14:30:47.108344+00,6635,60,6445,30:45.5,
5561,2025-04-21 14:30:35.494107+00,7246.25,60.12,6444,30:33.9,
5560,2025-04-21 14:30:23.902295+00,7136.25,60.12,6443,30:22.3,
5559,2025-04-21 14:30:12.314995+00,6862.5,60.24,6442,30:09.7,
5558,2025-04-21 14:29:59.678544+00,7041.25,60.36,6441,29:54.8,
5557,2025-04-21 14:29:44.774228+00,7128.75,60.36,6440,29:43.2,
5556,2025-04-21 14:29:33.176405+00,7052.5,60.36,6439,29:31.6,
5555,2025-04-21 14:29:21.557618+00,7282.5,60.48,6438,29:20.0,
5554,2025-04-21 14:29:09.949123+00,7313.75,60.61,6437,29:08.3,
5553,2025-04-21 14:28:58.345442+00,6946.25,60.61,6436,28:56.8,
5552,2025-04-21 14:28:46.76698+00,7181.25,60.61,6435,28:45.2,
5551,2025-04-21 14:28:35.169019+00,7138.75,60.73,6434,28:33.6,
5550,2025-04-21 14:28:23.58448+00,7063.75,60,6433,28:21.9,
5549,2025-04-21 14:28:11.940291+00,6940,60.24,6432,28:10.3,
5548,2025-04-21 14:28:00.322244+00,7101.25,60.36,6431,27:58.7,
5547,2025-04-21 14:27:48.694405+00,7162.5,60.24,6430,27:47.1,
5546,2025-04-21 14:27:37.085543+00,6988.75,60.48,6429,27:35.5,
5545,2025-04-21 14:27:25.492221+00,7083.75,60.24,6428,27:23.9,
5544,2025-04-21 14:27:13.906843+00,7297.5,60.36,6427,27:12.3,
5543,2025-04-21 14:27:02.269037+00,7061.25,60.48,6426,27:00.6,
5542,2025-04-21 14:26:50.653435+00,6783.75,60.24,6425,26:49.0,
5541,2025-04-21 14:26:39.045603+00,6790,60.24,6424,26:37.4,
5540,2025-04-21 14:26:27.404168+00,7025,60,6423,26:25.8,
5539,2025-04-21 14:26:15.812595+00,7085,60.36,6422,26:14.2,
5538,2025-04-21 14:26:04.196+00,7062.5,60.24,6421,26:02.6,
5537,2025-04-21 14:25:52.596938+00,7047.5,60.12,6420,25:51.0,
5536,2025-04-21 14:25:41.015068+00,6987.5,60,6419,25:39.4,
5535,2025-04-21 14:25:29.436187+00,6963.75,60.36,6418,25:27.8,
5534,2025-04-21 14:25:17.830754+00,6963.75,60.12,6417,25:16.2,
5533,2025-04-21 14:25:06.1801+00,6997.5,60.12,6416,25:04.6,
5532,2025-04-21 14:24:54.581043+00,6888.75,60,6415,24:53.0,
5531,2025-04-21 14:24:42.953427+00,6920,60,6414,24:40.0,
5530,2025-04-21 14:24:30.00865+00,6963.75,59.88,6413,24:28.4,
5529,2025-04-21 14:24:18.381955+00,7061.25,59.76,6412,24:16.8,
5528,2025-04-21 14:24:06.7965+00,7046.25,60,6411,24:05.2,
5527,2025-04-21 14:23:55.196572+00,7065,60,6410,23:53.6,
5526,2025-04-21 14:23:43.586452+00,7113.75,60.12,6409,23:42.0,
5525,2025-04-21 14:23:31.976562+00,7197.5,60.36,6408,23:30.4,
5524,2025-04-21 14:23:20.381838+00,6696.25,60,6407,23:18.8,
5523,2025-04-21 14:23:08.781994+00,6685,60.12,6406,23:07.2,
5522,2025-04-21 14:22:57.168478+00,7248.75,59.88,6405,22:55.5,
5521,2025-04-21 14:22:45.52714+00,6697.5,59.64,6404,22:43.9,
5520,2025-04-21 14:22:33.931352+00,6870,59.52,6403,22:32.3,
5519,2025-04-21 14:22:22.333871+00,6940,59.76,6402,22:20.7,
5518,2025-04-21 14:22:10.735104+00,7002.5,59.64,6401,22:09.1,
5517,2025-04-21 14:21:59.100304+00,7033.75,59.52,6400,21:57.5,
5516,2025-04-21 14:21:47.491287+00,6888.75,59.52,6399,21:45.9,
5515,2025-04-21 14:21:35.880739+00,7096.25,59.27,6398,21:34.3,
5514,2025-04-21 14:21:24.276423+00,6993.75,59.52,6397,21:22.7,
5513,2025-04-21 14:21:12.686879+00,7148.75,59.64,6396,21:11.0,
5512,2025-04-21 14:21:00.969259+00,6868.75,59.39,6395,20:59.3,
5511,2025-04-21 14:20:49.279345+00,6846.25,59.27,6394,20:47.7,
5510,2025-04-21 14:20:37.687038+00,6937.5,59.15,6393,20:36.1,
5509,2025-04-21 14:20:26.075485+00,7032.5,59.27,6392,20:24.5,
5508,2025-04-21 14:20:14.470208+00,6846.25,59.15,6391,20:12.8,
5507,2025-04-21 14:20:02.852548+00,6938.75,59.15,6390,20:01.2,
5506,2025-04-21 14:19:51.268713+00,6771.25,59.03,6389,19:49.6,
5505,2025-04-21 14:19:39.571737+00,6973.75,59.27,6388,19:38.0,
5504,2025-04-21 14:19:27.97428+00,6970,59.27,6387,19:26.3,
5503,2025-04-21 14:19:16.347993+00,7185,59.27,6386,19:14.7,
5502,2025-04-21 14:19:04.728494+00,7238.75,59.39,6385,19:03.1,
5501,2025-04-21 14:18:53.103688+00,6828.75,59.39,6384,18:51.5,
5500,2025-04-21 14:18:41.527803+00,7185,59.39,6383,18:39.9,
5499,2025-04-21 14:18:29.917982+00,7022.5,59.39,6382,18:28.3,
5498,2025-04-21 14:18:18.326517+00,6540,59.52,6381,18:16.7,
5497,2025-04-21 14:18:06.692173+00,7252.5,59.52,6380,18:05.0,
5496,2025-04-21 14:17:54.97754+00,7098.75,59.39,6379,17:53.4,
5495,2025-04-21 14:17:43.379819+00,6760,59.64,6378,17:41.8,
5494,2025-04-21 14:17:31.781302+00,6476.25,59.52,6377,17:30.2,
5493,2025-04-21 14:17:20.173359+00,7107.5,59.64,6376,17:18.5,
5492,2025-04-21 14:17:08.547819+00,6715,59.52,6375,17:06.9,
5491,2025-04-21 14:16:56.91026+00,7271.25,59.88,6374,16:55.3,
5490,2025-04-21 14:16:45.307023+00,7033.75,59.52,6373,16:43.7,
5489,2025-04-21 14:16:33.658671+00,7133.75,59.27,6372,16:31.9,
5488,2025-04-21 14:16:21.963295+00,6998.75,59.52,6371,16:20.1,
5487,2025-04-21 14:16:10.120884+00,6540,59.52,6370,16:08.5,
5486,2025-04-21 14:15:58.504354+00,6878.75,59.39,6369,15:56.9,
5485,2025-04-21 14:15:46.895311+00,7138.75,59.88,6368,15:45.3,
5484,2025-04-21 14:15:35.302836+00,7057.5,59.52,6367,15:33.7,
5483,2025-04-21 14:15:23.724942+00,7098.75,59.39,6366,15:22.1,
5482,2025-04-21 14:15:12.114561+00,6856.25,59.39,6365,15:10.5,
5481,2025-04-21 14:15:00.460004+00,7132.5,59.52,6364,14:58.8,
5480,2025-04-21 14:14:48.827491+00,7108.75,59.39,6363,14:47.2,
5479,2025-04-21 14:14:37.24041+00,6982.5,59.52,6362,14:35.6,
5478,2025-04-21 14:14:25.567166+00,6968.75,59.27,6361,14:23.9,
5477,2025-04-21 14:14:13.904059+00,7303.75,59.52,6360,14:12.3,
5476,2025-04-21 14:14:02.278839+00,6921.25,59.27,6359,14:00.7,
5475,2025-04-21 14:13:50.675604+00,7212.5,59.39,6358,13:49.0,
5474,2025-04-21 14:13:39.055389+00,6885,59.64,6357,13:37.4,
5473,2025-04-21 14:13:27.393778+00,6837.5,59.39,6356,13:25.8,
5472,2025-04-21 14:13:15.798652+00,7181.25,59.76,6355,13:14.2,
5471,2025-04-21 14:13:04.196619+00,6678.75,59.52,6354,13:02.6,
5470,2025-04-21 14:12:52.570531+00,7015,59.52,6353,12:50.8,
5469,2025-04-21 14:12:40.791929+00,6956.25,59.27,6352,12:39.2,
5468,2025-04-21 14:12:29.200044+00,6976.25,59.39,6351,12:27.6,
5467,2025-04-21 14:12:17.590181+00,6976.25,59.27,6350,12:16.0,
5466,2025-04-21 14:12:05.982796+00,6943.75,59.52,6349,12:04.4,
5465,2025-04-21 14:11:54.366459+00,6916.25,59.27,6348,11:52.7,
5464,2025-04-21 14:11:42.724699+00,6675,59.39,6347,11:41.1,
5463,2025-04-21 14:11:31.132439+00,6660,59.39,6346,11:29.4,
5462,2025-04-21 14:11:19.405435+00,6492.5,59.15,6345,11:17.8,
5461,2025-04-21 14:11:07.770027+00,6667.5,59.52,6344,11:05.1,
5460,2025-04-21 14:10:55.10615+00,6790,59.27,6343,10:53.5,
5459,2025-04-21 14:10:43.499435+00,7077.5,59.64,6342,10:41.9,
5458,2025-04-21 14:10:31.88725+00,7047.5,59.52,6341,10:30.3,
5457,2025-04-21 14:10:20.287297+00,7158.75,59.64,6340,10:18.7,
5456,2025-04-21 14:10:08.666761+00,7175,59.76,6339,10:07.0,
5455,2025-04-21 14:09:57.037542+00,6643.75,59.76,6338,09:55.4,
5454,2025-04-21 14:09:45.420521+00,7153.75,59.64,6337,09:43.8,
5453,2025-04-21 14:09:33.842522+00,6921.25,59.76,6336,09:32.2,
5452,2025-04-21 14:09:22.251682+00,6616.25,59.52,6335,09:20.6,
5451,2025-04-21 14:09:10.632453+00,6958.75,59.39,6334,09:09.0,
5450,2025-04-21 14:08:59.012014+00,6592.5,59.52,6333,08:57.4,
5449,2025-04-21 14:08:47.415415+00,6946.25,59.52,6332,08:45.8,
5448,2025-04-21 14:08:35.788184+00,7108.75,59.52,6331,08:34.2,
5447,2025-04-21 14:08:24.199839+00,6503.75,59.64,6330,08:22.6,
5446,2025-04-21 14:08:12.581577+00,6630,59.88,6329,08:10.9,
5445,2025-04-21 14:08:00.9571+00,7142.5,59.76,6328,07:59.4,
5444,2025-04-21 14:07:49.36584+00,7030,59.88,6327,07:47.7,
5443,2025-04-21 14:07:37.753503+00,7350,59.88,6326,07:36.1,
5442,2025-04-21 14:07:26.155895+00,6935,59.64,6325,07:24.5,
5441,2025-04-21 14:07:14.527833+00,7180,59.88,6324,07:12.9,
5440,2025-04-21 14:07:02.934591+00,7225,60.12,6323,07:01.3,
5439,2025-04-21 14:06:51.358831+00,7046.25,59.76,6322,06:49.7,
5438,2025-04-21 14:06:39.691709+00,7376.25,60,6321,06:38.1,
5437,2025-04-21 14:06:28.073329+00,6867.5,60,6320,06:26.4,
5436,2025-04-21 14:06:16.44128+00,6998.75,59.76,6319,06:14.6,
5435,2025-04-21 14:06:04.610231+00,7225,59.76,6318,06:03.0,
5434,2025-04-21 14:05:52.984892+00,7075,59.88,6317,05:51.4,
5433,2025-04-21 14:05:41.393634+00,6996.25,59.88,6316,05:39.8,
5432,2025-04-21 14:05:29.799306+00,6927.5,59.52,6315,05:28.2,
5431,2025-04-21 14:05:18.209518+00,6877.5,59.52,6314,05:16.6,
5430,2025-04-21 14:05:06.622876+00,6942.5,59.52,6313,05:04.8,
5429,2025-04-21 14:04:54.834645+00,6826.25,59.64,6312,04:53.0,
5428,2025-04-21 14:04:42.977897+00,6910,59.64,6311,04:41.4,
5427,2025-04-21 14:04:31.380819+00,7248.75,59.39,6310,04:29.8,
5426,2025-04-21 14:04:19.777045+00,6920,59.52,6309,04:18.1,
5425,2025-04-21 14:04:08.151294+00,7105,59.64,6308,04:06.5,
5424,2025-04-21 14:03:56.507284+00,6752.5,59.64,6307,03:54.9,
5423,2025-04-21 14:03:44.91645+00,6888.75,59.52,6306,03:43.3,
5422,2025-04-21 14:03:33.320862+00,6918.75,59.64,6305,03:31.7,
5421,2025-04-21 14:03:21.704374+00,6988.75,59.52,6304,03:20.1,
5420,2025-04-21 14:03:10.11805+00,7001.25,59.64,6303,03:08.5,
5419,2025-04-21 14:02:58.512306+00,6903.75,59.88,6302,02:56.9,
5418,2025-04-21 14:02:46.873027+00,7200,59.76,6301,02:45.3,
5417,2025-04-21 14:02:35.278108+00,7027.5,59.88,6300,02:33.7,
5416,2025-04-21 14:02:23.662967+00,6852.5,60,6299,02:22.0,
5415,2025-04-21 14:02:11.995716+00,6968.75,59.64,6298,02:10.4,
5414,2025-04-21 14:02:00.38211+00,7165,59.64,6297,01:58.7,
5413,2025-04-21 14:01:48.763362+00,7011.25,59.76,6296,01:47.2,
5412,2025-04-21 14:01:37.168047+00,6688.75,59.64,6295,01:35.5,
5411,2025-04-21 14:01:25.546534+00,7115,59.88,6294,01:23.9,
5410,2025-04-21 14:01:13.925802+00,6601.25,60,6293,01:12.4,
5409,2025-04-21 14:01:02.360567+00,7030,60.12,6292,01:00.7,
5408,2025-04-21 14:00:50.740953+00,7190,60,6291,00:49.1,
5407,2025-04-21 14:00:39.099973+00,7260,59.76,6290,00:37.5,
5406,2025-04-21 14:00:27.48673+00,7078.75,59.88,6289,00:25.9,
5405,2025-04-21 14:00:15.877018+00,7251.25,60,6288,00:14.2,
5404,2025-04-21 14:00:04.254241+00,7082.5,59.82,6287,00:02.6,
5403,2025-04-21 13:59:52.638339+00,6636.25,60,6286,59:51.0,
5402,2025-04-21 13:59:40.998114+00,7016.25,59.88,6285,59:39.4,
5401,2025-04-21 13:59:29.40437+00,6705,59.76,6284,59:27.8,
5400,2025-04-21 13:59:17.807853+00,6876.25,59.88,6283,59:16.2,
5399,2025-04-21 13:59:06.153168+00,7012.5,59.88,6282,59:04.6,
5398,2025-04-21 13:58:54.558036+00,7126.25,59.88,6281,58:52.9,
5397,2025-04-21 13:58:42.952364+00,7061.25,59.88,6280,58:41.3,
5396,2025-04-21 13:58:31.340072+00,7203.75,60,6279,58:29.7,
5395,2025-04-21 13:58:19.758831+00,6996.25,60,6278,58:18.1,
5394,2025-04-21 13:58:08.114001+00,6901.25,59.76,6277,58:06.5,
5393,2025-04-21 13:57:56.517249+00,7023.75,60,6276,57:54.9,
5392,2025-04-21 13:57:44.901651+00,7021.25,59.88,6275,57:43.3,
5391,2025-04-21 13:57:33.286643+00,6833.75,59.76,6274,57:31.7,
5390,2025-04-21 13:57:21.660931+00,7098.75,59.88,6273,57:20.1,
5389,2025-04-21 13:57:10.078265+00,7190,59.76,6272,57:08.5,
5388,2025-04-21 13:56:58.492086+00,6707.5,59.39,6271,56:56.9,
5387,2025-04-21 13:56:46.862307+00,6893.75,59.64,6270,56:45.3,
5386,2025-04-21 13:56:35.294235+00,7026.25,59.52,6269,56:33.7,
5385,2025-04-21 13:56:23.696678+00,7000,59.64,6268,56:22.1,
5384,2025-04-21 13:56:12.08435+00,7013.75,59.52,6267,56:10.5,
5383,2025-04-21 13:55:45.432746+00,7225,59.76,6265,55:43.8,
5382,2025-04-21 13:55:33.80758+00,7262.5,59.88,6264,55:32.2,
5381,2025-04-21 13:55:22.20104+00,6703.75,59.76,6263,55:20.6,
5380,2025-04-21 13:55:10.624565+00,6828.75,60,6262,55:09.0,
5379,2025-04-21 13:54:59.00541+00,6940,59.76,6261,54:57.4,
5378,2025-04-21 13:54:47.353073+00,6743.75,59.52,6260,54:45.7,
5377,2025-04-21 13:54:35.753424+00,7240,59.76,6259,54:34.2,
5376,2025-04-21 13:54:24.165912+00,6778.75,59.76,6258,54:22.5,
5375,2025-04-21 13:54:12.541662+00,6815,59.52,6257,54:10.9,
5374,2025-04-21 13:54:00.949612+00,6928.75,59.52,6256,53:59.4,
5373,2025-04-21 13:53:49.363074+00,6925,59.76,6255,53:47.8,
5372,2025-04-21 13:53:37.782103+00,7088.75,59.76,6254,53:36.2,
5371,2025-04-21 13:53:26.169447+00,6723.75,59.88,6253,53:24.6,
5370,2025-04-21 13:53:14.555534+00,7163.75,59.76,6252,53:12.9,
5369,2025-04-21 13:53:02.914036+00,6711.25,59.64,6251,53:01.3,
5368,2025-04-21 13:52:51.306153+00,7212.5,59.88,6250,52:49.7,
5367,2025-04-21 13:52:39.723091+00,6726.25,59.76,6249,52:38.1,
5366,2025-04-21 13:52:28.086431+00,6961.25,59.88,6248,52:26.5,
5365,2025-04-21 13:52:16.492407+00,7157.5,59.64,6247,52:14.9,
5364,2025-04-21 13:52:04.910675+00,7197.5,59.76,6246,52:03.3,
5363,2025-04-21 13:51:53.312127+00,6825,59.76,6245,51:51.7,
5362,2025-04-21 13:51:41.714577+00,6627.5,60.12,6244,51:40.1,
5361,2025-04-21 13:51:30.138229+00,7098.75,60.12,6243,51:28.5,
5360,2025-04-21 13:51:18.516378+00,7306.25,60.12,6242,51:16.9,
5359,2025-04-21 13:51:06.921748+00,7116.25,59.76,6241,51:05.3,
5358,2025-04-21 13:50:55.322725+00,7030,60.12,6240,50:53.7,
5357,2025-04-21 13:50:43.709526+00,7097.5,60.24,6239,50:42.1,
5356,2025-04-21 13:50:32.111438+00,7228.75,60.36,6238,50:30.5,
5355,2025-04-21 13:50:20.506589+00,7325,60.12,6237,50:18.9,
5354,2025-04-21 13:50:08.891238+00,7346.25,60.36,6236,50:07.3,
5353,2025-04-21 13:49:57.308615+00,6347.5,60.48,6235,49:55.7,
5352,2025-04-21 13:49:45.689376+00,7213.75,60.24,6234,49:44.0,
5351,2025-04-21 13:49:34.03818+00,6636.25,60.48,6233,49:32.4,
5350,2025-04-21 13:49:22.436404+00,7462.5,60.61,6232,49:20.8,
5349,2025-04-21 13:49:10.830883+00,7197.5,60.36,6231,49:09.2,
5348,2025-04-21 13:48:59.164728+00,7297.5,60.48,6230,48:57.5,
5347,2025-04-21 13:48:47.454634+00,7275,60.24,6229,48:45.8,
5346,2025-04-21 13:48:35.802505+00,7292.5,60.48,6228,48:34.2,
5345,2025-04-21 13:48:24.18124+00,7086.25,60.24,6227,48:22.6,
5344,2025-04-21 13:48:12.576918+00,7470,60.36,6226,48:11.0,
5343,2025-04-21 13:48:00.983074+00,7256.25,60.36,6225,47:59.3,
5342,2025-04-21 13:47:49.328278+00,7323.75,60.12,6224,47:47.8,
5341,2025-04-21 13:47:37.753681+00,7478.75,60,6223,47:36.2,
5340,2025-04-21 13:47:26.160923+00,7130,59.88,6222,47:24.6,
5339,2025-04-21 13:47:14.553009+00,6972.5,59.76,6221,47:12.9,
5338,2025-04-21 13:47:02.892918+00,7408.75,59.88,6220,47:01.3,
5337,2025-04-21 13:46:51.261139+00,7041.25,59.88,6219,46:49.6,
5336,2025-04-21 13:46:39.6441+00,6962.5,60,6218,46:38.1,
5335,2025-04-21 13:46:28.055113+00,7191.25,60,6217,46:26.4,
5334,2025-04-21 13:46:16.439398+00,7136.25,60.12,6216,46:14.8,
5333,2025-04-21 13:46:04.817957+00,7585,60.24,6215,46:03.2,
5332,2025-04-21 13:45:53.224744+00,7170,60.24,6214,45:51.6,
5331,2025-04-21 13:45:41.570105+00,7237.5,60.36,6213,45:39.9,
5330,2025-04-21 13:45:29.950135+00,7048.75,60.36,6212,45:28.3,
5329,2025-04-21 13:45:18.339211+00,7481.25,60.24,6211,45:16.7,
5328,2025-04-21 13:45:06.743904+00,7336.25,60.48,6210,45:05.1,
5327,2025-04-21 13:44:55.120577+00,7405,60.12,6209,44:53.5,
5326,2025-04-21 13:44:43.506242+00,7171.25,60.24,6208,44:41.9,
5325,2025-04-21 13:44:31.910661+00,7403.75,60.36,6207,44:30.3,
5324,2025-04-21 13:44:20.296766+00,7278.75,60.61,6206,44:18.7,
5323,2025-04-21 13:44:08.681892+00,7465,60.24,6205,44:07.0,
5322,2025-04-21 13:43:57.038578+00,7103.75,60.73,6204,43:55.4,
5321,2025-04-21 13:43:45.416255+00,7365,60.61,6203,43:43.8,
5320,2025-04-21 13:43:33.802359+00,7155,60.61,6202,43:32.2,
5319,2025-04-21 13:43:22.199399+00,7016.25,60.61,6201,43:20.6,
5318,2025-04-21 13:43:10.613349+00,7180,60.73,6200,43:09.0,
5317,2025-04-21 13:42:58.99829+00,7206.25,60.73,6199,42:57.4,
5316,2025-04-21 13:42:47.38666+00,7333.75,60.73,6198,42:45.8,
5315,2025-04-21 13:42:35.77024+00,7332.5,60.85,6197,42:34.2,
5314,2025-04-21 13:42:24.18618+00,7475,60.97,6196,42:22.6,
5313,2025-04-21 13:42:12.594859+00,7017.5,60.61,6195,42:11.0,
5312,2025-04-21 13:42:01.01634+00,6973.75,60.36,6194,41:59.4,
5311,2025-04-21 13:41:49.444319+00,7090,60.48,6193,41:47.9,
5310,2025-04-21 13:41:37.86006+00,7132.5,60.48,6192,41:36.3,
5309,2025-04-21 13:41:26.257836+00,7648.75,60.73,6191,41:24.6,
5308,2025-04-21 13:41:14.622284+00,7226.25,60.48,6190,41:13.0,
5307,2025-04-21 13:41:03.022994+00,7402.5,60.73,6189,41:01.4,
5306,2025-04-21 13:40:51.412999+00,7575,60.97,6188,40:49.8,
5305,2025-04-21 13:40:39.78332+00,7151.25,60.36,6187,40:38.2,
5304,2025-04-21 13:40:28.188174+00,7141.25,60.48,6186,40:26.6,
5303,2025-04-21 13:40:16.578161+00,7201.25,60.24,6185,40:14.9,
5302,2025-04-21 13:40:04.947546+00,7066.25,60.36,6184,40:03.4,
5301,2025-04-21 13:39:53.364151+00,7432.5,60.36,6183,39:51.8,
5300,2025-04-21 13:39:41.777166+00,7171.25,60.36,6182,39:40.2,
5299,2025-04-21 13:39:30.161319+00,7181.25,60.48,6181,39:28.6,
5298,2025-04-21 13:39:18.577683+00,7295,60.24,6180,39:17.0,
5297,2025-04-21 13:39:06.966905+00,7380,60.12,6179,39:05.4,
5296,2025-04-21 13:38:55.388954+00,7128.75,60.12,6178,38:53.1,
5295,2025-04-21 13:38:43.111198+00,6950,60.12,6177,38:41.5,
5294,2025-04-21 13:38:31.498473+00,6873.75,60.12,6176,38:29.9,
5293,2025-04-21 13:38:19.87185+00,7273.75,60.12,6175,38:18.3,
5292,2025-04-21 13:38:08.296051+00,6602.5,60,6174,38:06.7,
5291,2025-04-21 13:37:56.677217+00,7001.25,60,6173,37:54.8,
5290,2025-04-21 13:37:44.831252+00,7347.5,60,6172,37:43.2,
5289,2025-04-21 13:37:33.22988+00,7248.75,60,6171,37:31.6,
5288,2025-04-21 13:37:21.536069+00,7326.25,59.88,6170,37:20.0,
5287,2025-04-21 13:37:09.957484+00,6806.25,59.88,6169,37:08.4,
5286,2025-04-21 13:36:58.387776+00,6837.5,59.76,6168,36:56.8,
5285,2025-04-21 13:36:46.782588+00,7045,60,6167,36:45.2,
5284,2025-04-21 13:36:35.198594+00,7148.75,59.88,6166,36:33.6,
5283,2025-04-21 13:36:23.615281+00,7151.25,59.88,6165,36:22.0,
5282,2025-04-21 13:36:11.994862+00,7150,60.12,6164,36:10.4,
5281,2025-04-21 13:36:00.361361+00,6727.5,60,6163,35:58.7,
5280,2025-04-21 13:35:48.73609+00,7557.5,59.88,6162,35:47.1,
5279,2025-04-21 13:35:37.124688+00,7315,59.88,6161,35:35.5,
5278,2025-04-21 13:35:25.521736+00,6506.25,59.76,6160,35:23.9,
5277,2025-04-21 13:35:13.90109+00,7236.25,60,6159,35:12.3,
5276,2025-04-21 13:35:02.289596+00,7050,60,6158,35:00.7,
5275,2025-04-21 13:34:50.696705+00,7256.25,59.88,6157,34:49.1,
5274,2025-04-21 13:34:39.108243+00,6936.25,59.64,6156,34:37.5,
5273,2025-04-21 13:34:27.515376+00,6971.25,59.76,6155,34:25.9,
5272,2025-04-21 13:34:15.926356+00,7115,60,6154,34:14.3,
5271,2025-04-21 13:34:04.323039+00,7423.75,59.64,6153,34:02.7,
5270,2025-04-21 13:33:52.693608+00,7243.75,59.64,6152,33:51.1,
5269,2025-04-21 13:33:41.111866+00,7490,59.88,6151,33:39.6,
5268,2025-04-21 13:33:29.542113+00,6686.25,60,6150,33:27.9,
5267,2025-04-21 13:33:17.935694+00,6887.5,60.24,6149,33:16.3,
5266,2025-04-21 13:33:06.307725+00,6846.25,60,6148,33:04.7,
5265,2025-04-21 13:32:54.689203+00,7150,60.12,6147,32:53.1,
5264,2025-04-21 13:32:43.076552+00,7327.5,60,6146,32:41.5,
5263,2025-04-21 13:32:31.488407+00,7363.75,60.12,6145,32:29.9,
5262,2025-04-21 13:32:19.852099+00,7505,60.24,6144,32:18.3,
5261,2025-04-21 13:32:08.269793+00,7521.25,60.61,6143,32:06.7,
5260,2025-04-21 13:31:56.681778+00,7427.5,60.85,6142,31:55.1,
5259,2025-04-21 13:31:45.065322+00,7057.5,60.85,6141,31:43.4,
5258,2025-04-21 13:31:33.437719+00,7026.25,60.85,6140,31:31.8,
5257,2025-04-21 13:31:21.83632+00,7411.25,60.85,6139,31:20.2,
5256,2025-04-21 13:31:10.200057+00,7142.5,61.21,6138,31:08.6,
5255,2025-04-21 13:30:58.613386+00,7115,60.85,6137,30:57.0,
5254,2025-04-21 13:30:47.022671+00,7418.75,60.85,6136,30:45.4,
5253,2025-04-21 13:30:35.431639+00,7212.5,60.85,6135,30:33.8,
5252,2025-04-21 13:30:23.809083+00,7388.75,60.97,6134,30:22.2,
5251,2025-04-21 13:30:12.15301+00,6960,60.97,6133,30:10.6,
5250,2025-04-21 13:30:00.551578+00,7352.5,61.21,6132,29:58.9,
5249,2025-04-21 13:29:48.88932+00,7645,61.33,6131,29:47.3,
5248,2025-04-21 13:29:37.310143+00,7392.5,61.33,6130,29:35.7,
5247,2025-04-21 13:29:25.723247+00,7461.25,61.09,6129,29:24.1,
5246,2025-04-21 13:29:14.136803+00,7395,60.85,6128,29:12.5,
5245,2025-04-21 13:29:02.545966+00,7600,60.97,6127,29:01.0,
5244,2025-04-21 13:28:50.94997+00,7443.75,61.21,6126,28:49.3,
5243,2025-04-21 13:28:39.32641+00,7538.75,61.21,6125,28:37.7,
5242,2025-04-21 13:28:27.727342+00,7582.5,61.33,6124,28:26.1,
5241,2025-04-21 13:28:16.115329+00,7392.5,61.09,6123,28:14.5,
5240,2025-04-21 13:28:04.492851+00,7408.75,60.97,6122,28:02.9,
5239,2025-04-21 13:27:52.888214+00,7540,60.97,6121,27:51.3,
5238,2025-04-21 13:27:41.281533+00,7506.25,61.09,6120,27:39.7,
5237,2025-04-21 13:27:29.673214+00,7260,61.09,6119,27:27.9,
5236,2025-04-21 13:27:17.921542+00,7513.75,61.33,6118,27:16.3,
5235,2025-04-21 13:27:06.31022+00,7205,61.33,6117,27:04.7,
5234,2025-04-21 13:26:54.6788+00,7282.5,60.73,6116,26:53.0,
5233,2025-04-21 13:26:43.010718+00,7287.5,60.97,6115,26:41.4,
5232,2025-04-21 13:26:31.408762+00,7481.25,61.09,6114,26:29.8,
5231,2025-04-21 13:26:19.789778+00,7458.75,61.33,6113,26:18.2,
5230,2025-04-21 13:26:08.176328+00,7532.5,61.33,6112,26:06.6,
5229,2025-04-21 13:25:56.553369+00,7465,61.09,6111,25:55.0,
5228,2025-04-21 13:25:44.950286+00,7332.5,61.09,6110,25:43.4,
5227,2025-04-21 13:25:33.384978+00,7410,60.73,6109,25:31.8,
5226,2025-04-21 13:25:21.780812+00,7536.25,60.85,6108,25:20.1,
5225,2025-04-21 13:25:10.141622+00,7558.75,61.09,6107,25:08.5,
5224,2025-04-21 13:24:58.529757+00,7332.5,60.61,6106,24:56.9,
5223,2025-04-21 13:24:46.923129+00,7173.75,60.36,6105,24:45.3,
5222,2025-04-21 13:24:35.316732+00,6941.25,60.24,6104,24:33.7,
5221,2025-04-21 13:24:23.702628+00,7261.25,60.48,6103,24:22.1,
5220,2025-04-21 13:24:12.109616+00,7221.25,60.61,6102,24:10.5,
5219,2025-04-21 13:24:00.487962+00,7360,60.36,6101,23:58.9,
5218,2025-04-21 13:23:48.870446+00,7377.5,60.24,6100,23:47.3,
5217,2025-04-21 13:23:37.289495+00,7352.5,60.48,6099,23:35.7,
5216,2025-04-21 13:23:25.671179+00,7126.25,60.24,6098,23:24.0,
5215,2025-04-21 13:23:14.037525+00,7247.5,60.48,6097,23:12.4,
5214,2025-04-21 13:23:02.431628+00,6822.5,60.48,6096,23:00.8,
5213,2025-04-21 13:22:50.810098+00,7276.25,60.36,6095,22:49.2,
5212,2025-04-21 13:22:39.234213+00,7500,60.73,6094,22:37.6,
5211,2025-04-21 13:22:27.645466+00,6897.5,60.12,6093,22:26.0,
5210,2025-04-21 13:22:16.043819+00,7380,60.24,6092,22:14.4,
5209,2025-04-21 13:22:04.412738+00,7526.25,60.24,6091,22:02.8,
5208,2025-04-21 13:21:52.772342+00,7111.25,60.12,6090,21:51.2,
5207,2025-04-21 13:21:41.151826+00,7167.5,59.88,6089,21:39.5,
5206,2025-04-21 13:21:29.532203+00,7282.5,60.12,6088,21:27.9,
5205,2025-04-21 13:21:17.907629+00,7326.25,60,6087,21:16.3,
5204,2025-04-21 13:21:06.288885+00,6703.75,60.12,6086,21:04.7,
5203,2025-04-21 13:20:54.677822+00,7350,60.24,6085,20:53.1,
5202,2025-04-21 13:20:43.064605+00,6647.5,60.12,6084,20:41.5,
5201,2025-04-21 13:20:31.474128+00,7282.5,60.12,6083,20:29.9,
5200,2025-04-21 13:20:19.872738+00,7107.5,60,6082,20:18.3,
5199,2025-04-21 13:20:08.260858+00,6587.5,60.12,6081,20:06.6,
5198,2025-04-21 13:19:56.630148+00,6592.5,59.88,6080,19:55.0,
5197,2025-04-21 13:19:45.007155+00,7347.5,60,6079,19:43.4,
5196,2025-04-21 13:19:33.36965+00,7320,59.88,6078,19:31.8,
5195,2025-04-21 13:19:21.777179+00,6882.5,59.88,6077,19:20.2,
5194,2025-04-21 13:19:10.173158+00,7185,59.64,6076,19:08.5,
5193,2025-04-21 13:18:58.483372+00,7201.25,59.88,6075,18:56.9,
5192,2025-04-21 13:18:46.870865+00,7001.25,59.64,6074,18:45.3,
5191,2025-04-21 13:18:35.282369+00,7235,59.88,6073,18:33.7,
5190,2025-04-21 13:18:23.670066+00,6717.5,59.88,6072,18:22.0,
5189,2025-04-21 13:18:12.035051+00,6897.5,59.76,6071,18:10.4,
5188,2025-04-21 13:18:00.403076+00,7322.5,59.76,6070,17:58.8,
5187,2025-04-21 13:17:48.813458+00,7273.75,59.76,6069,17:47.2,
5186,2025-04-21 13:17:37.227824+00,7086.25,60,6068,17:35.6,
5185,2025-04-21 13:17:25.6301+00,6942.5,60,6067,17:24.0,
5184,2025-04-21 13:17:14.024572+00,7240,60,6066,17:12.4,
5183,2025-04-21 13:17:02.423255+00,7358.75,60.12,6065,17:00.8,
5182,2025-04-21 13:16:50.851384+00,7102.5,60,6064,16:49.2,
5181,2025-04-21 13:16:39.243401+00,7128.75,60.12,6063,16:37.6,
5180,2025-04-21 13:16:27.610117+00,7310,60,6062,16:26.0,
5179,2025-04-21 13:16:16.009903+00,7041.25,60.12,6061,16:14.4,
5178,2025-04-21 13:16:04.414714+00,7315,60.12,6060,16:02.8,
5177,2025-04-21 13:15:52.777633+00,7100,60,6059,15:51.2,
5176,2025-04-21 13:15:41.171576+00,6941.25,59.88,6058,15:39.6,
5175,2025-04-21 13:15:29.574148+00,7015,59.76,6057,15:27.9,
5174,2025-04-21 13:15:17.938387+00,6990,59.64,6056,15:16.4,
5173,2025-04-21 13:15:06.37492+00,7263.75,59.64,6055,15:04.8,
5172,2025-04-21 13:14:54.764107+00,7232.5,59.76,6054,14:53.2,
5171,2025-04-21 13:14:43.1734+00,7045,60.12,6053,14:41.6,
5170,2025-04-21 13:14:31.550918+00,6985,60,6052,14:29.9,
5169,2025-04-21 13:14:19.939468+00,7000,60.36,6051,14:18.3,
5168,2025-04-21 13:14:08.338339+00,7090,60.12,6050,14:06.7,
5167,2025-04-21 13:13:56.706681+00,7121.25,60.24,6049,13:55.1,
5166,2025-04-21 13:13:45.057538+00,7146.25,60,6048,13:43.5,
5165,2025-04-21 13:13:33.44469+00,6966.25,60,6047,13:31.8,
5164,2025-04-21 13:13:21.81307+00,7181.25,60.12,6046,13:20.2,
5163,2025-04-21 13:13:10.207441+00,7220,60.24,6045,13:08.6,
5162,2025-04-21 13:12:58.614024+00,7312.5,60.48,6044,12:57.0,
5161,2025-04-21 13:12:46.99028+00,7158.75,60.24,6043,12:45.4,
5160,2025-04-21 13:12:35.372449+00,7148.75,60,6042,12:33.8,
5159,2025-04-21 13:12:23.76962+00,7196.25,60,6041,12:22.2,
5158,2025-04-21 13:12:12.150003+00,7300,60,6040,12:10.5,
5157,2025-04-21 13:12:00.232587+00,7175,60.24,6039,11:58.1,
5156,2025-04-21 13:11:48.087057+00,7167.5,60.12,6038,11:46.5,
5155,2025-04-21 13:11:36.473664+00,7308.75,60.12,6037,11:34.9,
5154,2025-04-21 13:11:24.863858+00,6948.75,60.12,6036,11:23.2,
5153,2025-04-21 13:11:13.248869+00,7078.75,60.12,6035,11:11.6,
5152,2025-04-21 13:11:01.612644+00,7227.5,60.24,6034,11:00.0,
5151,2025-04-21 13:10:50.024496+00,7333.75,60.12,6033,10:48.4,
5150,2025-04-21 13:10:38.348482+00,7332.5,60.48,6032,10:36.8,
5149,2025-04-21 13:10:26.757185+00,7462.5,60.73,6031,10:25.2,
5148,2025-04-21 13:10:15.162657+00,7410,60.24,6030,10:13.6,
5147,2025-04-21 13:10:03.565709+00,7341.25,60.36,6029,10:02.0,
5146,2025-04-21 13:09:51.955882+00,7170,60.48,6028,09:50.3,
5145,2025-04-21 13:09:40.326624+00,7041.25,60.48,6027,09:38.7,
5144,2025-04-21 13:09:28.720947+00,7342.5,60.48,6026,09:27.1,
5143,2025-04-21 13:09:17.134937+00,7243.75,60.61,6025,09:15.5,
5142,2025-04-21 13:09:05.527+00,7356.25,60.61,6024,09:03.9,
5141,2025-04-21 13:08:53.942343+00,7486.25,60.36,6023,08:52.3,
5140,2025-04-21 13:08:42.32798+00,7318.75,60.61,6022,08:40.7,
5139,2025-04-21 13:08:30.740548+00,7095,60.61,6021,08:29.1,
5138,2025-04-21 13:08:19.099918+00,7500,60.48,6020,08:17.5,
5137,2025-04-21 13:08:07.528931+00,6972.5,60.36,6019,08:05.9,
5136,2025-04-21 13:07:55.898594+00,7263.75,60.36,6018,07:54.3,
5135,2025-04-21 13:07:44.316312+00,7326.25,60.12,6017,07:42.7,
5134,2025-04-21 13:07:32.701822+00,7163.75,60.36,6016,07:31.1,
5133,2025-04-21 13:07:21.086771+00,7307.5,60.61,6015,07:19.5,
5132,2025-04-21 13:07:09.492162+00,7241.25,60.61,6014,07:07.9,
5131,2025-04-21 13:06:57.890258+00,7247.5,60.24,6013,06:56.3,
5130,2025-04-21 13:06:46.261427+00,7348.75,60.48,6012,06:44.7,
5129,2025-04-21 13:06:34.660087+00,7391.25,60.24,6011,06:33.0,
5128,2025-04-21 13:06:23.022445+00,7071.25,60.36,6010,06:21.4,
5127,2025-04-21 13:06:11.414626+00,7513.75,60.36,6009,06:09.8,
5126,2025-04-21 13:05:59.822324+00,7191.25,60.12,6008,05:58.2,
5125,2025-04-21 13:05:48.226496+00,7133.75,60.24,6007,05:46.6,
5124,2025-04-21 13:05:36.630063+00,7116.25,59.88,6006,05:35.0,
5123,2025-04-21 13:05:24.978614+00,7485,59.88,6005,05:23.4,
5122,2025-04-21 13:05:13.368045+00,7150,60,6004,05:11.8,
5121,2025-04-21 13:05:01.693764+00,6966.25,60.36,6003,05:00.1,
5120,2025-04-21 13:04:50.089116+00,7243.75,59.76,6002,04:48.5,
5119,2025-04-21 13:04:38.497776+00,7221.25,60.12,6001,04:36.9,
5118,2025-04-21 13:04:26.887009+00,7095,60.12,6000,04:25.3,
5117,2025-04-21 13:04:15.282244+00,7090,60,5999,04:13.7,
5116,2025-04-21 13:04:03.655992+00,7073.75,60.12,5998,04:02.0,
5115,2025-04-21 13:03:52.019212+00,7262.5,60.36,5997,03:50.4,
5114,2025-04-21 13:03:40.384853+00,7082.5,60,5996,03:38.8,
5113,2025-04-21 13:03:28.762009+00,7225,60.24,5995,03:27.2,
5112,2025-04-21 13:03:17.154988+00,7293.75,60.12,5994,03:15.5,
5111,2025-04-21 13:03:05.525562+00,6997.5,59.88,5993,03:03.9,
5110,2025-04-21 13:02:53.914566+00,7046.25,60,5992,02:52.3,
5109,2025-04-21 13:02:42.272043+00,7316.25,60.12,5991,02:40.7,
5108,2025-04-21 13:02:30.674268+00,7325,60.12,5990,02:29.1,
5107,2025-04-21 13:02:19.087761+00,7168.75,60.36,5989,02:17.5,
5106,2025-04-21 13:02:07.450673+00,7058.75,60,5988,02:05.8,
5105,2025-04-21 13:01:55.809587+00,7142.5,60.36,5987,01:54.2,
5104,2025-04-21 13:01:44.213514+00,7138.75,60.36,5986,01:42.6,
5103,2025-04-21 13:01:32.605877+00,6970,60,5985,01:31.0,
5102,2025-04-21 13:01:21.001017+00,7183.75,60.36,5984,01:19.4,
5101,2025-04-21 13:01:09.383354+00,7203.75,60.36,5983,01:07.8,
5100,2025-04-21 13:00:57.78673+00,7332.5,60.61,5982,00:56.2,
5099,2025-04-21 13:00:46.155544+00,7220,60.73,5981,00:44.6,
5098,2025-04-21 13:00:34.561481+00,7157.5,60.61,5980,00:33.0,
5097,2025-04-21 13:00:22.985855+00,7258.75,60.73,5979,00:21.4,
5096,2025-04-21 13:00:11.391213+00,7281.25,60.73,5978,00:09.8,
5095,2025-04-21 12:59:59.750152+00,7347.5,60.85,5977,59:58.1,
5094,2025-04-21 12:59:48.103361+00,7343.75,60.73,5976,59:46.5,
5093,2025-04-21 12:59:36.455252+00,7413.75,60.61,5975,59:34.9,
5092,2025-04-21 12:59:24.882359+00,7200,60.97,5974,59:23.3,
5091,2025-04-21 12:59:13.281964+00,7100,60.85,5973,59:11.7,
5090,2025-04-21 12:59:01.678501+00,6832.5,60.61,5972,59:00.1,
5089,2025-04-21 12:58:50.091109+00,7245,60.61,5971,58:48.5,
5088,2025-04-21 12:58:38.473925+00,7421.25,60.73,5970,58:36.9,
5087,2025-04-21 12:58:26.863399+00,7368.75,60.97,5969,58:25.3,
5086,2025-04-21 12:58:15.267587+00,7352.5,61.21,5968,58:13.7,
5085,2025-04-21 12:58:03.651499+00,7255,61.21,5967,58:02.1,
5084,2025-04-21 12:57:52.083745+00,7510,61.33,5966,57:50.5,
5083,2025-04-21 12:57:40.484951+00,7491.25,61.21,5965,57:38.9,
5082,2025-04-21 12:57:28.88863+00,7415,61.09,5964,57:27.3,
5081,2025-04-21 12:57:17.283582+00,7187.5,60.85,5963,57:15.7,
5080,2025-04-21 12:57:05.65649+00,6846.25,60.61,5962,57:04.0,
5079,2025-04-21 12:56:54.009835+00,7280,60.73,5961,56:52.4,
5078,2025-04-21 12:56:42.418921+00,7281.25,60.73,5960,56:40.8,
5077,2025-04-21 12:56:30.828392+00,7106.25,60.85,5959,56:29.2,
5076,2025-04-21 12:56:19.235983+00,7298.75,60.61,5958,56:17.7,
5075,2025-04-21 12:56:07.653753+00,7490,60.85,5957,56:06.1,
5074,2025-04-21 12:55:56.041582+00,7505,60.85,5956,55:54.5,
5073,2025-04-21 12:55:44.453526+00,7448.75,60.85,5955,55:42.8,
5072,2025-04-21 12:55:32.818033+00,7140,61.09,5954,55:31.2,
5071,2025-04-21 12:55:21.220119+00,7523.75,61.09,5953,55:19.6,
5070,2025-04-21 12:55:09.623306+00,7280,61.33,5952,55:08.0,
5069,2025-04-21 12:54:58.021785+00,7502.5,61.09,5951,54:56.5,
5068,2025-04-21 12:54:46.453399+00,7193.75,61.21,5950,54:44.9,
5067,2025-04-21 12:54:34.850975+00,7497.5,61.21,5949,54:33.3,
5066,2025-04-21 12:54:23.253756+00,7267.5,61.33,5948,54:21.7,
5065,2025-04-21 12:54:11.657455+00,7462.5,61.45,5947,54:10.1,
5064,2025-04-21 12:54:00.059834+00,7132.5,60.97,5946,53:58.5,
5063,2025-04-21 12:53:48.44694+00,7483.75,61.09,5945,53:46.9,
5062,2025-04-21 12:53:36.837569+00,7146.25,60.73,5944,53:35.3,
5061,2025-04-21 12:53:25.25498+00,7148.75,60.97,5943,53:23.7,
5060,2025-04-21 12:53:13.65481+00,7213.75,60.97,5942,53:12.1,
5059,2025-04-21 12:53:02.050099+00,7420,60.9,5941,53:00.5,
5058,2025-04-21 12:52:50.438917+00,7630,61.33,5940,52:48.8,
5057,2025-04-21 12:52:38.830088+00,7361.25,61.45,5939,52:37.2,
5056,2025-04-21 12:52:27.218588+00,7526.25,61.33,5938,52:25.6,
5055,2025-04-21 12:52:15.618542+00,7421.25,61.45,5937,52:14.0,
5054,2025-04-21 12:52:03.994853+00,7307.5,61.33,5936,52:02.4,
5053,2025-04-21 12:51:52.361273+00,7351.25,61.7,5935,51:50.8,
5052,2025-04-21 12:51:40.75203+00,7615,61.58,5934,51:39.2,
5051,2025-04-21 12:51:29.161833+00,7570,61.7,5933,51:27.6,
5050,2025-04-21 12:51:17.562622+00,7451.25,61.82,5932,51:16.0,
5049,2025-04-21 12:51:05.978841+00,7631.25,61.82,5931,51:04.4,
5048,2025-04-21 12:50:54.328992+00,7646.25,61.7,5930,50:52.7,
5047,2025-04-21 12:50:42.72227+00,7783.75,61.94,5929,50:41.1,
5046,2025-04-21 12:50:31.135922+00,6991.25,61.45,5928,50:29.5,
5045,2025-04-21 12:50:19.513752+00,7030,61.58,5927,50:17.9,
5044,2025-04-21 12:50:07.894824+00,7511.25,61.7,5926,50:06.3,
5043,2025-04-21 12:49:56.248912+00,7500,61.58,5925,49:54.7,
5042,2025-04-21 12:49:44.649599+00,6955,61.58,5924,49:43.0,
5041,2025-04-21 12:49:32.979194+00,7378.75,61.33,5923,49:31.4,
5040,2025-04-21 12:49:21.371851+00,7620,61.7,5922,49:19.8,
5039,2025-04-21 12:49:09.730055+00,7497.5,61.7,5921,49:08.1,
5038,2025-04-21 12:48:58.115148+00,7402.5,61.7,5920,48:56.5,
5037,2025-04-21 12:48:46.508797+00,7452.5,61.58,5919,48:44.9,
5036,2025-04-21 12:48:34.884537+00,7538.75,61.45,5918,48:33.3,
5035,2025-04-21 12:48:23.258523+00,7397.5,61.7,5917,48:21.7,
5034,2025-04-21 12:48:11.665965+00,7346.25,61.58,5916,48:10.1,
5033,2025-04-21 12:48:00.049947+00,7388.75,61.58,5915,47:58.5,
5032,2025-04-21 12:47:48.444982+00,7546.25,61.45,5914,47:46.8,
5031,2025-04-21 12:47:36.806835+00,7388.75,61.7,5913,47:35.2,
5030,2025-04-21 12:47:25.226349+00,7531.25,61.33,5912,47:23.6,
5029,2025-04-21 12:47:13.612284+00,7726.25,61.58,5911,47:12.0,
5028,2025-04-21 12:47:02.003353+00,7558.75,61.33,5910,47:00.4,
5027,2025-04-21 12:46:50.358635+00,7611.25,61.7,5909,46:48.8,
5026,2025-04-21 12:46:38.753164+00,7676.25,61.94,5908,46:37.2,
5025,2025-04-21 12:46:27.155154+00,7572.5,61.82,5907,46:25.6,
5024,2025-04-21 12:46:15.561174+00,7662.5,61.82,5906,46:13.9,
5023,2025-04-21 12:46:03.916196+00,7635,61.58,5905,46:02.3,
5022,2025-04-21 12:45:52.321511+00,7725,61.58,5904,45:50.7,
5021,2025-04-21 12:45:40.71147+00,7417.5,61.45,5903,45:39.1,
5020,2025-04-21 12:45:29.06023+00,7418.75,61.7,5902,45:27.5,
5019,2025-04-21 12:45:17.47623+00,7633.75,61.7,5901,45:15.9,
5018,2025-04-21 12:45:05.900707+00,7540,61.45,5900,45:04.3,
5017,2025-04-21 12:44:54.32414+00,7322.5,61.45,5899,44:52.7,
5016,2025-04-21 12:44:42.709655+00,6993.75,61.33,5898,44:41.1,
5015,2025-04-21 12:44:31.10161+00,7306.25,61.45,5897,44:29.5,
5014,2025-04-21 12:44:19.457372+00,7656.25,61.58,5896,44:17.9,
5013,2025-04-21 12:44:07.849191+00,7535,61.58,5895,44:06.3,
5012,2025-04-21 12:43:56.264633+00,7311.25,60.9,5894,43:54.7,
5011,2025-04-21 12:43:44.650717+00,7332.5,60.73,5893,43:43.1,
5010,2025-04-21 12:43:33.042098+00,7152.5,60.85,5892,43:31.5,
5009,2025-04-21 12:43:21.456685+00,7375,60.61,5891,43:19.9,
5008,2025-04-21 12:43:09.842177+00,7451.25,60.73,5890,43:08.2,
5007,2025-04-21 12:42:58.229092+00,7591.25,60.85,5889,42:56.6,
5006,2025-04-21 12:42:46.629127+00,7053.75,60.97,5888,42:45.0,
5005,2025-04-21 12:42:35.008075+00,7287.5,61.09,5887,42:33.4,
5004,2025-04-21 12:42:23.367914+00,7400,61.21,5886,42:21.8,
5003,2025-04-21 12:42:11.755515+00,7260,61.21,5885,42:10.2,
5002,2025-04-21 12:42:00.141461+00,7346.25,61.21,5884,41:58.6,
5001,2025-04-21 12:41:48.559445+00,7418.75,61.09,5883,41:47.0,
5000,2025-04-21 12:41:36.99005+00,7233.75,61.21,5882,41:35.4,
4999,2025-04-21 12:41:25.379533+00,7253.75,61.09,5881,41:23.8,
4998,2025-04-21 12:41:13.793693+00,7532.5,61.09,5880,41:12.2,
4997,2025-04-21 12:41:02.203429+00,7251.25,61.33,5879,41:00.6,
4996,2025-04-21 12:40:50.590543+00,7793.75,61.45,5878,40:49.0,
4995,2025-04-21 12:40:39.003377+00,7556.25,61.21,5877,40:37.5,
4994,2025-04-21 12:40:27.432474+00,7083.75,61.09,5876,40:25.9,
4993,2025-04-21 12:40:15.841123+00,7706.25,60.85,5875,40:14.3,
4992,2025-04-21 12:40:04.247942+00,7387.5,61.45,5874,40:02.6,
4991,2025-04-21 12:39:52.545268+00,7406.25,61.21,5873,39:51.0,
4990,2025-04-21 12:39:40.946156+00,7686.25,60.97,5872,39:39.4,
4989,2025-04-21 12:39:29.339408+00,7191.25,61.09,5871,39:27.8,
4988,2025-04-21 12:39:17.730101+00,7463.75,60.61,5870,39:16.2,
4987,2025-04-21 12:39:06.150601+00,7555,60.85,5869,39:04.6,
4986,2025-04-21 12:38:54.549769+00,7753.75,60.97,5868,38:52.9,
4985,2025-04-21 12:38:42.922583+00,7315,60.85,5867,38:41.3,
4984,2025-04-21 12:38:31.321656+00,7125,60.85,5866,38:29.7,
4983,2025-04-21 12:38:19.660819+00,7618.75,60.85,5865,38:18.1,
4982,2025-04-21 12:38:08.067962+00,7253.75,60.97,5864,38:06.5,
4981,2025-04-21 12:37:56.499099+00,7128.75,60.85,5863,37:54.9,
4980,2025-04-21 12:37:44.913438+00,7515,60.97,5862,37:43.3,
4979,2025-04-21 12:37:33.298567+00,7442.5,61.09,5861,37:31.7,
4978,2025-04-21 12:37:21.617279+00,7456.25,60.97,5860,37:20.0,
4977,2025-04-21 12:37:09.994085+00,7586.25,61.21,5859,37:08.4,
4976,2025-04-21 12:36:58.40824+00,7518.75,61.45,5858,36:56.8,
4975,2025-04-21 12:36:46.793531+00,7636.25,61.45,5857,36:45.2,
4974,2025-04-21 12:36:35.176549+00,7430,61.45,5856,36:33.6,
4973,2025-04-21 12:36:23.601653+00,6938.75,61.33,5855,36:22.0,
4972,2025-04-21 12:36:11.980981+00,7578.75,61.33,5854,36:10.4,
4971,2025-04-21 12:36:00.220038+00,7552.5,61.09,5853,35:58.6,
4970,2025-04-21 12:35:48.613957+00,7537.5,61.09,5852,35:47.0,
4969,2025-04-21 12:35:36.987519+00,7398.75,61.09,5851,35:35.4,
4968,2025-04-21 12:35:25.406713+00,7457.5,61.33,5850,35:23.8,
4967,2025-04-21 12:35:13.801547+00,7155,61.45,5849,35:12.2,
4966,2025-04-21 12:35:02.20272+00,7531.25,61.58,5848,35:00.6,
4965,2025-04-21 12:34:50.572884+00,7732.5,61.58,5847,34:49.0,
4964,2025-04-21 12:34:38.937555+00,7590,61.58,5846,34:37.4,
4963,2025-04-21 12:34:27.333965+00,7745,61.58,5845,34:25.8,
4962,2025-04-21 12:34:15.765899+00,7677.5,61.7,5844,34:14.2,
4961,2025-04-21 12:34:04.177589+00,7798.75,61.7,5843,34:02.6,
4960,2025-04-21 12:33:52.5885+00,7851.25,61.45,5842,33:51.0,
4959,2025-04-21 12:33:40.975157+00,7397.5,61.45,5841,33:39.4,
4958,2025-04-21 12:33:29.352568+00,7737.5,61.45,5840,33:27.8,
4957,2025-04-21 12:33:17.742584+00,7386.25,61.7,5839,33:16.2,
4956,2025-04-21 12:33:06.134813+00,7461.25,61.82,5838,33:04.6,
4955,2025-04-21 12:32:54.53769+00,7376.25,61.7,5837,32:53.0,
4954,2025-04-21 12:32:42.929505+00,7645,61.7,5836,32:41.4,
4953,2025-04-21 12:32:31.341001+00,7405,61.7,5835,32:29.8,
4952,2025-04-21 12:32:19.735857+00,7485,61.09,5834,32:18.2,
4951,2025-04-21 12:32:08.148655+00,7408.75,60.97,5833,32:06.6,
4950,2025-04-21 12:31:56.553551+00,7292.5,61.09,5832,31:55.0,
4949,2025-04-21 12:31:44.928365+00,7508.75,61.33,5831,31:43.4,
4948,2025-04-21 12:31:33.338941+00,7343.75,61.21,5830,31:31.7,
4947,2025-04-21 12:31:21.720926+00,7555,61.33,5829,31:20.1,
4946,2025-04-21 12:31:10.074611+00,7602.5,61.33,5828,31:08.5,
4945,2025-04-21 12:30:58.473325+00,7651.25,61.33,5827,30:56.9,
4944,2025-04-21 12:30:46.853782+00,7245,61.58,5826,30:45.3,
4943,2025-04-21 12:30:35.267278+00,7265,61.33,5825,30:33.7,
4942,2025-04-21 12:30:23.656212+00,7527.5,61.33,5824,30:22.1,
4941,2025-04-21 12:30:12.054134+00,7693.75,61.33,5823,30:10.5,
4940,2025-04-21 12:30:00.43987+00,7372.5,61.33,5822,29:58.9,
4939,2025-04-21 12:29:48.864846+00,7351.25,61.45,5821,29:47.3,
4938,2025-04-21 12:29:37.253469+00,7356.25,61.45,5820,29:35.7,
4937,2025-04-21 12:29:25.638479+00,6517.5,61.21,5819,29:24.1,
4936,2025-04-21 12:29:14.054988+00,7552.5,61.45,5818,29:12.5,
4935,2025-04-21 12:29:02.442222+00,7313.75,61.21,5817,29:00.9,
4934,2025-04-21 12:28:50.853174+00,7306.25,61.33,5816,28:49.3,
4933,2025-04-21 12:28:39.247468+00,7595,61.58,5815,28:37.7,
4932,2025-04-21 12:28:27.619786+00,7530,61.33,5814,28:26.0,
4931,2025-04-21 12:28:16.008742+00,7536.25,60.97,5813,28:14.4,
4930,2025-04-21 12:28:04.407062+00,7422.5,61.33,5812,28:02.9,
4929,2025-04-21 12:27:52.837683+00,7660,61.45,5811,27:51.3,
4928,2025-04-21 12:27:41.257806+00,7473.75,61.33,5810,27:39.7,
4927,2025-04-21 12:27:29.639351+00,7736.25,61.33,5809,27:28.0,
4926,2025-04-21 12:27:18.004053+00,7215,61.58,5808,27:16.4,
4925,2025-04-21 12:27:06.410769+00,7495,61.45,5807,27:04.8,
4924,2025-04-21 12:26:54.778356+00,7202.5,61.45,5806,26:53.2,
4923,2025-04-21 12:26:43.207785+00,7262.5,61.58,5805,26:41.6,
4922,2025-04-21 12:26:31.59498+00,7385,61.58,5804,26:30.0,
4921,2025-04-21 12:26:19.98975+00,7385,61.7,5803,26:18.4,
4920,2025-04-21 12:26:08.380107+00,6991.25,61.7,5802,26:06.8,
4919,2025-04-21 12:25:56.798735+00,7330,61.58,5801,25:55.2,
4918,2025-04-21 12:25:45.203485+00,7218.75,61.58,5800,25:43.7,
4917,2025-04-21 12:25:33.626582+00,7443.75,61.58,5799,25:32.0,
4916,2025-04-21 12:25:22.007826+00,7443.75,61.09,5798,25:20.4,
4915,2025-04-21 12:25:10.396558+00,7522.5,61.82,5797,25:08.8,
4914,2025-04-21 12:24:58.818722+00,7497.5,61.82,5796,24:57.2,
4913,2025-04-21 12:24:47.179634+00,7765,61.58,5795,24:45.6,
4912,2025-04-21 12:24:35.541793+00,7581.25,61.45,5794,24:34.0,
4911,2025-04-21 12:24:23.952768+00,7526.25,61.82,5793,24:22.4,
4910,2025-04-21 12:24:12.358057+00,7461.25,61.94,5792,24:10.8,
4909,2025-04-21 12:24:00.778739+00,7241.25,61.58,5791,23:59.2,
4908,2025-04-21 12:23:49.192964+00,7388.75,61.45,5790,23:47.6,
4907,2025-04-21 12:23:37.54291+00,7401.25,61.7,5789,23:36.0,
4906,2025-04-21 12:23:25.933038+00,7366.25,61.94,5788,23:24.4,
4905,2025-04-21 12:23:14.333137+00,7396.25,61.82,5787,23:12.8,
4904,2025-04-21 12:23:02.722698+00,7278.75,61.7,5786,23:01.1,
4903,2025-04-21 12:22:51.141656+00,7372.5,61.58,5785,22:49.5,
4902,2025-04-21 12:22:39.511963+00,7187.5,61.58,5784,22:37.9,
4901,2025-04-21 12:22:27.893128+00,7441.25,61.21,5783,22:26.3,
4900,2025-04-21 12:22:16.300377+00,7123.75,61.21,5782,22:14.7,
4899,2025-04-21 12:22:04.693924+00,7573.75,61.33,5781,22:03.1,
4898,2025-04-21 12:21:53.102432+00,7090,61.58,5780,21:51.5,
4897,2025-04-21 12:21:41.510146+00,7312.5,61.62,5779,21:39.9,
4896,2025-04-21 12:21:29.923576+00,7458.75,61.58,5778,21:28.3,
4895,2025-04-21 12:21:18.328506+00,7397.5,61.45,5777,21:16.7,
4894,2025-04-21 12:21:06.707498+00,7112.5,61.7,5776,21:05.1,
4893,2025-04-21 12:20:55.077432+00,7280,61.7,5775,20:53.4,
4892,2025-04-21 12:20:43.444955+00,7427.5,61.58,5774,20:41.8,
4891,2025-04-21 12:20:31.831362+00,7443.75,61.58,5773,20:30.2,
4890,2025-04-21 12:20:20.207215+00,7448.75,61.58,5772,20:18.6,
4889,2025-04-21 12:20:08.600825+00,7530,61.45,5771,20:07.0,
4888,2025-04-21 12:19:56.994237+00,7698.75,61.58,5770,19:55.4,
4887,2025-04-21 12:19:45.373437+00,7541.25,61.58,5769,19:43.7,
4886,2025-04-21 12:19:33.672618+00,7407.5,61.45,5768,19:32.0,
4885,2025-04-21 12:19:22.037706+00,7406.25,61.33,5767,19:20.4,
4884,2025-04-21 12:19:10.436077+00,7195,61.33,5766,19:08.8,
4883,2025-04-21 12:18:58.793638+00,7180,61.33,5765,18:57.2,
4882,2025-04-21 12:18:47.208942+00,7346.25,61.33,5764,18:45.6,
4881,2025-04-21 12:18:35.413313+00,7152.5,61.21,5763,18:33.8,
4880,2025-04-21 12:18:23.802804+00,7383.75,61.58,5762,18:22.2,
4879,2025-04-21 12:18:12.197117+00,7448.75,61.21,5761,18:10.6,
4878,2025-04-21 12:18:00.578715+00,7481.25,61.09,5760,17:58.9,
4877,2025-04-21 12:17:48.874957+00,7441.25,61.33,5759,17:47.3,
4876,2025-04-21 12:17:37.304116+00,7507.5,61.33,5758,17:35.7,
4875,2025-04-21 12:17:25.546358+00,7428.75,61.33,5757,17:23.9,
4874,2025-04-21 12:17:13.923734+00,7512.5,61.33,5756,17:12.3,
4873,2025-04-21 12:17:02.329904+00,7265,61.33,5755,17:00.7,
4872,2025-04-21 12:16:50.759467+00,7426.25,61.21,5754,16:49.1,
4871,2025-04-21 12:16:39.15833+00,7601.25,61.21,5753,16:37.5,
4870,2025-04-21 12:16:27.561009+00,7463.75,61.33,5752,16:26.0,
4869,2025-04-21 12:16:15.971103+00,7336.25,61.45,5751,16:14.3,
4868,2025-04-21 12:16:04.300178+00,7372.5,61.45,5750,16:02.7,
4867,2025-04-21 12:15:52.708558+00,7311.25,61.09,5749,15:51.1,
4866,2025-04-21 12:15:41.121317+00,6998.75,60.85,5748,15:39.5,
4865,2025-04-21 12:15:29.512836+00,7426.25,60.97,5747,15:27.9,
4864,2025-04-21 12:15:17.892907+00,7315,60.97,5746,15:16.3,
4863,2025-04-21 12:15:06.277213+00,7275,60.85,5745,15:04.7,
4862,2025-04-21 12:14:54.677785+00,7282.5,61.09,5744,14:53.1,
4861,2025-04-21 12:14:43.098355+00,7503.75,61.21,5743,14:41.5,
4860,2025-04-21 12:14:31.508566+00,7300,61.09,5742,14:29.8,
4859,2025-04-21 12:14:19.766507+00,7356.25,61.58,5741,14:18.2,
4858,2025-04-21 12:14:08.166401+00,7341.25,61.09,5740,14:06.5,
4857,2025-04-21 12:13:56.522854+00,7235,61.33,5739,13:54.9,
4856,2025-04-21 12:13:44.89684+00,6892.5,60.73,5738,13:43.3,
4855,2025-04-21 12:13:33.321919+00,7608.75,61.33,5737,13:31.7,
4854,2025-04-21 12:13:21.70822+00,7348.75,60.97,5736,13:20.1,
4853,2025-04-21 12:13:10.072903+00,7381.25,61.45,5735,13:08.5,
4852,2025-04-21 12:12:58.477455+00,7262.5,61.21,5734,12:56.9,
4851,2025-04-21 12:12:46.897288+00,7415,61.09,5733,12:45.2,
4850,2025-04-21 12:12:35.204783+00,7158.75,61.21,5732,12:33.6,
4849,2025-04-21 12:12:23.596413+00,7178.75,61.21,5731,12:22.0,
4848,2025-04-21 12:12:12.007991+00,7451.25,61.09,5730,12:10.4,
4847,2025-04-21 12:12:00.386226+00,7313.75,61.09,5729,11:58.8,
4846,2025-04-21 12:11:48.767851+00,7390,61.09,5728,11:47.2,
4845,2025-04-21 12:11:37.201089+00,7457.5,61.09,5727,11:35.6,
4844,2025-04-21 12:11:25.617899+00,7316.25,60.97,5726,11:24.0,
4843,2025-04-21 12:11:14.031304+00,7351.25,61.09,5725,11:12.4,
4842,2025-04-21 12:11:02.399505+00,7626.25,61.33,5724,11:00.7,
4841,2025-04-21 12:10:50.692918+00,7546.25,61.33,5723,10:49.1,
4840,2025-04-21 12:10:39.131425+00,7267.5,61.45,5722,10:37.5,
4839,2025-04-21 12:10:27.539796+00,7692.5,61.58,5721,10:25.9,
4838,2025-04-21 12:10:15.944039+00,7583.75,61.33,5720,10:14.3,
4837,2025-04-21 12:10:04.333684+00,7522.5,61.33,5719,10:02.7,
4836,2025-04-21 12:09:52.665683+00,7381.25,61.58,5718,09:51.0,
4835,2025-04-21 12:09:41.032916+00,7602.5,61.21,5717,09:39.4,
4834,2025-04-21 12:09:29.449489+00,7498.75,60.97,5716,09:27.8,
4833,2025-04-21 12:09:17.839202+00,7405,60.61,5715,09:16.2,
4832,2025-04-21 12:09:06.189631+00,7386.25,60.97,5714,09:04.6,
4831,2025-04-21 12:08:54.593841+00,7683.75,60.85,5713,08:53.0,
4830,2025-04-21 12:08:42.980789+00,7312.5,61.09,5712,08:41.4,
4829,2025-04-21 12:08:31.362864+00,7497.5,61.33,5711,08:29.7,
4828,2025-04-21 12:08:19.72995+00,7566.25,61.58,5710,08:18.1,
4827,2025-04-21 12:08:08.151947+00,7726.25,62.18,5709,08:06.5,
4826,2025-04-21 12:07:56.537052+00,7272.5,61.7,5708,07:54.9,
4825,2025-04-21 12:07:44.919317+00,7287.5,61.33,5707,07:43.3,
4824,2025-04-21 12:07:33.32695+00,7568.75,61.09,5706,07:31.6,
4823,2025-04-21 12:07:21.629872+00,7461.25,61.33,5705,07:20.0,
4822,2025-04-21 12:07:10.05999+00,7270,61.58,5704,07:08.4,
4821,2025-04-21 12:06:58.455823+00,7458.75,61.58,5703,06:56.9,
4820,2025-04-21 12:06:46.881651+00,7590,61.45,5702,06:45.3,
4819,2025-04-21 12:06:35.279714+00,7336.25,61.21,5701,06:33.6,
4818,2025-04-21 12:06:23.653402+00,7241.25,61.21,5700,06:22.1,
4817,2025-04-21 12:06:12.072275+00,7698.75,61.33,5699,06:10.4,
4816,2025-04-21 12:06:00.435516+00,7737.5,61.33,5698,05:58.8,
4815,2025-04-21 12:05:48.818585+00,7713.75,61.45,5697,05:47.1,
4814,2025-04-21 12:05:37.126412+00,7512.5,61.09,5696,05:35.5,
4813,2025-04-21 12:05:25.512209+00,7458.75,61.09,5695,05:23.9,
4812,2025-04-21 12:05:13.929599+00,7416.25,61.21,5694,05:12.3,
4811,2025-04-21 12:05:02.321847+00,7440,61.33,5693,05:00.7,
4810,2025-04-21 12:04:50.705133+00,7588.75,61.33,5692,04:49.1,
4809,2025-04-21 12:04:39.10497+00,7636.25,61.21,5691,04:37.5,
4808,2025-04-21 12:04:27.464688+00,7233.75,61.21,5690,04:25.9,
4807,2025-04-21 12:04:15.859775+00,7267.5,61.21,5689,04:14.2,
4806,2025-04-21 12:04:04.2254+00,7438.75,61.21,5688,04:02.5,
4805,2025-04-21 12:03:52.551686+00,7168.75,60.97,5687,03:50.9,
4804,2025-04-21 12:03:40.932372+00,7196.25,61.09,5686,03:39.3,
4803,2025-04-21 12:03:29.317322+00,7385,61.33,5685,03:27.7,
4802,2025-04-21 12:03:17.727234+00,7140,60.97,5684,03:16.1,
4801,2025-04-21 12:03:06.120643+00,7087.5,60.73,5683,03:04.5,
4800,2025-04-21 12:02:54.515427+00,7620,60.85,5682,02:52.9,
4799,2025-04-21 12:02:42.900952+00,7370,60.48,5681,02:41.2,
4798,2025-04-21 12:02:31.241874+00,7473.75,60.61,5680,02:29.6,
4797,2025-04-21 12:02:19.598701+00,7675,60,5679,02:17.9,
4796,2025-04-21 12:02:07.885113+00,7531.25,60.12,5678,02:06.3,
4795,2025-04-21 12:01:56.29485+00,7235,60.24,5677,01:54.6,
4794,2025-04-21 12:01:44.638887+00,7617.5,60.48,5676,01:43.0,
4793,2025-04-21 12:01:33.022285+00,7605,60.73,5675,01:31.4,
4792,2025-04-21 12:01:21.388667+00,7706.25,60.42,5674,01:19.7,
4791,2025-04-21 12:01:09.73102+00,7858.75,61.21,5673,01:08.1,
4790,2025-04-21 12:00:58.071247+00,7778.75,60.36,5672,00:56.5,
4789,2025-04-21 12:00:46.465545+00,7586.25,60.36,5671,00:44.8,
4788,2025-04-21 12:00:34.851196+00,7642.5,60.61,5670,00:33.2,
4787,2025-04-21 12:00:23.164014+00,7736.25,60.36,5669,00:21.5,
4786,2025-04-21 12:00:11.511431+00,7728.75,60.73,5668,00:09.9,
4785,2025-04-21 11:59:59.882626+00,7995,60.61,5667,59:58.3,
4784,2025-04-21 11:59:48.285473+00,7481.25,60.36,5666,59:46.7,
4783,2025-04-21 11:59:36.710138+00,7590,60.12,5665,59:35.1,
4782,2025-04-21 11:59:25.07495+00,7553.75,60.24,5664,59:23.4,
4781,2025-04-21 11:59:13.446388+00,7406.25,60.48,5663,59:11.8,
4780,2025-04-21 11:59:01.83481+00,7611.25,60.36,5662,59:00.2,
4779,2025-04-21 11:58:50.220392+00,7603.75,60.48,5661,58:48.5,
4778,2025-04-21 11:58:38.542003+00,7656.25,60.12,5660,58:36.9,
4777,2025-04-21 11:58:26.9299+00,7628.75,60.61,5659,58:25.3,
4776,2025-04-21 11:58:15.319278+00,7493.75,60.48,5658,58:13.7,
4775,2025-04-21 11:58:03.727639+00,7467.5,60.24,5657,58:02.1,
4774,2025-04-21 11:57:52.100098+00,7333.75,60,5656,57:50.5,
4773,2025-04-21 11:57:40.497119+00,7432.5,60.61,5655,57:38.9,
4772,2025-04-21 11:57:28.930544+00,7670,60.12,5654,57:27.3,
4771,2025-04-21 11:57:17.347008+00,7503.75,60.36,5653,57:15.7,
4770,2025-04-21 11:57:05.712388+00,7371.25,60.12,5652,57:04.0,
4769,2025-04-21 11:56:54.013828+00,7461.25,60.12,5651,56:52.4,
4768,2025-04-21 11:56:42.395843+00,7625,60.12,5650,56:40.8,
4767,2025-04-21 11:56:30.762955+00,7570,60,5649,56:29.2,
4766,2025-04-21 11:56:19.169764+00,7586.25,60.24,5648,56:17.6,
4765,2025-04-21 11:56:07.60011+00,7507.5,60.36,5647,56:06.0,
4764,2025-04-21 11:55:55.969564+00,7465,60.48,5646,55:54.3,
4763,2025-04-21 11:55:44.347551+00,7613.75,60.48,5645,55:42.7,
4762,2025-04-21 11:55:32.743531+00,7625,60.48,5644,55:31.1,
4761,2025-04-21 11:55:21.141886+00,7641.25,60.12,5643,55:19.4,
4760,2025-04-21 11:55:09.420728+00,7576.25,60.36,5642,55:07.8,
4759,2025-04-21 11:54:57.812384+00,7262.5,60.36,5641,54:56.2,
4758,2025-04-21 11:54:46.061929+00,7625,60.12,5640,54:44.4,
4757,2025-04-21 11:54:34.412973+00,7646.25,60.36,5639,54:32.8,
4756,2025-04-21 11:54:22.818308+00,7665,60.24,5638,54:21.2,
4755,2025-04-21 11:54:11.238146+00,7261.25,60.12,5637,54:09.7,
4754,2025-04-21 11:53:59.659501+00,7592.5,60.61,5636,53:58.1,
4753,2025-04-21 11:53:48.070071+00,7713.75,60.48,5635,53:46.5,
4752,2025-04-21 11:53:36.501596+00,7298.75,60.73,5634,53:34.8,
4751,2025-04-21 11:53:24.801618+00,8008.75,60.61,5633,53:23.2,
4750,2025-04-21 11:53:13.206521+00,7530,60.61,5632,53:11.6,
4749,2025-04-21 11:53:01.566025+00,7501.25,60.73,5631,53:00.0,
4748,2025-04-21 11:52:49.968224+00,7556.25,60.61,5630,52:48.4,
4747,2025-04-21 11:52:38.366072+00,7532.5,60.36,5629,52:36.8,
4746,2025-04-21 11:52:26.772783+00,7485,60.61,5628,52:25.2,
4745,2025-04-21 11:52:15.193164+00,7291.25,60.73,5627,52:13.6,
4744,2025-04-21 11:52:03.621721+00,7350,60.48,5626,52:02.0,
4743,2025-04-21 11:51:51.991222+00,7462.5,60.73,5625,51:50.4,
4742,2025-04-21 11:51:40.388614+00,7415,60.48,5624,51:38.8,
4741,2025-04-21 11:51:28.789506+00,7336.25,60.36,5623,51:27.2,
4740,2025-04-21 11:51:17.170718+00,7768.75,60.73,5622,51:15.6,
4739,2025-04-21 11:51:05.565749+00,7387.5,60.48,5621,51:04.0,
4738,2025-04-21 11:50:53.966043+00,7282.5,60.24,5620,50:52.4,
4737,2025-04-21 11:50:42.388991+00,7683.75,60.36,5619,50:40.8,
4736,2025-04-21 11:50:30.807135+00,7803.75,60.36,5618,50:29.2,
4735,2025-04-21 11:50:19.215366+00,7677.5,60.36,5617,50:17.6,
4734,2025-04-21 11:50:07.619945+00,7557.5,60.73,5616,50:06.0,
4733,2025-04-21 11:49:56.036472+00,7162.5,60.61,5615,49:54.4,
4732,2025-04-21 11:49:44.44062+00,7650,60.85,5614,49:42.8,
4731,2025-04-21 11:49:32.833489+00,7738.75,60.48,5613,49:31.2,
4730,2025-04-21 11:49:21.206475+00,7186.25,60.36,5612,49:19.6,
4729,2025-04-21 11:49:09.593726+00,7557.5,60.48,5611,49:08.0,
4728,2025-04-21 11:48:57.960455+00,7787.5,60.36,5610,48:56.2,
4727,2025-04-21 11:48:46.235876+00,7588.75,60.48,5609,48:44.6,
4726,2025-04-21 11:48:34.624387+00,7893.75,60.48,5608,48:32.9,
4725,2025-04-21 11:48:22.906221+00,7400,60.48,5607,48:21.3,
4724,2025-04-21 11:48:11.326223+00,7545,60.24,5606,48:09.7,
4723,2025-04-21 11:47:59.656205+00,7317.5,60.61,5605,47:58.0,
4722,2025-04-21 11:47:48.036725+00,8032.5,60.61,5604,47:46.4,
4721,2025-04-21 11:47:36.430612+00,7751.25,60.85,5603,47:34.7,
4720,2025-04-21 11:47:24.704562+00,7497.5,60.85,5602,47:23.1,
4719,2025-04-21 11:47:13.070996+00,7881.25,60.73,5601,47:11.5,
4718,2025-04-21 11:47:01.473971+00,7826.25,60.36,5600,46:59.9,
4717,2025-04-21 11:46:49.856059+00,7401.25,60.48,5599,46:48.2,
4716,2025-04-21 11:46:38.178004+00,7572.5,60.61,5598,46:36.6,
4715,2025-04-21 11:46:26.576502+00,7423.75,60.36,5597,46:25.0,
4714,2025-04-21 11:46:14.961991+00,7521.25,60.36,5596,46:13.4,
4713,2025-04-21 11:46:03.367785+00,7846.25,60.48,5595,46:01.8,
4712,2025-04-21 11:45:51.757885+00,7927.5,60.48,5594,45:50.1,
4711,2025-04-21 11:45:40.120987+00,7573.75,60.48,5593,45:38.5,
4710,2025-04-21 11:45:28.539171+00,7810,60.48,5592,45:26.9,
4709,2025-04-21 11:45:16.924343+00,7327.5,61.21,5591,45:15.3,
4708,2025-04-21 11:45:05.309317+00,7408.75,61.21,5590,45:03.7,
4707,2025-04-21 11:44:53.64462+00,7355,61.58,5589,44:52.0,
4706,2025-04-21 11:44:42.01464+00,7711.25,61.58,5588,44:40.4,
4705,2025-04-21 11:44:30.38339+00,7733.75,61.7,5587,44:28.8,
4704,2025-04-21 11:44:18.789714+00,7267.5,61.45,5586,44:17.2,
4703,2025-04-21 11:44:07.184283+00,7657.5,61.58,5585,44:05.6,
4702,2025-04-21 11:43:55.43674+00,7178.75,61.7,5584,43:53.9,
4701,2025-04-21 11:43:43.843716+00,7117.5,61.58,5583,43:42.3,
4700,2025-04-21 11:43:32.259519+00,7410,61.45,5582,43:30.7,
4699,2025-04-21 11:43:20.648773+00,7697.5,61.21,5581,43:18.8,
4698,2025-04-21 11:43:08.840218+00,7578.75,61.7,5580,43:07.3,
4697,2025-04-21 11:42:57.275023+00,7221.25,61.45,5579,42:55.6,
4696,2025-04-21 11:42:45.642797+00,7307.5,61.45,5578,42:44.0,
4695,2025-04-21 11:42:34.028853+00,7537.5,61.82,5577,42:32.4,
4694,2025-04-21 11:42:22.366022+00,7611.25,61.94,5576,42:20.8,
4693,2025-04-21 11:42:10.756106+00,7176.25,61.82,5575,42:09.1,
4692,2025-04-21 11:41:59.118162+00,7565,62.06,5574,41:57.5,
4691,2025-04-21 11:41:47.535913+00,7475,62.18,5573,41:46.0,
4690,2025-04-21 11:41:35.953614+00,7551.25,62.18,5572,41:34.3,
4689,2025-04-21 11:41:24.294495+00,7453.75,62.06,5571,41:22.7,
4688,2025-04-21 11:41:12.686616+00,7525,62.06,5570,41:11.1,
4687,2025-04-21 11:41:01.086588+00,7650,61.94,5569,40:59.5,
4686,2025-04-21 11:40:49.461628+00,7252.5,62.06,5568,40:47.9,
4685,2025-04-21 11:40:37.867301+00,7558.75,62.06,5567,40:36.2,
4684,2025-04-21 11:40:26.225013+00,7408.75,61.82,5566,40:24.6,
4683,2025-04-21 11:40:14.583547+00,7503.75,61.82,5565,40:13.0,
4682,2025-04-21 11:40:02.986584+00,7491.25,61.82,5564,40:01.4,
4681,2025-04-21 11:39:51.381577+00,7386.25,61.94,5563,39:49.8,
4680,2025-04-21 11:39:39.762044+00,7465,61.82,5562,39:38.2,
4679,2025-04-21 11:39:28.197139+00,7442.5,61.94,5561,39:26.6,
4678,2025-04-21 11:39:16.591932+00,7591.25,61.82,5560,39:15.0,
4677,2025-04-21 11:39:04.994651+00,7628.75,61.7,5559,39:03.4,
4676,2025-04-21 11:38:53.386151+00,7565,61.94,5558,38:51.8,
4675,2025-04-21 11:38:41.775816+00,7361.25,62.06,5557,38:40.2,
4674,2025-04-21 11:38:30.188529+00,7313.75,61.82,5556,38:28.6,
4673,2025-04-21 11:38:18.55658+00,7595,62.06,5555,38:17.0,
4672,2025-04-21 11:38:06.94794+00,7513.75,61.94,5554,38:05.4,
4671,2025-04-21 11:37:55.354352+00,7098.75,61.82,5553,37:53.8,
4670,2025-04-21 11:37:43.75578+00,7570,61.7,5552,37:42.1,
4669,2025-04-21 11:37:32.063735+00,7713.75,62.06,5551,37:30.5,
4668,2025-04-21 11:37:20.485366+00,7462.5,61.82,5550,37:18.9,
4667,2025-04-21 11:37:08.895945+00,7605,61.94,5549,37:07.2,
4666,2025-04-21 11:36:57.235389+00,7376.25,62.06,5548,36:55.6,
4665,2025-04-21 11:36:45.626785+00,7506.25,62.06,5547,36:44.1,
4664,2025-04-21 11:36:34.050278+00,7646.25,61.94,5546,36:32.5,
4663,2025-04-21 11:36:22.460706+00,7142.5,61.94,5545,36:20.9,
4662,2025-04-21 11:36:10.847906+00,7561.25,61.94,5544,36:09.3,
4661,2025-04-21 11:35:59.26591+00,7556.25,61.7,5543,35:57.7,
4660,2025-04-21 11:35:47.672346+00,7210,61.58,5542,35:46.1,
4659,2025-04-21 11:35:36.057603+00,7382.5,61.58,5541,35:34.5,
4658,2025-04-21 11:35:24.461089+00,7328.75,61.58,5540,35:22.9,
4657,2025-04-21 11:35:12.88709+00,7350,61.94,5539,35:11.3,
4656,2025-04-21 11:35:01.254414+00,7145,61.45,5538,34:59.7,
4655,2025-04-21 11:34:49.644013+00,7107.5,61.58,5537,34:48.1,
4654,2025-04-21 11:34:38.049062+00,7383.75,61.58,5536,34:36.5,
4653,2025-04-21 11:34:26.472726+00,7673.75,61.45,5535,34:24.9,
4652,2025-04-21 11:34:14.852732+00,7043.75,61.58,5534,34:13.3,
4651,2025-04-21 11:34:03.246856+00,6776.25,61.45,5533,34:01.7,
4650,2025-04-21 11:33:51.642111+00,7428.75,61.45,5532,33:50.0,
4649,2025-04-21 11:33:40.01393+00,7223.75,61.58,5531,33:38.4,
4648,2025-04-21 11:33:28.393415+00,7276.25,61.58,5530,33:26.8,
4647,2025-04-21 11:33:16.790901+00,7616.25,61.82,5529,33:15.2,
4646,2025-04-21 11:33:05.198776+00,7528.75,61.7,5528,33:03.6,
4645,2025-04-21 11:32:53.617533+00,7722.5,61.94,5527,32:52.1,
4644,2025-04-21 11:32:42.047234+00,7563.75,61.7,5526,32:40.5,
4643,2025-04-21 11:32:30.452699+00,7766.25,61.94,5525,32:28.8,
4642,2025-04-21 11:32:18.832636+00,7428.75,61.82,5524,32:17.2,
4641,2025-04-21 11:32:07.223107+00,7683.75,61.82,5523,32:05.6,
4640,2025-04-21 11:31:55.629349+00,7443.75,61.7,5522,31:54.0,
4639,2025-04-21 11:31:44.014942+00,7417.5,61.58,5521,31:42.4,
4638,2025-04-21 11:31:32.3928+00,7388.75,61.45,5520,31:30.8,
4637,2025-04-21 11:31:20.779679+00,7408.75,61.33,5519,31:19.2,
4636,2025-04-21 11:31:09.175397+00,7530,61.33,5518,31:07.6,
4635,2025-04-21 11:30:57.546323+00,7462.5,61.45,5517,30:56.0,
4634,2025-04-21 11:30:45.94194+00,7506.25,61.33,5516,30:44.4,
4633,2025-04-21 11:30:34.316076+00,7556.25,61.45,5515,30:32.7,
4632,2025-04-21 11:30:22.725947+00,7461.25,61.33,5514,30:21.2,
4631,2025-04-21 11:30:11.148971+00,7462.5,61.33,5513,30:09.6,
4630,2025-04-21 11:29:59.544434+00,7397.5,61.45,5512,29:58.0,
4629,2025-04-21 11:29:47.942813+00,7605,61.45,5511,29:46.3,
4628,2025-04-21 11:29:36.336369+00,7488.75,61.45,5510,29:34.7,
4627,2025-04-21 11:29:24.732775+00,7405,61.58,5509,29:23.1,
4626,2025-04-21 11:29:13.106921+00,7648.75,61.33,5508,29:11.5,
4625,2025-04-21 11:29:01.52033+00,7328.75,61.58,5507,28:59.9,
4624,2025-04-21 11:28:49.923802+00,7477.5,61.33,5506,28:48.3,
4623,2025-04-21 11:28:38.306874+00,7365,61.33,5505,28:36.7,
4622,2025-04-21 11:28:26.705388+00,7422.5,61.21,5504,28:25.1,
4621,2025-04-21 11:28:15.073946+00,7602.5,60.97,5503,28:13.5,
4620,2025-04-21 11:28:03.43736+00,7355,61.33,5502,28:01.9,
4619,2025-04-21 11:27:51.847099+00,7366.25,61.09,5501,27:50.3,
4618,2025-04-21 11:27:40.251972+00,7650,61.45,5500,27:38.7,
4617,2025-04-21 11:27:28.664115+00,7611.25,61.33,5499,27:27.1,
4616,2025-04-21 11:27:17.080406+00,7638.75,61.09,5498,27:15.5,
4615,2025-04-21 11:27:05.486333+00,7240,60.85,5497,27:03.9,
4614,2025-04-21 11:26:53.887612+00,7265,60.73,5496,26:52.3,
4613,2025-04-21 11:26:42.287282+00,7353.75,60.61,5495,26:40.7,
4612,2025-04-21 11:26:30.683702+00,7538.75,60.73,5494,26:29.1,
4611,2025-04-21 11:26:19.09386+00,7693.75,60.48,5493,26:17.5,
4610,2025-04-21 11:26:07.480203+00,7613.75,60.36,5492,26:05.9,
4609,2025-04-21 11:25:55.902953+00,7693.75,60.61,5491,25:54.3,
4608,2025-04-21 11:25:44.287894+00,7565,60.73,5490,25:42.7,
4607,2025-04-21 11:25:32.7011+00,7766.25,60.73,5489,25:31.1,
4606,2025-04-21 11:25:21.07352+00,7577.5,60.85,5488,25:19.5,
4605,2025-04-21 11:25:09.470069+00,7591.25,60.97,5487,25:07.8,
4604,2025-04-21 11:24:57.824004+00,7720,60.73,5486,24:56.2,
4603,2025-04-21 11:24:46.224496+00,7695,60.85,5485,24:44.7,
4602,2025-04-21 11:24:34.640262+00,7825,60.73,5484,24:33.1,
4601,2025-04-21 11:24:23.03028+00,7652.5,60.61,5483,24:21.4,
4600,2025-04-21 11:24:11.423772+00,7703.75,60.48,5482,24:09.8,
4599,2025-04-21 11:23:59.801625+00,7442.5,60.36,5481,23:58.2,
4598,2025-04-21 11:23:48.18868+00,7870,60.73,5480,23:46.6,
4597,2025-04-21 11:23:36.575487+00,7541.25,60.24,5479,23:35.0,
4596,2025-04-21 11:23:24.959183+00,7597.5,60.61,5478,23:23.3,
4595,2025-04-21 11:23:13.316017+00,7850,60.73,5477,23:11.7,
4594,2025-04-21 11:23:01.734496+00,7381.25,60.61,5476,23:00.1,
4593,2025-04-21 11:22:50.134456+00,7738.75,60.97,5475,22:48.5,
4592,2025-04-21 11:22:38.538991+00,7765,60.36,5474,22:36.9,
4591,2025-04-21 11:22:26.943321+00,7605,60.48,5473,22:25.3,
4590,2025-04-21 11:22:15.358905+00,7586.25,60.61,5472,22:13.7,
4589,2025-04-21 11:22:03.758619+00,7283.75,60.61,5471,22:02.1,
4588,2025-04-21 11:21:52.148043+00,7677.5,60.12,5470,21:50.5,
4587,2025-04-21 11:21:40.538059+00,7505,60.36,5469,21:38.9,
4586,2025-04-21 11:21:28.935724+00,7635,60.24,5468,21:27.3,
4585,2025-04-21 11:21:17.328844+00,7422.5,60.12,5467,21:15.7,
4584,2025-04-21 11:21:05.731982+00,7613.75,60.36,5466,21:04.1,
4583,2025-04-21 11:20:54.14575+00,7541.25,60.12,5465,20:52.5,
4582,2025-04-21 11:20:42.509143+00,7678.75,60.12,5464,20:40.8,
4581,2025-04-21 11:20:30.862509+00,7517.5,60.24,5463,20:29.2,
4580,2025-04-21 11:20:19.273743+00,7500,60.36,5462,20:17.6,
4579,2025-04-21 11:20:07.65034+00,7761.25,60.36,5461,20:06.0,
4578,2025-04-21 11:19:56.054361+00,7735,60.48,5460,19:54.4,
4577,2025-04-21 11:19:44.425126+00,7711.25,60.48,5459,19:42.8,
4576,2025-04-21 11:19:32.855707+00,7472.5,60.97,5458,19:31.2,
4575,2025-04-21 11:19:21.237638+00,7365,60.73,5457,19:19.6,
4574,2025-04-21 11:19:09.61001+00,7512.5,60.61,5456,19:08.0,
4573,2025-04-21 11:18:58.0153+00,7826.25,60.61,5455,18:56.3,
4572,2025-04-21 11:18:46.366385+00,7195,60.73,5454,18:44.7,
4571,2025-04-21 11:18:34.755355+00,7710,60.73,5453,18:33.1,
4570,2025-04-21 11:18:23.129752+00,7731.25,60.97,5452,18:21.5,
4569,2025-04-21 11:18:11.502207+00,7810,60.73,5451,18:09.8,
4568,2025-04-21 11:17:59.876194+00,7840,60.97,5450,17:58.2,
4567,2025-04-21 11:17:48.235225+00,7852.5,60.97,5449,17:46.6,
4566,2025-04-21 11:17:36.656341+00,7963.75,60.97,5448,17:35.0,
4565,2025-04-21 11:17:25.059928+00,7507.5,60.97,5447,17:23.4,
4564,2025-04-21 11:17:13.451013+00,7775,60.97,5446,17:11.8,
4563,2025-04-21 11:17:01.842564+00,7855,60.97,5445,17:00.2,
4562,2025-04-21 11:16:50.225597+00,7640,60.36,5444,16:48.6,
4561,2025-04-21 11:16:38.607976+00,7595,60.36,5443,16:37.0,
4560,2025-04-21 11:16:26.994761+00,7932.5,60.61,5442,16:25.4,
4559,2025-04-21 11:16:15.391698+00,7863.75,60.36,5441,16:13.8,
4558,2025-04-21 11:16:03.794582+00,7767.5,60.24,5440,16:02.2,
4557,2025-04-21 11:15:52.202725+00,7696.25,60.36,5439,15:50.6,
4556,2025-04-21 11:15:40.620498+00,7477.5,60.24,5438,15:39.0,
4555,2025-04-21 11:15:28.997275+00,7556.25,60.61,5437,15:27.4,
4554,2025-04-21 11:15:17.392452+00,7587.5,60.48,5436,15:15.7,
4553,2025-04-21 11:15:05.776439+00,7815,60.48,5435,15:04.2,
4552,2025-04-21 11:14:54.198375+00,7736.25,60.24,5434,14:52.5,
4551,2025-04-21 11:14:42.577292+00,7470,60.36,5433,14:40.9,
4550,2025-04-21 11:14:30.979598+00,7535,60.36,5432,14:29.3,
4549,2025-04-21 11:14:19.374842+00,7685,60.12,5431,14:17.7,
4548,2025-04-21 11:14:07.751195+00,7470,60.12,5430,14:06.1,
4547,2025-04-21 11:13:56.133851+00,7596.25,59.88,5429,13:54.5,
4546,2025-04-21 11:13:44.513662+00,7533.75,60.24,5428,13:42.9,
4545,2025-04-21 11:13:32.898363+00,7490,60.36,5427,13:31.3,
4544,2025-04-21 11:13:21.308781+00,7696.25,60.73,5426,13:19.7,
4543,2025-04-21 11:13:09.704688+00,7652.5,60.36,5425,13:08.1,
4542,2025-04-21 11:12:58.107601+00,7561.25,60.48,5424,12:56.4,
4541,2025-04-21 11:12:46.45831+00,7533.75,60.73,5423,12:44.8,
4540,2025-04-21 11:12:34.855995+00,7453.75,60.85,5422,12:33.2,
4539,2025-04-21 11:12:23.178685+00,7761.25,60.73,5421,12:21.5,
4538,2025-04-21 11:12:11.539426+00,7920,60.73,5420,12:09.9,
4537,2025-04-21 11:11:59.945252+00,7668.75,60.36,5419,11:58.3,
4536,2025-04-21 11:11:48.327335+00,7708.75,60.61,5418,11:46.7,
4535,2025-04-21 11:11:36.730537+00,7537.5,60.48,5417,11:35.1,
4534,2025-04-21 11:11:25.121084+00,7443.75,60.73,5416,11:23.5,
4533,2025-04-21 11:11:13.528237+00,7873.75,60.73,5415,11:11.8,
4532,2025-04-21 11:11:01.853603+00,7510,60.48,5414,11:00.1,
4531,2025-04-21 11:10:50.175199+00,7715,60.24,5413,10:48.5,
4530,2025-04-21 11:10:38.528677+00,7806.25,60.24,5412,10:36.9,
4529,2025-04-21 11:10:26.922692+00,7462.5,60.36,5411,10:25.3,
4528,2025-04-21 11:10:15.313083+00,7530,60.48,5410,10:13.7,
4527,2025-04-21 11:10:03.729467+00,7785,60.61,5409,10:02.1,
4526,2025-04-21 11:09:52.143628+00,7602.5,60.48,5408,09:50.5,
4525,2025-04-21 11:09:40.569712+00,7691.25,60.61,5407,09:38.9,
4524,2025-04-21 11:09:28.961714+00,7435,60.36,5406,09:27.3,
4523,2025-04-21 11:09:17.367326+00,7345,60.36,5405,09:15.7,
4522,2025-04-21 11:09:05.736126+00,7436.25,60.48,5404,09:04.1,
4521,2025-04-21 11:08:54.116956+00,7503.75,60.73,5403,08:52.5,
4520,2025-04-21 11:08:42.510883+00,7543.75,60.61,5402,08:40.9,
4519,2025-04-21 11:08:30.899613+00,7462.5,60.61,5401,08:29.3,
4518,2025-04-21 11:08:19.310979+00,7758.75,60.48,5400,08:17.7,
4517,2025-04-21 11:08:07.734533+00,7643.75,60.85,5399,08:06.1,
4516,2025-04-21 11:07:56.138908+00,7587.5,60.61,5398,07:54.5,
4515,2025-04-21 11:07:44.503139+00,7526.25,60.61,5397,07:42.9,
4514,2025-04-21 11:07:32.889596+00,7510,60.48,5396,07:31.2,
4513,2025-04-21 11:07:21.271842+00,7561.25,60.61,5395,07:19.7,
4512,2025-04-21 11:07:09.683764+00,7552.5,60.48,5394,07:08.0,
4511,2025-04-21 11:06:58.050261+00,7773.75,60.73,5393,06:56.4,
4510,2025-04-21 11:06:46.45537+00,7796.25,60.85,5392,06:44.8,
4509,2025-04-21 11:06:34.864415+00,7713.75,60.97,5391,06:33.2,
4508,2025-04-21 11:06:23.267975+00,7813.75,60.73,5390,06:21.6,
4507,2025-04-21 11:06:11.639675+00,7782.5,60.85,5389,06:10.0,
4506,2025-04-21 11:06:00.025342+00,7755,60.73,5388,05:58.4,
4505,2025-04-21 11:05:48.387266+00,7805,61.14,5387,05:46.7,
4504,2025-04-21 11:05:36.74555+00,7346.25,60.85,5386,05:35.1,
4503,2025-04-21 11:05:25.12992+00,7838.75,60.85,5385,05:23.5,
4502,2025-04-21 11:05:13.501658+00,7872.5,60.97,5384,05:11.8,
4501,2025-04-21 11:05:01.877875+00,7536.25,60.73,5383,05:00.2,
4500,2025-04-21 11:04:50.248087+00,7575,60.85,5382,04:48.6,
4499,2025-04-21 11:04:38.645508+00,7858.75,60.85,5381,04:37.0,
4498,2025-04-21 11:04:27.053361+00,7621.25,60.61,5380,04:25.4,
4497,2025-04-21 11:04:15.441021+00,7435,60.85,5379,04:13.8,
4496,2025-04-21 11:04:03.825574+00,7601.25,60.73,5378,04:02.2,
4495,2025-04-21 11:03:52.231075+00,7648.75,60.61,5377,03:50.6,
4494,2025-04-21 11:03:40.613532+00,7998.75,60.85,5376,03:38.9,
4493,2025-04-21 11:03:28.959799+00,7561.25,60.24,5375,03:27.3,
4492,2025-04-21 11:03:17.357026+00,7603.75,60.48,5374,03:15.7,
4491,2025-04-21 11:03:05.729837+00,7768.75,60.61,5373,03:04.1,
4490,2025-04-21 11:02:54.145845+00,7833.75,60.73,5372,02:52.5,
4489,2025-04-21 11:02:42.526775+00,7806.25,60.48,5371,02:40.9,
4488,2025-04-21 11:02:30.92647+00,7651.25,60.36,5370,02:29.3,
4487,2025-04-21 11:02:19.340656+00,7728.75,60.48,5369,02:17.7,
4486,2025-04-21 11:02:07.73341+00,7425,60.48,5368,02:06.1,
4485,2025-04-21 11:01:56.120402+00,7583.75,60.48,5367,01:54.5,
4484,2025-04-21 11:01:44.50057+00,7710,60.36,5366,01:42.8,
4483,2025-04-21 11:01:32.863295+00,7816.25,60,5365,01:31.2,
4482,2025-04-21 11:01:21.26974+00,7592.5,59.88,5364,01:19.6,
4481,2025-04-21 11:01:09.665251+00,7377.5,60.36,5363,01:08.0,
4480,2025-04-21 11:00:58.060993+00,7880,60.24,5362,00:56.5,
4479,2025-04-21 11:00:46.330794+00,7508.75,60.36,5361,00:44.7,
4478,2025-04-21 11:00:34.723869+00,7495,60.36,5360,00:33.0,
4477,2025-04-21 11:00:23.004678+00,7511.25,60.24,5359,00:21.4,
4476,2025-04-21 11:00:11.394515+00,7537.5,60,5358,00:09.8,
4475,2025-04-21 10:59:59.783788+00,7412.5,60.12,5357,59:58.2,
4474,2025-04-21 10:59:48.200456+00,7428.75,60.12,5356,59:46.6,
4473,2025-04-21 10:59:36.600257+00,7508.75,60.24,5355,59:35.0,
4472,2025-04-21 10:59:25.010943+00,7773.75,60.24,5354,59:23.4,
4471,2025-04-21 10:59:13.404007+00,7650,60.24,5353,59:11.8,
4470,2025-04-21 10:59:01.793718+00,7700,60.48,5352,59:00.2,
4469,2025-04-21 10:58:50.224862+00,7723.75,60.61,5351,58:48.6,
4468,2025-04-21 10:58:38.5988+00,7715,60.48,5350,58:37.0,
4467,2025-04-21 10:58:26.997152+00,7650,60.48,5349,58:25.4,
4466,2025-04-21 10:58:15.384933+00,7593.75,60.48,5348,58:13.8,
4465,2025-04-21 10:58:03.784323+00,7486.25,60.36,5347,58:02.2,
4464,2025-04-21 10:57:52.21275+00,7845,60.36,5346,57:50.6,
4463,2025-04-21 10:57:40.638447+00,7826.25,60,5345,57:39.0,
4462,2025-04-21 10:57:29.030309+00,7590,60.24,5344,57:27.4,
4461,2025-04-21 10:57:17.416003+00,7560,60.24,5343,57:15.8,
4460,2025-04-21 10:57:05.82954+00,7693.75,60.36,5342,57:04.2,
4459,2025-04-21 10:56:54.254772+00,8078.75,60.36,5341,56:52.6,
4458,2025-04-21 10:56:42.669282+00,7533.75,60.36,5340,56:41.1,
4457,2025-04-21 10:56:31.092143+00,7278.75,60,5339,56:29.5,
4456,2025-04-21 10:56:19.486599+00,7556.25,60.48,5338,56:17.8,
4455,2025-04-21 10:56:07.871792+00,7736.25,60.24,5337,56:06.2,
4454,2025-04-21 10:55:56.263984+00,7846.25,60.48,5336,55:54.6,
4453,2025-04-21 10:55:44.6478+00,7841.25,60.24,5335,55:43.0,
4452,2025-04-21 10:55:33.019051+00,7765,60.36,5334,55:31.4,
4451,2025-04-21 10:55:21.429564+00,7633.75,60.61,5333,55:19.8,
4450,2025-04-21 10:55:09.822294+00,7790,60.48,5332,55:08.2,
4449,2025-04-21 10:54:58.194661+00,7721.25,60.61,5331,54:56.6,
4448,2025-04-21 10:54:46.595898+00,7837.5,60.85,5330,54:45.0,
4447,2025-04-21 10:54:35.004243+00,7532.5,60.97,5329,54:33.4,
4446,2025-04-21 10:54:23.409187+00,7691.25,60.97,5328,54:21.8,
4445,2025-04-21 10:54:11.779664+00,7892.5,60.97,5327,54:10.1,
4444,2025-04-21 10:54:00.160572+00,7611.25,60.73,5326,53:58.5,
4443,2025-04-21 10:53:48.538768+00,7687.5,60.97,5325,53:46.9,
4442,2025-04-21 10:53:36.950418+00,7518.75,60.73,5324,53:35.3,
4441,2025-04-21 10:53:25.362262+00,7705,60.85,5323,53:23.8,
4440,2025-04-21 10:53:13.790261+00,7855,60.85,5322,53:12.2,
4439,2025-04-21 10:53:02.182121+00,7725,60.97,5321,53:00.5,
4438,2025-04-21 10:52:50.575325+00,8042.5,61.21,5320,52:49.0,
4437,2025-04-21 10:52:38.983308+00,7807.5,60.61,5319,52:37.4,
4436,2025-04-21 10:52:27.389835+00,7866.25,61.09,5318,52:25.7,
4435,2025-04-21 10:52:15.770694+00,7846.25,61.33,5317,52:14.1,
4434,2025-04-21 10:52:04.13591+00,7640,61.33,5316,52:02.5,
4433,2025-04-21 10:51:52.502964+00,7635,61.7,5315,51:50.9,
4432,2025-04-21 10:51:40.902307+00,7532.5,61.45,5314,51:39.3,
4431,2025-04-21 10:51:29.293627+00,7526.25,61.82,5313,51:27.7,
4430,2025-04-21 10:51:17.728597+00,7667.5,61.58,5312,51:16.1,
4429,2025-04-21 10:51:06.098881+00,7466.25,61.7,5311,51:04.5,
4428,2025-04-21 10:50:54.476989+00,7802.5,61.82,5310,50:52.8,
4427,2025-04-21 10:50:42.846865+00,7762.5,61.7,5309,50:41.2,
4426,2025-04-21 10:50:31.127768+00,7492.5,61.33,5308,50:29.5,
4425,2025-04-21 10:50:19.514753+00,7508.75,61.33,5307,50:17.9,
4424,2025-04-21 10:50:07.920541+00,7708.75,61.7,5306,50:06.3,
4423,2025-04-21 10:49:56.351976+00,7506.25,61.94,5305,49:54.7,
4422,2025-04-21 10:49:44.769211+00,7608.75,62.06,5304,49:43.2,
4421,2025-04-21 10:49:33.184005+00,7592.5,61.94,5303,49:31.6,
4420,2025-04-21 10:49:21.587722+00,7570,61.94,5302,49:20.0,
4419,2025-04-21 10:49:10.00366+00,7566.25,61.94,5301,49:08.4,
4418,2025-04-21 10:48:58.384551+00,7681.25,61.7,5300,48:56.8,
4417,2025-04-21 10:48:46.784899+00,7533.75,61.94,5299,48:45.2,
4416,2025-04-21 10:48:35.180651+00,7548.75,61.7,5298,48:33.5,
4415,2025-04-21 10:48:23.575628+00,7572.5,61.82,5297,48:21.9,
4414,2025-04-21 10:48:11.965522+00,7708.75,61.58,5296,48:10.3,
4413,2025-04-21 10:48:00.330962+00,7835,61.58,5295,47:58.7,
4412,2025-04-21 10:47:48.724811+00,7441.25,61.7,5294,47:47.1,
4411,2025-04-21 10:47:37.106511+00,7691.25,61.94,5293,47:35.5,
4410,2025-04-21 10:47:25.515392+00,7438.75,61.82,5292,47:23.9,
4409,2025-04-21 10:47:13.939083+00,7676.25,61.7,5291,47:12.3,
4408,2025-04-21 10:47:02.335887+00,7672.5,61.94,5290,47:00.7,
4407,2025-04-21 10:46:50.724826+00,7515,62.06,5289,46:49.1,
4406,2025-04-21 10:46:39.137345+00,7440,61.7,5288,46:37.5,
4405,2025-04-21 10:46:27.508102+00,7776.25,61.94,5287,46:25.9,
4404,2025-04-21 10:46:15.932192+00,7693.75,62.18,5286,46:14.3,
4403,2025-04-21 10:46:04.305976+00,7532.5,62.06,5285,46:02.7,
4402,2025-04-21 10:45:52.688895+00,7892.5,62.3,5284,45:51.1,
4401,2025-04-21 10:45:41.089867+00,7720,61.94,5283,45:39.5,
4400,2025-04-21 10:45:29.490753+00,7668.75,61.94,5282,45:27.8,
4399,2025-04-21 10:45:17.858432+00,7575,61.94,5281,45:16.2,
4398,2025-04-21 10:45:06.268978+00,7485,61.94,5280,45:04.7,
4397,2025-04-21 10:44:54.67928+00,7630,62.06,5279,44:53.1,
4396,2025-04-21 10:44:43.106887+00,7737.5,62.18,5278,44:41.5,
4395,2025-04-21 10:44:31.532547+00,7645,62.3,5277,44:29.9,
4394,2025-04-21 10:44:19.9331+00,7243.75,61.94,5276,44:18.3,
4393,2025-04-21 10:44:08.326664+00,7458.75,61.94,5275,44:06.7,
4392,2025-04-21 10:43:56.70119+00,7646.25,61.82,5274,43:55.1,
4391,2025-04-21 10:43:45.079638+00,7476.25,61.94,5273,43:43.5,
4390,2025-04-21 10:43:33.487057+00,7635,62.18,5272,43:31.9,
4389,2025-04-21 10:43:21.880118+00,7733.75,62.18,5271,43:20.2,
4388,2025-04-21 10:43:10.252601+00,7838.75,62.06,5270,43:08.6,
4387,2025-04-21 10:42:58.64329+00,7413.75,62.18,5269,42:57.0,
4386,2025-04-21 10:42:47.071434+00,7886.25,61.94,5268,42:45.5,
4385,2025-04-21 10:42:35.483614+00,7483.75,62.18,5267,42:33.9,
4384,2025-04-21 10:42:23.89377+00,7512.5,62.06,5266,42:22.2,
4383,2025-04-21 10:42:12.25427+00,7698.75,62.06,5265,42:10.6,
4382,2025-04-21 10:42:00.64063+00,7577.5,62.3,5264,41:59.0,
4381,2025-04-21 10:41:49.004317+00,7378.75,62.18,5263,41:47.4,
4380,2025-04-21 10:41:37.389193+00,7366.25,61.94,5262,41:35.7,
4379,2025-04-21 10:41:25.758544+00,7707.5,62.3,5261,41:24.2,
4378,2025-04-21 10:41:14.189342+00,7548.75,62.18,5260,41:12.5,
4377,2025-04-21 10:41:02.564637+00,7727.5,62.18,5259,41:00.9,
4376,2025-04-21 10:40:50.970369+00,7663.75,61.94,5258,40:49.4,
4375,2025-04-21 10:40:39.374023+00,7615,62.06,5257,40:37.8,
4374,2025-04-21 10:40:27.783109+00,7810,62.42,5256,40:26.1,
4373,2025-04-21 10:40:16.153213+00,7421.25,62.18,5255,40:14.6,
4372,2025-04-21 10:40:04.58936+00,7473.75,62.06,5254,40:03.0,
4371,2025-04-21 10:39:52.985271+00,7352.5,62.18,5253,39:51.3,
4370,2025-04-21 10:39:41.367079+00,7943.75,62.06,5252,39:39.8,
4369,2025-04-21 10:39:29.791234+00,7795,61.94,5251,39:28.2,
4368,2025-04-21 10:39:18.199628+00,7435,61.82,5250,39:16.6,
4367,2025-04-21 10:39:06.620212+00,7283.75,61.94,5249,39:05.0,
4366,2025-04-21 10:38:55.018625+00,7538.75,61.94,5248,38:53.4,
4365,2025-04-21 10:38:43.407189+00,7397.5,62.06,5247,38:41.8,
4364,2025-04-21 10:38:31.804153+00,7737.5,62.06,5246,38:30.2,
4363,2025-04-21 10:38:20.173253+00,7728.75,62.06,5245,38:18.5,
4362,2025-04-21 10:38:08.568454+00,7187.5,62.06,5244,38:07.0,
4361,2025-04-21 10:37:56.973436+00,7533.75,62.06,5243,37:55.4,
4360,2025-04-21 10:37:45.399622+00,7408.75,61.94,5242,37:43.8,
4359,2025-04-21 10:37:33.780307+00,7308.75,61.82,5241,37:32.2,
4358,2025-04-21 10:37:22.197089+00,7358.75,61.82,5240,37:20.6,
4357,2025-04-21 10:37:10.592818+00,7340,61.94,5239,37:08.9,
4356,2025-04-21 10:36:58.960972+00,7642.5,61.94,5238,36:57.3,
4355,2025-04-21 10:36:47.350524+00,7498.75,62.06,5237,36:45.8,
4354,2025-04-21 10:36:35.786866+00,7411.25,61.94,5236,36:34.2,
4353,2025-04-21 10:36:24.188626+00,7715,62.18,5235,36:22.6,
4352,2025-04-21 10:36:12.584103+00,7231.25,61.82,5234,36:11.0,
4351,2025-04-21 10:36:01.003154+00,7393.75,62.06,5233,35:59.4,
4350,2025-04-21 10:35:49.413462+00,7293.75,62.06,5232,35:47.8,
4349,2025-04-21 10:35:37.831037+00,7446.25,61.94,5231,35:36.2,
4348,2025-04-21 10:35:26.241736+00,7378.75,62.18,5230,35:24.6,
4347,2025-04-21 10:35:14.669821+00,7130,61.94,5229,35:13.0,
4346,2025-04-21 10:35:03.053222+00,7248.75,61.7,5228,35:01.4,
4345,2025-04-21 10:34:51.447926+00,7463.75,61.94,5227,34:49.9,
4344,2025-04-21 10:34:39.864383+00,7458.75,61.82,5226,34:38.3,
4343,2025-04-21 10:34:28.277075+00,7678.75,61.94,5225,34:26.7,
4342,2025-04-21 10:34:16.67719+00,7535,61.94,5224,34:15.1,
4341,2025-04-21 10:34:05.071838+00,7505,62.06,5223,34:03.5,
4340,2025-04-21 10:33:53.477816+00,7762.5,62.06,5222,33:51.8,
4339,2025-04-21 10:33:41.84715+00,7472.5,61.94,5221,33:40.2,
4338,2025-04-21 10:33:30.248454+00,7405,61.82,5220,33:28.6,
4337,2025-04-21 10:33:18.665495+00,7697.5,61.94,5219,33:17.1,
4336,2025-04-21 10:33:07.081356+00,7470,61.94,5218,33:05.5,
4335,2025-04-21 10:32:55.492566+00,7718.75,61.7,5217,32:53.9,
4334,2025-04-21 10:32:43.839399+00,7348.75,62.06,5216,32:42.2,
4333,2025-04-21 10:32:32.207565+00,7532.5,62.06,5215,32:30.6,
4332,2025-04-21 10:32:20.607772+00,7497.5,62.06,5214,32:19.0,
4331,2025-04-21 10:32:08.985205+00,7647.5,62.18,5213,32:07.3,
4330,2025-04-21 10:31:57.363984+00,7597.5,62.06,5212,31:55.7,
4329,2025-04-21 10:31:45.753864+00,7706.25,62.18,5211,31:44.1,
4328,2025-04-21 10:31:34.168416+00,7515,62.18,5210,31:32.5,
4327,2025-04-21 10:31:22.562761+00,7737.5,62.18,5209,31:21.0,
4326,2025-04-21 10:31:10.979813+00,7265,62.18,5208,31:09.4,
4325,2025-04-21 10:30:59.394026+00,7546.25,62.18,5207,30:56.0,
4324,2025-04-21 10:30:45.985073+00,7437.5,62.18,5206,30:44.4,
4323,2025-04-21 10:30:34.405948+00,7281.25,61.94,5205,30:32.8,
4322,2025-04-21 10:30:22.791468+00,7557.5,62.18,5204,30:21.2,
4321,2025-04-21 10:30:11.175526+00,7816.25,62.06,5203,30:09.6,
4320,2025-04-21 10:29:59.57291+00,7445,61.94,5202,29:57.9,
4319,2025-04-21 10:29:47.950508+00,7756.25,61.94,5201,29:46.4,
4318,2025-04-21 10:29:36.374733+00,7617.5,62.06,5200,29:34.8,
4317,2025-04-21 10:29:24.793541+00,7157.5,61.94,5199,29:23.2,
4316,2025-04-21 10:29:13.241614+00,7478.75,62.18,5198,29:11.6,
4315,2025-04-21 10:29:01.650264+00,7473.75,61.94,5197,29:00.0,
4314,2025-04-21 10:28:50.061386+00,7223.75,62.18,5196,28:48.5,
4313,2025-04-21 10:28:38.348208+00,7341.25,62.18,5195,28:36.7,
4312,2025-04-21 10:28:26.753648+00,7586.25,61.94,5194,28:25.1,
4311,2025-04-21 10:28:15.13076+00,7541.25,61.94,5193,28:13.5,
4310,2025-04-21 10:28:03.522501+00,7763.75,62.06,5192,28:01.9,
4309,2025-04-21 10:27:51.919072+00,7488.75,62.18,5191,27:50.3,
4308,2025-04-21 10:27:40.328753+00,7563.75,62.18,5190,27:38.7,
4307,2025-04-21 10:27:28.722526+00,7936.25,62.18,5189,27:27.1,
4306,2025-04-21 10:27:17.133473+00,8006.25,62.06,5188,27:15.5,
4305,2025-04-21 10:27:05.51932+00,7868.75,62.06,5187,27:03.9,
4304,2025-04-21 10:26:53.893436+00,7382.5,62.06,5186,26:52.3,
4303,2025-04-21 10:26:42.291389+00,6951.25,61.94,5185,26:40.7,
4302,2025-04-21 10:26:30.696596+00,7241.25,60.48,5184,26:29.1,
4301,2025-04-21 10:26:19.079524+00,7685,61.7,5183,26:17.4,
4300,2025-04-21 10:26:07.452115+00,7300,61.94,5182,26:05.8,
4299,2025-04-21 10:25:55.838071+00,7312.5,61.7,5181,25:54.2,
4298,2025-04-21 10:25:44.219715+00,7671.25,61.45,5180,25:42.6,
4297,2025-04-21 10:25:32.624213+00,7450,61.7,5179,25:31.0,
4296,2025-04-21 10:25:20.978687+00,7397.5,61.58,5178,25:19.4,
4295,2025-04-21 10:25:09.375477+00,7732.5,61.45,5177,25:07.7,
4294,2025-04-21 10:24:57.762436+00,7445,61.7,5176,24:56.2,
4293,2025-04-21 10:24:46.168774+00,7485,61.82,5175,24:44.5,
4292,2025-04-21 10:24:34.521683+00,7422.5,61.7,5174,24:32.9,
4291,2025-04-21 10:24:22.880506+00,7461.25,61.58,5173,24:21.3,
4290,2025-04-21 10:24:11.308169+00,7685,61.45,5172,24:09.7,
4289,2025-04-21 10:23:59.696362+00,7552.5,61.45,5171,23:58.1,
4288,2025-04-21 10:23:48.076089+00,7570,61.33,5170,23:46.5,
4287,2025-04-21 10:23:36.467064+00,7287.5,61.21,5169,23:34.8,
4286,2025-04-21 10:23:24.855408+00,7286.25,61.45,5168,23:23.2,
4285,2025-04-21 10:23:13.207811+00,7375,61.58,5167,23:11.6,
4284,2025-04-21 10:23:01.600054+00,7483.75,61.45,5166,23:00.0,
4283,2025-04-21 10:22:49.964695+00,7593.75,61.45,5165,22:48.3,
4282,2025-04-21 10:22:38.355512+00,7786.25,61.58,5164,22:36.7,
4281,2025-04-21 10:22:26.716762+00,7411.25,61.7,5163,22:25.1,
4280,2025-04-21 10:22:15.110153+00,7546.25,61.58,5162,22:13.5,
4279,2025-04-21 10:22:03.494809+00,7266.25,61.21,5161,22:01.9,
4278,2025-04-21 10:21:51.898834+00,7292.5,61.09,5160,21:50.2,
4277,2025-04-21 10:21:40.198299+00,7441.25,61.45,5159,21:38.6,
4276,2025-04-21 10:21:28.615428+00,7686.25,61.09,5158,21:27.0,
4275,2025-04-21 10:21:16.97864+00,7612.5,61.45,5157,21:15.3,
4274,2025-04-21 10:21:05.357798+00,7493.75,61.21,5156,21:03.7,
4273,2025-04-21 10:20:53.740871+00,7761.25,61.33,5155,20:52.1,
4272,2025-04-21 10:20:42.114617+00,7811.25,61.21,5154,20:40.5,
4271,2025-04-21 10:20:30.517468+00,7250,61.09,5153,20:28.9,
4270,2025-04-21 10:20:18.912699+00,7377.5,61.09,5152,20:17.3,
4269,2025-04-21 10:20:07.286807+00,7596.25,60.73,5151,20:05.7,
4268,2025-04-21 10:19:55.681835+00,7456.25,61.09,5150,19:54.0,
4267,2025-04-21 10:19:44.055465+00,6600,60.73,5149,19:42.4,
4266,2025-04-21 10:19:32.425473+00,7636.25,60.61,5148,19:30.8,
4265,2025-04-21 10:19:20.840995+00,7345,61.33,5147,19:19.2,
4264,2025-04-21 10:19:09.250995+00,7546.25,61.21,5146,19:07.7,
4263,2025-04-21 10:18:57.667318+00,7368.75,61.21,5145,18:56.0,
4262,2025-04-21 10:18:46.052927+00,7120,60.97,5144,18:44.5,
4261,2025-04-21 10:18:34.471634+00,7323.75,60.97,5143,18:32.9,
4260,2025-04-21 10:18:22.87952+00,7470,61.21,5142,18:21.3,
4259,2025-04-21 10:18:11.275982+00,7347.5,60.97,5141,18:09.7,
4258,2025-04-21 10:17:59.675378+00,7341.25,60.85,5140,17:58.0,
4257,2025-04-21 10:17:48.040911+00,7368.75,60.85,5139,17:46.5,
4256,2025-04-21 10:17:36.467967+00,7410,60.85,5138,17:34.8,
4255,2025-04-21 10:17:24.845665+00,7490,61.09,5137,17:23.2,
4254,2025-04-21 10:17:13.220337+00,7525,60.97,5136,17:11.6,
4253,2025-04-21 10:17:01.647236+00,7638.75,60.73,5135,17:00.0,
4252,2025-04-21 10:16:50.054804+00,7695,60.61,5134,16:48.4,
4251,2025-04-21 10:16:38.446439+00,7673.75,60.73,5133,16:36.9,
4250,2025-04-21 10:16:26.87027+00,7323.75,60.73,5132,16:25.2,
4249,2025-04-21 10:16:15.236752+00,7133.75,60.85,5131,16:13.6,
4248,2025-04-21 10:16:03.637423+00,7472.5,60.85,5130,16:02.0,
4247,2025-04-21 10:15:52.038792+00,7431.25,60.73,5129,15:50.4,
4246,2025-04-21 10:15:40.445287+00,7662.5,60.73,5128,15:38.8,
4245,2025-04-21 10:15:28.824481+00,7516.25,60.97,5127,15:27.2,
4244,2025-04-21 10:15:17.226329+00,7467.5,60.73,5126,15:15.6,
4243,2025-04-21 10:15:05.628565+00,7331.25,60.73,5125,15:04.0,
4242,2025-04-21 10:14:54.035809+00,7502.5,60.97,5124,14:52.4,
4241,2025-04-21 10:14:42.423938+00,7475,60.85,5123,14:40.8,
4240,2025-04-21 10:14:30.813567+00,7528.75,61.21,5122,14:29.2,
4239,2025-04-21 10:14:19.169416+00,7455,61.09,5121,14:17.6,
4238,2025-04-21 10:14:07.579343+00,7440,60.97,5120,14:06.0,
4237,2025-04-21 10:13:56.018917+00,7467.5,60.85,5119,13:54.4,
4236,2025-04-21 10:13:44.4232+00,7608.75,61.09,5118,13:42.8,
4235,2025-04-21 10:13:32.783528+00,7416.25,61.45,5117,13:31.2,
4234,2025-04-21 10:13:21.173462+00,7661.25,61.21,5116,13:19.6,
4233,2025-04-21 10:13:09.56974+00,7331.25,60.97,5115,13:08.0,
4232,2025-04-21 10:12:57.975504+00,7282.5,60.97,5114,12:56.4,
4231,2025-04-21 10:12:46.397626+00,7383.75,60.97,5113,12:44.7,
4230,2025-04-21 10:12:34.738412+00,7181.25,61.09,5112,12:32.8,
4229,2025-04-21 10:12:22.85277+00,7137.5,60.85,5111,12:21.2,
4228,2025-04-21 10:12:11.223418+00,7743.75,60.97,5110,12:09.6,
4227,2025-04-21 10:11:59.588297+00,7292.5,60.73,5109,11:58.0,
4226,2025-04-21 10:11:47.976411+00,7688.75,60.85,5108,11:46.4,
4225,2025-04-21 10:11:36.39284+00,7233.75,60.73,5107,11:34.8,
4224,2025-04-21 10:11:24.792647+00,7401.25,60.61,5106,11:23.2,
4223,2025-04-21 10:11:13.193461+00,7406.25,60.61,5105,11:11.6,
4222,2025-04-21 10:11:01.596698+00,7278.75,60.85,5104,11:00.0,
4221,2025-04-21 10:10:49.996111+00,7308.75,60.73,5103,10:48.4,
4220,2025-04-21 10:10:38.400936+00,7540,61.09,5102,10:36.8,
4219,2025-04-21 10:10:26.833335+00,7806.25,60.97,5101,10:25.2,
4218,2025-04-21 10:10:15.218591+00,7675,60.85,5100,10:13.6,
4217,2025-04-21 10:10:03.585599+00,7345,61.21,5099,10:02.0,
4216,2025-04-21 10:09:51.996259+00,7798.75,61.33,5098,09:50.4,
4215,2025-04-21 10:09:40.365364+00,7385,61.33,5097,09:38.8,
4214,2025-04-21 10:09:28.756513+00,7441.25,61.21,5096,09:27.2,
4213,2025-04-21 10:09:17.182517+00,7636.25,60.97,5095,09:15.6,
4212,2025-04-21 10:09:05.590544+00,7216.25,60.97,5094,09:04.0,
4211,2025-04-21 10:08:53.960065+00,7358.75,61.09,5093,08:52.4,
4210,2025-04-21 10:08:42.386122+00,7410,61.09,5092,08:40.8,
4209,2025-04-21 10:08:30.779252+00,7350,61.21,5091,08:29.2,
4208,2025-04-21 10:08:19.200017+00,7775,61.33,5090,08:17.6,
4207,2025-04-21 10:08:07.592998+00,7382.5,61.09,5089,08:06.0,
4206,2025-04-21 10:07:55.960922+00,7268.75,61.09,5088,07:54.4,
4205,2025-04-21 10:07:44.336583+00,7228.75,61.21,5087,07:42.7,
4204,2025-04-21 10:07:32.712608+00,7163.75,61.33,5086,07:31.1,
4203,2025-04-21 10:07:21.086573+00,7336.25,61.58,5085,07:19.5,
4202,2025-04-21 10:07:09.501867+00,7351.25,61.21,5084,07:07.9,
4201,2025-04-21 10:06:57.878334+00,7627.5,61.21,5083,06:56.3,
4200,2025-04-21 10:06:46.287027+00,7346.25,61.21,5082,06:44.7,
4199,2025-04-21 10:06:34.67019+00,7332.5,61.21,5081,06:33.1,
4198,2025-04-21 10:06:23.096412+00,7338.75,61.21,5080,06:21.5,
4197,2025-04-21 10:06:11.524809+00,7322.5,61.09,5079,06:09.9,
4196,2025-04-21 10:05:59.943561+00,7411.25,61.21,5078,05:58.3,
4195,2025-04-21 10:05:48.352324+00,7391.25,61.09,5077,05:46.7,
4194,2025-04-21 10:05:36.74024+00,7392.5,60.97,5076,05:35.1,
4193,2025-04-21 10:05:25.104501+00,7378.75,60.85,5075,05:23.5,
4192,2025-04-21 10:05:13.539539+00,7297.5,61.09,5074,05:11.9,
4191,2025-04-21 10:05:01.910871+00,7282.5,60.73,5073,05:00.3,
4190,2025-04-21 10:04:50.287769+00,7523.75,61.09,5072,04:48.7,
4189,2025-04-21 10:04:38.673693+00,7475,60.85,5071,04:37.1,
4188,2025-04-21 10:04:27.08317+00,7417.5,60.97,5070,04:25.4,
4187,2025-04-21 10:04:15.450565+00,7377.5,61.09,5069,04:13.9,
4186,2025-04-21 10:04:03.861932+00,7372.5,60.97,5068,04:02.2,
4185,2025-04-21 10:03:52.244568+00,7347.5,60.85,5067,03:50.6,
4184,2025-04-21 10:03:40.618204+00,7696.25,60.85,5066,03:39.0,
4183,2025-04-21 10:03:28.978762+00,7513.75,61.21,5065,03:27.3,
4182,2025-04-21 10:03:17.339252+00,7776.25,61.09,5064,03:15.7,
4181,2025-04-21 10:03:05.724564+00,7557.5,60.97,5063,03:04.1,
4180,2025-04-21 10:02:54.146936+00,7603.75,60.61,5062,02:52.5,
4179,2025-04-21 10:02:42.523953+00,7526.25,60.85,5061,02:40.9,
4178,2025-04-21 10:02:30.895119+00,7221.25,60.61,5060,02:29.3,
4177,2025-04-21 10:02:19.293544+00,7371.25,60.61,5059,02:17.6,
4176,2025-04-21 10:02:07.634288+00,7665,60.36,5058,02:06.0,
4175,2025-04-21 10:01:56.031977+00,7405,60.48,5057,01:54.4,
4174,2025-04-21 10:01:44.406457+00,7655,60.48,5056,01:42.8,
4173,2025-04-21 10:01:32.765362+00,7298.75,60.85,5055,01:31.2,
4172,2025-04-21 10:01:21.150408+00,7678.75,60.73,5054,01:19.6,
4171,2025-04-21 10:01:09.563258+00,7198.75,60.73,5053,01:08.0,
4170,2025-04-21 10:00:57.952111+00,7360,60.97,5052,00:56.4,
4169,2025-04-21 10:00:46.372132+00,7220,61.09,5051,00:44.8,
4168,2025-04-21 10:00:34.756449+00,7607.5,61.21,5050,00:33.1,
4167,2025-04-21 10:00:23.127764+00,7470,60.97,5049,00:21.5,
4166,2025-04-21 10:00:11.505592+00,7500,61.09,5048,00:09.9,
4165,2025-04-21 09:59:59.885376+00,7493.75,61.21,5047,59:58.3,
4164,2025-04-21 09:59:48.276551+00,7455,61.09,5046,59:46.7,
4163,2025-04-21 09:59:36.684157+00,7502.5,61.21,5045,59:35.1,
4162,2025-04-21 09:59:25.075564+00,7673.75,60.97,5044,59:23.4,
4161,2025-04-21 09:59:13.442482+00,6983.75,60.97,5043,59:11.8,
4160,2025-04-21 09:59:01.836938+00,7712.5,61.21,5042,59:00.2,
4159,2025-04-21 09:58:50.203293+00,7205,60.85,5041,58:48.6,
4158,2025-04-21 09:58:38.598662+00,7417.5,60.85,5040,58:37.0,
4157,2025-04-21 09:58:26.999805+00,7276.25,60.85,5039,58:25.4,
4156,2025-04-21 09:58:15.381253+00,7721.25,61.09,5038,58:13.8,
4155,2025-04-21 09:58:03.761455+00,7406.25,60.97,5037,58:02.2,
4154,2025-04-21 09:57:52.154614+00,7380,61.21,5036,57:50.5,
4153,2025-04-21 09:57:40.493746+00,7681.25,61.09,5035,57:38.9,
4152,2025-04-21 09:57:28.888875+00,7506.25,61.09,5034,57:27.3,
4151,2025-04-21 09:57:17.302402+00,7580,61.21,5033,57:15.6,
4150,2025-04-21 09:57:05.61497+00,7155,61.09,5032,57:04.0,
4149,2025-04-21 09:56:53.995324+00,7285,60.97,5031,56:52.2,
4148,2025-04-21 09:56:42.19537+00,7513.75,61.45,5030,56:40.4,
4147,2025-04-21 09:56:30.396415+00,7797.5,61.58,5029,56:28.7,
4146,2025-04-21 09:56:18.694076+00,7325,61.58,5028,56:17.0,
4145,2025-04-21 09:56:07.029488+00,7702.5,61.58,5027,56:05.1,
4144,2025-04-21 09:55:55.131942+00,7633.75,61.45,5026,55:53.4,
4143,2025-04-21 09:55:43.399928+00,7576.25,60.85,5025,55:41.7,
4142,2025-04-21 09:55:31.710909+00,7386.25,60.85,5024,55:29.9,
4141,2025-04-21 09:55:19.893189+00,7740,60.97,5023,55:17.8,
4140,2025-04-21 09:55:07.845208+00,7355,60.97,5022,55:05.8,
4139,2025-04-21 09:54:55.834659+00,7470,60.97,5021,54:54.0,
4138,2025-04-21 09:54:44.020941+00,7537.5,60.85,5020,54:42.4,
4137,2025-04-21 09:54:32.377919+00,7193.75,60.85,5019,54:28.4,
4136,2025-04-21 09:54:18.351906+00,7303.75,60.61,5018,54:16.7,
4135,2025-04-21 09:54:06.655437+00,7333.75,60.73,5017,54:04.9,
4134,2025-04-21 09:53:54.910475+00,7427.5,60.73,5016,53:51.5,
4133,2025-04-21 09:53:41.527078+00,7130,60.85,5015,53:39.7,
4132,2025-04-21 09:53:29.743101+00,7441.25,60.48,5014,53:28.1,
4131,2025-04-21 09:53:18.026752+00,7426.25,60.85,5013,53:15.0,
4130,2025-04-21 09:53:05.005514+00,7266.25,60.85,5012,53:03.3,
4129,2025-04-21 09:52:53.32363+00,7376.25,60.85,5011,52:50.3,
4128,2025-04-21 09:52:40.27211+00,7430,60.85,5010,52:38.6,
4127,2025-04-21 09:52:28.606173+00,7540,60.85,5009,52:27.0,
4126,2025-04-21 09:52:16.926612+00,7681.25,60.48,5008,52:15.3,
4125,2025-04-21 09:52:05.325195+00,7570,60.73,5007,52:03.7,
4124,2025-04-21 09:51:53.695445+00,7375,60.73,5006,51:52.0,
4123,2025-04-21 09:51:42.022529+00,7418.75,60.61,5005,51:40.4,
4122,2025-04-21 09:51:30.354898+00,7435,60.73,5004,51:28.6,
4121,2025-04-21 09:51:18.59961+00,7323.75,60.85,5003,51:17.0,
4120,2025-04-21 09:51:06.931188+00,7265,60.61,5002,51:05.3,
4119,2025-04-21 09:50:55.271952+00,7167.5,60.48,5001,50:53.6,
4118,2025-04-21 09:50:43.628112+00,7460,60.85,5000,50:41.9,
4117,2025-04-21 09:50:31.929894+00,7651.25,60.61,4999,50:30.3,
4116,2025-04-21 09:50:20.213674+00,7392.5,60.61,4998,50:18.6,
4115,2025-04-21 09:50:08.604092+00,7613.75,60.48,4997,50:06.9,
4114,2025-04-21 09:49:56.890577+00,7395,60.61,4996,49:55.1,
4113,2025-04-21 09:49:45.090358+00,7313.75,60.61,4995,49:43.4,
4112,2025-04-21 09:49:33.372617+00,7165,60.73,4994,49:31.7,
4111,2025-04-21 09:49:21.735834+00,7516.25,60.97,4993,49:20.1,
4110,2025-04-21 09:49:10.075041+00,7538.75,61.21,4992,49:08.3,
4109,2025-04-21 09:48:58.294038+00,7456.25,61.09,4991,48:56.6,
4108,2025-04-21 09:48:46.545313+00,7245,61.21,4990,48:44.9,
4107,2025-04-21 09:48:34.879153+00,7640,61.21,4989,48:33.1,
4106,2025-04-21 09:48:23.088509+00,7352.5,60.97,4988,48:21.3,
4105,2025-04-21 09:48:11.292527+00,7325,61.21,4987,48:09.6,
4104,2025-04-21 09:47:59.554932+00,7267.5,61.09,4986,47:57.5,
4103,2025-04-21 09:47:47.500292+00,7242.5,61.21,4985,47:45.7,
4102,2025-04-21 09:47:35.685105+00,7343.75,61.21,4984,47:34.0,
4101,2025-04-21 09:47:24.031271+00,7476.25,61.21,4983,47:22.3,
4100,2025-04-21 09:47:12.323462+00,7748.75,61.21,4982,47:10.6,
4099,2025-04-21 09:47:00.550853+00,7171.25,61.21,4981,46:58.8,
4098,2025-04-21 09:46:48.824611+00,7545,61.09,4980,46:45.5,
4097,2025-04-21 09:46:35.44025+00,7345,61.33,4979,46:33.8,
4096,2025-04-21 09:46:23.762203+00,7543.75,61.45,4978,46:22.0,
4095,2025-04-21 09:46:11.962843+00,7402.5,61.33,4977,46:10.3,
4094,2025-04-21 09:46:00.260917+00,7388.75,61.45,4976,45:58.5,
4093,2025-04-21 09:45:48.51543+00,6988.75,61.45,4975,45:46.9,
4092,2025-04-21 09:45:36.904549+00,7492.5,61.58,4974,45:33.7,
4091,2025-04-21 09:45:23.67965+00,7657.5,61.58,4973,45:21.7,
4090,2025-04-21 09:45:11.609199+00,7102.5,61.58,4972,45:08.3,
4089,2025-04-21 09:44:58.337773+00,7326.25,61.58,4971,44:56.5,
4088,2025-04-21 09:44:46.527348+00,7630,61.58,4970,44:44.3,
4087,2025-04-21 09:44:34.293202+00,7300,61.7,4969,44:32.5,
4086,2025-04-21 09:44:22.445476+00,7151.25,61.33,4968,44:20.8,
4085,2025-04-21 09:44:10.760538+00,7340,61.7,4967,44:09.1,
4084,2025-04-21 09:43:59.003454+00,6981.25,61.45,4966,43:57.3,
4083,2025-04-21 09:43:47.285626+00,7325,61.33,4965,43:45.6,
4082,2025-04-21 09:43:35.550595+00,7143.75,61.33,4964,43:33.8,
4081,2025-04-21 09:43:23.818565+00,7237.5,61.45,4963,43:22.2,
4080,2025-04-21 09:43:12.123917+00,7187.5,61.45,4962,43:10.2,
4079,2025-04-21 09:43:00.162915+00,7415,61.7,4961,42:58.4,
4078,2025-04-21 09:39:41.030958+00,7528.75,61.33,4949,39:34.9,
4077,2025-04-21 09:39:24.895229+00,7091.25,61.33,4948,39:21.9,
4076,2025-04-21 09:38:41.797587+00,7463.75,61.94,4945,38:39.9,
4075,2025-04-21 09:38:14.806906+00,7518.75,61.21,4943,38:13.0,
4074,2025-04-21 09:38:03.01672+00,7453.75,61.45,4942,37:58.7,
4073,2025-04-21 09:37:48.63863+00,7471.25,61.58,4941,37:46.9,
4072,2025-04-21 09:37:36.905129+00,7770,61.45,4940,37:35.3,
4071,2025-04-21 09:37:25.222745+00,7507.5,61.94,4939,37:23.6,
4070,2025-04-21 09:37:13.562987+00,7318.75,61.45,4938,37:11.7,
4069,2025-04-21 09:37:01.644722+00,7476.25,61.09,4937,37:00.0,
4068,2025-04-21 09:36:49.963374+00,7518.75,61.45,4936,36:48.3,
4067,2025-04-21 09:36:38.057813+00,7530,61.58,4935,36:34.6,
4066,2025-04-21 09:36:24.600597+00,7462.5,61.33,4934,36:23.0,
4065,2025-04-21 09:36:12.960004+00,7668.75,61.33,4933,36:11.3,
4064,2025-04-21 09:36:01.278655+00,7603.75,61.21,4932,35:59.2,
4063,2025-04-21 09:35:49.118545+00,7231.25,61.21,4931,35:47.4,
4062,2025-04-21 09:35:37.357355+00,7352.5,61.45,4930,35:35.6,
4061,2025-04-21 09:35:25.599137+00,7777.5,61.7,4929,35:23.9,
4060,2025-04-21 09:35:13.915375+00,7573.75,61.82,4928,35:12.1,
4059,2025-04-21 09:35:02.079028+00,7660,61.58,4927,35:00.4,
4058,2025-04-21 09:34:50.334978+00,7300,61.21,4926,34:48.6,
4057,2025-04-21 09:34:38.509597+00,7613.75,61.58,4925,34:36.8,
4056,2025-04-21 09:34:26.761199+00,7420,61.7,4924,34:25.1,
4055,2025-04-21 09:34:15.039215+00,7496.25,61.58,4923,34:12.0,
4054,2025-04-21 09:34:01.941923+00,7480,61.7,4922,34:00.3,
4053,2025-04-21 09:33:50.227842+00,7470,61.7,4921,33:42.8,
4052,2025-04-21 09:33:32.714844+00,7662.5,61.45,4920,33:31.0,
4051,2025-04-21 09:33:21.014369+00,7592.5,61.58,4919,33:17.5,
4050,2025-04-21 09:33:07.446156+00,7697.5,61.21,4918,33:05.8,
4049,2025-04-21 09:32:55.724648+00,7811.25,61.45,4917,32:52.3,
4048,2025-04-21 09:32:42.279521+00,7465,61.7,4916,32:40.6,
4047,2025-04-21 09:32:30.620149+00,7156.25,61.7,4915,32:28.9,
4046,2025-04-21 09:32:18.809795+00,7263.75,61.58,4914,32:17.1,
4045,2025-04-21 09:32:07.00707+00,7553.75,62.06,4913,32:05.4,
4044,2025-04-21 09:31:55.334277+00,7696.25,61.7,4912,31:53.7,
4043,2025-04-21 09:31:43.671551+00,7247.5,61.58,4911,31:42.0,
4042,2025-04-21 09:31:31.981593+00,7043.75,61.58,4910,31:29.9,
4041,2025-04-21 09:31:19.844071+00,7452.5,61.58,4909,31:18.1,
4040,2025-04-21 09:31:08.067529+00,7625,61.45,4908,31:06.2,
4039,2025-04-21 09:30:56.220803+00,7328.75,61.62,4907,30:54.5,
4038,2025-04-21 09:30:44.475427+00,7716.25,61.7,4906,30:42.5,
4037,2025-04-21 09:30:32.461931+00,7667.5,61.58,4905,30:30.7,
4036,2025-04-21 09:30:20.656979+00,7542.5,61.94,4904,30:18.9,
4035,2025-04-21 09:30:08.897791+00,7078.75,61.45,4903,30:07.2,
4034,2025-04-21 09:29:57.147471+00,7271.25,61.7,4902,29:55.4,
4033,2025-04-21 09:29:45.389496+00,7621.25,61.58,4901,29:43.6,
4032,2025-04-21 09:29:33.546753+00,7593.75,61.7,4900,29:31.9,
4031,2025-04-21 09:29:21.833445+00,7818.75,61.58,4899,29:20.2,
4030,2025-04-21 09:29:10.129529+00,7750,61.58,4898,29:08.4,
4029,2025-04-21 09:28:58.364561+00,7098.75,61.58,4897,28:56.7,
4028,2025-04-21 09:28:46.637673+00,7347.5,61.7,4896,28:44.9,
4027,2025-04-21 09:28:04.80565+00,7412.5,61.33,4893,28:03.1,
4026,2025-04-21 09:27:53.055612+00,7006.25,61.21,4892,27:51.4,
4025,2025-04-21 09:27:41.350524+00,7665,61.58,4891,27:39.6,
4024,2025-04-21 09:27:29.503115+00,7396.25,61.58,4890,27:27.8,
4023,2025-04-21 09:27:17.790606+00,7483.75,61.45,4889,27:16.0,
4022,2025-04-21 09:27:05.9845+00,7108.75,61.58,4888,27:04.3,
4021,2025-04-21 09:26:54.288374+00,7672.5,61.58,4887,26:52.5,
4020,2025-04-21 09:26:42.496587+00,7245,61.45,4886,26:40.7,
4019,2025-04-21 09:26:30.621303+00,7506.25,61.33,4885,26:26.9,
4018,2025-04-21 09:26:16.855249+00,7638.75,61.45,4884,26:15.1,
4017,2025-04-21 09:26:05.060637+00,7656.25,61.58,4883,26:03.3,
4016,2025-04-21 09:25:53.28657+00,7175,61.33,4882,25:51.6,
4015,2025-04-21 09:25:41.571723+00,7238.75,61.33,4881,25:37.8,
4014,2025-04-21 09:25:27.735918+00,7478.75,61.09,4880,25:25.8,
4013,2025-04-21 09:25:15.738106+00,7566.25,61.21,4879,25:14.1,
4012,2025-04-21 09:25:04.000365+00,7311.25,61.33,4878,25:02.3,
4011,2025-04-21 09:24:52.255336+00,7433.75,61.33,4877,24:48.8,
4010,2025-04-21 09:24:38.785493+00,7167.5,61.21,4876,24:37.1,
4009,2025-04-21 09:24:27.029603+00,7762.5,61.09,4875,24:25.3,
4008,2025-04-21 09:24:15.256506+00,7577.5,61.09,4874,24:13.6,
4007,2025-04-21 09:24:03.580036+00,7490,61.09,4873,24:01.8,
4006,2025-04-21 09:23:51.795019+00,7493.75,61.33,4872,23:50.1,
4005,2025-04-21 09:23:40.089018+00,7312.5,61.33,4871,23:38.4,
4004,2025-04-21 09:23:28.391873+00,7423.75,61.58,4870,23:26.6,
4003,2025-04-21 09:23:16.599912+00,7473.75,61.7,4869,23:15.0,
4002,2025-04-21 09:23:04.973354+00,7572.5,61.7,4868,23:03.2,
4001,2025-04-21 09:22:53.196185+00,7343.75,61.33,4867,22:51.4,
4000,2025-04-21 09:22:41.411671+00,7623.75,61.33,4866,22:39.6,
3999,2025-04-21 09:22:29.561706+00,7280,61.33,4865,22:27.8,
3998,2025-04-21 09:22:17.766012+00,7466.25,61.21,4864,22:16.0,
3997,2025-04-21 09:22:06.011704+00,7467.5,61.09,4863,22:04.3,
3996,2025-04-21 09:21:54.299286+00,7605,60.97,4862,21:52.5,
3995,2025-04-21 09:21:42.501907+00,7535,61.45,4861,21:39.2,
3994,2025-04-21 09:21:29.0735+00,7495,60.97,4860,21:27.4,
3993,2025-04-21 09:21:17.340195+00,7298.75,61.21,4859,21:15.6,
3992,2025-04-21 09:21:05.593236+00,7682.5,61.45,4858,21:03.8,
3991,2025-04-21 09:20:53.817782+00,7378.75,61.33,4857,20:52.1,
3990,2025-04-21 09:20:42.0718+00,7488.75,61.33,4856,20:37.3,
3989,2025-04-21 09:20:27.332853+00,7423.75,61.21,4855,20:25.6,
3988,2025-04-21 09:20:15.610036+00,7225,61.09,4854,20:13.7,
3987,2025-04-21 09:20:03.710768+00,7265,60.97,4853,20:02.0,
3986,2025-04-21 09:19:52.012155+00,6975,61.09,4852,19:50.2,
3985,2025-04-21 09:19:40.120752+00,7275,61.09,4851,19:38.4,
3984,2025-04-21 09:19:28.389572+00,7621.25,60.97,4850,19:26.7,
3983,2025-04-21 09:19:16.669251+00,7676.25,60.85,4849,19:15.0,
3982,2025-04-21 09:19:04.962311+00,7511.25,60.73,4848,18:58.8,
3981,2025-04-21 09:18:48.79268+00,7102.5,60.73,4847,18:47.1,
3980,2025-04-21 09:18:37.077685+00,7366.25,60.61,4846,18:32.2,
3979,2025-04-21 09:18:22.130825+00,7566.25,60.61,4845,18:20.4,
3978,2025-04-21 09:18:10.43189+00,7638.75,60.73,4844,18:08.7,
3977,2025-04-21 09:17:58.695282+00,7576.25,60.85,4843,17:56.8,
3976,2025-04-21 09:17:46.77541+00,7610,60.85,4842,17:45.1,
3975,2025-04-21 09:17:35.103642+00,7483.75,60.97,4841,17:31.6,
3974,2025-04-21 09:17:21.550479+00,7018.75,60.61,4840,17:18.3,
3973,2025-04-21 09:17:08.294607+00,7281.25,60.85,4839,17:06.3,
3972,2025-04-21 09:16:38.059212+00,7738.75,60.97,4837,16:34.4,
3971,2025-04-21 09:16:24.407321+00,7381.25,60.97,4836,16:22.7,
3970,2025-04-21 09:16:12.636765+00,7235,60.85,4835,16:11.0,
3969,2025-04-21 09:16:00.966622+00,7636.25,61.09,4834,15:59.3,
3968,2025-04-21 09:15:49.32476+00,7308.75,61.09,4833,15:47.7,
3967,2025-04-21 09:15:37.643812+00,7100,60.97,4832,15:34.1,
3966,2025-04-21 09:15:24.050307+00,6921.25,61.09,4831,15:22.4,
3965,2025-04-21 09:15:12.366828+00,7410,60.97,4830,15:09.4,
3964,2025-04-21 09:14:59.356624+00,7052.5,61.09,4829,14:57.7,
3963,2025-04-21 09:14:47.705238+00,7646.25,61.09,4828,14:46.0,
3962,2025-04-21 09:14:36.009216+00,6960,60.97,4827,14:34.3,
3961,2025-04-21 09:14:24.256099+00,6920,60.85,4826,14:22.6,
3960,2025-04-21 09:14:12.593326+00,7500,61.09,4825,14:10.8,
3959,2025-04-21 09:14:00.781522+00,7010,60.97,4824,13:59.1,
3958,2025-04-21 09:13:49.142354+00,7033.75,61.45,4823,13:47.5,
3957,2025-04-21 09:13:37.427497+00,7295,60.85,4822,13:34.1,
3956,2025-04-21 09:13:09.026412+00,7311.25,60.85,4820,13:06.9,
3955,2025-04-21 09:12:26.810657+00,7745,61.21,4817,12:24.7,
3954,2025-04-21 09:12:09.778601+00,7663.75,61.45,4816,12:06.8,
3953,2025-04-21 09:11:41.694348+00,7666.25,61.94,4814,11:39.9,
3952,2025-04-21 09:11:29.913441+00,7222.5,61.58,4813,11:27.0,
3951,2025-04-21 09:11:01.876509+00,7563.75,61.33,4811,11:00.1,
3950,2025-04-21 09:10:20.038146+00,7585,61.45,4808,10:18.3,
3949,2025-04-21 09:09:38.185802+00,7290,61.45,4805,09:36.5,
3948,2025-04-21 09:09:26.437489+00,7503.75,61.58,4804,09:24.6,
3947,2025-04-21 09:09:14.614783+00,7745,61.7,4803,09:12.9,
3946,2025-04-21 09:09:02.85506+00,7397.5,61.45,4802,09:01.2,
3945,2025-04-21 09:08:51.118775+00,7291.25,61.45,4801,08:49.4,
3944,2025-04-21 09:08:39.353514+00,7683.75,61.33,4800,08:37.6,
3943,2025-04-21 09:08:27.615573+00,7753.75,61.45,4799,08:25.9,
3942,2025-04-21 09:08:15.451114+00,7442.5,61.7,4798,08:13.6,
3941,2025-04-21 09:08:03.579726+00,7323.75,61.58,4797,08:01.9,
3940,2025-04-21 09:07:51.870308+00,7672.5,61.7,4796,07:50.1,
3939,2025-04-21 09:07:40.088769+00,7407.5,61.58,4795,07:38.4,
3938,2025-04-21 09:07:28.341669+00,7678.75,61.45,4794,07:26.5,
3937,2025-04-21 09:07:16.535303+00,7698.75,61.7,4793,07:14.9,
3936,2025-04-21 09:07:04.862705+00,7666.25,61.58,4792,07:03.1,
3935,2025-04-21 09:06:53.059374+00,7525,61.5,4791,06:51.3,
3934,2025-04-21 09:06:41.314196+00,7713.75,61.58,4790,06:39.7,
3933,2025-04-21 09:06:29.664924+00,7330,61.58,4789,06:27.9,
3932,2025-04-21 09:06:17.842008+00,7206.25,61.7,4788,06:16.2,
3931,2025-04-21 09:06:06.171338+00,7580,61.58,4787,06:04.5,
3930,2025-04-21 09:05:54.46208+00,7622.5,62.18,4786,05:52.8,
3929,2025-04-21 09:05:42.752747+00,7213.75,61.7,4785,05:41.0,
3928,2025-04-21 09:05:30.949275+00,7551.25,61.82,4784,05:29.3,
3927,2025-04-21 09:05:19.302195+00,7328.75,61.58,4783,05:17.6,
3926,2025-04-21 09:05:07.570548+00,7355,61.82,4782,05:05.9,
3925,2025-04-21 09:04:55.833199+00,7557.5,61.58,4781,04:54.2,
3924,2025-04-21 09:04:44.146678+00,7226.25,61.82,4780,04:42.3,
3923,2025-04-21 09:04:32.296756+00,7571.25,61.58,4779,04:30.5,
3922,2025-04-21 09:04:20.517182+00,7738.75,61.86,4778,04:18.6,
3921,2025-04-21 09:04:08.536356+00,7461.25,61.7,4777,04:06.9,
3920,2025-04-21 09:03:56.85645+00,7195,61.7,4776,03:55.1,
3919,2025-04-21 09:03:45.099369+00,7691.25,61.58,4775,03:41.7,
3918,2025-04-21 09:03:31.668006+00,7851.25,61.45,4774,03:28.4,
3917,2025-04-21 09:03:18.300311+00,7593.75,61.82,4773,03:16.2,
3916,2025-04-21 09:03:06.155271+00,7126.25,61.7,4772,03:04.5,
3915,2025-04-21 09:02:54.406338+00,7300,61.94,4771,02:52.7,
3914,2025-04-21 09:02:42.70964+00,7623.75,61.94,4770,02:41.1,
3913,2025-04-21 09:02:31.045724+00,7651.25,61.45,4769,02:29.4,
3912,2025-04-21 09:02:19.370681+00,7245,61.58,4768,02:17.7,
3911,2025-04-21 09:02:07.653709+00,7285,61.45,4767,02:05.9,
3910,2025-04-21 09:01:55.93188+00,7208.75,61.7,4766,01:54.2,
3909,2025-04-21 09:01:44.22463+00,7471.25,61.82,4765,01:42.5,
3908,2025-04-21 09:01:32.457666+00,7721.25,61.94,4764,01:30.7,
3907,2025-04-21 09:01:20.689347+00,7708.75,61.82,4763,01:18.9,
3906,2025-04-21 09:01:08.869797+00,7707.5,61.82,4762,01:07.2,
3905,2025-04-21 09:00:57.220169+00,7475,61.7,4761,00:54.0,
3904,2025-04-21 09:00:43.939825+00,7400,61.58,4760,00:38.9,
3903,2025-04-21 09:00:27.962239+00,7448.75,61.58,4759,00:26.3,
3902,2025-04-21 09:00:16.248925+00,7571.25,61.94,4758,00:14.5,
3901,2025-04-21 09:00:04.521354+00,7728.75,61.82,4757,00:02.8,
3900,2025-04-21 08:59:52.78825+00,7506.25,61.82,4756,59:51.2,
3899,2025-04-21 08:59:41.150927+00,7477.5,61.94,4755,59:39.4,
3898,2025-04-21 08:59:29.364681+00,7401.25,62.06,4754,59:27.6,
3897,2025-04-21 08:59:17.501278+00,7548.75,62.06,4753,59:15.8,
3896,2025-04-21 08:59:05.790328+00,7513.75,61.82,4752,59:04.0,
3895,2025-04-21 08:58:53.965311+00,7622.5,61.7,4751,58:52.3,
3894,2025-04-21 08:58:42.247718+00,7727.5,61.7,4750,58:40.6,
3893,2025-04-21 08:58:30.564431+00,7543.75,61.58,4749,58:28.9,
3892,2025-04-21 08:58:18.8573+00,7553.75,61.82,4748,58:17.1,
3891,2025-04-21 08:58:07.096181+00,7338.75,61.58,4747,58:05.4,
3890,2025-04-21 08:57:55.360936+00,7435,61.45,4746,57:53.6,
3889,2025-04-21 08:57:43.548583+00,7337.5,61.7,4745,57:41.9,
3888,2025-04-21 08:57:31.826668+00,7466.25,61.58,4744,57:30.2,
3887,2025-04-21 08:57:20.157913+00,7538.75,61.7,4743,57:18.4,
3886,2025-04-21 08:57:08.421115+00,7456.25,61.58,4742,57:06.7,
3885,2025-04-21 08:56:56.683182+00,7330,61.33,4741,56:54.9,
3884,2025-04-21 08:56:44.812058+00,7566.25,61.58,4740,56:43.1,
3883,2025-04-21 08:56:33.086786+00,7261.25,61.45,4739,56:31.3,
3882,2025-04-21 08:56:21.317863+00,7612.5,61.7,4738,56:19.5,
3881,2025-04-21 08:56:09.510842+00,7681.25,61.82,4737,56:06.5,
3880,2025-04-21 08:54:26.200059+00,7491.25,61.7,4730,54:24.6,
3879,2025-04-21 08:53:58.04437+00,7586.25,61.7,4728,53:56.5,
3878,2025-04-21 08:53:46.45654+00,7811.25,61.7,4727,53:44.8,
3877,2025-04-21 08:53:34.822076+00,7702.5,61.7,4726,53:33.2,
3876,2025-04-21 08:53:23.217983+00,7423.75,61.7,4725,53:21.6,
3875,2025-04-21 08:53:11.628403+00,7568.75,61.58,4724,53:10.0,
3874,2025-04-21 08:53:00.007085+00,7481.25,61.45,4723,52:58.4,
3873,2025-04-21 08:52:48.402856+00,7672.5,61.21,4722,52:46.8,
3872,2025-04-21 08:52:36.814372+00,7507.5,61.09,4721,52:35.2,
3871,2025-04-21 08:52:25.217567+00,7435,61.09,4720,52:23.6,
3870,2025-04-21 08:52:13.619951+00,7538.75,61.09,4719,52:12.0,
3869,2025-04-21 08:52:02.028521+00,7385,60.97,4718,52:00.5,
3868,2025-04-21 08:51:50.438324+00,7390,60.97,4717,51:48.8,
3867,2025-04-21 08:51:38.836131+00,7583.75,61.33,4716,51:37.3,
3866,2025-04-21 08:51:27.240341+00,7316.25,61.33,4715,51:25.7,
3865,2025-04-21 08:51:15.661021+00,7125,61.45,4714,51:14.1,
3864,2025-04-21 08:51:04.075153+00,7477.5,61.7,4713,51:02.5,
3863,2025-04-21 08:50:52.482825+00,7272.5,61.09,4712,50:50.9,
3862,2025-04-21 08:50:40.8813+00,7287.5,61.09,4711,50:39.3,
3861,2025-04-21 08:50:29.278493+00,7463.75,61.09,4710,50:27.7,
3860,2025-04-21 08:50:17.689694+00,7545,61.21,4709,50:16.1,
3859,2025-04-21 08:50:06.088565+00,7136.25,60.73,4708,50:04.5,
3858,2025-04-21 08:49:54.476306+00,7276.25,61.21,4707,49:52.9,
3857,2025-04-21 08:49:42.894171+00,7307.5,61.33,4706,49:41.3,
3856,2025-04-21 08:49:31.251162+00,7231.25,61.09,4705,49:29.6,
3855,2025-04-21 08:49:19.630252+00,7367.5,60.48,4704,49:18.0,
3854,2025-04-21 08:49:08.032561+00,7621.25,61.45,4703,49:06.5,
3853,2025-04-21 08:48:56.448519+00,7517.5,60.85,4702,48:54.9,
3852,2025-04-21 08:48:44.85803+00,7506.25,60.85,4701,48:43.3,
3851,2025-04-21 08:48:33.28675+00,7382.5,60.97,4700,48:31.7,
3850,2025-04-21 08:48:21.668599+00,7278.75,60.97,4699,48:20.1,
3849,2025-04-21 08:48:10.075094+00,7265,60.73,4698,48:08.5,
3848,2025-04-21 08:47:58.451678+00,6967.5,60.73,4697,47:56.9,
3847,2025-04-21 08:47:46.87263+00,7143.75,60.97,4696,47:45.3,
3846,2025-04-21 08:47:35.282274+00,7562.5,61.09,4695,47:33.7,
3845,2025-04-21 08:47:23.678644+00,7425,60.97,4694,47:22.1,
3844,2025-04-21 08:47:12.088589+00,7401.25,61.21,4693,47:10.5,
3843,2025-04-21 08:47:00.475983+00,7342.5,61.21,4692,46:58.9,
3842,2025-04-21 08:46:48.871638+00,7445,61.33,4691,46:47.3,
3841,2025-04-21 08:46:37.290592+00,7262.5,61.09,4690,46:35.7,
3840,2025-04-21 08:46:25.700742+00,7276.25,60.97,4689,46:24.1,
3839,2025-04-21 08:46:14.100391+00,7390,61.09,4688,46:12.5,
3838,2025-04-21 08:46:02.505053+00,7500,61.21,4687,46:00.9,
3837,2025-04-21 08:45:50.895165+00,7578.75,61.21,4686,45:49.3,
3836,2025-04-21 08:45:39.306845+00,7431.25,61.33,4685,45:37.7,
3835,2025-04-21 08:45:27.732766+00,7500,61.33,4684,45:26.2,
3834,2025-04-21 08:45:16.150124+00,7566.25,61.33,4683,45:14.6,
3833,2025-04-21 08:45:04.540439+00,7667.5,61.09,4682,45:02.9,
3832,2025-04-21 08:44:52.924489+00,7530,61.45,4681,44:51.3,
3831,2025-04-21 08:44:41.325842+00,7466.25,61.45,4680,44:39.7,
3830,2025-04-21 08:44:29.687889+00,7560,61.58,4679,44:28.1,
3829,2025-04-21 08:44:18.045281+00,7458.75,61.58,4678,44:16.4,
3828,2025-04-21 08:44:06.404927+00,7426.25,61.58,4677,44:04.8,
3827,2025-04-21 08:43:54.798769+00,7190,61.45,4676,43:53.2,
3826,2025-04-21 08:43:43.198756+00,7571.25,61.58,4675,43:41.6,
3825,2025-04-21 08:43:31.597777+00,7298.75,61.33,4674,43:30.0,
3824,2025-04-21 08:43:19.977252+00,7647.5,61.58,4673,43:18.4,
3823,2025-04-21 08:43:08.385207+00,7581.25,61.33,4672,43:06.8,
3822,2025-04-21 08:42:56.811288+00,7448.75,61.58,4671,42:55.2,
3821,2025-04-21 08:42:45.226877+00,7498.75,61.58,4670,42:43.7,
3820,2025-04-21 08:42:33.638594+00,7765,61.82,4669,42:32.0,
3819,2025-04-21 08:42:22.033032+00,7637.5,61.45,4668,42:20.4,
3818,2025-04-21 08:42:10.43485+00,7287.5,61.7,4667,42:08.9,
3817,2025-04-21 08:41:58.835648+00,7431.25,61.7,4666,41:57.2,
3816,2025-04-21 08:41:47.231224+00,7520,61.7,4665,41:45.7,
3815,2025-04-21 08:41:35.651739+00,7426.25,61.7,4664,41:34.1,
3814,2025-04-21 08:41:24.039531+00,7591.25,61.7,4663,41:22.5,
3813,2025-04-21 08:41:12.441074+00,7680,61.82,4662,41:10.8,
3812,2025-04-21 08:41:00.83473+00,7452.5,61.7,4661,40:59.3,
3811,2025-04-21 08:40:49.273406+00,7843.75,61.82,4660,40:47.7,
3810,2025-04-21 08:40:37.679525+00,7440,61.7,4659,40:36.0,
3809,2025-04-21 08:40:26.01362+00,7610,61.7,4658,40:24.4,
3808,2025-04-21 08:40:14.406782+00,7436.25,61.94,4657,40:12.8,
3807,2025-04-21 08:40:02.836032+00,7771.25,61.82,4656,40:01.3,
3806,2025-04-21 08:39:51.253182+00,7792.5,61.82,4655,39:49.5,
3805,2025-04-21 08:39:39.498416+00,7371.25,61.82,4654,39:37.9,
3804,2025-04-21 08:39:27.932493+00,7535,61.45,4653,39:26.3,
3803,2025-04-21 08:39:16.297322+00,7442.5,61.58,4652,39:14.7,
3802,2025-04-21 08:39:04.683083+00,7506.25,61.82,4651,39:03.1,
3801,2025-04-21 08:38:53.051051+00,7708.75,61.86,4650,38:51.5,
3800,2025-04-21 08:38:41.494706+00,7678.75,61.58,4649,38:39.9,
3799,2025-04-21 08:38:29.917439+00,7615,61.82,4648,38:28.3,
3798,2025-04-21 08:38:18.320415+00,7626.25,61.58,4647,38:16.7,
3797,2025-04-21 08:38:06.72165+00,7661.25,61.7,4646,38:05.2,
3796,2025-04-21 08:37:55.149729+00,7570,61.7,4645,37:53.6,
3795,2025-04-21 08:37:43.538884+00,7485,61.82,4644,37:42.0,
3794,2025-04-21 08:37:31.95049+00,7612.5,61.7,4643,37:30.4,
3793,2025-04-21 08:37:20.333194+00,7513.75,61.58,4642,37:18.7,
3792,2025-04-21 08:37:08.73053+00,7608.75,61.7,4641,37:07.2,
3791,2025-04-21 08:36:57.157954+00,7595,61.82,4640,36:55.6,
3790,2025-04-21 08:36:45.596695+00,7670,61.82,4639,36:44.0,
3789,2025-04-21 08:36:33.98433+00,7592.5,61.7,4638,36:32.3,
3788,2025-04-21 08:36:22.314503+00,7436.25,62.06,4637,36:20.7,
3787,2025-04-21 08:36:10.723971+00,7702.5,62.06,4636,36:09.2,
3786,2025-04-21 08:35:59.145395+00,7591.25,61.94,4635,35:57.6,
3785,2025-04-21 08:35:47.544448+00,7742.5,61.7,4634,35:46.0,
3784,2025-04-21 08:35:35.986686+00,7587.5,61.82,4633,35:34.4,
3783,2025-04-21 08:35:24.398208+00,7522.5,61.7,4632,35:22.8,
3782,2025-04-21 08:35:12.82427+00,7588.75,62.06,4631,35:11.3,
3781,2025-04-21 08:35:01.236174+00,7716.25,61.7,4630,34:59.7,
3780,2025-04-21 08:34:49.65178+00,7580,61.82,4629,34:48.1,
3779,2025-04-21 08:34:38.087328+00,7647.5,61.58,4628,34:36.5,
3778,2025-04-21 08:34:26.493348+00,7517.5,61.7,4627,34:24.9,
3777,2025-04-21 08:34:14.883395+00,7745,61.82,4626,34:13.3,
3776,2025-04-21 08:34:03.305317+00,7663.75,61.94,4625,34:01.7,
3775,2025-04-21 08:33:51.698068+00,7678.75,61.58,4624,33:50.1,
3774,2025-04-21 08:33:40.115756+00,7327.5,61.82,4623,33:38.5,
3773,2025-04-21 08:33:28.476938+00,7398.75,61.45,4622,33:26.8,
3772,2025-04-21 08:33:16.827748+00,7272.5,61.82,4621,33:15.3,
3771,2025-04-21 08:33:05.248249+00,7571.25,61.7,4620,33:03.6,
3770,2025-04-21 08:32:53.616492+00,7747.5,61.94,4619,32:52.0,
3769,2025-04-21 08:32:41.992402+00,7625,61.94,4618,32:40.4,
3768,2025-04-21 08:32:30.39948+00,7400,61.82,4617,32:28.8,
3767,2025-04-21 08:32:18.827747+00,7422.5,61.94,4616,32:17.2,
3766,2025-04-21 08:32:07.187211+00,7551.25,61.82,4615,32:05.6,
3765,2025-04-21 08:31:55.583687+00,7692.5,61.58,4614,31:54.0,
3764,2025-04-21 08:31:43.968641+00,7346.25,61.58,4613,31:42.4,
3763,2025-04-21 08:31:32.36631+00,7571.25,62.18,4612,31:30.8,
3762,2025-04-21 08:31:20.791942+00,7547.5,62.06,4611,31:19.1,
3761,2025-04-21 08:31:09.085701+00,7718.75,62.18,4610,31:07.5,
3760,2025-04-21 08:30:57.48582+00,7745,62.18,4609,30:55.9,
3759,2025-04-21 08:30:45.887037+00,7586.25,62.18,4608,30:44.3,
3758,2025-04-21 08:30:34.29574+00,8085,62.18,4607,30:32.7,
3757,2025-04-21 08:30:22.66887+00,7727.5,62.06,4606,30:21.0,
3756,2025-04-21 08:30:11.033259+00,7842.5,62.3,4605,30:09.4,
3755,2025-04-21 08:29:59.407922+00,7930,62.3,4604,29:57.8,
3754,2025-04-21 08:29:47.817358+00,7765,62.42,4603,29:46.2,
3753,2025-04-21 08:29:36.21645+00,8230,62.18,4602,29:34.5,
3752,2025-04-21 08:29:24.52715+00,7488.75,62.3,4601,29:22.9,
3751,2025-04-21 08:29:12.92317+00,7728.75,62.67,4600,29:11.3,
3750,2025-04-21 08:29:01.305649+00,7923.75,62.42,4599,28:59.7,
3749,2025-04-21 08:28:49.653847+00,7612.5,62.55,4598,28:48.1,
3748,2025-04-21 08:28:38.051197+00,7727.5,62.3,4597,28:36.5,
3747,2025-04-21 08:28:26.442279+00,7511.25,62.42,4596,28:24.8,
3746,2025-04-21 08:28:14.825565+00,7701.25,62.18,4595,28:13.2,
3745,2025-04-21 08:28:03.213899+00,7572.5,62.3,4594,28:01.6,
3744,2025-04-21 08:27:51.603402+00,7716.25,62.34,4593,27:49.9,
3743,2025-04-21 08:27:39.908942+00,7573.75,62.42,4592,27:38.3,
3742,2025-04-21 08:27:28.320735+00,7636.25,62.55,4591,27:26.7,
3741,2025-04-21 08:27:16.695642+00,7571.25,62.3,4590,27:15.1,
3740,2025-04-21 08:27:05.10138+00,7531.25,62.42,4589,27:03.5,
3739,2025-04-21 08:26:53.464443+00,7817.5,62.3,4588,26:51.9,
3738,2025-04-21 08:26:41.881174+00,7576.25,62.42,4587,26:40.3,
3737,2025-04-21 08:26:30.286682+00,7698.75,62.55,4586,26:28.7,
3736,2025-04-21 08:26:18.667175+00,7708.75,62.3,4585,26:17.1,
3735,2025-04-21 08:26:07.057178+00,7781.25,62.3,4584,26:05.3,
3734,2025-04-21 08:25:55.315194+00,7642.5,62.42,4583,25:53.7,
3733,2025-04-21 08:25:43.713678+00,7531.25,62.3,4582,25:42.2,
3732,2025-04-21 08:25:32.147191+00,7775,62.3,4581,25:30.6,
3731,2025-04-21 08:25:20.561903+00,7505,62.3,4580,25:19.0,
3730,2025-04-21 08:25:08.920685+00,7656.25,62.3,4579,25:07.3,
3729,2025-04-21 08:24:57.313284+00,7626.25,62.3,4578,24:55.7,
3728,2025-04-21 08:24:45.691218+00,7862.5,62.42,4577,24:44.1,
3727,2025-04-21 08:24:34.080398+00,7446.25,62.06,4576,24:32.5,
3726,2025-04-21 08:24:22.495986+00,7590,62.06,4575,24:20.8,
3725,2025-04-21 08:24:10.788928+00,7882.5,62.55,4574,24:09.2,
3724,2025-04-21 08:23:59.187901+00,8020,62.3,4573,23:57.6,
3723,2025-04-21 08:23:47.595887+00,7351.25,62.06,4572,23:46.0,
3722,2025-04-21 08:23:36.016366+00,7366.25,61.82,4571,23:34.4,
3721,2025-04-21 08:23:24.357442+00,7452.5,62.06,4570,23:22.8,
3720,2025-04-21 08:23:12.758063+00,7586.25,61.82,4569,23:11.2,
3719,2025-04-21 08:23:01.163893+00,7327.5,62.06,4568,22:59.5,
3718,2025-04-21 08:22:49.525439+00,7413.75,62.3,4567,22:47.9,
3717,2025-04-21 08:22:37.882595+00,7596.25,62.06,4566,22:36.2,
3716,2025-04-21 08:22:26.192909+00,7515,61.94,4565,22:24.6,
3715,2025-04-21 08:22:14.572924+00,7546.25,62.06,4564,22:12.9,
3714,2025-04-21 08:22:02.932627+00,7485,61.82,4563,22:01.3,
3713,2025-04-21 08:21:51.351249+00,7713.75,62.06,4562,21:49.7,
3712,2025-04-21 08:21:39.761094+00,7551.25,61.94,4561,21:38.1,
3711,2025-04-21 08:21:28.164949+00,7305,62.06,4560,21:26.5,
3710,2025-04-21 08:21:16.557923+00,7631.25,61.82,4559,21:14.9,
3709,2025-04-21 08:21:04.928762+00,7787.5,61.82,4558,21:03.3,
3708,2025-04-21 08:20:53.270055+00,7831.25,62.06,4557,20:51.6,
3707,2025-04-21 08:20:41.665212+00,7693.75,62.06,4556,20:40.0,
3706,2025-04-21 08:20:30.057798+00,7545,61.94,4555,20:28.4,
3705,2025-04-21 08:20:18.469346+00,7685,61.82,4554,20:16.8,
3704,2025-04-21 08:20:06.84184+00,7536.25,62.06,4553,20:05.2,
3703,2025-04-21 08:19:55.23679+00,7561.25,62.06,4552,19:53.6,
3702,2025-04-21 08:19:43.629648+00,7517.5,61.82,4551,19:42.0,
3701,2025-04-21 08:19:32.037298+00,7495,61.7,4550,19:30.4,
3700,2025-04-21 08:19:20.444138+00,7601.25,61.82,4549,19:18.8,
3699,2025-04-21 08:19:08.803634+00,7246.25,61.7,4548,19:07.1,
3698,2025-04-21 08:18:57.162219+00,7761.25,61.33,4547,18:55.5,
3697,2025-04-21 08:18:45.538088+00,7415,62.06,4546,18:43.9,
3696,2025-04-21 08:18:33.881039+00,7397.5,61.7,4545,18:32.1,
3695,2025-04-21 08:18:22.145501+00,7578.75,61.82,4544,18:20.5,
3694,2025-04-21 08:18:10.527168+00,7441.25,61.58,4543,18:08.9,
3693,2025-04-21 08:17:58.906725+00,7411.25,61.7,4542,17:57.3,
3692,2025-04-21 08:17:47.289672+00,7656.25,61.82,4541,17:45.7,
3691,2025-04-21 08:17:35.678272+00,7696.25,61.82,4540,17:34.0,
3690,2025-04-21 08:17:24.017232+00,7275,61.7,4539,17:22.3,
3689,2025-04-21 08:17:12.353702+00,7365,61.82,4538,17:10.7,
3688,2025-04-21 08:17:00.710509+00,7456.25,61.7,4537,16:59.1,
3687,2025-04-21 08:16:49.11135+00,7426.25,61.7,4536,16:47.5,
3686,2025-04-21 08:16:37.529802+00,7711.25,61.82,4535,16:35.9,
3685,2025-04-21 08:16:25.934611+00,7640,62.06,4534,16:24.3,
3684,2025-04-21 08:16:14.347522+00,7438.75,61.7,4533,16:12.7,
3683,2025-04-21 08:16:02.714334+00,7567.5,61.7,4532,16:01.1,
3682,2025-04-21 08:15:51.090569+00,7443.75,61.82,4531,15:49.4,
3681,2025-04-21 08:15:39.279428+00,7315,61.7,4530,15:37.6,
3680,2025-04-21 08:15:27.594016+00,7542.5,61.82,4529,15:25.9,
3679,2025-04-21 08:15:15.956709+00,7470,61.45,4528,15:14.3,
3678,2025-04-21 08:15:04.325584+00,7288.75,61.45,4527,15:02.7,
3677,2025-04-21 08:14:52.672874+00,7453.75,61.45,4526,14:51.0,
3676,2025-04-21 08:14:41.038214+00,7232.5,61.33,4525,14:39.4,
3675,2025-04-21 08:14:29.423687+00,7235,61.45,4524,14:27.8,
3674,2025-04-21 08:14:17.829229+00,7470,61.45,4523,14:16.2,
3673,2025-04-21 08:14:06.185207+00,7388.75,61.58,4522,14:04.5,
3672,2025-04-21 08:13:54.518603+00,7526.25,61.09,4521,13:52.9,
3671,2025-04-21 08:13:42.907818+00,7322.5,61.09,4520,13:41.3,
3670,2025-04-21 08:13:31.335499+00,7413.75,60.97,4519,13:29.7,
3669,2025-04-21 08:13:19.724504+00,7486.25,61.09,4518,13:18.1,
3668,2025-04-21 08:13:08.115264+00,7398.75,61.33,4517,13:06.5,
3667,2025-04-21 08:12:56.510185+00,7418.75,61.45,4516,12:54.9,
3666,2025-04-21 08:12:44.910115+00,7478.75,61.58,4515,12:43.3,
3665,2025-04-21 08:12:33.29002+00,7552.5,61.82,4514,12:31.6,
3664,2025-04-21 08:12:21.647319+00,7575,61.7,4513,12:20.0,
3663,2025-04-21 08:12:10.035863+00,7498.75,61.58,4512,12:08.4,
3662,2025-04-21 08:11:58.41022+00,7343.75,61.82,4511,11:56.8,
3661,2025-04-21 08:11:46.788107+00,7553.75,61.58,4510,11:45.2,
3660,2025-04-21 08:11:35.168298+00,7568.75,61.7,4509,11:33.5,
3659,2025-04-21 08:11:23.533156+00,7380,61.33,4508,11:21.9,
3658,2025-04-21 08:11:11.907401+00,7365,61.33,4507,11:10.3,
3657,2025-04-21 08:11:00.279897+00,7131.25,61.33,4506,10:58.7,
3656,2025-04-21 08:10:48.655743+00,7211.25,61.21,4505,10:47.0,
3655,2025-04-21 08:10:37.029082+00,7673.75,61.45,4504,10:35.4,
3654,2025-04-21 08:10:25.401853+00,7536.25,60.97,4503,10:23.8,
3653,2025-04-21 08:10:13.811081+00,7491.25,60.85,4502,10:12.2,
3652,2025-04-21 08:10:02.213573+00,7412.5,61.33,4501,10:00.5,
3651,2025-04-21 08:09:50.556684+00,7565,61.21,4500,09:48.9,
3650,2025-04-21 08:09:38.924843+00,7403.75,60.97,4499,09:37.3,
3649,2025-04-21 08:09:27.286209+00,7460,61.33,4498,09:25.6,
3648,2025-04-21 08:09:15.653642+00,7418.75,61.33,4497,09:14.0,
3647,2025-04-21 08:08:59.142362+00,7065,61.58,4496,08:56.3,
3646,2025-04-21 08:08:46.269689+00,7163.75,61.58,4495,08:44.6,
3645,2025-04-21 08:08:34.633114+00,7483.75,61.45,4494,08:33.0,
3644,2025-04-21 08:08:22.988348+00,7710,61.58,4493,08:21.3,
3643,2025-04-21 08:08:11.353705+00,7351.25,61.58,4492,08:09.7,
3642,2025-04-21 08:07:59.725522+00,7476.25,61.21,4491,07:58.1,
3641,2025-04-21 08:07:48.107396+00,7403.75,61.58,4490,07:46.5,
3640,2025-04-21 08:07:36.490098+00,7440,61.7,4489,07:34.8,
3639,2025-04-21 08:07:24.851439+00,7482.5,61.82,4488,07:23.2,
3638,2025-04-21 08:07:13.211286+00,7253.75,61.33,4487,07:10.3,
3637,2025-04-21 08:07:00.286103+00,7461.25,61.09,4486,06:58.7,
3636,2025-04-21 08:06:48.666583+00,7310,61.26,4485,06:47.0,
3635,2025-04-21 08:06:37.05509+00,7403.75,61.21,4484,06:35.4,
3634,2025-04-21 08:06:25.452828+00,7482.5,61.21,4483,06:23.8,
3633,2025-04-21 08:06:13.856684+00,7186.25,61.33,4482,06:12.2,
3632,2025-04-21 08:06:02.228061+00,7292.5,61.09,4481,06:00.6,
3631,2025-04-21 08:05:50.604562+00,7248.75,61.09,4480,05:49.0,
3630,2025-04-21 08:05:38.996752+00,7492.5,61.45,4479,05:37.4,
3629,2025-04-21 08:05:27.371952+00,7401.25,61.33,4478,05:25.8,
3628,2025-04-21 08:05:15.764993+00,7381.25,61.5,4477,05:14.2,
3627,2025-04-21 08:05:04.158734+00,7410,61.09,4476,05:02.6,
3626,2025-04-21 08:04:52.571961+00,7308.75,61.45,4475,04:51.0,
3625,2025-04-21 08:04:40.986954+00,7117.5,61.33,4474,04:39.3,
3624,2025-04-21 08:04:29.349153+00,7423.75,61.09,4473,04:27.7,
3623,2025-04-21 08:04:17.729243+00,7115,61.33,4472,04:16.1,
3622,2025-04-21 08:04:06.111717+00,7451.25,61.33,4471,04:04.5,
3621,2025-04-21 08:03:54.495073+00,7525,61.33,4470,03:52.9,
3620,2025-04-21 08:03:42.881874+00,7398.75,61.58,4469,03:41.3,
3619,2025-04-21 08:03:31.291624+00,7487.5,61.7,4468,03:29.6,
3618,2025-04-21 08:03:19.649399+00,7440,61.45,4467,03:18.0,
3617,2025-04-21 08:03:08.023056+00,7392.5,61.45,4466,03:06.4,
3616,2025-04-21 08:02:56.425458+00,7182.5,61.33,4465,02:54.8,
3615,2025-04-21 08:02:44.808695+00,7387.5,61.33,4464,02:43.2,
3614,2025-04-21 08:02:33.205807+00,7355,61.33,4463,02:31.6,
3613,2025-04-21 08:02:21.61406+00,7036.25,61.33,4462,02:20.0,
3612,2025-04-21 08:02:09.990291+00,7393.75,61.45,4461,02:08.3,
3611,2025-04-21 08:01:58.357552+00,7288.75,61.45,4460,01:56.7,
3610,2025-04-21 08:01:46.677236+00,7073.75,61.45,4459,01:44.9,
3609,2025-04-21 08:01:34.931587+00,7200,61.45,4458,01:33.3,
3608,2025-04-21 08:01:23.299066+00,7332.5,61.38,4457,01:21.6,
3607,2025-04-21 08:01:11.639756+00,7462.5,61.33,4456,01:09.8,
3606,2025-04-21 08:00:59.78609+00,7588.75,61.33,4455,00:58.2,
3605,2025-04-21 08:00:48.173755+00,7477.5,61.7,4454,00:46.4,
3604,2025-04-21 08:00:36.453387+00,7202.5,61.58,4453,00:34.8,
3603,2025-04-21 08:00:24.80475+00,7535,61.58,4452,00:23.2,
3602,2025-04-21 08:00:13.155627+00,7318.75,61.45,4451,00:11.5,
3601,2025-04-21 08:00:01.522867+00,7388.75,61.33,4450,59:59.9,
3600,2025-04-21 07:59:49.887283+00,7247.5,61.33,4449,59:48.2,
3599,2025-04-21 07:59:38.243004+00,7308.75,61.33,4448,59:36.6,
3598,2025-04-21 07:59:26.634045+00,7450,61.21,4447,59:25.0,
3597,2025-04-21 07:59:15.040903+00,7502.5,61.58,4446,59:13.4,
3596,2025-04-21 07:59:03.41158+00,7405,61.33,4445,59:01.8,
3595,2025-04-21 07:58:51.786566+00,7227.5,61.33,4444,58:50.2,
3594,2025-04-21 07:58:40.165292+00,7362.5,61.33,4443,58:38.6,
3593,2025-04-21 07:58:28.570943+00,7497.5,61.7,4442,58:27.0,
3592,2025-04-21 07:58:16.968954+00,7420,61.58,4441,58:15.4,
3591,2025-04-21 07:58:05.299974+00,7503.75,61.33,4440,58:03.7,
3590,2025-04-21 07:57:53.694434+00,7318.75,61.09,4439,57:52.0,
3589,2025-04-21 07:57:41.996234+00,7465,61.09,4438,57:40.4,
3588,2025-04-21 07:57:30.377223+00,7000,61.21,4437,57:28.7,
3587,2025-04-21 07:57:18.739867+00,7313.75,61.45,4436,57:17.1,
3586,2025-04-21 07:57:06.997604+00,7426.25,61.58,4435,57:05.3,
3585,2025-04-21 07:56:55.319439+00,7468.75,61.7,4434,56:53.7,
3584,2025-04-21 07:56:43.718133+00,7376.25,61.33,4433,56:42.1,
3583,2025-04-21 07:56:32.118742+00,7403.75,61.58,4432,56:30.5,
3582,2025-04-21 07:56:20.497307+00,7410,61.33,4431,56:18.9,
3581,2025-04-21 07:56:08.871538+00,7356.25,61.33,4430,56:07.2,
3580,2025-04-21 07:55:57.240349+00,7286.25,61.33,4429,55:55.6,
3579,2025-04-21 07:55:45.6359+00,7123.75,61.45,4428,55:44.0,
3578,2025-04-21 07:55:34.041216+00,7231.25,60.97,4427,55:32.4,
3577,2025-04-21 07:55:22.437903+00,7516.25,61.09,4426,55:20.8,
3576,2025-04-21 07:55:10.780764+00,7501.25,61.45,4425,55:09.2,
3575,2025-04-21 07:54:59.189623+00,7351.25,61.33,4424,54:57.5,
3574,2025-04-21 07:54:47.549515+00,7326.25,61.45,4423,54:45.9,
3573,2025-04-21 07:54:35.916804+00,7416.25,61.45,4422,54:34.3,
3572,2025-04-21 07:54:24.295753+00,7517.5,61.33,4421,54:22.7,
3571,2025-04-21 07:54:12.664021+00,7428.75,61.33,4420,54:11.0,
3570,2025-04-21 07:54:01.032127+00,7537.5,61.58,4419,53:59.4,
3569,2025-04-21 07:53:49.418217+00,7652.5,61.7,4418,53:47.8,
3568,2025-04-21 07:53:37.769044+00,7595,61.7,4417,53:36.1,
3567,2025-04-21 07:53:26.016252+00,7545,61.33,4416,53:24.3,
3566,2025-04-21 07:53:14.352832+00,7446.25,61.33,4415,53:12.7,
3565,2025-04-21 07:53:02.718639+00,7310,61.45,4414,53:01.1,
3564,2025-04-21 07:52:51.084332+00,7223.75,61.21,4413,52:49.5,
3563,2025-04-21 07:52:39.484682+00,7297.5,61.33,4412,52:37.8,
3562,2025-04-21 07:52:27.847187+00,7293.75,61.09,4411,52:26.2,
3561,2025-04-21 07:52:16.249608+00,7436.25,61.33,4410,52:14.7,
3560,2025-04-21 07:52:04.657373+00,7275,61.09,4409,52:03.1,
3559,2025-04-21 07:51:53.060267+00,7428.75,61.21,4408,51:51.4,
3558,2025-04-21 07:51:41.436507+00,7571.25,61.21,4407,51:39.8,
3557,2025-04-21 07:51:29.7895+00,7332.5,61.45,4406,51:28.2,
3556,2025-04-21 07:51:18.192459+00,7506.25,61.58,4405,51:16.6,
3555,2025-04-21 07:51:06.585269+00,7106.25,61.09,4404,51:05.0,
3554,2025-04-21 07:50:54.974464+00,7345,61.21,4403,50:53.4,
3553,2025-04-21 07:50:43.392106+00,7103.75,61.21,4402,50:41.8,
3552,2025-04-21 07:50:31.78467+00,7083.75,61.09,4401,50:30.2,
3551,2025-04-21 07:50:20.190678+00,7273.75,61.21,4400,50:18.6,
3550,2025-04-21 07:50:08.577735+00,7545,61.45,4399,50:07.0,
3549,2025-04-21 07:49:56.9794+00,7315,60.97,4398,49:55.4,
3548,2025-04-21 07:49:45.394291+00,7370,61.09,4397,49:43.8,
3547,2025-04-21 07:49:33.821564+00,7207.5,61.21,4396,49:32.2,
3546,2025-04-21 07:49:22.220131+00,7287.5,61.21,4395,49:20.6,
3545,2025-04-21 07:49:10.617478+00,7367.5,61.33,4394,49:09.0,
3544,2025-04-21 07:48:59.030583+00,7307.5,61.58,4393,48:57.4,
3543,2025-04-21 07:48:47.39359+00,7343.75,61.45,4392,48:45.8,
3542,2025-04-21 07:48:35.79315+00,7326.25,61.33,4391,48:34.2,
3541,2025-04-21 07:48:24.177044+00,7462.5,61.58,4390,48:22.6,
3540,2025-04-21 07:48:12.562945+00,7430,61.45,4389,48:10.9,
3539,2025-04-21 07:48:00.952584+00,7390,61.82,4388,47:59.3,
3538,2025-04-21 07:47:49.306432+00,7508.75,61.45,4387,47:47.7,
3537,2025-04-21 07:47:37.707189+00,7465,61.33,4386,47:36.1,
3536,2025-04-21 07:47:26.072501+00,7471.25,61.09,4385,47:24.5,
3535,2025-04-21 07:47:14.456611+00,7333.75,61.09,4384,47:12.8,
3534,2025-04-21 07:47:02.846664+00,7365,61.09,4383,47:01.2,
3533,2025-04-21 07:46:51.234616+00,7223.75,61.09,4382,46:49.6,
3532,2025-04-21 07:46:39.629521+00,7323.75,61.09,4381,46:38.0,
3531,2025-04-21 07:46:28.032578+00,7422.5,61.38,4380,46:26.4,
3530,2025-04-21 07:46:16.41466+00,7415,61.21,4379,46:14.8,
3529,2025-04-21 07:46:04.826536+00,7421.25,61.33,4378,46:03.2,
3528,2025-04-21 07:45:53.213687+00,7378.75,61.33,4377,45:51.6,
3527,2025-04-21 07:45:41.559539+00,7436.25,61.33,4376,45:40.0,
3526,2025-04-21 07:45:29.965694+00,7532.5,61.21,4375,45:28.4,
3525,2025-04-21 07:45:18.361647+00,7348.75,61.33,4374,45:16.7,
3524,2025-04-21 07:45:06.752191+00,7412.5,61.21,4373,45:05.1,
3523,2025-04-21 07:44:55.125011+00,7352.5,61.21,4372,44:53.5,
3522,2025-04-21 07:44:43.476463+00,7393.75,61.21,4371,44:41.9,
3521,2025-04-21 07:44:31.880529+00,7373.75,60.85,4370,44:30.3,
3520,2025-04-21 07:44:20.290036+00,7377.5,60.97,4369,44:18.7,
3519,2025-04-21 07:44:08.680632+00,7442.5,61.09,4368,44:07.0,
3518,2025-04-21 07:43:57.025325+00,7172.5,60.85,4367,43:55.4,
3517,2025-04-21 07:43:45.392382+00,7253.75,60.97,4366,43:43.8,
3516,2025-04-21 07:43:33.803429+00,7350,60.85,4365,43:32.2,
3515,2025-04-21 07:43:22.19395+00,7330,60.85,4364,43:20.6,
3514,2025-04-21 07:43:10.600197+00,7502.5,61.21,4363,43:09.0,
3513,2025-04-21 07:42:59.008663+00,7506.25,60.97,4362,42:57.4,
3512,2025-04-21 07:42:47.359455+00,7378.75,60.97,4361,42:45.8,
3511,2025-04-21 07:42:35.765148+00,7303.75,60.97,4360,42:34.2,
3510,2025-04-21 07:42:24.165312+00,7483.75,60.61,4359,42:22.6,
3509,2025-04-21 07:42:12.587103+00,7558.75,61.09,4358,42:11.0,
3508,2025-04-21 07:42:00.962628+00,7305,61.09,4357,41:59.4,
3507,2025-04-21 07:41:49.374153+00,7373.75,61.09,4356,41:47.8,
3506,2025-04-21 07:41:37.75964+00,7296.25,61.09,4355,41:36.2,
3505,2025-04-21 07:41:26.162638+00,7298.75,61.33,4354,41:24.5,
3504,2025-04-21 07:41:14.54629+00,7437.5,60.97,4353,41:12.8,
3503,2025-04-21 07:41:02.839989+00,7307.5,61.09,4352,41:01.2,
3502,2025-04-21 07:40:51.239276+00,7422.5,60.85,4351,40:49.6,
3501,2025-04-21 07:40:39.560248+00,7331.25,60.73,4350,40:37.9,
3500,2025-04-21 07:40:27.885502+00,7228.75,60.73,4349,40:26.3,
3499,2025-04-21 07:40:16.266031+00,7370,60.97,4348,40:14.6,
3498,2025-04-21 07:40:04.630047+00,7273.75,60.85,4347,40:03.0,
3497,2025-04-21 07:39:52.945639+00,7496.25,60.85,4346,39:51.3,
3496,2025-04-21 07:39:41.313297+00,7098.75,60.97,4345,39:39.7,
3495,2025-04-21 07:39:29.682145+00,7375,60.97,4344,39:28.0,
3494,2025-04-21 07:39:18.044586+00,7110,61.09,4343,39:16.4,
3493,2025-04-21 07:39:06.37119+00,7416.25,60.97,4342,39:04.8,
3492,2025-04-21 07:38:54.752274+00,7446.25,60.97,4341,38:53.1,
3491,2025-04-21 07:38:43.149882+00,7438.75,61.33,4340,38:41.6,
3490,2025-04-21 07:38:31.549839+00,7531.25,61.33,4339,38:29.9,
3489,2025-04-21 07:38:19.903287+00,7350,61.09,4338,38:18.3,
3488,2025-04-21 07:38:08.280775+00,7418.75,61.21,4337,38:06.7,
3487,2025-04-21 07:37:56.665946+00,7333.75,61.21,4336,37:55.1,
3486,2025-04-21 07:37:45.069198+00,7291.25,61.09,4335,37:43.5,
3485,2025-04-21 07:37:33.461956+00,7611.25,61.21,4334,37:31.8,
3484,2025-04-21 07:37:21.821499+00,7340,61.33,4333,37:20.2,
3483,2025-04-21 07:37:10.208273+00,7147.5,61.62,4332,37:08.6,
3482,2025-04-21 07:36:58.586891+00,7615,61.33,4331,36:57.0,
3481,2025-04-21 07:36:46.948487+00,7378.75,61.33,4330,36:45.3,
3480,2025-04-21 07:36:35.326572+00,7207.5,61.45,4329,36:33.7,
3479,2025-04-21 07:36:23.69425+00,7646.25,61.33,4328,36:22.1,
3478,2025-04-21 07:36:12.082603+00,7401.25,61.7,4327,36:10.4,
3477,2025-04-21 07:36:00.445082+00,7521.25,61.58,4326,35:58.8,
3476,2025-04-21 07:35:48.845959+00,7402.5,61.33,4325,35:47.2,
3475,2025-04-21 07:35:37.20034+00,7300,61.45,4324,35:35.6,
3474,2025-04-21 07:35:25.573193+00,7338.75,61.21,4323,35:24.0,
3473,2025-04-21 07:35:13.964913+00,7367.5,61.33,4322,35:12.3,
3472,2025-04-21 07:35:02.313577+00,7505,61.33,4321,35:00.7,
3471,2025-04-21 07:34:50.664327+00,7403.75,61.45,4320,34:49.1,
3470,2025-04-21 07:34:39.068688+00,7333.75,61.58,4319,34:37.4,
3469,2025-04-21 07:34:27.439405+00,7323.75,61.33,4318,34:25.8,
3468,2025-04-21 07:34:15.815018+00,7375,61.33,4317,34:14.2,
3467,2025-04-21 07:34:04.191539+00,7428.75,61.21,4316,34:02.6,
3466,2025-04-21 07:33:52.605524+00,7215,61.21,4315,33:51.0,
3465,2025-04-21 07:33:40.97878+00,7308.75,61.33,4314,33:39.4,
3464,2025-04-21 07:33:29.340956+00,7401.25,61.33,4313,33:27.8,
3463,2025-04-21 07:33:17.750718+00,7261.25,61.21,4312,33:16.2,
3462,2025-04-21 07:33:06.148443+00,7468.75,60.97,4311,33:04.5,
3461,2025-04-21 07:32:54.451634+00,7405,61.33,4310,32:52.8,
3460,2025-04-21 07:32:42.839922+00,7131.25,61.21,4309,32:41.2,
3459,2025-04-21 07:32:31.217999+00,7265,61.09,4308,32:29.6,
3458,2025-04-21 07:32:19.589087+00,7350,61.09,4307,32:18.0,
3457,2025-04-21 07:32:07.964839+00,7277.5,61.21,4306,32:06.4,
3456,2025-04-21 07:31:56.350971+00,7410,60.97,4305,31:54.8,
3455,2025-04-21 07:31:44.753137+00,7240,61.33,4304,31:43.2,
3454,2025-04-21 07:31:33.170935+00,7275,60.85,4303,31:31.6,
3453,2025-04-21 07:31:21.570885+00,7401.25,61.09,4302,31:20.0,
3452,2025-04-21 07:31:09.974248+00,7531.25,60.85,4301,31:08.4,
3451,2025-04-21 07:30:58.342473+00,7312.5,60.97,4300,30:56.7,
3450,2025-04-21 07:30:46.711881+00,7402.5,61.21,4299,30:45.1,
3449,2025-04-21 07:30:35.118484+00,7358.75,60.97,4298,30:33.5,
3448,2025-04-21 07:30:23.493618+00,7488.75,61.21,4297,30:21.9,
3447,2025-04-21 07:30:11.846331+00,7407.5,61.33,4296,30:10.2,
3446,2025-04-21 07:30:00.228759+00,7528.75,61.09,4295,29:58.6,
3445,2025-04-21 07:29:48.594227+00,7433.75,60.73,4294,29:47.0,
3444,2025-04-21 07:29:36.981324+00,7487.5,61.33,4293,29:35.3,
3443,2025-04-21 07:29:25.330458+00,7543.75,60.97,4292,29:23.7,
3442,2025-04-21 07:29:13.71098+00,7465,60.97,4291,29:12.1,
3441,2025-04-21 07:29:02.070299+00,7273.75,60.61,4290,29:00.4,
3440,2025-04-21 07:28:50.439288+00,7435,60.97,4289,28:48.8,
3439,2025-04-21 07:28:38.810313+00,7637.5,61.09,4288,28:37.2,
3438,2025-04-21 07:28:27.208805+00,7360,60.73,4287,28:25.6,
3437,2025-04-21 07:28:15.570259+00,7553.75,61.09,4286,28:14.0,
3436,2025-04-21 07:28:03.962912+00,7465,60.85,4285,28:02.4,
3435,2025-04-21 07:27:52.355285+00,7270,60.61,4284,27:50.8,
3434,2025-04-21 07:27:40.748595+00,7437.5,60.36,4283,27:39.1,
3433,2025-04-21 07:27:29.128188+00,7620,60.73,4282,27:27.5,
3432,2025-04-21 07:27:17.509767+00,7376.25,60.85,4281,27:15.8,
3431,2025-04-21 07:27:05.838078+00,7427.5,60.85,4280,27:04.2,
3430,2025-04-21 07:26:54.213063+00,7475,60.97,4279,26:52.5,
3429,2025-04-21 07:26:42.537669+00,7436.25,60.48,4278,26:40.9,
3428,2025-04-21 07:26:30.90198+00,7328.75,60.61,4277,26:29.3,
3427,2025-04-21 07:26:19.25692+00,7193.75,61.21,4276,26:17.7,
3426,2025-04-21 07:26:07.638435+00,7281.25,61.09,4275,26:06.0,
3425,2025-04-21 07:25:56.041056+00,7586.25,60.85,4274,25:54.4,
3424,2025-04-21 07:25:44.406686+00,7428.75,61.09,4273,25:42.8,
3423,2025-04-21 07:25:32.811046+00,7328.75,60.61,4272,25:31.2,
3422,2025-04-21 07:25:21.186937+00,7517.5,60.73,4271,25:19.6,
3421,2025-04-21 07:25:09.550672+00,7363.75,61.09,4270,25:07.9,
3420,2025-04-21 07:24:57.920535+00,7197.5,60.97,4269,24:56.3,
3419,2025-04-21 07:24:46.329504+00,7521.25,60.97,4268,24:44.7,
3418,2025-04-21 07:24:34.708616+00,7393.75,60.85,4267,24:33.1,
3417,2025-04-21 07:24:23.092748+00,7335,61.09,4266,24:21.5,
3416,2025-04-21 07:24:11.446858+00,7507.5,60.97,4265,24:09.8,
3415,2025-04-21 07:23:59.80871+00,7375,60.85,4264,23:58.2,
3414,2025-04-21 07:23:48.151332+00,7506.25,61.21,4263,23:46.5,
3413,2025-04-21 07:23:36.443697+00,7361.25,60.97,4262,23:34.9,
3412,2025-04-21 07:23:24.853086+00,7463.75,60.48,4261,23:23.2,
3411,2025-04-21 07:23:13.214995+00,7125,60.73,4260,23:10.4,
3410,2025-04-21 07:23:00.386639+00,7470,61.09,4259,22:58.8,
3409,2025-04-21 07:22:48.785804+00,7431.25,60.85,4258,22:47.2,
3408,2025-04-21 07:22:37.191638+00,7096.25,60.36,4257,22:35.6,
3407,2025-04-21 07:22:25.59269+00,7360,60.85,4256,22:22.7,
3406,2025-04-21 07:22:12.761501+00,7515,60.73,4255,22:11.1,
3405,2025-04-21 07:22:01.121274+00,7551.25,60.85,4254,21:59.5,
3404,2025-04-21 07:21:49.540534+00,7672.5,60.48,4253,21:47.9,
3403,2025-04-21 07:21:37.916724+00,7170,60.48,4252,21:36.3,
3402,2025-04-21 07:21:26.289108+00,7451.25,60.73,4251,21:24.6,
3401,2025-04-21 07:21:14.674727+00,7342.5,60.61,4250,21:13.0,
3400,2025-04-21 07:21:03.036703+00,7423.75,60.73,4249,21:01.4,
3399,2025-04-21 07:20:51.385323+00,7387.5,61.09,4248,20:49.7,
3398,2025-04-21 07:20:39.765402+00,7012.5,60.73,4247,20:38.1,
3397,2025-04-21 07:20:28.155294+00,7408.75,60.73,4246,20:26.5,
3396,2025-04-21 07:20:16.551615+00,7526.25,60.85,4245,20:14.9,
3395,2025-04-21 07:20:04.956358+00,7420,60.85,4244,20:03.3,
3394,2025-04-21 07:19:53.366231+00,7482.5,60.97,4243,19:51.7,
3393,2025-04-21 07:19:41.72137+00,7622.5,60.73,4242,19:40.1,
3392,2025-04-21 07:19:30.151014+00,7478.75,60.48,4241,19:28.5,
3391,2025-04-21 07:19:18.556132+00,7491.25,60.61,4240,19:16.9,
3390,2025-04-21 07:19:06.931085+00,7286.25,60.36,4239,19:05.3,
3389,2025-04-21 07:18:55.292369+00,7528.75,60.73,4238,18:53.6,
3388,2025-04-21 07:18:43.64424+00,7316.25,60.73,4237,18:42.0,
3387,2025-04-21 07:18:31.989026+00,7335,61.09,4236,18:30.3,
3386,2025-04-21 07:18:20.335841+00,7562.5,60.97,4235,18:18.6,
3385,2025-04-21 07:18:08.654181+00,7350,60.97,4234,18:06.9,
3384,2025-04-21 07:17:56.957095+00,7370,61.09,4233,17:55.3,
3383,2025-04-21 07:17:45.298178+00,7515,61.09,4232,17:43.7,
3382,2025-04-21 07:17:33.687468+00,7418.75,60.85,4231,17:32.0,
3381,2025-04-21 07:17:22.071028+00,7478.75,60.97,4230,17:20.5,
3380,2025-04-21 07:17:10.476617+00,7391.25,60.73,4229,17:08.8,
3379,2025-04-21 07:16:58.848922+00,7271.25,60.97,4228,16:57.2,
3378,2025-04-21 07:16:47.256342+00,7421.25,60.85,4227,16:45.6,
3377,2025-04-21 07:16:35.612706+00,7400,61.09,4226,16:34.0,
3376,2025-04-21 07:16:24.003559+00,7571.25,61.21,4225,16:22.3,
3375,2025-04-21 07:16:12.335095+00,7433.75,60.97,4224,16:10.7,
3374,2025-04-21 07:16:00.744561+00,7480,61.09,4223,15:59.1,
3373,2025-04-21 07:15:49.129255+00,7487.5,61.09,4222,15:47.4,
3372,2025-04-21 07:15:37.447783+00,7485,61.09,4221,15:35.8,
3371,2025-04-21 07:15:25.831304+00,7307.5,61.09,4220,15:24.1,
3370,2025-04-21 07:15:14.146413+00,7752.5,60.85,4219,15:10.9,
3369,2025-04-21 07:15:00.931147+00,7476.25,60.85,4218,14:59.3,
3368,2025-04-21 07:14:49.312647+00,7318.75,61.21,4217,14:47.7,
3367,2025-04-21 07:14:37.692615+00,7815,61.21,4216,14:36.1,
3366,2025-04-21 07:14:26.083982+00,7277.5,60.73,4215,14:24.5,
3365,2025-04-21 07:14:14.477174+00,7460,60.85,4214,14:12.8,
3364,2025-04-21 07:14:02.867883+00,7295,60.48,4213,14:01.2,
3363,2025-04-21 07:13:51.250083+00,7501.25,60.85,4212,13:49.6,
3362,2025-04-21 07:13:39.63291+00,7441.25,61.09,4211,13:38.0,
3361,2025-04-21 07:13:28.01458+00,7321.25,60.97,4210,13:26.4,
3360,2025-04-21 07:13:16.394655+00,7788.75,61.21,4209,13:14.7,
3359,2025-04-21 07:13:04.696258+00,7771.25,61.33,4208,13:03.1,
3358,2025-04-21 07:12:53.083319+00,7532.5,61.58,4207,12:51.4,
3357,2025-04-21 07:12:41.400971+00,7853.75,60.97,4206,12:39.8,
3356,2025-04-21 07:12:29.819454+00,7465,60.85,4205,12:28.2,
3355,2025-04-21 07:12:18.231231+00,7340,60.97,4204,12:16.6,
3354,2025-04-21 07:12:06.635869+00,7426.25,60.97,4203,12:04.9,
3353,2025-04-21 07:11:54.971134+00,7370,60.97,4202,11:53.3,
3352,2025-04-21 07:11:43.33155+00,7582.5,60.85,4201,11:41.7,
3351,2025-04-21 07:11:31.738381+00,7441.25,60.85,4200,11:30.1,
3350,2025-04-21 07:11:20.121514+00,7222.5,60.85,4199,11:18.5,
3349,2025-04-21 07:11:08.513132+00,7462.5,61.09,4198,11:06.5,
3348,2025-04-21 07:10:56.547631+00,7622.5,60.73,4197,10:54.9,
3347,2025-04-21 07:10:44.91409+00,7401.25,60.61,4196,10:43.3,
3346,2025-04-21 07:10:33.300624+00,7208.75,60.85,4195,10:31.7,
3345,2025-04-21 07:10:21.654534+00,7595,60.73,4194,10:20.0,
3344,2025-04-21 07:10:10.053985+00,7481.25,60.48,4193,10:08.4,
3343,2025-04-21 07:09:58.423148+00,7285,60.61,4192,09:56.8,
3342,2025-04-21 07:09:46.78384+00,7521.25,60.73,4191,09:45.2,
3341,2025-04-21 07:09:35.18156+00,7386.25,60.73,4190,09:33.5,
3340,2025-04-21 07:09:23.543646+00,7457.5,60.61,4189,09:21.8,
3339,2025-04-21 07:09:11.864931+00,7536.25,60.61,4188,09:10.2,
3338,2025-04-21 07:09:00.239174+00,7396.25,61.09,4187,08:58.6,
3337,2025-04-21 07:08:48.601288+00,7420,60.85,4186,08:47.0,
3336,2025-04-21 07:08:36.949386+00,7191.25,60.97,4185,08:35.2,
3335,2025-04-21 07:08:25.194503+00,7308.75,60.97,4184,08:22.4,
3334,2025-04-21 07:08:12.458708+00,7413.75,61.09,4183,08:10.8,
3333,2025-04-21 07:08:00.856678+00,7338.75,60.97,4182,07:59.2,
3332,2025-04-21 07:07:49.260081+00,7265,61.09,4181,07:47.6,
3331,2025-04-21 07:07:37.628525+00,7531.25,60.97,4180,07:36.0,
3330,2025-04-21 07:07:25.999127+00,7352.5,60.97,4179,07:24.4,
3329,2025-04-21 07:07:14.393503+00,7315,60.97,4178,07:12.7,
3328,2025-04-21 07:07:02.758126+00,7418.75,60.85,4177,07:01.1,
3327,2025-04-21 07:06:51.148075+00,7303.75,60.61,4176,06:49.5,
3326,2025-04-21 07:06:39.528471+00,7366.25,60.73,4175,06:37.9,
3325,2025-04-21 07:06:27.901277+00,7375,60.73,4174,06:26.3,
3324,2025-04-21 07:06:16.277005+00,7300,60.61,4173,06:13.6,
3323,2025-04-21 07:06:03.642539+00,7213.75,60.85,4172,06:02.0,
3322,2025-04-21 07:05:52.042542+00,7217.5,60.48,4171,05:50.4,
3321,2025-04-21 07:05:40.39461+00,7213.75,60.85,4170,05:38.8,
3320,2025-04-21 07:05:28.783995+00,7151.25,60.61,4169,05:27.1,
3319,2025-04-21 07:05:17.157186+00,7525,60.85,4168,05:15.5,
3318,2025-04-21 07:05:05.55305+00,7478.75,61.09,4167,05:03.9,
3317,2025-04-21 07:04:53.933194+00,7483.75,61.09,4166,04:52.3,
3316,2025-04-21 07:04:42.355707+00,7193.75,60.73,4165,04:40.7,
3315,2025-04-21 07:04:30.757417+00,7406.25,60.61,4164,04:29.1,
3314,2025-04-21 07:04:19.103743+00,7425,60.73,4163,04:16.4,
3313,2025-04-21 07:04:06.375515+00,7171.25,60.73,4162,04:04.8,
3312,2025-04-21 07:03:54.786892+00,7203.75,60.73,4161,03:53.2,
3311,2025-04-21 07:03:43.188491+00,7301.25,60.48,4160,03:41.6,
3310,2025-04-21 07:03:31.578947+00,7278.75,60.73,4159,03:29.9,
3309,2025-04-21 07:03:19.969922+00,7338.75,60.61,4158,03:18.3,
3308,2025-04-21 07:03:08.362067+00,7322.5,60.61,4157,03:06.7,
3307,2025-04-21 07:02:56.755546+00,7338.75,60.61,4156,02:55.1,
3306,2025-04-21 07:02:45.14576+00,7432.5,60.61,4155,02:43.5,
3305,2025-04-21 07:02:33.561728+00,7225,60.85,4154,02:31.9,
3304,2025-04-21 07:02:21.883151+00,7532.5,60.73,4153,02:20.2,
3303,2025-04-21 07:02:10.231643+00,7330,60.85,4152,02:07.5,
3302,2025-04-21 07:01:57.526359+00,7392.5,60.85,4151,01:55.9,
3301,2025-04-21 07:01:45.921617+00,7428.75,60.61,4150,01:44.3,
3300,2025-04-21 07:01:34.317095+00,7610,60.48,4149,01:32.7,
3299,2025-04-21 07:01:22.731113+00,7240,60.36,4148,01:21.1,
3298,2025-04-21 07:01:11.110764+00,7598.75,60.36,4147,01:09.5,
3297,2025-04-21 07:00:59.501481+00,7392.5,60.73,4146,00:57.9,
3296,2025-04-21 07:00:47.886314+00,7205,60.48,4145,00:46.2,
3295,2025-04-21 07:00:36.256921+00,7497.5,60.61,4144,00:34.6,
3294,2025-04-21 07:00:24.635065+00,7498.75,60.61,4143,00:23.0,
3293,2025-04-21 07:00:13.039681+00,7416.25,60.48,4142,00:11.4,
3292,2025-04-21 07:00:01.452567+00,7416.25,60.48,4141,59:59.8,
3291,2025-04-21 06:59:49.809996+00,7265,60.36,4140,59:48.2,
3290,2025-04-21 06:59:38.192094+00,7377.5,60.48,4139,59:36.5,
3289,2025-04-21 06:59:26.538379+00,7387.5,60.73,4138,59:24.9,
3288,2025-04-21 06:59:14.911672+00,7347.5,60.73,4137,59:13.3,
3287,2025-04-21 06:59:03.310267+00,7491.25,60.48,4136,59:01.7,
3286,2025-04-21 06:58:51.702058+00,7460,60.61,4135,58:50.1,
3285,2025-04-21 06:58:40.095971+00,7543.75,60.61,4134,58:38.5,
3284,2025-04-21 06:58:28.475295+00,7481.25,60.24,4133,58:26.9,
3283,2025-04-21 06:58:16.88053+00,7660,60.36,4132,58:15.3,
3282,2025-04-21 06:58:05.284096+00,7432.5,60.36,4131,58:03.6,
3281,2025-04-21 06:57:53.638053+00,7546.25,60.61,4130,57:52.0,
3280,2025-04-21 06:57:42.053909+00,7400,60.24,4129,57:40.4,
3279,2025-04-21 06:57:30.454549+00,7498.75,60.36,4128,57:28.8,
3278,2025-04-21 06:57:18.836816+00,7587.5,60.61,4127,57:17.2,
3277,2025-04-21 06:57:07.232919+00,7587.5,60.48,4126,57:05.6,
3276,2025-04-21 06:56:55.645397+00,7346.25,60.48,4125,56:54.0,
3275,2025-04-21 06:56:44.041219+00,7285,60.61,4124,56:42.4,
3274,2025-04-21 06:56:32.403588+00,7210,60.85,4123,56:30.8,
3273,2025-04-21 06:56:20.791703+00,7513.75,60.85,4122,56:19.2,
3272,2025-04-21 06:56:09.197673+00,7352.5,60.61,4121,56:07.5,
3271,2025-04-21 06:55:57.548108+00,7417.5,60.61,4120,55:55.9,
3270,2025-04-21 06:55:45.930801+00,7558.75,60.73,4119,55:44.2,
3269,2025-04-21 06:55:34.241076+00,7292.5,60.85,4118,55:32.6,
3268,2025-04-21 06:55:22.627957+00,7231.25,61.09,4117,55:21.0,
3267,2025-04-21 06:55:11.0278+00,7445,60.61,4116,55:09.4,
3266,2025-04-21 06:54:59.425583+00,7555,60.73,4115,54:57.8,
3265,2025-04-21 06:54:47.799948+00,7128.75,60.97,4114,54:46.1,
3264,2025-04-21 06:54:36.156268+00,7377.5,60.97,4113,54:34.5,
3263,2025-04-21 06:54:24.559704+00,7245,61.09,4112,54:22.9,
3262,2025-04-21 06:54:12.948389+00,7405,60.85,4111,54:11.3,
3261,2025-04-21 06:54:01.361135+00,7411.25,61.09,4110,53:59.8,
3260,2025-04-21 06:53:49.78038+00,7115,61.21,4109,53:48.1,
3259,2025-04-21 06:53:38.149866+00,7372.5,60.73,4108,53:36.5,
3258,2025-04-21 06:53:26.53583+00,7146.25,60.85,4107,53:24.9,
3257,2025-04-21 06:53:14.944708+00,7198.75,60.85,4106,53:13.3,
3256,2025-04-21 06:53:03.351963+00,7385,60.97,4105,53:01.7,
3255,2025-04-21 06:52:51.73127+00,7481.25,60.85,4104,52:50.1,
3254,2025-04-21 06:52:40.091376+00,7346.25,60.97,4103,52:38.5,
3253,2025-04-21 06:52:28.479508+00,7012.5,60.97,4102,52:26.9,
3252,2025-04-21 06:52:16.881388+00,7283.75,60.97,4101,52:15.2,
3251,2025-04-21 06:52:05.24587+00,7407.5,60.48,4100,52:03.6,
3250,2025-04-21 06:51:53.645377+00,7488.75,60.48,4099,51:52.0,
3249,2025-04-21 06:51:42.040021+00,7398.75,60.73,4098,51:40.4,
3248,2025-04-21 06:51:30.42877+00,7281.25,60.73,4097,51:28.8,
3247,2025-04-21 06:51:18.808921+00,7056.25,60.73,4096,51:17.2,
3246,2025-04-21 06:51:07.221224+00,7575,60.73,4095,51:05.6,
3245,2025-04-21 06:50:55.619109+00,7178.75,60.97,4094,50:54.0,
3244,2025-04-21 06:50:44.008846+00,7296.25,60.61,4093,50:42.4,
3243,2025-04-21 06:50:32.365503+00,7323.75,60.97,4092,50:30.7,
3242,2025-04-21 06:50:20.727216+00,7516.25,60.61,4091,50:19.1,
3241,2025-04-21 06:50:09.115115+00,7120,60.73,4090,50:07.4,
3240,2025-04-21 06:49:57.462721+00,7198.75,60.85,4089,49:55.8,
3239,2025-04-21 06:49:45.853826+00,7236.25,60.73,4088,49:44.2,
3238,2025-04-21 06:49:34.2535+00,7230,60.85,4087,49:32.6,
3237,2025-04-21 06:49:22.64566+00,7398.75,60.85,4086,49:21.0,
3236,2025-04-21 06:49:11.02263+00,7468.75,60.97,4085,49:09.4,
3235,2025-04-21 06:48:59.371253+00,7565,60.97,4084,48:57.7,
3234,2025-04-21 06:48:47.75491+00,7577.5,61.21,4083,48:46.1,
3233,2025-04-21 06:48:36.117999+00,7340,61.21,4082,48:34.5,
3232,2025-04-21 06:48:24.525714+00,7420,61.21,4081,48:22.9,
3231,2025-04-21 06:48:12.929879+00,7620,61.58,4080,48:11.1,
3230,2025-04-21 06:48:01.157789+00,7468.75,61.33,4079,47:59.5,
3229,2025-04-21 06:47:49.553348+00,7520,61.33,4078,47:47.9,
3228,2025-04-21 06:47:37.900277+00,7498.75,61.33,4077,47:36.2,
3227,2025-04-21 06:47:26.227179+00,7496.25,61.21,4076,47:24.6,
3226,2025-04-21 06:47:14.634646+00,7435,61.45,4075,47:13.0,
3225,2025-04-21 06:47:03.041964+00,7420,61.45,4074,47:01.4,
3224,2025-04-21 06:46:51.453801+00,7391.25,61.33,4073,46:49.8,
3223,2025-04-21 06:46:39.838349+00,7522.5,61.09,4072,46:38.2,
3222,2025-04-21 06:46:28.180644+00,7466.25,61.09,4071,46:26.6,
3221,2025-04-21 06:46:16.59109+00,7480,61.09,4070,46:15.0,
3220,2025-04-21 06:46:04.982556+00,7403.75,61.33,4069,46:03.4,
3219,2025-04-21 06:45:53.374662+00,7537.5,61.09,4068,45:51.7,
3218,2025-04-21 06:45:41.762901+00,7202.5,61.09,4067,45:40.2,
3217,2025-04-21 06:45:30.184509+00,7168.75,61.09,4066,45:28.5,
3216,2025-04-21 06:45:18.557369+00,7288.75,60.97,4065,45:16.9,
3215,2025-04-21 06:45:06.942024+00,7383.75,60.97,4064,45:05.3,
3214,2025-04-21 06:44:55.287263+00,7250,60.73,4063,44:53.7,
3213,2025-04-21 06:44:43.698278+00,7158.75,61.21,4062,44:42.1,
3212,2025-04-21 06:44:32.094991+00,7147.5,61.21,4061,44:30.5,
3211,2025-04-21 06:44:20.468136+00,7470,61.21,4060,44:18.8,
3210,2025-04-21 06:44:08.858544+00,7561.25,60.97,4059,44:07.2,
3209,2025-04-21 06:43:57.210994+00,7320,60.97,4058,43:55.6,
3208,2025-04-21 06:43:45.593878+00,7365,61.09,4057,43:44.0,
3207,2025-04-21 06:43:33.988273+00,7426.25,60.97,4056,43:32.3,
3206,2025-04-21 06:43:22.347271+00,7301.25,60.73,4055,43:20.7,
3205,2025-04-21 06:43:10.750332+00,7300,60.61,4054,43:09.1,
3204,2025-04-21 06:42:59.118238+00,7332.5,60.61,4053,42:57.5,
3203,2025-04-21 06:42:47.445716+00,7216.25,60.61,4052,42:45.8,
3202,2025-04-21 06:42:35.843675+00,7330,60.73,4051,42:34.2,
3201,2025-04-21 06:42:24.219276+00,7497.5,60.48,4050,42:22.6,
3200,2025-04-21 06:42:12.633676+00,7457.5,60.48,4049,42:11.0,
3199,2025-04-21 06:42:00.995635+00,7095,60.48,4048,41:59.4,
3198,2025-04-21 06:41:49.385192+00,7557.5,60.61,4047,41:47.7,
3197,2025-04-21 06:41:37.730316+00,7467.5,60.48,4046,41:34.6,
3196,2025-04-21 06:41:24.577366+00,7396.25,60.48,4045,41:23.0,
3195,2025-04-21 06:41:12.969468+00,7452.5,60.97,4044,41:11.3,
3194,2025-04-21 06:41:01.316566+00,7387.5,60.85,4043,40:59.7,
3193,2025-04-21 06:40:49.727402+00,7452.5,60.85,4042,40:48.1,
3192,2025-04-21 06:40:37.996462+00,7210,60.97,4041,40:36.1,
3191,2025-04-21 06:40:26.131401+00,7575,60.85,4040,40:24.5,
3190,2025-04-21 06:40:14.537233+00,7465,60.97,4039,40:12.9,
3189,2025-04-21 06:40:02.904371+00,7412.5,60.97,4038,40:01.3,
3188,2025-04-21 06:39:51.282333+00,7495,60.78,4037,39:49.6,
3187,2025-04-21 06:39:39.630708+00,7727.5,60.97,4036,39:38.0,
3186,2025-04-21 06:39:27.987609+00,7267.5,60.85,4035,39:26.4,
3185,2025-04-21 06:39:16.368798+00,7570,61.09,4034,39:14.7,
3184,2025-04-21 06:39:04.747142+00,7886.25,60.85,4033,39:03.1,
3183,2025-04-21 06:38:53.145427+00,7361.25,60.97,4032,38:51.5,
3182,2025-04-21 06:38:41.543469+00,7441.25,61.09,4031,38:39.9,
3181,2025-04-21 06:38:29.934686+00,7447.5,60.97,4030,38:28.3,
3180,2025-04-21 06:38:18.283896+00,7488.75,61.09,4029,38:16.6,
3179,2025-04-21 06:38:06.658866+00,7430,61.09,4028,38:05.0,
3178,2025-04-21 06:37:55.017413+00,7768.75,60.97,4027,37:53.4,
3177,2025-04-21 06:37:43.392566+00,7702.5,60.73,4026,37:41.8,
3176,2025-04-21 06:37:31.762233+00,7685,60.73,4025,37:30.2,
3175,2025-04-21 06:37:20.160925+00,7386.25,60.97,4024,37:18.6,
3174,2025-04-21 06:37:08.567366+00,7578.75,60.61,4023,37:07.0,
3173,2025-04-21 06:36:56.994629+00,7388.75,60.73,4022,36:55.3,
3172,2025-04-21 06:36:45.345968+00,7658.75,60.73,4021,36:43.7,
3171,2025-04-21 06:36:33.707899+00,7262.5,60.85,4020,36:32.1,
3170,2025-04-21 06:36:22.08983+00,7731.25,60.85,4019,36:20.5,
3169,2025-04-21 06:36:10.48967+00,7470,60.85,4018,36:08.9,
3168,2025-04-21 06:35:58.860638+00,7587.5,60.97,4017,35:57.2,
3167,2025-04-21 06:35:47.252825+00,7223.75,60.85,4016,35:45.6,
3166,2025-04-21 06:35:35.632527+00,7605,60.85,4015,35:32.7,
3165,2025-04-21 06:35:22.575223+00,7438.75,60.73,4014,35:20.4,
3164,2025-04-21 06:34:45.240559+00,7608.75,60.48,4011,34:43.6,
3163,2025-04-21 06:34:33.648859+00,7527.5,60.48,4010,34:32.1,
3162,2025-04-21 06:34:22.078857+00,7332.5,60.36,4009,34:20.5,
3161,2025-04-21 06:34:10.449568+00,7643.75,60.61,4008,34:08.8,
3160,2025-04-21 06:33:58.756546+00,7497.5,60.48,4007,33:57.2,
3159,2025-04-21 06:33:47.161795+00,7480,60.61,4006,33:45.4,
3158,2025-04-21 06:33:35.371537+00,7412.5,60.48,4005,33:33.7,
3157,2025-04-21 06:33:23.73311+00,7471.25,60.73,4004,33:22.1,
3156,2025-04-21 06:33:12.125821+00,7596.25,60.36,4003,33:10.5,
3155,2025-04-21 06:33:00.487297+00,7060,60.36,4002,32:58.7,
3154,2025-04-21 06:32:48.685952+00,7541.25,60.48,4001,32:47.1,
3153,2025-04-21 06:32:37.083335+00,7336.25,60.24,4000,32:35.5,
3152,2025-04-21 06:32:25.465077+00,7453.75,60.36,3999,32:23.8,
3151,2025-04-21 06:32:13.850732+00,7401.25,60.24,3998,32:12.2,
3150,2025-04-21 06:32:02.251877+00,7475,60.24,3997,32:00.6,
3149,2025-04-21 06:31:50.61858+00,7317.5,60,3996,31:49.0,
3148,2025-04-21 06:31:39.000473+00,7390,60,3995,31:37.4,
3147,2025-04-21 06:31:27.400376+00,7056.25,60,3994,31:25.8,
3146,2025-04-21 06:31:15.813661+00,7415,60.12,3993,31:14.2,
3145,2025-04-21 06:31:04.193303+00,7450,60.24,3992,31:02.6,
3144,2025-04-21 06:30:52.595217+00,7403.75,60.12,3991,30:47.7,
3143,2025-04-21 06:30:37.688739+00,7198.75,60.36,3990,30:36.1,
3142,2025-04-21 06:30:26.088137+00,7268.75,59.39,3989,30:24.4,
3141,2025-04-21 06:30:14.441619+00,7340,59.76,3988,30:12.9,
3140,2025-04-21 06:30:02.859475+00,7067.5,59.88,3987,29:59.9,
3139,2025-04-21 06:29:49.868167+00,7153.75,59.88,3986,29:48.2,
3138,2025-04-21 06:29:38.211369+00,7240,60.24,3985,29:36.3,
3137,2025-04-21 06:29:26.316091+00,7501.25,60.12,3984,29:24.7,
3136,2025-04-21 06:29:14.702101+00,7488.75,60.12,3983,29:13.1,
3135,2025-04-21 06:29:03.090648+00,7341.25,60.12,3982,29:01.5,
3134,2025-04-21 06:28:51.475853+00,7453.75,59.76,3981,28:49.9,
3133,2025-04-21 06:28:39.858233+00,7460,60.24,3980,28:38.1,
3132,2025-04-21 06:28:28.0537+00,7191.25,60.12,3979,28:26.5,
3131,2025-04-21 06:28:16.452163+00,7120,60.36,3978,28:14.9,
3130,2025-04-21 06:28:04.874481+00,7278.75,60.36,3977,28:03.3,
3129,2025-04-21 06:27:53.261035+00,7330,60.61,3976,27:51.6,
3128,2025-04-21 06:27:41.617082+00,7462.5,60.12,3975,27:40.0,
3127,2025-04-21 06:27:29.965174+00,7265,60.12,3974,27:28.4,
3126,2025-04-21 06:27:18.375199+00,6927.5,60.36,3973,27:16.8,
3125,2025-04-21 06:27:06.761752+00,7231.25,60.24,3972,27:05.2,
3124,2025-04-21 06:26:55.185969+00,7072.5,60.24,3971,26:53.4,
3123,2025-04-21 06:26:43.428591+00,7318.75,60.24,3970,26:41.8,
3122,2025-04-21 06:26:31.801196+00,6760,59.88,3969,26:30.2,
3121,2025-04-21 06:26:20.212335+00,7186.25,60.48,3968,26:18.5,
3120,2025-04-21 06:26:08.508444+00,7307.5,60.36,3967,26:06.9,
3119,2025-04-21 06:25:56.866101+00,7340,60,3966,25:55.3,
3118,2025-04-21 06:25:45.251713+00,6972.5,60.12,3965,25:43.6,
3117,2025-04-21 06:25:33.639891+00,7133.75,60.24,3964,25:32.0,
3116,2025-04-21 06:25:22.002521+00,7281.25,60.12,3963,25:20.4,
3115,2025-04-21 06:25:10.404723+00,7335,60.36,3962,25:08.8,
3114,2025-04-21 06:24:58.816329+00,7307.5,60.36,3961,24:57.2,
3113,2025-04-21 06:24:47.140641+00,7547.5,60.36,3960,24:45.5,
3112,2025-04-21 06:24:35.511697+00,7517.5,60.36,3959,24:33.9,
3111,2025-04-21 06:24:23.89335+00,7385,60.42,3958,24:22.3,
3110,2025-04-21 06:24:12.271819+00,7458.75,60.36,3957,24:10.7,
3109,2025-04-21 06:24:00.660398+00,7081.25,60.24,3956,23:59.1,
3108,2025-04-21 06:23:49.055943+00,7295,60.36,3955,23:47.4,
3107,2025-04-21 06:23:37.421299+00,7301.25,60.48,3954,23:35.8,
3106,2025-04-21 06:23:25.826273+00,7431.25,60.12,3953,23:24.2,
3105,2025-04-21 06:23:14.214182+00,7316.25,60.12,3952,23:12.6,
3104,2025-04-21 06:23:02.616516+00,7298.75,60,3951,23:01.0,
3103,2025-04-21 06:22:50.989669+00,7297.5,60.24,3950,22:49.4,
3102,2025-04-21 06:22:39.386117+00,7283.75,60.12,3949,22:37.7,
3101,2025-04-21 06:22:27.754106+00,7288.75,60.36,3948,22:26.1,
3100,2025-04-21 06:22:16.135106+00,7191.25,60.36,3947,22:14.5,
3099,2025-04-21 06:22:04.518378+00,7305,60,3946,22:02.9,
3098,2025-04-21 06:21:52.887897+00,7356.25,60.24,3945,21:51.2,
3097,2025-04-21 06:21:41.05544+00,7556.25,60.24,3944,21:39.3,
3096,2025-04-21 06:21:29.282341+00,7066.25,60.24,3943,21:27.6,
3095,2025-04-21 06:21:17.6187+00,7511.25,59.88,3942,21:16.0,
3094,2025-04-21 06:21:06.016405+00,7251.25,59.76,3941,21:04.4,
3093,2025-04-21 06:20:54.437581+00,7376.25,59.88,3940,20:52.8,
3092,2025-04-21 06:20:42.852062+00,7132.5,59.88,3939,20:41.1,
3091,2025-04-21 06:20:31.160054+00,7203.75,59.88,3938,20:29.5,
3090,2025-04-21 06:20:19.552928+00,7402.5,60.36,3937,20:17.9,
3089,2025-04-21 06:20:07.948249+00,7418.75,60.24,3936,20:06.3,
3088,2025-04-21 06:19:56.359086+00,7517.5,60.61,3935,19:54.7,
3087,2025-04-21 06:19:44.732753+00,7272.5,60.24,3934,19:43.0,
3086,2025-04-21 06:19:33.044761+00,7345,60.24,3933,19:31.4,
3085,2025-04-21 06:19:21.43279+00,7015,60.12,3932,19:19.8,
3084,2025-04-21 06:19:09.84796+00,7365,60.12,3931,19:08.2,
3083,2025-04-21 06:18:58.204974+00,7311.25,60.12,3930,18:56.5,
3082,2025-04-21 06:18:46.489608+00,7455,60.12,3929,18:44.9,
3081,2025-04-21 06:18:34.906727+00,7201.25,59.64,3928,18:33.3,
3080,2025-04-21 06:18:23.307822+00,7541.25,59.88,3927,18:21.7,
3079,2025-04-21 06:18:11.683072+00,7435,59.88,3926,18:10.0,
3078,2025-04-21 06:18:00.057473+00,7241.25,60.12,3925,17:58.4,
3077,2025-04-21 06:17:48.44582+00,7411.25,60,3924,17:46.8,
3076,2025-04-21 06:17:36.856822+00,7532.5,60.24,3923,17:35.2,
3075,2025-04-21 06:17:25.25282+00,7435,60.61,3922,17:23.6,
3074,2025-04-21 06:17:13.593188+00,7498.75,60.36,3921,17:11.7,
3073,2025-04-21 06:17:01.731642+00,7420,60.36,3920,16:59.9,
3072,2025-04-21 06:16:49.8018+00,7402.5,60.48,3919,16:48.2,
3071,2025-04-21 06:16:38.188204+00,7318.75,60.36,3918,16:36.5,
3070,2025-04-21 06:16:26.570964+00,7420,60.36,3917,16:24.9,
3069,2025-04-21 06:16:14.922317+00,7470,60.61,3916,16:13.3,
3068,2025-04-21 06:16:03.304261+00,7365,60.61,3915,16:01.5,
3067,2025-04-21 06:15:51.509228+00,7013.75,60.73,3914,15:49.9,
3066,2025-04-21 06:15:39.901378+00,7002.5,60.61,3913,15:38.3,
3065,2025-04-21 06:15:28.302852+00,7395,60.61,3912,15:26.6,
3064,2025-04-21 06:15:16.635373+00,7361.25,60.61,3911,15:15.0,
3063,2025-04-21 06:15:05.063582+00,7475,60.61,3910,15:03.4,
3062,2025-04-21 06:14:53.432526+00,7525,60.61,3909,14:51.8,
3061,2025-04-21 06:14:41.816995+00,7367.5,60.73,3908,14:40.2,
3060,2025-04-21 06:14:30.209741+00,7476.25,60.85,3907,14:28.5,
3059,2025-04-21 06:14:18.545402+00,7355,60.66,3906,14:16.9,
3058,2025-04-21 06:14:06.96296+00,7338.75,60.97,3905,14:05.3,
3057,2025-04-21 06:13:55.350396+00,7432.5,60.73,3904,13:52.6,
3056,2025-04-21 06:13:42.645951+00,7156.25,60.48,3903,13:41.0,
3055,2025-04-21 06:13:31.024073+00,7505,60.36,3902,13:27.7,
3054,2025-04-21 06:13:17.758366+00,7145,60.36,3901,13:16.1,
3053,2025-04-21 06:13:06.166005+00,7555,60.12,3900,13:04.5,
3052,2025-04-21 06:12:54.525815+00,7183.75,60.97,3899,12:51.3,
3051,2025-04-21 06:12:41.310165+00,7571.25,61.09,3898,12:38.3,
3050,2025-04-21 06:12:28.302107+00,7411.25,60.73,3897,12:25.3,
3049,2025-04-21 06:12:15.379382+00,7436.25,60.73,3896,12:10.9,
3048,2025-04-21 06:12:00.922589+00,7488.75,60.73,3895,11:57.7,
3047,2025-04-21 06:11:47.715526+00,7355,60.61,3894,11:45.8,
3046,2025-04-21 06:11:35.832629+00,7123.75,60.48,3893,11:32.5,
3045,2025-04-21 06:11:22.487664+00,7026.25,60.36,3892,11:20.8,
3044,2025-04-21 06:11:10.862702+00,7516.25,60.24,3891,11:07.4,
3043,2025-04-21 06:10:57.422477+00,7490,60.48,3890,10:55.8,
3042,2025-04-21 06:10:45.808284+00,7400,60.73,3889,10:41.7,
3041,2025-04-21 06:10:31.637021+00,7477.5,60.85,3888,10:29.9,
3040,2025-04-21 06:10:19.89207+00,7470,60.85,3887,10:18.3,
3039,2025-04-21 06:10:08.293281+00,7466.25,60.73,3886,10:03.5,
3038,2025-04-21 06:09:53.530287+00,7300,60.61,3885,09:49.1,
3037,2025-04-21 06:09:39.154053+00,7376.25,60.48,3884,09:37.5,
3036,2025-04-21 06:09:27.531556+00,7652.5,60.48,3883,09:25.9,
3035,2025-04-21 06:09:15.924524+00,7215,60.61,3882,09:14.3,
3034,2025-04-21 06:09:04.30165+00,7298.75,60.73,3881,09:02.7,
3033,2025-04-21 06:08:52.715384+00,7278.75,60.85,3880,08:51.0,
3032,2025-04-21 06:08:41.030863+00,7243.75,60.61,3879,08:39.4,
3031,2025-04-21 06:08:29.424534+00,7577.5,60.73,3878,08:27.8,
3030,2025-04-21 06:08:17.796852+00,7382.5,60.73,3877,08:13.2,
3029,2025-04-21 06:08:03.134644+00,7406.25,60.73,3876,08:01.5,
3028,2025-04-21 06:07:51.512153+00,6980,60.48,3875,07:49.9,
3027,2025-04-21 06:07:39.890642+00,7617.5,60.73,3874,07:38.2,
3026,2025-04-21 06:07:28.276284+00,7383.75,60.85,3873,07:26.6,
3025,2025-04-21 06:07:16.673006+00,7578.75,60.85,3872,07:15.0,
3024,2025-04-21 06:07:05.068616+00,7692.5,61.09,3871,07:03.4,
3023,2025-04-21 06:06:53.424326+00,7372.5,60.97,3870,06:51.8,
3022,2025-04-21 06:06:41.818513+00,7721.25,60.73,3869,06:40.2,
3021,2025-04-21 06:06:30.248572+00,7422.5,60.85,3868,06:28.6,
3020,2025-04-21 06:06:18.605938+00,7453.75,60.61,3867,06:17.0,
3019,2025-04-21 06:06:06.996297+00,7616.25,60.73,3866,06:05.4,
3018,2025-04-21 06:05:55.375475+00,7510,60.61,3865,05:51.8,
3017,2025-04-21 06:05:41.844791+00,7487.5,60.48,3864,05:40.2,
3016,2025-04-21 06:05:30.209177+00,7433.75,60.48,3863,05:28.5,
3015,2025-04-21 06:05:18.558589+00,7381.25,60.24,3862,05:16.9,
3014,2025-04-21 06:05:06.903388+00,7672.5,60.73,3861,05:05.3,
3013,2025-04-21 06:04:55.284754+00,7505,60.73,3860,04:53.6,
3012,2025-04-21 06:04:43.657295+00,7570,60.85,3859,04:42.0,
3011,2025-04-21 06:04:32.034948+00,7400,60.73,3858,04:30.4,
3010,2025-04-21 06:04:20.440211+00,7537.5,60.61,3857,04:18.8,
3009,2025-04-21 06:04:08.790187+00,7416.25,60.48,3856,04:07.1,
3008,2025-04-21 06:03:57.163093+00,7472.5,60.73,3855,03:55.5,
3007,2025-04-21 06:03:45.542677+00,7391.25,60.85,3854,03:43.9,
3006,2025-04-21 06:03:33.943494+00,7186.25,60.73,3853,03:32.3,
3005,2025-04-21 06:03:22.327635+00,7243.75,60.97,3852,03:20.7,
3004,2025-04-21 06:03:10.722846+00,7741.25,61.09,3851,03:09.0,
3003,2025-04-21 06:02:59.049343+00,7290,60.97,3850,02:57.4,
3002,2025-04-21 06:02:47.430715+00,7303.75,60.85,3849,02:44.3,
3001,2025-04-21 06:02:34.349133+00,7162.5,60.97,3848,02:32.7,
3000,2025-04-21 06:02:22.763246+00,7656.25,60.85,3847,02:21.1,
2999,2025-04-21 06:02:11.073146+00,7295,61.09,3846,02:09.4,
2998,2025-04-21 06:01:59.388004+00,7278.75,60.61,3845,01:57.7,
2997,2025-04-21 06:01:47.712388+00,7358.75,60.97,3844,01:46.1,
2996,2025-04-21 06:01:36.118125+00,7348.75,60.85,3843,01:34.4,
2995,2025-04-21 06:01:24.456047+00,7645,61.09,3842,01:22.8,
2994,2025-04-21 06:01:12.786537+00,7500,62.06,3841,01:11.1,
2993,2025-04-21 06:01:01.140981+00,7543.75,62.06,3840,00:59.5,
2992,2025-04-21 06:00:49.541643+00,7601.25,62.18,3839,00:47.9,
2991,2025-04-21 06:00:37.897922+00,7468.75,61.94,3838,00:36.3,
2990,2025-04-21 06:00:26.281825+00,7651.25,61.94,3837,00:24.7,
2989,2025-04-21 06:00:14.672075+00,7456.25,61.82,3836,00:13.0,
2988,2025-04-21 06:00:03.047415+00,7455,62.06,3835,00:01.4,
2987,2025-04-21 05:59:51.399277+00,7372.5,62.3,3834,59:49.8,
2986,2025-04-21 05:59:39.813921+00,7646.25,62.06,3833,59:38.2,
2985,2025-04-21 05:59:28.203197+00,7376.25,62.06,3832,59:26.5,
2984,2025-04-21 05:59:16.513261+00,7291.25,61.94,3831,59:14.8,
2983,2025-04-21 05:59:04.866903+00,7281.25,61.94,3830,59:03.3,
2982,2025-04-21 05:58:53.289721+00,7567.5,61.82,3829,58:51.7,
2981,2025-04-21 05:58:41.673782+00,7747.5,62.06,3828,58:40.1,
2980,2025-04-21 05:58:30.077473+00,7478.75,61.94,3827,58:28.5,
2979,2025-04-21 05:58:18.472407+00,7605,62.06,3826,58:16.9,
2978,2025-04-21 05:58:06.875852+00,7627.5,61.82,3825,58:05.3,
2977,2025-04-21 05:57:55.263949+00,7320,61.94,3824,57:53.6,
2976,2025-04-21 05:57:43.627044+00,7512.5,62.06,3823,57:42.0,
2975,2025-04-21 05:57:32.009225+00,7427.5,62.06,3822,57:30.4,
2974,2025-04-21 05:57:20.377262+00,7587.5,62.3,3821,57:18.7,
2973,2025-04-21 05:57:08.744565+00,7662.5,62.18,3820,57:07.1,
2972,2025-04-21 05:56:57.118874+00,7582.5,62.3,3819,56:55.5,
2971,2025-04-21 05:56:45.505508+00,7498.75,62.06,3818,56:43.9,
2970,2025-04-21 05:56:33.905834+00,7552.5,62.06,3817,56:32.3,
2969,2025-04-21 05:56:22.312055+00,7621.25,62.18,3816,56:20.4,
2968,2025-04-21 05:56:10.435749+00,7542.5,62.18,3815,56:08.8,
2967,2025-04-21 05:55:58.821533+00,7607.5,62.3,3814,55:57.2,
2966,2025-04-21 05:55:47.159177+00,7652.5,62.3,3813,55:45.4,
2965,2025-04-21 05:55:35.431364+00,7615,62.42,3812,55:33.8,
2964,2025-04-21 05:55:23.790602+00,7675,62.18,3811,55:22.2,
2963,2025-04-21 05:55:12.177294+00,7577.5,62.18,3810,55:10.6,
2962,2025-04-21 05:55:00.588811+00,7520,62.3,3809,54:59.0,
2961,2025-04-21 05:54:48.970567+00,7206.25,61.94,3808,54:47.3,
2960,2025-04-21 05:54:37.350524+00,7490,62.18,3807,54:35.6,
2959,2025-04-21 05:54:25.650525+00,7736.25,62.42,3806,54:24.0,
2958,2025-04-21 05:54:14.021766+00,7566.25,62.18,3805,54:12.4,
2957,2025-04-21 05:54:02.388286+00,7582.5,61.94,3804,54:00.7,
2956,2025-04-21 05:53:50.730929+00,7637.5,62.3,3803,53:49.1,
2955,2025-04-21 05:53:39.096927+00,7606.25,62.18,3802,53:37.5,
2954,2025-04-21 05:53:27.469348+00,7578.75,62.3,3801,53:25.8,
2953,2025-04-21 05:53:15.85176+00,7570,62.18,3800,53:12.4,
2952,2025-04-21 05:53:02.463279+00,7473.75,62.3,3799,53:00.9,
2951,2025-04-21 05:52:50.867999+00,7726.25,62.18,3798,52:49.3,
2950,2025-04-21 05:52:39.273859+00,7595,62.42,3797,52:37.6,
2949,2025-04-21 05:52:27.628881+00,7515,62.18,3796,52:26.0,
2948,2025-04-21 05:52:16.028262+00,7381.25,61.94,3795,52:14.4,
2947,2025-04-21 05:52:04.423548+00,7715,62.18,3794,52:02.8,
2946,2025-04-21 05:51:52.802857+00,7287.5,62.18,3793,51:51.2,
2945,2025-04-21 05:51:41.181359+00,7517.5,62.06,3792,51:39.6,
2944,2025-04-21 05:51:29.557872+00,7622.5,61.94,3791,51:27.9,
2943,2025-04-21 05:51:17.91917+00,7710,62.06,3790,51:16.3,
2942,2025-04-21 05:51:06.319238+00,7450,62.06,3789,51:01.5,
2941,2025-04-21 05:50:51.556611+00,7596.25,61.94,3788,50:49.9,
2940,2025-04-21 05:50:39.94411+00,7575,62.06,3787,50:37.1,
2939,2025-04-21 05:50:27.139579+00,7825,62.18,3786,50:25.5,
2938,2025-04-21 05:50:15.53585+00,7531.25,62.42,3785,50:13.9,
2937,2025-04-21 05:50:03.928626+00,7308.75,62.55,3784,50:02.3,
2936,2025-04-21 05:49:52.299638+00,7401.25,62.55,3783,49:50.7,
2935,2025-04-21 05:49:40.678367+00,7350,62.67,3782,49:39.0,
2934,2025-04-21 05:49:28.998986+00,7355,62.67,3781,49:27.3,
2933,2025-04-21 05:49:17.325572+00,7486.25,62.55,3780,49:15.7,
2932,2025-04-21 05:49:05.705118+00,7675,62.67,3779,49:04.1,
2931,2025-04-21 05:48:54.077704+00,7396.25,62.3,3778,48:52.5,
2930,2025-04-21 05:48:42.464247+00,7693.75,62.55,3777,48:40.8,
2929,2025-04-21 05:48:30.84814+00,7498.75,62.67,3776,48:29.2,
2928,2025-04-21 05:48:19.255906+00,7540,62.55,3775,48:16.6,
2927,2025-04-21 05:48:06.627984+00,7658.75,62.55,3774,48:05.0,
2926,2025-04-21 05:47:54.987343+00,7376.25,62.55,3773,47:53.4,
2925,2025-04-21 05:47:43.369846+00,7662.5,62.79,3772,47:41.7,
2924,2025-04-21 05:47:31.688545+00,7791.25,62.91,3771,47:30.1,
2923,2025-04-21 05:47:20.0758+00,7433.75,62.91,3770,47:18.5,
2922,2025-04-21 05:47:08.466295+00,7425,62.91,3769,47:06.9,
2921,2025-04-21 05:46:56.868619+00,7691.25,62.67,3768,46:55.3,
2920,2025-04-21 05:46:45.266813+00,7821.25,62.67,3767,46:43.7,
2919,2025-04-21 05:46:33.672783+00,7537.5,62.67,3766,46:32.1,
2918,2025-04-21 05:46:22.060049+00,7575,62.55,3765,46:20.4,
2917,2025-04-21 05:46:10.430696+00,7331.25,62.79,3764,46:08.5,
2916,2025-04-21 05:45:58.465818+00,7555,62.79,3763,45:56.8,
2915,2025-04-21 05:45:46.814605+00,7363.75,62.67,3762,45:44.8,
2914,2025-04-21 05:45:34.85912+00,7625,62.55,3761,45:33.3,
2913,2025-04-21 05:45:23.27168+00,7502.5,62.67,3760,45:21.6,
2912,2025-04-21 05:45:11.658337+00,7487.5,62.67,3759,45:10.0,
2911,2025-04-21 05:45:00.061187+00,7656.25,62.91,3758,44:58.4,
2910,2025-04-21 05:44:48.42969+00,7453.75,62.79,3757,44:46.8,
2909,2025-04-21 05:44:36.831132+00,7383.75,62.91,3756,44:35.2,
2908,2025-04-21 05:44:25.23565+00,7547.5,62.91,3755,44:23.6,
2907,2025-04-21 05:44:13.599068+00,7501.25,62.79,3754,44:12.0,
2906,2025-04-21 05:44:02.012068+00,7418.75,62.67,3753,44:00.4,
2905,2025-04-21 05:43:50.397496+00,7625,62.91,3752,43:48.8,
2904,2025-04-21 05:43:38.787283+00,7465,63.03,3751,43:37.1,
2903,2025-04-21 05:43:27.132691+00,7787.5,63.03,3750,43:25.4,
2902,2025-04-21 05:43:15.360644+00,7611.25,62.91,3749,43:13.7,
2901,2025-04-21 05:43:03.668688+00,7772.5,62.91,3748,43:02.0,
2900,2025-04-21 05:42:52.001058+00,7538.75,63.15,3747,42:50.4,
2899,2025-04-21 05:42:40.395433+00,7625,62.91,3746,42:38.8,
2898,2025-04-21 05:42:28.780653+00,7683.75,62.79,3745,42:27.2,
2897,2025-04-21 05:42:17.186219+00,7660,62.91,3744,42:15.6,
2896,2025-04-21 05:42:05.495034+00,7647.5,63.03,3743,42:03.8,
2895,2025-04-21 05:41:53.762382+00,7490,62.79,3742,41:52.1,
2894,2025-04-21 05:41:42.157634+00,7428.75,62.67,3741,41:40.5,
2893,2025-04-21 05:41:30.546742+00,7387.5,62.79,3740,41:28.9,
2892,2025-04-21 05:41:18.94323+00,7428.75,62.91,3739,41:17.3,
2891,2025-04-21 05:41:07.314813+00,7656.25,62.67,3738,41:05.7,
2890,2025-04-21 05:40:55.685116+00,7500,62.79,3737,40:54.0,
2889,2025-04-21 05:40:44.018265+00,7641.25,62.67,3736,40:42.4,
2888,2025-04-21 05:40:32.405866+00,7486.25,62.55,3735,40:30.8,
2887,2025-04-21 05:40:20.767623+00,7453.75,62.79,3734,40:19.2,
2886,2025-04-21 05:40:09.164832+00,7577.5,62.79,3733,40:07.3,
2885,2025-04-21 05:39:57.296577+00,7411.25,62.67,3732,39:55.6,
2884,2025-04-21 05:39:45.636842+00,7528.75,62.67,3731,39:44.0,
2883,2025-04-21 05:39:33.938768+00,7521.25,62.67,3730,39:32.2,
2882,2025-04-21 05:39:22.266304+00,7668.75,62.67,3729,39:18.0,
2881,2025-04-21 05:39:08.022566+00,7450,62.91,3728,39:06.4,
2880,2025-04-21 05:38:56.366169+00,7251.25,62.79,3727,38:54.7,
2879,2025-04-21 05:38:44.754349+00,7362.5,62.67,3726,38:43.1,
2878,2025-04-21 05:38:33.136293+00,7618.75,62.79,3725,38:31.5,
2877,2025-04-21 05:38:21.493972+00,7543.75,62.55,3724,38:19.8,
2876,2025-04-21 05:38:09.816331+00,7480,62.91,3723,38:08.2,
2875,2025-04-21 05:37:58.198986+00,7693.75,62.79,3722,37:56.6,
2874,2025-04-21 05:37:46.593916+00,7362.5,62.79,3721,37:45.0,
2873,2025-04-21 05:37:34.988626+00,7551.25,62.55,3720,37:33.4,
2872,2025-04-21 05:37:23.381572+00,7470,62.79,3719,37:21.7,
2871,2025-04-21 05:37:11.7376+00,7685,62.55,3718,37:10.1,
2870,2025-04-21 05:37:00.069612+00,7416.25,62.42,3717,36:58.5,
2869,2025-04-21 05:36:48.493001+00,7311.25,62.55,3716,36:46.9,
2868,2025-04-21 05:36:36.895331+00,7417.5,62.67,3715,36:35.3,
2867,2025-04-21 05:36:25.26551+00,7460,62.67,3714,36:23.7,
2866,2025-04-21 05:36:13.656758+00,7430,62.91,3713,36:12.1,
2865,2025-04-21 05:36:02.060964+00,7427.5,62.55,3712,36:00.5,
2864,2025-04-21 05:35:50.485+00,7358.75,62.79,3711,35:48.8,
2863,2025-04-21 05:35:38.843601+00,7528.75,62.79,3710,35:37.2,
2862,2025-04-21 05:35:27.208165+00,7467.5,62.91,3709,35:25.6,
2861,2025-04-21 05:35:15.620036+00,7393.75,62.67,3708,35:14.0,
2860,2025-04-21 05:35:03.958439+00,7341.25,62.91,3707,35:02.3,
2859,2025-04-21 05:34:52.321893+00,7553.75,62.79,3706,34:50.6,
2858,2025-04-21 05:34:40.619631+00,7492.5,62.91,3705,34:39.0,
2857,2025-04-21 05:34:28.974185+00,7377.5,62.67,3704,34:27.4,
2856,2025-04-21 05:34:17.35635+00,7381.25,62.67,3703,34:15.7,
2855,2025-04-21 05:34:05.651136+00,7473.75,62.91,3702,34:04.0,
2854,2025-04-21 05:33:54.000178+00,7347.5,62.67,3701,33:52.3,
2853,2025-04-21 05:33:42.316936+00,7687.5,62.79,3700,33:36.6,
2852,2025-04-21 05:33:26.638145+00,7455,62.67,3699,33:25.0,
2851,2025-04-21 05:33:15.040531+00,7520,62.55,3698,33:13.4,
2850,2025-04-21 05:33:03.404582+00,7610,62.55,3697,33:01.8,
2849,2025-04-21 05:32:51.796104+00,7367.5,62.79,3696,32:50.2,
2848,2025-04-21 05:32:40.202084+00,7501.25,62.67,3695,32:38.6,
2847,2025-04-21 05:32:28.549692+00,7606.25,62.67,3694,32:26.9,
2846,2025-04-21 05:32:16.900936+00,7687.5,62.67,3693,32:15.3,
2845,2025-04-21 05:32:05.284752+00,7613.75,62.55,3692,32:03.7,
2844,2025-04-21 05:31:53.686351+00,7392.5,62.67,3691,31:52.1,
2843,2025-04-21 05:31:42.054773+00,7567.5,62.67,3690,31:40.5,
2842,2025-04-21 05:31:30.457599+00,7551.25,62.67,3689,31:28.8,
2841,2025-04-21 05:31:18.845238+00,7547.5,62.79,3688,31:17.2,
2840,2025-04-21 05:31:07.231491+00,7610,62.67,3687,31:05.6,
2839,2025-04-21 05:30:55.601508+00,7460,62.79,3686,30:53.9,
2838,2025-04-21 05:30:43.85429+00,7395,62.55,3685,30:42.2,
2837,2025-04-21 05:30:32.221355+00,7711.25,62.91,3684,30:30.5,
2836,2025-04-21 05:30:20.528758+00,7636.25,63.03,3683,30:18.9,
2835,2025-04-21 05:30:08.909092+00,7480,62.55,3682,30:07.3,
2834,2025-04-21 05:29:57.266268+00,7565,62.67,3681,29:55.7,
2833,2025-04-21 05:29:45.666296+00,7407.5,62.79,3680,29:44.1,
2832,2025-04-21 05:29:34.07442+00,7405,62.67,3679,29:32.5,
2831,2025-04-21 05:29:22.450322+00,7590,62.67,3678,29:19.4,
2830,2025-04-21 05:29:09.38106+00,7650,62.79,3677,29:07.8,
2829,2025-04-21 05:28:57.751406+00,7616.25,62.7,3676,28:56.1,
2828,2025-04-21 05:28:46.137088+00,7705,62.79,3675,28:44.5,
2827,2025-04-21 05:28:34.498727+00,7585,63.03,3674,28:32.9,
2826,2025-04-21 05:28:22.903291+00,7615,62.91,3673,28:21.3,
2825,2025-04-21 05:28:11.27059+00,7622.5,62.79,3672,28:09.6,
2824,2025-04-21 05:27:59.623443+00,7541.25,62.42,3671,27:58.0,
2823,2025-04-21 05:27:48.017538+00,7533.75,62.55,3670,27:46.4,
2822,2025-04-21 05:27:36.381109+00,7477.5,62.3,3669,27:34.7,
2821,2025-04-21 05:27:24.750429+00,7801.25,63.39,3668,27:23.1,
2820,2025-04-21 05:27:13.145664+00,7633.75,63.03,3667,27:11.6,
2819,2025-04-21 05:27:01.561078+00,7886.25,63.88,3666,27:00.0,
2818,2025-04-21 05:26:49.975634+00,7495,62.18,3665,26:48.4,
2817,2025-04-21 05:26:38.342099+00,7343.75,62.67,3664,26:36.7,
2816,2025-04-21 05:26:26.674477+00,7572.5,62.79,3663,26:25.1,
2815,2025-04-21 05:26:15.093253+00,7356.25,62.67,3662,26:13.5,
2814,2025-04-21 05:26:03.450766+00,7471.25,62.67,3661,26:01.8,
2813,2025-04-21 05:25:51.832001+00,7520,62.55,3660,25:50.2,
2812,2025-04-21 05:25:40.238674+00,7433.75,62.67,3659,25:38.6,
2811,2025-04-21 05:25:28.626521+00,7517.5,62.55,3658,25:27.0,
2810,2025-04-21 05:25:17.013075+00,7393.75,62.55,3657,25:15.4,
2809,2025-04-21 05:25:05.420673+00,7458.75,62.42,3656,25:03.8,
2808,2025-04-21 05:24:53.814516+00,7561.25,62.42,3655,24:52.2,
2807,2025-04-21 05:24:42.220044+00,7327.5,62.55,3654,24:40.6,
2806,2025-04-21 05:24:30.568361+00,7663.75,62.55,3653,24:28.9,
2805,2025-04-21 05:24:18.941139+00,7405,62.55,3652,24:17.3,
2804,2025-04-21 05:24:07.258587+00,7441.25,62.18,3651,24:05.4,
2803,2025-04-21 05:23:55.364957+00,7460,62.3,3650,23:53.7,
2802,2025-04-21 05:23:43.710028+00,7360,62.3,3649,23:42.1,
2801,2025-04-21 05:23:32.107491+00,7422.5,62.3,3648,23:30.5,
2800,2025-04-21 05:23:20.472827+00,7605,62.42,3647,23:18.8,
2799,2025-04-21 05:23:08.784128+00,7475,62.42,3646,23:07.2,
2798,2025-04-21 05:22:57.168938+00,7423.75,62.3,3645,22:55.5,
2797,2025-04-21 05:22:45.533444+00,7208.75,62.67,3644,22:43.9,
2796,2025-04-21 05:22:33.923503+00,7260,62.3,3643,22:32.3,
2795,2025-04-21 05:22:22.31331+00,7548.75,62.42,3642,22:20.7,
2794,2025-04-21 05:22:10.693685+00,7546.25,62.3,3641,22:09.0,
2793,2025-04-21 05:21:59.062813+00,7320,62.3,3640,21:57.4,
2792,2025-04-21 05:21:47.454146+00,7525,62.3,3639,21:45.8,
2791,2025-04-21 05:21:35.838025+00,7433.75,62.42,3638,21:34.2,
2790,2025-04-21 05:21:24.228955+00,7495,62.55,3637,21:22.6,
2789,2025-04-21 05:21:12.638968+00,7382.5,62.42,3636,21:11.0,
2788,2025-04-21 05:21:01.05292+00,7417.5,62.42,3635,20:59.4,
2787,2025-04-21 05:20:49.466887+00,7432.5,62.42,3634,20:47.8,
2786,2025-04-21 05:20:37.844665+00,7541.25,62.42,3633,20:36.2,
2785,2025-04-21 05:20:26.233453+00,7251.25,62.3,3632,20:24.6,
2784,2025-04-21 05:20:14.626672+00,7462.5,62.42,3631,20:13.0,
2783,2025-04-21 05:20:03.046745+00,7561.25,62.42,3630,20:01.4,
2782,2025-04-21 05:19:51.429822+00,7535,62.42,3629,19:49.8,
2781,2025-04-21 05:19:39.818332+00,7532.5,62.42,3628,19:36.1,
2780,2025-04-21 05:19:26.121034+00,7450,62.67,3627,19:24.5,
2779,2025-04-21 05:19:14.493456+00,7533.75,62.67,3626,19:12.9,
2778,2025-04-21 05:19:02.889601+00,7565,62.67,3625,19:01.2,
2777,2025-04-21 05:18:51.267537+00,7476.25,63.03,3624,18:49.6,
2776,2025-04-21 05:18:39.637323+00,7696.25,62.79,3623,18:37.7,
2775,2025-04-21 05:18:27.62588+00,7360,62.91,3622,18:23.9,
2774,2025-04-21 05:18:13.92596+00,7501.25,62.79,3621,18:12.3,
2773,2025-04-21 05:18:02.301675+00,7737.5,63.03,3620,18:00.7,
2772,2025-04-21 05:17:50.688029+00,7517.5,62.67,3619,17:49.1,
2771,2025-04-21 05:17:39.098164+00,7642.5,62.91,3618,17:37.5,
2770,2025-04-21 05:17:27.504832+00,7731.25,62.79,3617,17:25.9,
2769,2025-04-21 05:17:15.899162+00,7536.25,62.91,3616,17:14.2,
2768,2025-04-21 05:17:04.253877+00,7707.5,62.79,3615,17:02.6,
2767,2025-04-21 05:16:52.620573+00,7480,62.79,3614,16:51.0,
2766,2025-04-21 05:16:41.017262+00,7670,62.67,3613,16:39.4,
2765,2025-04-21 05:16:29.442241+00,7367.5,62.67,3612,16:27.8,
2764,2025-04-21 05:16:17.839439+00,7545,62.67,3611,16:16.2,
2763,2025-04-21 05:16:06.224253+00,7460,62.55,3610,16:04.6,
2762,2025-04-21 05:15:54.572758+00,7668.75,62.55,3609,15:52.6,
2761,2025-04-21 05:15:42.572278+00,7600,62.55,3608,15:40.9,
2760,2025-04-21 05:15:30.937694+00,7436.25,62.67,3607,15:29.3,
2759,2025-04-21 05:15:19.353927+00,7417.5,62.91,3606,15:17.7,
2758,2025-04-21 05:15:07.714251+00,7578.75,62.67,3605,15:05.8,
2757,2025-04-21 05:14:55.832968+00,7712.5,62.55,3604,14:53.8,
2756,2025-04-21 05:14:43.816239+00,7312.5,62.79,3603,14:42.1,
2755,2025-04-21 05:14:32.097504+00,7492.5,62.55,3602,14:30.4,
2754,2025-04-21 05:14:20.453916+00,7526.25,62.67,3601,14:18.8,
2753,2025-04-21 05:14:08.848749+00,7543.75,62.55,3600,14:07.2,
2752,2025-04-21 05:13:57.239525+00,7568.75,62.55,3599,13:55.6,
2751,2025-04-21 05:13:45.578714+00,7557.5,62.7,3598,13:43.9,
2750,2025-04-21 05:13:33.940057+00,7545,62.55,3597,13:32.0,
2749,2025-04-21 05:13:22.002328+00,7650,62.79,3596,13:20.4,
2748,2025-04-21 05:13:10.402322+00,7698.75,62.67,3595,13:08.7,
2747,2025-04-21 05:12:58.758061+00,7746.25,62.67,3594,12:57.1,
2746,2025-04-21 05:12:47.13259+00,7665,62.3,3593,12:45.5,
2745,2025-04-21 05:12:35.549716+00,7332.5,62.67,3592,12:33.9,
2744,2025-04-21 05:12:23.9547+00,7631.25,62.67,3591,12:22.3,
2743,2025-04-21 05:12:12.345177+00,7652.5,62.91,3590,12:10.7,
2742,2025-04-21 05:12:00.738465+00,7601.25,63.03,3589,11:59.1,
2741,2025-04-21 05:11:49.103116+00,7626.25,63.03,3588,11:47.5,
2740,2025-04-21 05:11:37.508346+00,7512.5,62.79,3587,11:35.9,
2739,2025-04-21 05:11:25.876431+00,7705,62.79,3586,11:24.2,
2738,2025-04-21 05:11:14.266668+00,7500,62.55,3585,11:12.6,
2737,2025-04-21 05:11:02.622657+00,7592.5,62.55,3584,10:59.8,
2736,2025-04-21 05:10:49.846395+00,7591.25,62.79,3583,10:48.2,
2735,2025-04-21 05:10:38.238343+00,7600,62.67,3582,10:36.6,
2734,2025-04-21 05:10:26.632621+00,7441.25,62.55,3581,10:25.0,
2733,2025-04-21 05:10:15.018445+00,7513.75,62.18,3580,10:13.0,
2732,2025-04-21 05:10:03.060273+00,7546.25,62.79,3579,10:01.4,
2731,2025-04-21 05:09:51.450573+00,7571.25,62.79,3578,09:49.8,
2730,2025-04-21 05:09:39.831345+00,7367.5,62.67,3577,09:36.3,
2729,2025-04-21 05:09:26.313251+00,7473.75,63.15,3576,09:23.5,
2728,2025-04-21 05:09:13.48986+00,7561.25,62.79,3575,09:11.8,
2727,2025-04-21 05:09:01.858394+00,7293.75,62.79,3574,09:00.2,
2726,2025-04-21 05:08:50.201152+00,7653.75,62.79,3573,08:48.6,
2725,2025-04-21 05:08:38.58724+00,7507.5,62.91,3572,08:36.9,
2724,2025-04-21 05:08:26.939194+00,7565,62.91,3571,08:25.3,
2723,2025-04-21 05:08:15.310076+00,7766.25,63.15,3570,08:13.6,
2722,2025-04-21 05:08:03.64259+00,7702.5,62.79,3569,08:02.0,
2721,2025-04-21 05:07:51.998848+00,7737.5,62.79,3568,07:50.3,
2720,2025-04-21 05:07:40.314022+00,7543.75,62.91,3567,07:38.6,
2719,2025-04-21 05:07:28.623288+00,7885,62.79,3566,07:26.9,
2718,2025-04-21 05:07:16.966447+00,7650,62.55,3565,07:15.3,
2717,2025-04-21 05:07:04.847895+00,7303.75,62.67,3564,07:03.0,
2716,2025-04-21 05:06:53.003421+00,7650,62.67,3563,06:51.4,
2715,2025-04-21 05:06:41.409394+00,7545,63.03,3562,06:39.8,
2714,2025-04-21 05:06:29.777985+00,7307.5,62.79,3561,06:28.2,
2713,2025-04-21 05:06:18.190016+00,7497.5,62.67,3560,06:16.6,
2712,2025-04-21 05:06:06.582052+00,7757.5,62.79,3559,06:04.9,
2711,2025-04-21 05:05:54.954498+00,7541.25,62.91,3558,05:53.3,
2710,2025-04-21 05:05:43.28936+00,7308.75,62.79,3557,05:41.6,
2709,2025-04-21 05:05:31.602689+00,7440,62.55,3556,05:29.9,
2708,2025-04-21 05:05:19.912046+00,7852.5,62.91,3555,05:18.3,
2707,2025-04-21 05:05:08.294999+00,7517.5,62.79,3554,05:05.0,
2706,2025-04-21 05:04:55.002657+00,7553.75,62.91,3553,04:53.4,
2705,2025-04-21 05:04:43.371046+00,7321.25,62.91,3552,04:41.7,
2704,2025-04-21 05:04:31.761375+00,7595,62.91,3551,04:30.1,
2703,2025-04-21 05:04:20.16059+00,7718.75,62.67,3550,04:18.5,
2702,2025-04-21 05:04:08.512288+00,7193.75,62.79,3549,04:06.8,
2701,2025-04-21 05:03:56.861514+00,7065,62.67,3548,03:55.2,
2700,2025-04-21 05:03:45.26504+00,7265,62.79,3547,03:43.6,
2699,2025-04-21 05:03:33.643366+00,7465,62.79,3546,03:31.9,
2698,2025-04-21 05:03:21.907407+00,7417.5,62.79,3545,03:20.1,
2697,2025-04-21 05:03:10.096915+00,7750,62.55,3544,03:08.4,
2696,2025-04-21 05:02:58.410462+00,7328.75,62.79,3543,02:56.8,
2695,2025-04-21 05:02:46.782736+00,7577.5,62.55,3542,02:45.2,
2694,2025-04-21 05:02:35.171741+00,7218.75,62.67,3541,02:33.5,
2693,2025-04-21 05:02:23.463847+00,7542.5,62.67,3540,02:15.6,
2692,2025-04-21 05:02:05.634798+00,7550,62.91,3539,02:03.9,
2691,2025-04-21 05:01:53.91173+00,7310,62.79,3538,01:52.2,
2690,2025-04-21 05:01:42.219653+00,7411.25,62.67,3537,01:40.6,
2689,2025-04-21 05:01:30.624337+00,7787.5,62.79,3536,01:28.9,
2688,2025-04-21 05:01:18.964966+00,7596.25,62.55,3535,01:17.3,
2687,2025-04-21 05:01:07.278994+00,7615,62.55,3534,01:05.6,
2686,2025-04-21 05:00:55.630892+00,7653.75,62.67,3533,00:53.9,
2685,2025-04-21 05:00:43.947103+00,7288.75,62.67,3532,00:39.0,
2684,2025-04-21 05:00:28.972519+00,7445,62.79,3531,00:27.3,
2683,2025-04-21 05:00:17.329126+00,7795,62.79,3530,00:15.7,
2682,2025-04-21 05:00:05.687205+00,7671.25,62.91,3529,00:04.0,
2681,2025-04-21 04:59:54.060513+00,7490,63.03,3528,59:52.4,
2680,2025-04-21 04:59:42.427533+00,7715,63.15,3527,59:40.8,
2679,2025-04-21 04:59:30.802141+00,7763.75,62.79,3526,59:29.2,
2678,2025-04-21 04:59:19.099647+00,7713.75,62.79,3525,59:17.5,
2677,2025-04-21 04:59:07.490512+00,7253.75,63.15,3524,59:05.9,
2676,2025-04-21 04:58:55.869631+00,7646.25,63.03,3523,58:54.2,
2675,2025-04-21 04:58:44.247268+00,7746.25,62.91,3522,58:42.6,
2674,2025-04-21 04:58:32.627163+00,7698.75,63.03,3521,58:31.0,
2673,2025-04-21 04:58:20.978115+00,7595,62.79,3520,58:19.4,
2672,2025-04-21 04:58:09.371955+00,7475,62.91,3519,58:07.7,
2671,2025-04-21 04:57:57.734225+00,7586.25,62.79,3518,57:56.1,
2670,2025-04-21 04:57:46.112279+00,7693.75,62.67,3517,57:44.3,
2669,2025-04-21 04:57:34.323824+00,7526.25,62.67,3516,57:30.6,
2668,2025-04-21 04:57:20.59718+00,7596.25,62.67,3515,57:19.0,
2667,2025-04-21 04:57:08.989279+00,7230,62.67,3514,57:07.4,
2666,2025-04-21 04:56:57.375027+00,7636.25,62.91,3513,56:51.4,
2665,2025-04-21 04:56:41.371875+00,7161.25,62.67,3512,56:39.7,
2664,2025-04-21 04:56:29.753864+00,7766.25,62.67,3511,56:28.1,
2663,2025-04-21 04:56:18.153345+00,7317.5,62.67,3510,56:16.5,
2662,2025-04-21 04:56:06.545062+00,7527.5,62.79,3509,56:04.9,
2661,2025-04-21 04:55:54.862304+00,7482.5,62.55,3508,55:53.2,
2660,2025-04-21 04:55:43.247199+00,7551.25,62.79,3507,55:41.6,
2659,2025-04-21 04:55:31.592918+00,7310,62.91,3506,55:30.0,
2658,2025-04-21 04:55:19.960945+00,7161.25,62.79,3505,55:16.8,
2657,2025-04-21 04:55:06.826836+00,7615,62.67,3504,55:05.2,
2656,2025-04-21 04:54:55.20268+00,7546.25,62.79,3503,54:53.6,
2655,2025-04-21 04:54:43.571034+00,7266.25,62.91,3502,54:42.0,
2654,2025-04-21 04:54:31.976112+00,7285,62.91,3501,54:30.3,
2653,2025-04-21 04:54:20.329004+00,7721.25,62.67,3500,54:18.7,
2652,2025-04-21 04:54:08.711869+00,7370,63.03,3499,54:05.4,
2651,2025-04-21 04:53:55.394277+00,7726.25,62.55,3498,53:53.7,
2650,2025-04-21 04:53:43.744001+00,7655,62.79,3497,53:42.1,
2649,2025-04-21 04:53:32.066018+00,7511.25,62.55,3496,53:30.4,
2648,2025-04-21 04:53:20.421462+00,7567.5,62.67,3495,53:16.9,
2647,2025-04-21 04:53:06.875497+00,7527.5,62.42,3494,53:05.2,
2646,2025-04-21 04:52:55.258686+00,7478.75,62.55,3493,52:53.6,
2645,2025-04-21 04:52:43.602445+00,7576.25,62.55,3492,52:41.1,
2644,2025-04-21 04:52:31.08393+00,7463.75,62.67,3491,52:29.3,
2643,2025-04-21 04:52:19.359268+00,7513.75,62.79,3490,52:17.7,
2642,2025-04-21 04:52:07.680381+00,7582.5,62.79,3489,52:06.0,
2641,2025-04-21 04:51:56.030355+00,7262.5,62.67,3488,51:54.4,
2640,2025-04-21 04:51:44.365676+00,7738.75,62.79,3487,51:42.7,
2639,2025-04-21 04:51:32.745284+00,7495,62.79,3486,51:31.1,
2638,2025-04-21 04:51:21.131742+00,7445,62.55,3485,51:19.5,
2637,2025-04-21 04:51:09.467923+00,7463.75,62.91,3484,51:07.8,
2636,2025-04-21 04:50:57.834785+00,7255,62.42,3483,50:56.1,
2635,2025-04-21 04:50:46.141903+00,7561.25,62.91,3482,50:44.5,
2634,2025-04-21 04:50:34.42536+00,7848.75,62.91,3481,50:32.7,
2633,2025-04-21 04:50:22.748528+00,7652.5,62.79,3480,50:21.1,
2632,2025-04-21 04:50:11.133175+00,7267.5,62.91,3479,50:09.5,
2631,2025-04-21 04:49:59.453799+00,7522.5,62.91,3478,49:57.8,
2630,2025-04-21 04:49:47.861984+00,7590,62.91,3477,49:46.2,
2629,2025-04-21 04:49:36.210462+00,7365,62.91,3476,49:34.6,
2628,2025-04-21 04:49:24.585269+00,7845,62.67,3475,49:23.0,
2627,2025-04-21 04:49:12.981999+00,7723.75,62.3,3474,49:11.4,
2626,2025-04-21 04:49:01.361015+00,7541.25,62.67,3473,48:59.7,
2625,2025-04-21 04:48:49.737802+00,7641.25,62.67,3472,48:48.1,
2624,2025-04-21 04:48:38.100445+00,7517.5,62.55,3471,48:36.5,
2623,2025-04-21 04:48:26.480634+00,7491.25,62.79,3470,48:24.9,
2622,2025-04-21 04:48:14.872573+00,7410,62.55,3469,48:13.2,
2621,2025-04-21 04:48:03.215057+00,7861.25,62.67,3468,48:01.6,
2620,2025-04-21 04:47:51.585031+00,7502.5,62.79,3467,47:49.9,
2619,2025-04-21 04:47:39.953817+00,7665,62.67,3466,47:38.4,
2618,2025-04-21 04:47:28.361923+00,7203.75,62.42,3465,47:26.7,
2617,2025-04-21 04:47:16.751575+00,7230,62.42,3464,47:15.1,
2616,2025-04-21 04:47:05.125092+00,7758.75,62.55,3463,47:03.5,
2615,2025-04-21 04:46:53.476151+00,7507.5,62.55,3462,46:51.9,
2614,2025-04-21 04:46:41.874338+00,7272.5,62.42,3461,46:40.2,
2613,2025-04-21 04:46:30.220636+00,7163.75,62.55,3460,46:28.6,
2612,2025-04-21 04:46:18.614004+00,7562.5,62.55,3459,46:16.8,
2611,2025-04-21 04:46:06.821068+00,7450,62.3,3458,46:05.2,
2610,2025-04-21 04:45:55.217159+00,7697.5,62.55,3457,45:53.6,
2609,2025-04-21 04:45:43.616753+00,7283.75,62.55,3456,45:42.0,
2608,2025-04-21 04:45:32.013468+00,7262.5,62.55,3455,45:30.4,
2607,2025-04-21 04:45:20.391958+00,7406.25,62.55,3454,45:18.8,
2606,2025-04-21 04:45:08.778342+00,7557.5,62.18,3453,45:07.2,
2605,2025-04-21 04:44:57.165156+00,7610,62.55,3452,44:55.6,
2604,2025-04-21 04:44:45.559853+00,7490,62.42,3451,44:44.0,
2603,2025-04-21 04:44:33.965903+00,7276.25,62.42,3450,44:32.3,
2602,2025-04-21 04:44:22.328049+00,7595,62.42,3449,44:20.7,
2601,2025-04-21 04:44:10.713443+00,7686.25,62.67,3448,44:09.1,
2600,2025-04-21 04:43:59.080264+00,7492.5,62.55,3447,43:57.5,
2599,2025-04-21 04:43:47.474419+00,7408.75,62.55,3446,43:45.8,
2598,2025-04-21 04:43:35.846685+00,7348.75,62.42,3445,43:34.3,
2597,2025-04-21 04:43:24.26207+00,7380,62.67,3444,43:22.6,
2596,2025-04-21 04:43:12.614553+00,7525,62.67,3443,43:10.9,
2595,2025-04-21 04:43:00.863028+00,7425,62.67,3442,42:59.3,
2594,2025-04-21 04:42:49.291323+00,7261.25,62.55,3441,42:47.6,
2593,2025-04-21 04:42:37.618315+00,7590,62.67,3440,42:36.0,
2592,2025-04-21 04:42:26.011055+00,7676.25,62.55,3439,42:24.4,
2591,2025-04-21 04:42:14.405402+00,7707.5,62.79,3438,42:12.8,
2590,2025-04-21 04:42:02.817754+00,7672.5,62.67,3437,42:01.2,
2589,2025-04-21 04:41:51.222201+00,7182.5,62.67,3436,41:49.6,
2588,2025-04-21 04:41:39.613046+00,7492.5,62.67,3435,41:38.0,
2587,2025-04-21 04:41:28.003249+00,7688.75,62.55,3434,41:26.4,
2586,2025-04-21 04:41:16.411184+00,7673.75,62.91,3433,41:14.8,
2585,2025-04-21 04:41:04.77849+00,7600,62.91,3432,41:03.2,
2584,2025-04-21 04:40:53.163581+00,7503.75,63.03,3431,40:51.6,
2583,2025-04-21 04:40:41.582059+00,7560,62.91,3430,40:40.0,
2582,2025-04-21 04:40:29.969496+00,7473.75,62.91,3429,40:28.3,
2581,2025-04-21 04:40:18.349161+00,7703.75,62.82,3428,40:16.7,
2580,2025-04-21 04:40:06.718635+00,7802.5,62.91,3427,40:05.0,
2579,2025-04-21 04:39:54.989102+00,7775,62.79,3426,39:53.3,
2578,2025-04-21 04:39:43.299086+00,7190,63.03,3425,39:41.7,
2577,2025-04-21 04:39:31.667287+00,7752.5,62.91,3424,39:30.0,
2576,2025-04-21 04:39:19.997105+00,7563.75,62.91,3423,39:18.3,
2575,2025-04-21 04:39:08.264857+00,7620,62.91,3422,39:06.6,
2574,2025-04-21 04:38:56.590518+00,7848.75,62.79,3421,38:55.0,
2573,2025-04-21 04:38:45.002493+00,7891.25,62.79,3420,38:43.4,
2572,2025-04-21 04:38:33.389178+00,7847.5,62.67,3419,38:31.8,
2571,2025-04-21 04:38:21.765789+00,7780,62.67,3418,38:20.1,
2570,2025-04-21 04:38:10.134061+00,7781.25,62.79,3417,38:08.5,
2569,2025-04-21 04:37:58.505135+00,7818.75,62.55,3416,37:56.9,
2568,2025-04-21 04:37:46.902254+00,7642.5,62.79,3415,37:45.3,
2567,2025-04-21 04:37:35.305165+00,7380,62.79,3414,37:33.7,
2566,2025-04-21 04:37:23.706713+00,7345,62.55,3413,37:22.1,
2565,2025-04-21 04:37:12.094179+00,7497.5,62.67,3412,37:10.3,
2564,2025-04-21 04:37:00.346324+00,7662.5,62.67,3411,36:58.8,
2563,2025-04-21 04:36:48.768242+00,7638.75,62.67,3410,36:47.2,
2562,2025-04-21 04:36:37.187778+00,7571.25,62.67,3409,36:35.6,
2561,2025-04-21 04:36:25.602065+00,7610,62.79,3408,36:24.0,
2560,2025-04-21 04:36:13.996427+00,7747.5,62.55,3407,36:12.4,
2559,2025-04-21 04:36:02.393662+00,7325,62.67,3406,36:00.8,
2558,2025-04-21 04:35:50.753803+00,7631.25,62.79,3405,35:49.2,
2557,2025-04-21 04:35:39.150934+00,7780,62.55,3404,35:37.5,
2556,2025-04-21 04:35:27.509754+00,7697.5,62.3,3403,35:25.9,
2555,2025-04-21 04:35:15.904311+00,7562.5,62.42,3402,35:14.3,
2554,2025-04-21 04:35:04.290171+00,7175,62.42,3401,35:02.5,
2553,2025-04-21 04:34:52.514666+00,7166.25,62.3,3400,34:50.9,
2552,2025-04-21 04:34:40.905915+00,7518.75,62.3,3399,34:39.3,
2551,2025-04-21 04:34:29.331814+00,7515,62.42,3398,34:27.7,
2550,2025-04-21 04:34:17.723962+00,7563.75,62.67,3397,34:16.1,
2549,2025-04-21 04:34:06.096984+00,7520,62.3,3396,34:04.5,
2548,2025-04-21 04:33:54.487386+00,7585,62.3,3395,33:52.9,
2547,2025-04-21 04:33:42.882136+00,7287.5,62.42,3394,33:41.2,
2546,2025-04-21 04:33:31.223062+00,7528.75,62.3,3393,33:29.6,
2545,2025-04-21 04:33:19.636061+00,7371.25,62.42,3392,33:18.0,
2544,2025-04-21 04:33:08.025221+00,7620,62.3,3391,33:06.4,
2543,2025-04-21 04:32:56.436915+00,7220,62.67,3390,32:54.8,
2542,2025-04-21 04:32:44.766109+00,7403.75,62.42,3389,32:43.0,
2541,2025-04-21 04:32:33.028491+00,7863.75,61.94,3388,32:31.4,
2540,2025-04-21 04:32:21.399306+00,7738.75,62.3,3387,32:19.8,
2539,2025-04-21 04:32:09.809505+00,7251.25,62.42,3386,32:08.2,
2538,2025-04-21 04:31:58.214004+00,7757.5,62.3,3385,31:56.5,
2537,2025-04-21 04:31:46.520705+00,7288.75,62.06,3384,31:44.9,
2536,2025-04-21 04:31:34.880129+00,7688.75,62.18,3383,31:33.3,
2535,2025-04-21 04:31:23.253845+00,7231.25,62.06,3382,31:21.7,
2534,2025-04-21 04:31:11.665429+00,7688.75,62.18,3381,31:10.0,
2533,2025-04-21 04:30:59.981065+00,7521.25,62.18,3380,30:58.3,
2532,2025-04-21 04:30:48.270097+00,7846.25,62.18,3379,30:46.7,
2531,2025-04-21 04:30:36.666679+00,7635,62.18,3378,30:35.1,
2530,2025-04-21 04:30:25.038882+00,7653.75,61.7,3377,30:23.4,
2529,2025-04-21 04:30:13.428556+00,7621.25,62.18,3376,30:11.8,
2528,2025-04-21 04:30:01.780024+00,7290,62.06,3375,30:00.2,
2527,2025-04-21 04:29:50.162405+00,7577.5,61.94,3374,29:48.6,
2526,2025-04-21 04:29:38.581552+00,7318.75,61.94,3373,29:37.0,
2525,2025-04-21 04:29:26.974454+00,7295,61.94,3372,29:25.4,
2524,2025-04-21 04:29:15.388993+00,7646.25,61.82,3371,29:13.8,
2523,2025-04-21 04:29:03.787774+00,7828.75,62.06,3370,29:02.2,
2522,2025-04-21 04:28:52.197499+00,7403.75,61.82,3369,28:50.6,
2521,2025-04-21 04:28:40.613363+00,7682.5,61.94,3368,28:39.0,
2520,2025-04-21 04:28:29.015702+00,7190,61.82,3367,28:27.4,
2519,2025-04-21 04:28:17.416271+00,7237.5,61.94,3366,28:15.8,
2518,2025-04-21 04:28:05.828904+00,7697.5,61.7,3365,28:04.2,
2517,2025-04-21 04:27:54.241198+00,7600,62.06,3364,27:52.6,
2516,2025-04-21 04:27:42.615333+00,7562.5,61.82,3363,27:41.0,
2515,2025-04-21 04:27:30.948957+00,7630,61.94,3362,27:29.4,
2514,2025-04-21 04:27:19.272326+00,7731.25,61.82,3361,27:17.7,
2513,2025-04-21 04:27:07.697016+00,7652.5,61.94,3360,27:06.1,
2512,2025-04-21 04:26:56.121673+00,7770,61.82,3359,26:54.5,
2511,2025-04-21 04:26:44.521753+00,7480,61.82,3358,26:42.9,
2510,2025-04-21 04:26:32.936394+00,7723.75,61.45,3357,26:31.3,
2509,2025-04-21 04:26:21.319545+00,7523.75,61.58,3356,26:19.7,
2508,2025-04-21 04:26:09.711016+00,7708.75,61.45,3355,26:08.1,
2507,2025-04-21 04:25:58.117453+00,7763.75,61.82,3354,25:56.5,
2506,2025-04-21 04:25:46.533156+00,7422.5,61.94,3353,25:44.9,
2505,2025-04-21 04:25:34.935645+00,7766.25,61.82,3352,25:33.3,
2504,2025-04-21 04:25:23.319093+00,7476.25,61.45,3351,25:21.7,
2503,2025-04-21 04:25:11.72323+00,7281.25,61.21,3350,25:08.9,
2502,2025-04-21 04:24:58.856015+00,7510,61.58,3349,24:57.3,
2501,2025-04-21 04:24:47.270822+00,7595,61.82,3348,24:45.7,
2500,2025-04-21 04:24:35.670854+00,7561.25,61.82,3347,24:34.1,
2499,2025-04-21 04:24:24.030307+00,7757.5,61.94,3346,24:22.4,
2498,2025-04-21 04:24:12.434546+00,7521.25,61.7,3345,24:10.8,
2497,2025-04-21 04:24:00.830327+00,7917.5,61.94,3344,23:59.2,
2496,2025-04-21 04:23:49.232057+00,7473.75,61.94,3343,23:47.6,
2495,2025-04-21 04:23:37.598558+00,7631.25,61.94,3342,23:36.0,
2494,2025-04-21 04:23:25.962367+00,7896.25,61.82,3341,23:24.3,
2493,2025-04-21 04:23:14.339185+00,7663.75,62.18,3340,23:12.8,
2492,2025-04-21 04:23:02.738911+00,7693.75,62.18,3339,23:01.1,
2491,2025-04-21 04:22:51.087833+00,7741.25,62.06,3338,22:49.5,
2490,2025-04-21 04:22:39.481296+00,7586.25,62.06,3337,22:37.8,
2489,2025-04-21 04:22:27.8292+00,7811.25,62.18,3336,22:26.3,
2488,2025-04-21 04:22:16.243066+00,7677.5,62.42,3335,22:14.6,
2487,2025-04-21 04:22:04.580055+00,7626.25,62.06,3334,22:03.0,
2486,2025-04-21 04:21:52.99491+00,7720,62.18,3333,21:51.4,
2485,2025-04-21 04:21:41.420408+00,7782.5,62.18,3332,21:39.8,
2484,2025-04-21 04:21:29.795777+00,7650,62.42,3331,21:28.2,
2483,2025-04-21 04:21:18.164666+00,7480,62.18,3330,21:16.5,
2482,2025-04-21 04:21:06.484415+00,7438.75,62.3,3329,21:04.7,
2481,2025-04-21 04:20:54.737367+00,7493.75,62.18,3328,20:53.1,
2480,2025-04-21 04:20:43.146227+00,7793.75,62.3,3327,20:41.5,
2479,2025-04-21 04:20:31.503713+00,7700,62.3,3326,20:29.8,
2478,2025-04-21 04:20:19.840532+00,7792.5,62.55,3325,20:18.2,
2477,2025-04-21 04:20:08.227966+00,7845,62.55,3324,20:04.9,
2476,2025-04-21 04:19:54.855888+00,7778.75,62.06,3323,19:53.2,
2475,2025-04-21 04:19:43.236805+00,7937.5,62.55,3322,19:41.6,
2474,2025-04-21 04:19:31.648125+00,7688.75,62.79,3321,19:30.0,
2473,2025-04-21 04:19:20.030092+00,7477.5,62.3,3320,19:18.4,
2472,2025-04-21 04:19:08.407288+00,7871.25,62.55,3319,19:06.8,
2471,2025-04-21 04:18:56.813848+00,7736.25,62.3,3318,18:53.3,
2470,2025-04-21 04:18:43.27481+00,7478.75,62.42,3317,18:41.7,
2469,2025-04-21 04:18:31.672068+00,7798.75,62.42,3316,18:30.1,
2468,2025-04-21 04:18:20.083351+00,7625,62.3,3315,18:18.5,
2467,2025-04-21 04:18:08.47979+00,7630,62.18,3314,18:06.8,
2466,2025-04-21 04:17:56.791714+00,7945,62.3,3313,17:55.2,
2465,2025-04-21 04:17:45.180342+00,7712.5,62.3,3312,17:43.5,
2464,2025-04-21 04:17:33.529736+00,7582.5,62.42,3311,17:31.9,
2463,2025-04-21 04:17:21.917262+00,7657.5,62.42,3310,17:20.3,
2462,2025-04-21 04:17:10.34461+00,7867.5,62.42,3309,17:08.8,
2461,2025-04-21 04:16:58.7717+00,7346.25,62.18,3308,16:57.1,
2460,2025-04-21 04:16:47.118333+00,7821.25,62.18,3307,16:45.5,
2459,2025-04-21 04:16:35.52801+00,7363.75,62.67,3306,16:34.0,
2458,2025-04-21 04:16:23.941575+00,7733.75,62.3,3305,16:22.3,
2457,2025-04-21 04:16:12.325569+00,7681.25,62.3,3304,16:10.7,
2456,2025-04-21 04:16:00.733843+00,7710,62.3,3303,15:59.0,
2455,2025-04-21 04:15:49.007835+00,7768.75,62.42,3302,15:47.4,
2454,2025-04-21 04:15:37.424832+00,7750,62.42,3301,15:35.8,
2453,2025-04-21 04:15:25.768886+00,7867.5,62.42,3300,15:24.2,
2452,2025-04-21 04:15:14.195698+00,7676.25,62.42,3299,15:12.6,
2451,2025-04-21 04:15:02.635526+00,7657.5,62.42,3298,15:01.0,
2450,2025-04-21 04:14:51.032605+00,7565,62.55,3297,14:49.4,
2449,2025-04-21 04:14:39.392485+00,7637.5,62.67,3296,14:37.8,
2448,2025-04-21 04:14:27.782111+00,7740,62.55,3295,14:26.1,
2447,2025-04-21 04:14:15.889027+00,7828.75,62.67,3294,14:14.3,
2446,2025-04-21 04:14:04.278672+00,7750,62.3,3293,14:00.7,
2445,2025-04-21 04:13:50.654155+00,7840,62.55,3292,13:49.0,
2444,2025-04-21 04:13:39.032374+00,7698.75,62.55,3291,13:37.4,
2443,2025-04-21 04:13:27.349434+00,7645,62.55,3290,13:25.8,
2442,2025-04-21 04:13:15.753343+00,7751.25,62.42,3289,13:14.2,
2441,2025-04-21 04:13:04.16391+00,7936.25,62.42,3288,13:02.5,
2440,2025-04-21 04:12:52.534388+00,7826.25,62.18,3287,12:51.0,
2439,2025-04-21 04:12:40.94536+00,7736.25,62.55,3286,12:39.3,
2438,2025-04-21 04:12:29.337747+00,7563.75,62.42,3285,12:27.8,
2437,2025-04-21 04:12:17.727623+00,7645,62.3,3284,12:16.1,
2436,2025-04-21 04:12:06.123888+00,7468.75,62.3,3283,12:04.5,
2435,2025-04-21 04:11:54.527192+00,7671.25,62.18,3282,11:52.9,
2434,2025-04-21 04:11:42.940229+00,7860,62.18,3281,11:41.3,
2433,2025-04-21 04:11:31.329538+00,7691.25,62.06,3280,11:29.7,
2432,2025-04-21 04:11:19.715235+00,7687.5,62.18,3279,11:18.1,
2431,2025-04-21 04:11:08.114518+00,7748.75,62.3,3278,11:06.5,
2430,2025-04-21 04:10:56.521285+00,7628.75,62.18,3277,10:54.9,
2429,2025-04-21 04:10:44.918866+00,7647.5,62.3,3276,10:43.3,
2428,2025-04-21 04:10:33.310287+00,7688.75,62.42,3275,10:31.7,
2427,2025-04-21 04:10:21.69253+00,7430,62.18,3274,10:20.1,
2426,2025-04-21 04:10:10.112233+00,7516.25,62.3,3273,10:08.5,
2425,2025-04-21 04:09:58.498167+00,7462.5,62.3,3272,09:56.9,
2424,2025-04-21 04:09:46.871029+00,7731.25,62.3,3271,09:45.3,
2423,2025-04-21 04:09:35.243471+00,7748.75,62.3,3270,09:33.7,
2422,2025-04-21 04:09:23.64702+00,7778.75,62.06,3269,09:22.1,
2421,2025-04-21 04:09:12.062707+00,7746.25,62.18,3268,09:10.5,
2420,2025-04-21 04:09:00.46015+00,7648.75,62.18,3267,08:58.9,
2419,2025-04-21 04:08:48.882464+00,7758.75,62.3,3266,08:47.3,
2418,2025-04-21 04:08:37.289531+00,7950,62.55,3265,08:35.7,
2417,2025-04-21 04:08:25.680687+00,7511.25,62.18,3264,08:24.1,
2416,2025-04-21 04:08:14.061468+00,7618.75,62.3,3263,08:12.5,
2415,2025-04-21 04:08:02.451587+00,7523.75,62.3,3262,08:00.9,
2414,2025-04-21 04:07:50.84867+00,7521.25,62.3,3261,07:49.2,
2413,2025-04-21 04:07:39.2028+00,7660,62.3,3260,07:37.6,
2412,2025-04-21 04:07:27.56791+00,7886.25,62.42,3259,07:26.0,
2411,2025-04-21 04:07:15.970293+00,7597.5,62.18,3258,07:14.4,
2410,2025-04-21 04:07:04.384413+00,7792.5,62.06,3257,07:02.8,
2409,2025-04-21 04:06:52.763515+00,7806.25,62.3,3256,06:51.2,
2408,2025-04-21 04:06:41.18201+00,7715,62.18,3255,06:39.6,
2407,2025-04-21 04:06:29.558001+00,7757.5,62.3,3254,06:28.0,
2406,2025-04-21 04:06:17.95764+00,7762.5,62.42,3253,06:16.4,
2405,2025-04-21 04:06:06.349673+00,7922.5,62.3,3252,06:04.7,
2404,2025-04-21 04:05:54.721481+00,7820,62.3,3251,05:53.1,
2403,2025-04-21 04:05:43.110576+00,7377.5,62.42,3250,05:41.5,
2402,2025-04-21 04:05:31.509897+00,7977.5,62.42,3249,05:29.9,
2401,2025-04-21 04:05:19.930789+00,7810,62.55,3248,05:18.3,
2400,2025-04-21 04:05:08.328459+00,7973.75,62.42,3247,05:06.7,
2399,2025-04-21 04:04:56.730976+00,7833.75,62.42,3246,04:55.1,
2398,2025-04-21 04:04:45.102645+00,7812.5,62.06,3245,04:43.5,
2397,2025-04-21 04:04:33.513446+00,7776.25,62.42,3244,04:31.9,
2396,2025-04-21 04:04:21.913281+00,7730,62.3,3243,04:20.3,
2395,2025-04-21 04:04:10.29331+00,7941.25,62.3,3242,04:08.7,
2394,2025-04-21 04:03:58.683179+00,7625,62.06,3241,03:57.1,
2393,2025-04-21 04:03:47.112554+00,7603.75,61.82,3240,03:45.5,
2392,2025-04-21 04:03:35.507482+00,8020,61.94,3239,03:33.9,
2391,2025-04-21 04:03:23.915408+00,7971.25,62.42,3238,03:22.3,
2390,2025-04-21 04:03:12.298465+00,7590,62.3,3237,03:10.7,
2389,2025-04-21 04:03:00.70343+00,7898.75,62.3,3236,02:59.1,
2388,2025-04-21 04:02:49.115033+00,7731.25,62.3,3235,02:47.5,
2387,2025-04-21 04:02:37.508294+00,7956.25,62.18,3234,02:35.9,
2386,2025-04-21 04:02:25.913552+00,7593.75,62.22,3233,02:24.3,
2385,2025-04-21 04:02:14.301802+00,7535,62.18,3232,02:12.7,
2384,2025-04-21 04:02:02.700731+00,7476.25,62.06,3231,02:01.1,
2383,2025-04-21 04:01:51.094567+00,7976.25,61.82,3230,01:49.5,
2382,2025-04-21 04:01:39.487757+00,7621.25,62.18,3229,01:37.9,
2381,2025-04-21 04:01:27.883111+00,7547.5,61.82,3228,01:26.3,
2380,2025-04-21 04:01:16.246833+00,7545,61.94,3227,01:14.6,
2379,2025-04-21 04:01:04.629873+00,7735,61.94,3226,01:03.0,
2378,2025-04-21 04:00:53.032039+00,7853.75,62.18,3225,00:51.4,
2377,2025-04-21 04:00:41.398853+00,7503.75,62.06,3224,00:39.8,
2376,2025-04-21 04:00:29.806185+00,7907.5,62.06,3223,00:28.0,
2375,2025-04-21 04:00:17.975412+00,7850,61.94,3222,00:16.4,
2374,2025-04-21 04:00:06.365885+00,7917.5,62.06,3221,00:04.7,
2373,2025-04-21 03:59:54.724164+00,7866.25,61.94,3220,59:53.1,
2372,2025-04-21 03:59:43.09138+00,8081.25,62.18,3219,59:41.5,
2371,2025-04-21 03:59:31.471012+00,7610,62.18,3218,59:29.8,
2370,2025-04-21 03:59:19.82526+00,8033.75,62.18,3217,59:17.9,
2369,2025-04-21 03:59:07.873908+00,7861.25,61.94,3216,59:06.3,
2368,2025-04-21 03:58:56.273126+00,8003.75,62.3,3215,58:54.7,
2367,2025-04-21 03:58:44.621015+00,7865,62.18,3214,58:42.7,
2366,2025-04-21 03:58:32.677732+00,7776.25,62.18,3213,58:31.1,
2365,2025-04-21 03:58:21.107283+00,7765,62.18,3212,58:19.5,
2364,2025-04-21 03:58:09.447721+00,8002.5,62.18,3211,58:07.8,
2363,2025-04-21 03:57:57.830604+00,8025,62.18,3210,57:56.2,
2362,2025-04-21 03:57:46.229148+00,7838.75,62.18,3209,57:44.7,
2361,2025-04-21 03:57:34.644559+00,8012.5,62.06,3208,57:33.0,
2360,2025-04-21 03:57:22.994745+00,8010,61.94,3207,57:21.4,
2359,2025-04-21 03:57:11.341396+00,7772.5,61.94,3206,57:09.8,
2358,2025-04-21 03:56:59.734756+00,7433.75,62.42,3205,56:58.1,
2357,2025-04-21 03:56:48.098215+00,7828.75,62.42,3204,56:46.5,
2356,2025-04-21 03:56:36.482553+00,8085,62.3,3203,56:34.9,
2355,2025-04-21 03:56:24.889005+00,7850,61.94,3202,56:23.3,
2354,2025-04-21 03:56:13.24945+00,7755,62.06,3201,56:11.7,
2353,2025-04-21 03:56:01.666908+00,7881.25,61.82,3200,56:00.1,
2352,2025-04-21 03:55:50.065936+00,7897.5,61.82,3199,55:48.5,
2351,2025-04-21 03:55:38.486181+00,7470,61.7,3198,55:36.9,
2350,2025-04-21 03:55:26.86667+00,7921.25,61.82,3197,55:25.3,
2349,2025-04-21 03:55:15.267493+00,7810,61.82,3196,55:13.7,
2348,2025-04-21 03:55:03.676975+00,7562.5,61.82,3195,55:02.1,
2347,2025-04-21 03:54:52.086207+00,7656.25,62.06,3194,54:50.5,
2346,2025-04-21 03:54:40.449221+00,8043.75,62.06,3193,54:38.9,
2345,2025-04-21 03:54:28.8405+00,7713.75,61.7,3192,54:27.3,
2344,2025-04-21 03:54:17.239495+00,8001.25,61.94,3191,54:15.7,
2343,2025-04-21 03:54:05.646975+00,7743.75,61.94,3190,54:04.0,
2342,2025-04-21 03:53:54.025458+00,7968.75,61.94,3189,53:52.4,
2341,2025-04-21 03:53:42.398111+00,7923.75,61.94,3188,53:40.8,
2340,2025-04-21 03:53:30.78143+00,7872.5,61.82,3187,53:29.2,
2339,2025-04-21 03:53:19.18983+00,7810,61.82,3186,53:17.6,
2338,2025-04-21 03:53:07.583422+00,7856.25,61.82,3185,53:06.0,
2337,2025-04-21 03:52:56.011807+00,7885,61.58,3184,52:54.4,
2336,2025-04-21 03:52:44.380479+00,8048.75,61.82,3183,52:42.8,
2335,2025-04-21 03:52:32.792394+00,7365,61.58,3182,52:31.2,
2334,2025-04-21 03:52:21.177003+00,7930,61.94,3181,52:19.6,
2333,2025-04-21 03:52:09.584796+00,7948.75,61.82,3180,52:08.0,
2332,2025-04-21 03:51:57.869408+00,7952.5,61.45,3179,51:56.3,
2331,2025-04-21 03:51:46.255356+00,8246.25,61.82,3178,51:44.7,
2330,2025-04-21 03:51:34.650153+00,8101.25,61.94,3177,51:33.1,
2329,2025-04-21 03:51:23.059947+00,7810,61.82,3176,51:21.4,
2328,2025-04-21 03:51:11.186874+00,7608.75,62.06,3175,51:09.3,
2327,2025-04-21 03:50:59.308836+00,7778.75,62.18,3174,50:57.8,
2326,2025-04-21 03:50:47.736944+00,7985,62.67,3173,50:46.2,
2325,2025-04-21 03:50:36.130751+00,8111.25,62.18,3172,50:34.6,
2324,2025-04-21 03:50:24.5423+00,7868.75,62.18,3171,50:23.0,
2323,2025-04-21 03:50:12.920547+00,7728.75,62.67,3170,50:11.3,
2322,2025-04-21 03:50:01.318202+00,7603.75,62.91,3169,49:59.7,
2321,2025-04-21 03:49:49.730993+00,7602.5,62.91,3168,49:48.1,
2320,2025-04-21 03:49:38.116611+00,7680,63.03,3167,49:36.5,
2319,2025-04-21 03:49:26.478732+00,7637.5,62.79,3166,49:24.9,
2318,2025-04-21 03:49:14.844363+00,7650,62.91,3165,49:13.3,
2317,2025-04-21 03:49:03.238598+00,7760,63.03,3164,49:01.7,
2316,2025-04-21 03:48:51.650601+00,7393.75,63.15,3163,48:50.1,
2315,2025-04-21 03:48:40.048393+00,7728.75,63.27,3162,48:38.5,
2314,2025-04-21 03:48:28.480516+00,7913.75,63.03,3161,48:26.9,
2313,2025-04-21 03:48:16.877632+00,7817.5,63.15,3160,48:15.3,
2312,2025-04-21 03:48:05.296081+00,7700,63.27,3159,48:03.7,
2311,2025-04-21 03:47:53.712718+00,7746.25,63.15,3158,47:52.1,
2310,2025-04-21 03:47:42.077118+00,7643.75,63.03,3157,47:40.5,
2309,2025-04-21 03:47:30.480202+00,7676.25,63.03,3156,47:28.9,
2308,2025-04-21 03:47:18.87774+00,7718.75,62.91,3155,47:17.3,
2307,2025-04-21 03:47:07.28544+00,7296.25,63.15,3154,47:05.7,
2306,2025-04-21 03:46:55.709616+00,7407.5,63.03,3153,46:54.1,
2305,2025-04-21 03:46:44.105699+00,7693.75,62.91,3152,46:42.5,
2304,2025-04-21 03:46:32.490616+00,7912.5,63.15,3151,46:30.9,
2303,2025-04-21 03:46:20.885177+00,7393.75,62.91,3150,46:19.3,
2302,2025-04-21 03:46:09.297+00,7296.25,62.79,3149,46:07.7,
2301,2025-04-21 03:45:57.686714+00,7680,62.79,3148,45:56.1,
2300,2025-04-21 03:45:46.07444+00,7303.75,62.67,3147,45:44.5,
2299,2025-04-21 03:45:34.46252+00,7373.75,62.79,3146,45:32.9,
2298,2025-04-21 03:45:22.856446+00,7626.25,62.79,3145,45:21.3,
2297,2025-04-21 03:45:11.228281+00,7358.75,62.55,3144,45:09.7,
2296,2025-04-21 03:44:59.652842+00,7698.75,62.42,3143,44:58.1,
2295,2025-04-21 03:44:48.060391+00,7365,62.79,3142,44:46.5,
2294,2025-04-21 03:44:36.457335+00,7782.5,62.67,3141,44:34.9,
2293,2025-04-21 03:44:24.855287+00,7638.75,62.91,3140,44:23.3,
2292,2025-04-21 03:44:13.234018+00,7866.25,63.03,3139,44:11.7,
2291,2025-04-21 03:44:01.630102+00,7367.5,62.91,3138,44:00.1,
2290,2025-04-21 03:43:50.0526+00,7907.5,62.79,3137,43:48.5,
2289,2025-04-21 03:43:38.452176+00,7483.75,62.91,3136,43:36.9,
2288,2025-04-21 03:43:26.849197+00,7450,62.79,3135,43:25.3,
2287,2025-04-21 03:43:15.242878+00,7593.75,62.79,3134,43:13.7,
2286,2025-04-21 03:43:03.63086+00,7610,62.67,3133,43:02.0,
2285,2025-04-21 03:42:52.009234+00,7396.25,62.79,3132,42:50.4,
2284,2025-04-21 03:42:40.394808+00,7306.25,62.55,3131,42:38.8,
2283,2025-04-21 03:42:28.807455+00,7391.25,62.55,3130,42:27.2,
2282,2025-04-21 03:42:17.200876+00,7066.25,62.67,3129,42:15.6,
2281,2025-04-21 03:42:05.626511+00,7825,62.55,3128,42:04.1,
2280,2025-04-21 03:41:54.043485+00,7150,62.67,3127,41:52.4,
2279,2025-04-21 03:41:42.42371+00,7623.75,62.55,3126,41:40.8,
2278,2025-04-21 03:41:30.790925+00,7811.25,62.55,3125,41:29.2,
2277,2025-04-21 03:41:19.216197+00,7422.5,62.91,3124,41:17.6,
2276,2025-04-21 03:41:07.594331+00,7375,62.42,3123,41:06.0,
2275,2025-04-21 03:40:55.99418+00,7747.5,62.79,3122,40:54.4,
2274,2025-04-21 03:40:44.35944+00,7425,62.67,3121,40:42.8,
2273,2025-04-21 03:40:32.780193+00,7848.75,62.67,3120,40:31.2,
2272,2025-04-21 03:40:21.197524+00,7323.75,62.67,3119,40:19.6,
2271,2025-04-21 03:40:09.602375+00,7487.5,62.79,3118,40:08.0,
2270,2025-04-21 03:39:58.02385+00,7822.5,62.79,3117,39:56.4,
2269,2025-04-21 03:39:46.415642+00,7437.5,62.42,3116,39:44.8,
2268,2025-04-21 03:39:34.821409+00,7506.25,62.42,3115,39:33.2,
2267,2025-04-21 03:39:23.197166+00,7728.75,62.42,3114,39:21.6,
2266,2025-04-21 03:39:11.598795+00,7830,62.67,3113,39:10.0,
2265,2025-04-21 03:38:59.985017+00,7582.5,62.79,3112,38:58.4,
2264,2025-04-21 03:38:48.368685+00,7481.25,62.91,3111,38:46.8,
2263,2025-04-21 03:38:36.800976+00,7906.25,62.79,3110,38:35.2,
2262,2025-04-21 03:38:25.213017+00,7313.75,62.55,3109,38:23.6,
2261,2025-04-21 03:38:13.620161+00,7813.75,63.03,3108,38:12.0,
2260,2025-04-21 03:38:01.997676+00,7487.5,63.15,3107,38:00.4,
2259,2025-04-21 03:37:50.393627+00,7505,62.79,3106,37:48.8,
2258,2025-04-21 03:37:38.768206+00,7636.25,62.42,3105,37:37.2,
2257,2025-04-21 03:37:27.132469+00,7446.25,62.55,3104,37:25.5,
2256,2025-04-21 03:37:15.467126+00,7345,62.67,3103,37:13.9,
2255,2025-04-21 03:37:03.861307+00,7823.75,62.79,3102,37:02.3,
2254,2025-04-21 03:36:52.262663+00,7853.75,62.91,3101,36:50.7,
2253,2025-04-21 03:36:40.674924+00,7216.25,63.15,3100,36:39.1,
2252,2025-04-21 03:36:29.066852+00,7885,62.91,3099,36:27.5,
2251,2025-04-21 03:36:17.456504+00,7358.75,62.79,3098,36:15.9,
2250,2025-04-21 03:36:05.822003+00,7870,62.79,3097,36:04.1,
2249,2025-04-21 03:35:54.081819+00,7435,62.42,3096,35:52.5,
2248,2025-04-21 03:35:42.453993+00,7585,62.79,3095,35:40.9,
2247,2025-04-21 03:35:30.851552+00,7316.25,62.79,3094,35:29.3,
2246,2025-04-21 03:35:19.244799+00,7267.5,62.55,3093,35:17.7,
2245,2025-04-21 03:35:07.626962+00,7686.25,62.79,3092,35:06.1,
2244,2025-04-21 03:34:56.043152+00,7226.25,62.79,3091,34:54.5,
2243,2025-04-21 03:34:44.452835+00,7581.25,62.79,3090,34:42.9,
2242,2025-04-21 03:34:32.86847+00,7542.5,62.67,3089,34:31.3,
2241,2025-04-21 03:34:21.251557+00,7271.25,62.79,3088,34:19.7,
2240,2025-04-21 03:34:09.662873+00,7662.5,62.3,3087,34:08.1,
2239,2025-04-21 03:33:58.071052+00,7812.5,62.42,3086,33:56.5,
2238,2025-04-21 03:33:46.467014+00,7772.5,62.42,3085,33:44.9,
2237,2025-04-21 03:33:34.832118+00,7291.25,62.55,3084,33:33.3,
2236,2025-04-21 03:33:23.232384+00,7746.25,62.79,3083,33:21.6,
2235,2025-04-21 03:33:11.60139+00,7581.25,62.42,3082,33:10.0,
2234,2025-04-21 03:32:59.994884+00,7175,62.42,3081,32:58.4,
2233,2025-04-21 03:32:48.35171+00,7187.5,62.18,3080,32:46.8,
2232,2025-04-21 03:32:36.734645+00,7152.5,62.3,3079,32:35.2,
2231,2025-04-21 03:32:25.114823+00,7512.5,62.42,3078,32:23.5,
2230,2025-04-21 03:32:13.507651+00,7588.75,62.18,3077,32:11.9,
2229,2025-04-21 03:32:01.897017+00,7436.25,62.55,3076,32:00.3,
2228,2025-04-21 03:31:50.27311+00,7803.75,62.42,3075,31:48.7,
2227,2025-04-21 03:31:38.659134+00,7626.25,62.55,3074,31:37.1,
2226,2025-04-21 03:31:27.067706+00,7993.75,62.55,3073,31:25.5,
2225,2025-04-21 03:31:15.451107+00,7886.25,62.18,3072,31:13.9,
2224,2025-04-21 03:31:03.854809+00,7671.25,62.79,3071,31:02.3,
2223,2025-04-21 03:30:52.224428+00,7596.25,62.79,3070,30:50.6,
2222,2025-04-21 03:30:40.610521+00,7403.75,62.91,3069,30:39.0,
2221,2025-04-21 03:30:29.010169+00,7397.5,62.79,3068,30:27.5,
2220,2025-04-21 03:30:17.427725+00,7576.25,62.91,3067,30:15.8,
2219,2025-04-21 03:30:05.781266+00,7741.25,62.91,3066,30:04.2,
2218,2025-04-21 03:29:54.154638+00,7651.25,62.67,3065,29:52.6,
2217,2025-04-21 03:29:42.544002+00,7367.5,62.55,3064,29:40.9,
2216,2025-04-21 03:29:30.917114+00,7558.75,62.67,3063,29:29.3,
2215,2025-04-21 03:29:19.31175+00,7638.75,62.42,3062,29:17.7,
2214,2025-04-21 03:29:07.703205+00,7298.75,62.3,3061,29:06.1,
2213,2025-04-21 03:28:56.113153+00,7266.25,62.42,3060,28:54.5,
2212,2025-04-21 03:28:44.490112+00,7476.25,62.79,3059,28:42.9,
2211,2025-04-21 03:28:32.898282+00,7443.75,62.67,3058,28:31.3,
2210,2025-04-21 03:28:21.292096+00,7576.25,62.67,3057,28:19.7,
2209,2025-04-21 03:28:09.668528+00,7837.5,62.55,3056,28:08.1,
2208,2025-04-21 03:27:58.065901+00,7487.5,62.55,3055,27:56.5,
2207,2025-04-21 03:27:46.475846+00,7752.5,62.67,3054,27:44.9,
2206,2025-04-21 03:27:34.854878+00,7562.5,62.67,3053,27:33.3,
2205,2025-04-21 03:27:23.253854+00,7298.75,62.7,3052,27:21.7,
2204,2025-04-21 03:27:11.621644+00,7491.25,63.03,3051,27:10.0,
2203,2025-04-21 03:27:00.001748+00,7756.25,62.79,3050,26:58.4,
2202,2025-04-21 03:26:48.396465+00,7855,63.03,3049,26:46.8,
2201,2025-04-21 03:26:36.774151+00,7555,62.91,3048,26:35.2,
2200,2025-04-21 03:26:25.176975+00,7746.25,62.79,3047,26:23.6,
2199,2025-04-21 03:26:13.521861+00,7628.75,62.79,3046,26:11.9,
2198,2025-04-21 03:26:01.921553+00,7803.75,62.91,3045,26:00.3,
2197,2025-04-21 03:25:50.326551+00,7603.75,63.15,3044,25:48.8,
2196,2025-04-21 03:25:38.740595+00,7737.5,63.39,3043,25:37.2,
2195,2025-04-21 03:25:27.138201+00,7597.5,63.27,3042,25:25.5,
2194,2025-04-21 03:25:15.510033+00,7320,63.03,3041,25:13.8,
2193,2025-04-21 03:25:03.738648+00,7630,63.39,3040,25:02.2,
2192,2025-04-21 03:24:52.120551+00,7657.5,63.15,3039,24:50.5,
2191,2025-04-21 03:24:40.503712+00,7447.5,62.91,3038,24:38.9,
2190,2025-04-21 03:24:28.895506+00,7386.25,62.79,3037,24:27.3,
2189,2025-04-21 03:24:17.255555+00,7488.75,63.15,3036,24:15.7,
2188,2025-04-21 03:24:05.649118+00,7735,63.15,3035,24:04.1,
2187,2025-04-21 03:23:54.027414+00,7532.5,63.03,3034,23:52.5,
2186,2025-04-21 03:23:42.429671+00,7430,63.27,3033,23:40.9,
2185,2025-04-21 03:23:30.792002+00,7657.5,63.27,3032,23:29.2,
2184,2025-04-21 03:23:19.179376+00,7633.75,63.03,3031,23:17.6,
2183,2025-04-21 03:23:07.587893+00,7486.25,63.03,3030,23:06.0,
2182,2025-04-21 03:22:56.006655+00,7495,63.39,3029,22:54.3,
2181,2025-04-21 03:22:44.37542+00,7775,63.27,3028,22:42.7,
2180,2025-04-21 03:22:32.765188+00,7360,63.39,3027,22:30.2,
2179,2025-04-21 03:22:20.21431+00,7682.5,63.27,3026,22:18.6,
2178,2025-04-21 03:22:08.590292+00,7943.75,63.27,3025,22:06.9,
2177,2025-04-21 03:21:56.968929+00,7815,63.27,3024,21:55.3,
2176,2025-04-21 03:21:45.337457+00,7673.75,62.91,3023,21:43.7,
2175,2025-04-21 03:21:33.706649+00,7561.25,63.15,3022,21:32.1,
2174,2025-04-21 03:21:22.107347+00,7807.5,63.03,3021,21:20.5,
2173,2025-04-21 03:21:10.513303+00,7347.5,63.15,3020,21:08.9,
2172,2025-04-21 03:20:58.898674+00,7750,63.03,3019,20:57.3,
2171,2025-04-21 03:20:47.275347+00,7613.75,63.27,3018,20:45.6,
2170,2025-04-21 03:20:35.652615+00,7553.75,63.15,3017,20:34.0,
2169,2025-04-21 03:20:24.024924+00,7731.25,63.15,3016,20:22.4,
2168,2025-04-21 03:20:12.426102+00,7447.5,63.15,3015,20:10.8,
2167,2025-04-21 03:20:00.829268+00,7860,63.15,3014,19:59.2,
2166,2025-04-21 03:19:49.192136+00,7603.75,63.03,3013,19:47.6,
2165,2025-04-21 03:19:37.574298+00,7781.25,63.15,3012,19:35.9,
2164,2025-04-21 03:19:25.969315+00,7800,63.27,3011,19:24.3,
2163,2025-04-21 03:19:14.339155+00,7501.25,63.15,3010,19:12.7,
2162,2025-04-21 03:19:02.737458+00,7736.25,63.39,3009,19:01.1,
2161,2025-04-21 03:18:51.120811+00,7565,63.27,3008,18:49.5,
2160,2025-04-21 03:18:39.50279+00,7793.75,62.91,3007,18:37.9,
2159,2025-04-21 03:18:27.904139+00,7421.25,63.15,3006,18:26.3,
2158,2025-04-21 03:18:16.289548+00,7557.5,62.67,3005,18:14.7,
2157,2025-04-21 03:18:04.693424+00,7363.75,63.15,3004,18:03.1,
2156,2025-04-21 03:17:53.111681+00,7533.75,62.67,3003,17:51.5,
2155,2025-04-21 03:17:41.50835+00,7770,63.15,3002,17:39.9,
2154,2025-04-21 03:17:29.88725+00,7757.5,63.03,3001,17:28.2,
2153,2025-04-21 03:17:18.245628+00,7371.25,62.79,3000,17:16.6,
2152,2025-04-21 03:17:06.62294+00,7870,63.03,2999,17:05.0,
2151,2025-04-21 03:16:54.990842+00,7591.25,63.27,2998,16:53.4,
2150,2025-04-21 03:16:43.395482+00,7648.75,62.82,2997,16:41.8,
2149,2025-04-21 03:16:31.791069+00,7802.5,62.91,2996,16:30.1,
2148,2025-04-21 03:16:20.16237+00,7810,63.03,2995,16:18.5,
2147,2025-04-21 03:16:08.511319+00,7373.75,63.03,2994,16:06.9,
2146,2025-04-21 03:15:56.886345+00,7421.25,63.03,2993,15:55.3,
2145,2025-04-21 03:15:45.29366+00,7840,63.03,2992,15:43.6,
2144,2025-04-21 03:15:33.661165+00,7270,63.03,2991,15:32.0,
2143,2025-04-21 03:15:22.040329+00,7870,63.15,2990,15:20.4,
2142,2025-04-21 03:15:10.364232+00,7836.25,63.15,2989,15:08.8,
2141,2025-04-21 03:14:58.771629+00,7738.75,63.15,2988,14:57.1,
2140,2025-04-21 03:14:47.134855+00,7791.25,63.39,2987,14:45.5,
2139,2025-04-21 03:14:35.546138+00,7535,63.27,2986,14:33.9,
2138,2025-04-21 03:14:23.894805+00,7587.5,63.15,2985,14:22.2,
2137,2025-04-21 03:14:12.263828+00,7488.75,63.52,2984,14:10.6,
2136,2025-04-21 03:14:00.634007+00,8046.25,63.52,2983,13:59.0,
2135,2025-04-21 03:13:49.008849+00,8013.75,63.27,2982,13:47.4,
2134,2025-04-21 03:13:37.369713+00,7901.25,63.39,2981,13:35.7,
2133,2025-04-21 03:13:25.725828+00,7873.75,63.52,2980,13:24.1,
2132,2025-04-21 03:13:14.078118+00,7823.75,63.27,2979,13:12.4,
2131,2025-04-21 03:13:02.432217+00,7423.75,63.27,2978,13:00.8,
2130,2025-04-21 03:12:50.852348+00,7780,63.52,2977,12:49.2,
2129,2025-04-21 03:12:39.256315+00,7733.75,63.54,2976,12:37.6,
2128,2025-04-21 03:12:27.613695+00,7386.25,63.39,2975,12:26.0,
2127,2025-04-21 03:12:15.994905+00,7866.25,63.52,2974,12:14.3,
2126,2025-04-21 03:12:04.366768+00,7815,63.27,2973,12:01.7,
2125,2025-04-21 03:11:51.731575+00,8025,63.64,2972,11:50.1,
2124,2025-04-21 03:11:40.117621+00,7555,63.52,2971,11:38.4,
2123,2025-04-21 03:11:28.464086+00,7535,63.52,2970,11:26.9,
2122,2025-04-21 03:11:16.878546+00,7982.5,63.52,2969,11:15.2,
2121,2025-04-21 03:11:05.238151+00,7840,63.64,2968,11:03.6,
2120,2025-04-21 03:10:53.568731+00,7880,63.27,2967,10:51.9,
2119,2025-04-21 03:10:41.950091+00,8032.5,63.52,2966,10:40.3,
2118,2025-04-21 03:10:30.344612+00,7696.25,63.76,2965,10:28.7,
2117,2025-04-21 03:10:18.733622+00,7555,63.27,2964,10:17.1,
2116,2025-04-21 03:10:07.127119+00,7511.25,63.39,2963,10:05.5,
2115,2025-04-21 03:09:55.520847+00,7876.25,63.39,2962,09:53.9,
2114,2025-04-21 03:09:43.900389+00,7761.25,63.27,2961,09:42.2,
2113,2025-04-21 03:09:32.239854+00,7732.5,63.03,2960,09:30.6,
2112,2025-04-21 03:09:20.602509+00,7410,63.15,2959,09:19.0,
2111,2025-04-21 03:09:08.963364+00,7675,63.03,2958,09:07.3,
2110,2025-04-21 03:08:57.357457+00,7511.25,63.27,2957,08:55.7,
2109,2025-04-21 03:08:45.737186+00,7836.25,63.03,2956,08:44.1,
2108,2025-04-21 03:08:34.132048+00,7292.5,63.15,2955,08:32.5,
2107,2025-04-21 03:08:22.507982+00,7707.5,62.79,2954,08:20.9,
2106,2025-04-21 03:08:10.879962+00,7670,63.15,2953,08:09.2,
2105,2025-04-21 03:07:59.258502+00,7383.75,62.91,2952,07:57.6,
2104,2025-04-21 03:07:47.641186+00,7606.25,63.03,2951,07:46.0,
2103,2025-04-21 03:07:36.016945+00,7462.5,63.03,2950,07:34.4,
2102,2025-04-21 03:07:24.394708+00,7366.25,62.79,2949,07:22.8,
2101,2025-04-21 03:07:12.768599+00,7442.5,62.91,2948,07:11.1,
2100,2025-04-21 03:07:01.154263+00,7366.25,63.15,2947,06:59.5,
2099,2025-04-21 03:06:49.537009+00,7468.75,62.91,2946,06:47.9,
2098,2025-04-21 03:06:37.942285+00,7663.75,62.79,2945,06:36.3,
2097,2025-04-21 03:06:26.340429+00,7670,63.15,2944,06:24.7,
2096,2025-04-21 03:05:59.66748+00,7690,63.27,2942,05:58.1,
2095,2025-04-21 03:05:48.074021+00,7503.75,63.15,2941,05:46.5,
2094,2025-04-21 03:05:36.478638+00,7671.25,63.15,2940,05:34.8,
2093,2025-04-21 03:05:24.78171+00,7741.25,63.03,2939,05:23.2,
2092,2025-04-21 03:05:13.172131+00,7513.75,63.27,2938,05:11.6,
2091,2025-04-21 03:05:01.555202+00,7672.5,63.27,2937,04:59.9,
2090,2025-04-21 03:04:49.923403+00,7891.25,63.03,2936,04:48.3,
2089,2025-04-21 03:04:38.326935+00,7543.75,63.15,2935,04:36.7,
2088,2025-04-21 03:04:26.753012+00,7692.5,63.27,2934,04:25.1,
2087,2025-04-21 03:04:15.109528+00,7876.25,63.15,2933,04:13.5,
2086,2025-04-21 03:04:03.512651+00,7663.75,63.15,2932,04:01.9,
2085,2025-04-21 03:03:51.94364+00,7786.25,63.06,2931,03:50.3,
2084,2025-04-21 03:03:40.340396+00,7702.5,63.39,2930,03:38.7,
2083,2025-04-21 03:03:28.740405+00,7365,63.27,2929,03:27.1,
2082,2025-04-21 03:03:17.161483+00,7398.75,63.27,2928,03:15.5,
2081,2025-04-21 03:03:05.548587+00,7665,63.03,2927,03:03.9,
2080,2025-04-21 03:02:53.939353+00,7441.25,63.15,2926,02:52.3,
2079,2025-04-21 03:02:42.317885+00,7426.25,63.27,2925,02:40.7,
2078,2025-04-21 03:02:30.741602+00,7892.5,63.27,2924,02:29.1,
2077,2025-04-21 03:02:19.155698+00,7438.75,63.27,2923,02:17.6,
2076,2025-04-21 03:02:07.590587+00,7627.5,63.27,2922,02:06.0,
2075,2025-04-21 03:01:55.984495+00,7382.5,63.39,2921,01:54.4,
2074,2025-04-21 03:01:44.375267+00,7441.25,63.39,2920,01:42.8,
2073,2025-04-21 03:01:32.760229+00,7585,63.03,2919,01:31.1,
2072,2025-04-21 03:01:21.099638+00,7591.25,63.27,2918,01:19.5,
2071,2025-04-21 03:01:09.490017+00,7566.25,63.39,2917,01:07.9,
2070,2025-04-21 03:00:57.896491+00,7636.25,63.15,2916,00:56.3,
2069,2025-04-21 03:00:46.267139+00,7640,63.27,2915,00:44.7,
2068,2025-04-21 03:00:34.66087+00,7805,63.27,2914,00:33.1,
2067,2025-04-21 03:00:23.065932+00,7660,63.27,2913,00:21.5,
2066,2025-04-21 03:00:11.476938+00,7678.75,63.39,2912,00:09.9,
2065,2025-04-21 02:59:59.893082+00,7356.25,63.03,2911,59:58.3,
2064,2025-04-21 02:59:48.297733+00,7713.75,63.39,2910,59:46.7,
2063,2025-04-21 02:59:36.70195+00,7726.25,63.03,2909,59:35.1,
2062,2025-04-21 02:59:25.101699+00,7826.25,63.39,2908,59:23.5,
2061,2025-04-21 02:59:13.513972+00,7623.75,63.52,2907,59:11.9,
2060,2025-04-21 02:59:01.903108+00,7822.5,63.27,2906,59:00.3,
2059,2025-04-21 02:58:50.306168+00,7770,63.39,2905,58:48.7,
2058,2025-04-21 02:58:38.688262+00,7537.5,63.39,2904,58:37.1,
2057,2025-04-21 02:58:27.119723+00,7605,63.52,2903,58:25.5,
2056,2025-04-21 02:58:15.520305+00,7812.5,63.39,2902,58:13.9,
2055,2025-04-21 02:58:03.917179+00,7825,63.39,2901,58:02.3,
2054,2025-04-21 02:57:52.337775+00,7665,63.52,2900,57:50.8,
2053,2025-04-21 02:57:40.754671+00,7606.25,63.64,2899,57:39.1,
2052,2025-04-21 02:57:29.129578+00,7532.5,63.52,2898,57:27.5,
2051,2025-04-21 02:57:17.521095+00,7858.75,63.52,2897,57:15.9,
2050,2025-04-21 02:57:05.941947+00,7327.5,63.39,2896,57:04.3,
2049,2025-04-21 02:56:54.288853+00,7778.75,63.27,2895,56:52.6,
2048,2025-04-21 02:56:42.597086+00,7761.25,63.27,2894,56:41.0,
2047,2025-04-21 02:56:31.015216+00,7576.25,63.27,2893,56:29.4,
2046,2025-04-21 02:56:19.408985+00,7543.75,63.27,2892,56:17.8,
2045,2025-04-21 02:56:07.792092+00,7918.75,63.39,2891,56:06.2,
2044,2025-04-21 02:55:56.190104+00,7508.75,63.27,2890,55:54.5,
2043,2025-04-21 02:55:44.551863+00,7630,63.27,2889,55:42.9,
2042,2025-04-21 02:55:32.904912+00,7935,63.27,2888,55:31.3,
2041,2025-04-21 02:55:21.316965+00,7806.25,63.39,2887,55:19.7,
2040,2025-04-21 02:55:09.721519+00,7853.75,63.27,2886,55:08.1,
2039,2025-04-21 02:54:58.124867+00,7831.25,63.15,2885,54:56.5,
2038,2025-04-21 02:54:46.52361+00,7481.25,63.52,2884,54:44.9,
2037,2025-04-21 02:54:34.963549+00,7745,63.27,2883,54:33.4,
2036,2025-04-21 02:54:23.364404+00,7626.25,63.27,2882,54:21.8,
2035,2025-04-21 02:54:11.785065+00,7563.75,63.27,2881,54:10.2,
2034,2025-04-21 02:54:00.187338+00,7761.25,63.39,2880,53:58.6,
2033,2025-04-21 02:53:48.578235+00,7401.25,63.64,2879,53:47.0,
2032,2025-04-21 02:53:36.972754+00,7955,63.27,2878,53:35.4,
2031,2025-04-21 02:53:25.382567+00,7875,63.64,2877,53:23.8,
2030,2025-04-21 02:53:13.80945+00,7553.75,63.52,2876,53:12.2,
2029,2025-04-21 02:53:02.221422+00,7898.75,63.52,2875,53:00.6,
2028,2025-04-21 02:52:50.637038+00,7556.25,63.39,2874,52:49.0,
2027,2025-04-21 02:52:39.042841+00,7903.75,63.52,2873,52:37.4,
2026,2025-04-21 02:52:27.37584+00,7626.25,63.52,2872,52:25.8,
2025,2025-04-21 02:52:15.754746+00,7557.5,63.64,2871,52:14.1,
2024,2025-04-21 02:52:04.160895+00,7922.5,63.52,2870,52:02.5,
2023,2025-04-21 02:51:52.526026+00,7598.75,63.52,2869,51:50.9,
2022,2025-04-21 02:51:40.913155+00,7986.25,63.52,2868,51:39.3,
2021,2025-04-21 02:51:29.295033+00,7375,63.52,2867,51:27.7,
2020,2025-04-21 02:51:17.705444+00,7973.75,63.64,2866,51:16.1,
2019,2025-04-21 02:51:06.107214+00,7647.5,63.64,2865,51:04.5,
2018,2025-04-21 02:50:54.496825+00,7712.5,63.39,2864,50:52.9,
2017,2025-04-21 02:50:42.879634+00,7540,63.76,2863,50:41.3,
2016,2025-04-21 02:50:31.266416+00,7703.75,63.52,2862,50:29.6,
2015,2025-04-21 02:50:19.626936+00,7627.5,63.52,2861,50:18.0,
2014,2025-04-21 02:50:08.027957+00,7853.75,63.39,2860,50:06.4,
2013,2025-04-21 02:49:56.404524+00,7765,63.27,2859,49:54.7,
2012,2025-04-21 02:49:44.758696+00,7861.25,63.64,2858,49:43.1,
2011,2025-04-21 02:49:33.13915+00,7823.75,63.64,2857,49:31.5,
2010,2025-04-21 02:49:21.542063+00,7707.5,63.52,2856,49:20.0,
2009,2025-04-21 02:49:09.965112+00,7640,63.52,2855,49:08.4,
2008,2025-04-21 02:48:58.366557+00,7636.25,63.64,2854,48:56.7,
2007,2025-04-21 02:48:46.728473+00,7703.75,63.76,2853,48:45.1,
2006,2025-04-21 02:48:35.130781+00,7722.5,63.27,2852,48:33.5,
2005,2025-04-21 02:48:23.52371+00,7463.75,63.03,2851,48:21.9,
2004,2025-04-21 02:48:11.921673+00,7411.25,62.79,2850,48:10.3,
2003,2025-04-21 02:48:00.33458+00,7638.75,63.03,2849,47:58.7,
2002,2025-04-21 02:47:48.750104+00,7652.5,62.79,2848,47:47.1,
2001,2025-04-21 02:47:37.148586+00,7440,62.79,2847,47:35.5,
2000,2025-04-21 02:47:25.555001+00,7280,62.79,2846,47:23.9,
1999,2025-04-21 02:47:13.937424+00,7730,62.91,2845,47:12.4,
1998,2025-04-21 02:47:02.368465+00,7538.75,62.79,2844,47:00.8,
1997,2025-04-21 02:46:50.759824+00,7763.75,62.55,2843,46:49.2,
1996,2025-04-21 02:46:39.159549+00,7702.5,62.67,2842,46:37.5,
1995,2025-04-21 02:46:27.539824+00,7342.5,62.67,2841,46:25.9,
1994,2025-04-21 02:46:15.923737+00,7370,62.79,2840,46:14.3,
1993,2025-04-21 02:46:04.331176+00,7756.25,62.67,2839,46:02.7,
1992,2025-04-21 02:45:52.746412+00,7640,63.03,2838,45:51.1,
1991,2025-04-21 02:45:41.107187+00,7762.5,63.03,2837,45:39.5,
1990,2025-04-21 02:45:29.530206+00,7737.5,63.03,2836,45:27.9,
1989,2025-04-21 02:45:17.937112+00,7398.75,63.03,2835,45:16.3,
1988,2025-04-21 02:45:06.333635+00,7635,63.03,2834,45:04.7,
1987,2025-04-21 02:44:54.726807+00,7357.5,62.42,2833,44:53.1,
1986,2025-04-21 02:44:43.114054+00,7553.75,62.06,2832,44:41.5,
1985,2025-04-21 02:44:31.492889+00,7066.25,62.42,2831,44:29.9,
1984,2025-04-21 02:44:19.902811+00,7407.5,62.42,2830,44:18.3,
1983,2025-04-21 02:44:08.325052+00,7330,62.06,2829,44:06.7,
1982,2025-04-21 02:43:56.694991+00,7425,62.06,2828,43:55.1,
1981,2025-04-21 02:43:45.06916+00,7226.25,61.94,2827,43:43.5,
1980,2025-04-21 02:43:33.492988+00,7328.75,61.94,2826,43:31.9,
1979,2025-04-21 02:43:21.891572+00,7403.75,62.3,2825,43:20.3,
1978,2025-04-21 02:43:10.295145+00,7621.25,62.42,2824,43:08.7,
1977,2025-04-21 02:42:58.699267+00,7433.75,62.18,2823,42:57.1,
1976,2025-04-21 02:42:47.09772+00,7542.5,62.3,2822,42:45.5,
1975,2025-04-21 02:42:35.479693+00,7643.75,62.18,2821,42:33.9,
1974,2025-04-21 02:42:23.884194+00,7525,63.27,2820,42:22.3,
1973,2025-04-21 02:42:12.268527+00,7951.25,64,2819,42:10.7,
1972,2025-04-21 02:42:00.669179+00,7562.5,61.94,2818,41:59.1,
1971,2025-04-21 02:41:49.054374+00,7601.25,62.06,2817,41:47.5,
1970,2025-04-21 02:41:37.458348+00,7552.5,62.06,2816,41:35.8,
1969,2025-04-21 02:41:25.849221+00,7335,62.18,2815,41:24.2,
1968,2025-04-21 02:41:14.191638+00,7380,62.06,2814,41:12.6,
1967,2025-04-21 02:41:02.581789+00,7621.25,62.06,2813,41:01.0,
1966,2025-04-21 02:40:50.960941+00,7511.25,62.3,2812,40:49.4,
1965,2025-04-21 02:40:39.363909+00,7626.25,61.94,2811,40:37.8,
1964,2025-04-21 02:40:27.762396+00,7553.75,62.18,2810,40:26.2,
1963,2025-04-21 02:40:16.157725+00,7228.75,62.06,2809,40:14.6,
1962,2025-04-21 02:40:04.569077+00,7663.75,62.55,2808,40:03.0,
1961,2025-04-21 02:39:52.959256+00,7177.5,62.3,2807,39:51.4,
1960,2025-04-21 02:39:41.357821+00,7466.25,62.18,2806,39:39.8,
1959,2025-04-21 02:39:29.781553+00,7527.5,62.06,2805,39:28.2,
1958,2025-04-21 02:39:18.173852+00,7730,62.3,2804,39:16.6,
1957,2025-04-21 02:39:06.564111+00,7643.75,62.55,2803,39:04.9,
1956,2025-04-21 02:38:54.944207+00,6908.75,62.3,2802,38:53.3,
1955,2025-04-21 02:38:43.298872+00,7550,62.42,2801,38:41.7,
1954,2025-04-21 02:38:31.681454+00,7293.75,62.18,2800,38:30.1,
1953,2025-04-21 02:38:20.088719+00,7633.75,62.55,2799,38:18.5,
1952,2025-04-21 02:38:08.464196+00,7466.25,62.42,2798,38:06.8,
1951,2025-04-21 02:37:56.837823+00,7383.75,62.42,2797,37:55.2,
1950,2025-04-21 02:37:45.238646+00,7405,62.67,2796,37:43.6,
1949,2025-04-21 02:37:33.584655+00,7632.5,62.67,2795,37:32.0,
1948,2025-04-21 02:37:21.989461+00,7118.75,62.42,2794,37:20.4,
1947,2025-04-21 02:37:10.400288+00,7333.75,62.79,2793,37:08.8,
1946,2025-04-21 02:36:58.814335+00,7575,62.67,2792,36:57.2,
1945,2025-04-21 02:36:47.196851+00,7360,62.79,2791,36:45.6,
1944,2025-04-21 02:36:35.600453+00,7468.75,62.91,2790,36:34.0,
1943,2025-04-21 02:36:24.002776+00,7751.25,62.91,2789,36:22.4,
1942,2025-04-21 02:36:12.407541+00,7733.75,63.03,2788,36:10.8,
1941,2025-04-21 02:36:00.772713+00,7423.75,63.03,2787,35:59.1,
1940,2025-04-21 02:35:49.123653+00,7432.5,63.03,2786,35:47.5,
1939,2025-04-21 02:35:37.529124+00,7343.75,62.55,2785,35:35.9,
1938,2025-04-21 02:35:25.888241+00,7692.5,62.91,2784,35:24.3,
1937,2025-04-21 02:35:14.282468+00,7245,62.79,2783,35:12.6,
1936,2025-04-21 02:35:02.650115+00,7435,62.55,2782,35:01.0,
1935,2025-04-21 02:34:51.042215+00,7353.75,62.79,2781,34:49.4,
1934,2025-04-21 02:34:39.412383+00,7328.75,62.55,2780,34:37.8,
1933,2025-04-21 02:34:27.788715+00,7577.5,62.55,2779,34:26.2,
1932,2025-04-21 02:34:16.171096+00,7267.5,62.42,2778,34:14.6,
1931,2025-04-21 02:34:04.569314+00,6927.5,62.42,2777,34:03.0,
1930,2025-04-21 02:33:52.981355+00,7563.75,62.42,2776,33:51.4,
1929,2025-04-21 02:33:41.359546+00,7652.5,62.55,2775,33:39.7,
1928,2025-04-21 02:33:29.735364+00,7567.5,64.73,2774,33:28.1,
1927,2025-04-21 02:33:18.086246+00,7593.75,62.79,2773,33:16.5,
1926,2025-04-21 02:33:06.49217+00,7646.25,62.67,2772,33:04.9,
1925,2025-04-21 02:32:54.897923+00,7401.25,62.55,2771,32:53.3,
1924,2025-04-21 02:32:43.278329+00,7433.75,62.67,2770,32:41.7,
1923,2025-04-21 02:32:31.651387+00,7290,62.79,2769,32:30.0,
1922,2025-04-21 02:32:20.034798+00,7226.25,62.91,2768,32:18.4,
1921,2025-04-21 02:32:08.435911+00,7322.5,62.67,2767,32:06.9,
1920,2025-04-21 02:31:56.861493+00,7526.25,62.91,2766,31:55.3,
1919,2025-04-21 02:31:45.267619+00,7640,62.91,2765,31:43.6,
1918,2025-04-21 02:31:33.62406+00,7062.5,62.42,2764,31:32.0,
1917,2025-04-21 02:31:21.978499+00,7461.25,62.42,2763,31:20.4,
1916,2025-04-21 02:31:10.370632+00,7540,62.06,2762,31:08.7,
1915,2025-04-21 02:30:58.708675+00,7435,62.3,2761,30:57.1,
1914,2025-04-21 02:30:47.093194+00,7377.5,62.3,2760,30:45.5,
1913,2025-04-21 02:30:35.509594+00,7268.75,62.42,2759,30:33.9,
1912,2025-04-21 02:30:23.909084+00,7573.75,62.18,2758,30:22.3,
1911,2025-04-21 02:30:12.303703+00,7082.5,62.3,2757,30:10.7,
1910,2025-04-21 02:30:00.707585+00,7147.5,62.18,2756,29:59.1,
1909,2025-04-21 02:29:49.106223+00,7253.75,62.55,2755,29:47.5,
1908,2025-04-21 02:29:37.507063+00,7366.25,62.3,2754,29:35.9,
1907,2025-04-21 02:29:25.903021+00,7111.25,61.82,2753,29:24.3,
1906,2025-04-21 02:29:14.302909+00,7362.5,62.42,2752,29:12.7,
1905,2025-04-21 02:29:02.718368+00,7483.75,62.06,2751,29:01.1,
1904,2025-04-21 02:28:51.106151+00,7425,62.55,2750,28:49.5,
1903,2025-04-21 02:28:39.515102+00,7355,62.55,2749,28:37.9,
1902,2025-04-21 02:28:27.89095+00,7525,62.55,2748,28:26.3,
1901,2025-04-21 02:28:16.286748+00,7330,62.42,2747,28:14.7,
1900,2025-04-21 02:28:04.686167+00,7501.25,62.42,2746,28:03.1,
1899,2025-04-21 02:27:53.072974+00,7132.5,62.55,2745,27:51.5,
1898,2025-04-21 02:27:41.481693+00,7536.25,62.18,2744,27:39.9,
1897,2025-04-21 02:27:29.881008+00,7415,62.42,2743,27:28.3,
1896,2025-04-21 02:27:18.282085+00,7312.5,62.55,2742,27:16.7,
1895,2025-04-21 02:27:06.709222+00,7440,62.3,2741,27:05.1,
1894,2025-04-21 02:26:55.101526+00,7601.25,62.18,2740,26:53.5,
1893,2025-04-21 02:26:43.471613+00,7120,62.06,2739,26:41.9,
1892,2025-04-21 02:26:31.909694+00,7226.25,62.06,2738,26:30.3,
1891,2025-04-21 02:26:20.278966+00,7125,62.06,2737,26:18.7,
1890,2025-04-21 02:26:08.688147+00,7257.5,62.3,2736,26:07.1,
1889,2025-04-21 02:25:57.091934+00,7581.25,62.06,2735,25:55.5,
1888,2025-04-21 02:25:45.524615+00,7453.75,62.42,2734,25:43.9,
1887,2025-04-21 02:25:33.944075+00,7353.75,62.55,2733,25:32.4,
1886,2025-04-21 02:25:22.346911+00,7260,62.67,2732,25:20.7,
1885,2025-04-21 02:25:10.740507+00,7470,62.55,2731,25:09.1,
1884,2025-04-21 02:24:59.145022+00,7636.25,62.18,2730,24:57.6,
1883,2025-04-21 02:24:47.559936+00,7240,62.18,2729,24:46.0,
1882,2025-04-21 02:24:35.979107+00,7462.5,62.91,2728,24:34.4,
1881,2025-04-21 02:24:24.376515+00,7707.5,62.3,2727,24:22.8,
1880,2025-04-21 02:24:12.778177+00,7313.75,62.3,2726,24:11.2,
1879,2025-04-21 02:24:01.180477+00,7650,62.42,2725,23:59.6,
1878,2025-04-21 02:23:49.57252+00,7583.75,62.06,2724,23:47.9,
1877,2025-04-21 02:23:37.926823+00,7281.25,61.94,2723,23:36.3,
1876,2025-04-21 02:23:26.324918+00,7555,62.3,2722,23:24.7,
1875,2025-04-21 02:23:14.688129+00,7608.75,62.42,2721,23:13.1,
1874,2025-04-21 02:23:03.08989+00,7471.25,62.42,2720,23:01.5,
1873,2025-04-21 02:22:51.495716+00,7511.25,62.42,2719,22:49.9,
1872,2025-04-21 02:22:39.908683+00,7450,62.18,2718,22:38.3,
1871,2025-04-21 02:22:28.298761+00,7446.25,62.3,2717,22:26.7,
1870,2025-04-21 02:22:16.696733+00,7668.75,62.42,2716,22:15.1,
1869,2025-04-21 02:22:05.105074+00,7311.25,62.67,2715,22:03.5,
1868,2025-04-21 02:21:53.512725+00,7598.75,62.55,2714,21:51.9,
1867,2025-04-21 02:21:41.896848+00,7692.5,62.42,2713,21:40.3,
1866,2025-04-21 02:21:30.295014+00,7258.75,62.67,2712,21:28.6,
1865,2025-04-21 02:21:18.654276+00,7730,62.79,2711,21:17.0,
1864,2025-04-21 02:21:07.064554+00,7371.25,62.42,2710,21:05.4,
1863,2025-04-21 02:20:55.467307+00,7583.75,62.42,2709,20:53.8,
1862,2025-04-21 02:20:43.856316+00,7256.25,62.42,2708,20:42.2,
1861,2025-04-21 02:20:32.271406+00,7060,62.55,2707,20:30.6,
1860,2025-04-21 02:20:20.657169+00,7545,62.67,2706,20:18.9,
1859,2025-04-21 02:20:08.938517+00,7577.5,62.55,2705,20:07.3,
1858,2025-04-21 02:19:57.351678+00,7563.75,62.55,2704,19:55.7,
1857,2025-04-21 02:19:45.769347+00,7627.5,62.42,2703,19:44.1,
1856,2025-04-21 02:19:34.161753+00,7713.75,62.18,2702,19:32.5,
1855,2025-04-21 02:19:22.554784+00,7670,62.3,2701,19:20.9,
1854,2025-04-21 02:19:10.961727+00,7698.75,62.55,2700,19:09.3,
1853,2025-04-21 02:18:59.329758+00,7422.5,62.42,2699,18:57.7,
1852,2025-04-21 02:18:47.700012+00,7471.25,62.55,2698,18:46.1,
1851,2025-04-21 02:18:36.122589+00,7597.5,62.42,2697,18:34.5,
1850,2025-04-21 02:18:24.532251+00,7145,62.67,2696,18:22.9,
1849,2025-04-21 02:18:12.921031+00,7192.5,62.55,2695,18:11.3,
1848,2025-04-21 02:18:01.33039+00,7387.5,62.3,2694,17:59.7,
1847,2025-04-21 02:17:49.734718+00,7540,62.55,2693,17:48.1,
1846,2025-04-21 02:17:38.14923+00,7677.5,62.3,2692,17:36.5,
1845,2025-04-21 02:17:26.529088+00,7626.25,62.06,2691,17:24.9,
1844,2025-04-21 02:17:14.9522+00,7435,62.06,2690,17:13.3,
1843,2025-04-21 02:17:03.35747+00,7363.75,62.3,2689,17:01.7,
1842,2025-04-21 02:16:51.73953+00,7450,62.3,2688,16:50.1,
1841,2025-04-21 02:16:40.102955+00,7292.5,62.18,2687,16:38.5,
1840,2025-04-21 02:16:28.488207+00,7357.5,62.42,2686,16:26.9,
1839,2025-04-21 02:16:16.919645+00,7495,62.42,2685,16:15.3,
1838,2025-04-21 02:16:05.289521+00,7325,62.18,2684,16:03.7,
1837,2025-04-21 02:15:53.689288+00,7583.75,62.42,2683,15:52.0,
1836,2025-04-21 02:15:42.080792+00,7527.5,62.18,2682,15:40.5,
1835,2025-04-21 02:15:30.487722+00,7341.25,62.06,2681,15:28.9,
1834,2025-04-21 02:15:18.898254+00,7366.25,62.3,2680,15:17.3,
1833,2025-04-21 02:15:07.319639+00,7677.5,62.79,2679,15:05.6,
1832,2025-04-21 02:14:55.636705+00,7170,62.55,2678,14:54.0,
1831,2025-04-21 02:14:44.001475+00,7660,62.55,2677,14:42.3,
1830,2025-04-21 02:14:32.363996+00,7647.5,62.67,2676,14:30.7,
1829,2025-04-21 02:14:20.702749+00,8016.25,64.24,2675,14:19.1,
1828,2025-04-21 02:14:09.087054+00,7375,62.18,2674,14:07.4,
1827,2025-04-21 02:13:57.456898+00,7640,62.18,2673,13:55.8,
1826,2025-04-21 02:13:45.802643+00,7528.75,62.3,2672,13:44.1,
1825,2025-04-21 02:13:34.153797+00,7050,62.06,2671,13:32.5,
1824,2025-04-21 02:13:22.377606+00,7266.25,61.7,2670,13:20.4,
1823,2025-04-21 02:13:10.380986+00,7308.75,61.82,2669,13:08.4,
1822,2025-04-21 02:12:58.419538+00,7475,61.58,2668,12:56.3,
1821,2025-04-21 02:12:46.340372+00,7708.75,62.06,2667,12:44.7,
1820,2025-04-21 02:12:34.727026+00,7572.5,61.94,2666,12:33.1,
1819,2025-04-21 02:12:23.118591+00,7611.25,62.06,2665,12:21.5,
1818,2025-04-21 02:12:11.51218+00,7651.25,61.94,2664,12:09.9,
1817,2025-04-21 02:11:59.886145+00,7506.25,62.06,2663,11:58.3,
1816,2025-04-21 02:11:48.28814+00,7460,61.58,2662,11:46.7,
1815,2025-04-21 02:11:36.67056+00,7257.5,62.06,2661,11:35.0,
1814,2025-04-21 02:11:25.055217+00,7252.5,61.7,2660,11:23.4,
1813,2025-04-21 02:11:13.447802+00,7540,61.58,2659,11:11.8,
1812,2025-04-21 02:11:01.824243+00,7088.75,60,2658,11:00.2,
1811,2025-04-21 02:10:50.188045+00,7442.5,60,2657,10:48.6,
1810,2025-04-21 02:10:38.594679+00,7637.5,59.94,2656,10:36.9,
1809,2025-04-21 02:10:26.925326+00,7185,60.12,2655,10:25.3,
1808,2025-04-21 02:10:15.316716+00,7062.5,60.12,2654,10:13.7,
1807,2025-04-21 02:10:03.728597+00,7518.75,60,2653,10:02.1,
1806,2025-04-21 02:09:52.10828+00,7525,59.39,2652,09:50.5,
1805,2025-04-21 02:09:40.515496+00,7636.25,64.73,2651,09:38.9,
1804,2025-04-21 02:09:28.937076+00,7190,64.97,2650,09:27.3,
1803,2025-04-21 02:09:17.340922+00,7236.25,65.09,2649,09:15.7,
1802,2025-04-21 02:09:05.734942+00,7431.25,64.85,2648,09:04.1,
1801,2025-04-21 02:08:54.152447+00,7170,65.09,2647,08:52.5,
1800,2025-04-21 02:08:42.520599+00,7593.75,64.48,2646,08:40.8,
1799,2025-04-21 02:08:30.872462+00,7595,64.97,2645,08:29.2,
1798,2025-04-21 02:08:19.220055+00,7407.5,64.85,2644,08:17.6,
1797,2025-04-21 02:08:07.615301+00,7312.5,65.09,2643,08:06.0,
1796,2025-04-21 02:07:56.008221+00,7595,64.97,2642,07:54.4,
1795,2025-04-21 02:07:44.405773+00,7136.25,65.21,2641,07:42.8,
1794,2025-04-21 02:07:32.806953+00,7360,65.09,2640,07:31.1,
1793,2025-04-21 02:07:21.170192+00,7316.25,65.09,2639,07:19.5,
1792,2025-04-21 02:07:09.569384+00,7430,65.09,2638,07:08.0,
1791,2025-04-21 02:06:57.974211+00,7306.25,65.09,2637,06:56.3,
1790,2025-04-21 02:06:46.37146+00,7502.5,65.09,2636,06:44.7,
1789,2025-04-21 02:06:34.743552+00,7641.25,65.09,2635,06:33.1,
1788,2025-04-21 02:06:23.141847+00,7388.75,64.73,2634,06:21.5,
1787,2025-04-21 02:06:11.548635+00,7676.25,64.97,2633,06:09.9,
1786,2025-04-21 02:05:59.962126+00,7146.25,64.97,2632,05:58.4,
1785,2025-04-21 02:05:48.399323+00,7480,64.36,2631,05:46.8,
1784,2025-04-21 02:05:36.806488+00,7435,64.36,2630,05:35.2,
1783,2025-04-21 02:05:25.186644+00,7542.5,64.85,2629,05:23.6,
1782,2025-04-21 02:05:13.594839+00,7397.5,64.85,2628,05:11.9,
1781,2025-04-21 02:05:01.968838+00,7291.25,64.61,2627,05:00.3,
1780,2025-04-21 02:04:50.353496+00,7600,64.48,2626,04:48.7,
1779,2025-04-21 02:04:38.762984+00,7540,64.61,2625,04:37.1,
1778,2025-04-21 02:04:27.143767+00,7381.25,64.61,2624,04:25.5,
1777,2025-04-21 02:04:15.537245+00,7528.75,64.48,2623,04:13.9,
1776,2025-04-21 02:04:03.898834+00,7600,64.73,2622,04:02.2,
1775,2025-04-21 02:03:52.241807+00,7668.75,64.73,2621,03:50.6,
1774,2025-04-21 02:03:40.626184+00,7240,64.73,2620,03:39.0,
1773,2025-04-21 02:03:29.000147+00,7280,64.73,2619,03:27.3,
1772,2025-04-21 02:03:17.356885+00,7461.25,64.61,2618,03:15.7,
1771,2025-04-21 02:03:05.739849+00,7216.25,64.61,2617,03:04.1,
1770,2025-04-21 02:02:54.148781+00,7041.25,64.48,2616,02:52.5,
1769,2025-04-21 02:02:42.537052+00,6850,64.61,2615,02:40.9,
1768,2025-04-21 02:02:30.908111+00,7526.25,64.97,2614,02:29.3,
1767,2025-04-21 02:02:19.311481+00,7102.5,64.97,2613,02:17.7,
1766,2025-04-21 02:02:07.691228+00,7421.25,64.97,2612,02:06.1,
1765,2025-04-21 02:01:56.085887+00,7442.5,65.09,2611,01:54.5,
1764,2025-04-21 02:01:44.488107+00,7730,64.61,2610,01:42.9,
1763,2025-04-21 02:01:32.890455+00,7653.75,64.73,2609,01:31.2,
1762,2025-04-21 02:01:21.244459+00,7697.5,64.85,2608,01:19.6,
1761,2025-04-21 02:01:09.647697+00,7525,64.73,2607,01:08.0,
1760,2025-04-21 02:00:58.072322+00,7897.5,66.67,2606,00:56.5,
1759,2025-04-21 02:00:46.480372+00,7677.5,66.3,2605,00:44.8,
1758,2025-04-21 02:00:34.83849+00,7127.5,64.97,2604,00:33.2,
1757,2025-04-21 02:00:23.241345+00,7587.5,65.82,2603,00:21.6,
1756,2025-04-21 02:00:11.647122+00,7518.75,66.79,2602,00:10.0,
1755,2025-04-21 02:00:00.051634+00,7575,65.09,2601,59:58.4,
1754,2025-04-21 01:59:48.460298+00,7231.25,65.21,2600,59:46.8,
1753,2025-04-21 01:59:36.867101+00,7588.75,64.97,2599,59:35.2,
1752,2025-04-21 01:59:25.247052+00,7561.25,64.97,2598,59:23.6,
1751,2025-04-21 01:59:13.645969+00,7686.25,64.85,2597,59:12.0,
1750,2025-04-21 01:59:02.045092+00,7598.75,64.85,2596,59:00.4,
1749,2025-04-21 01:58:50.455558+00,7711.25,64.73,2595,58:48.8,
1748,2025-04-21 01:58:38.791418+00,7725,65.21,2594,58:37.1,
1747,2025-04-21 01:58:27.166741+00,7261.25,65.09,2593,58:25.5,
1746,2025-04-21 01:58:15.507902+00,7300,64.85,2592,58:13.8,
1745,2025-04-21 01:58:03.866865+00,7250,64.85,2591,58:02.2,
1744,2025-04-21 01:57:52.159952+00,7606.25,65.09,2590,57:50.5,
1743,2025-04-21 01:57:40.529659+00,7275,64.97,2589,57:38.9,
1742,2025-04-21 01:57:28.922074+00,7840,64.97,2588,57:27.3,
1741,2025-04-21 01:57:17.329123+00,7356.25,64.73,2587,57:15.7,
1740,2025-04-21 01:57:05.66581+00,7201.25,64.85,2586,57:04.0,
1739,2025-04-21 01:56:54.045459+00,7351.25,64.73,2585,56:52.4,
1738,2025-04-21 01:56:42.420289+00,7248.75,64.97,2584,56:40.8,
1737,2025-04-21 01:56:30.837609+00,7617.5,65.09,2583,56:29.2,
1736,2025-04-21 01:56:19.232594+00,7258.75,64.85,2582,56:17.6,
1735,2025-04-21 01:56:07.654991+00,7242.5,64.85,2581,56:06.0,
1734,2025-04-21 01:55:56.041256+00,7195,64.97,2580,55:54.4,
1733,2025-04-21 01:55:44.447879+00,7850,64.97,2579,55:42.8,
1732,2025-04-21 01:55:32.836656+00,7420,65.21,2578,55:31.2,
1731,2025-04-21 01:55:21.198798+00,7871.25,64.97,2577,55:19.6,
1730,2025-04-21 01:55:09.615191+00,7756.25,64.97,2576,55:08.0,
1729,2025-04-21 01:54:58.029257+00,7395,64.85,2575,54:56.4,
1728,2025-04-21 01:54:46.45197+00,7375,64.97,2574,54:44.8,
1727,2025-04-21 01:54:34.824722+00,7776.25,64.97,2573,54:33.2,
1726,2025-04-21 01:54:23.240942+00,7460,65.21,2572,54:21.6,
1725,2025-04-21 01:54:11.634811+00,7631.25,65.09,2571,54:10.0,
1724,2025-04-21 01:54:00.02866+00,7905,65.33,2570,53:58.4,
1723,2025-04-21 01:53:48.419089+00,7360,65.09,2569,53:46.8,
1722,2025-04-21 01:53:36.818057+00,7315,65.58,2568,53:35.2,
1721,2025-04-21 01:53:25.244886+00,7727.5,65.33,2567,53:23.6,
1720,2025-04-21 01:53:13.636259+00,7813.75,65.09,2566,53:12.0,
1719,2025-04-21 01:53:02.014608+00,7341.25,65.33,2565,53:00.4,
1718,2025-04-21 01:52:50.411702+00,7745,65.09,2564,52:48.8,
1717,2025-04-21 01:52:38.811048+00,7607.5,64.85,2563,52:37.2,
1716,2025-04-21 01:52:27.168036+00,7532.5,64.97,2562,52:25.6,
1715,2025-04-21 01:52:15.57894+00,7986.25,65.33,2561,52:10.8,
1714,2025-04-21 01:52:00.804567+00,7598.75,65.33,2560,51:59.2,
1713,2025-04-21 01:51:49.210247+00,7775,65.21,2559,51:47.6,
1712,2025-04-21 01:51:37.606699+00,7760,65.33,2558,51:36.0,
1711,2025-04-21 01:51:26.006064+00,7695,65.58,2557,51:24.4,
1710,2025-04-21 01:51:14.396295+00,7691.25,64.97,2556,51:12.8,
1709,2025-04-21 01:51:02.787188+00,7317.5,65.09,2555,51:01.2,
1708,2025-04-21 01:50:51.180949+00,7821.25,65.21,2554,50:49.6,
1707,2025-04-21 01:50:39.593725+00,7860,65.45,2553,50:38.0,
1706,2025-04-21 01:50:28.006762+00,7843.75,65.45,2552,50:26.4,
1705,2025-04-21 01:50:16.419741+00,7241.25,65.33,2551,50:14.8,
1704,2025-04-21 01:50:04.804415+00,7966.25,65.33,2550,50:03.2,
1703,2025-04-21 01:49:53.203418+00,7456.25,65.82,2549,49:51.6,
1702,2025-04-21 01:49:41.605955+00,7587.5,65.33,2548,49:40.0,
1701,2025-04-21 01:49:30.028423+00,7793.75,65.21,2547,49:28.4,
1700,2025-04-21 01:49:18.413172+00,7615,65.09,2546,49:16.8,
1699,2025-04-21 01:49:06.810401+00,7926.25,65.21,2545,49:05.2,
1698,2025-04-21 01:48:55.250952+00,7746.25,64.97,2544,48:53.6,
1697,2025-04-21 01:48:43.648304+00,7751.25,65.09,2543,48:42.0,
1696,2025-04-21 01:48:32.013817+00,7382.5,65.33,2542,48:30.4,
1695,2025-04-21 01:48:20.428266+00,7665,65.21,2541,48:18.8,
1694,2025-04-21 01:48:08.818587+00,7708.75,65.33,2540,48:07.2,
1693,2025-04-21 01:47:57.213649+00,8031.25,65.33,2539,47:55.6,
1692,2025-04-21 01:47:45.613718+00,7547.5,65.58,2538,47:44.0,
1691,2025-04-21 01:47:34.003677+00,7647.5,65.58,2537,47:32.4,
1690,2025-04-21 01:47:22.362837+00,7350,65.82,2536,47:20.8,
1689,2025-04-21 01:47:10.767075+00,7578.75,65.45,2535,47:09.2,
1688,2025-04-21 01:46:59.18465+00,7583.75,65.58,2534,46:57.6,
1687,2025-04-21 01:46:47.566791+00,7946.25,65.58,2533,46:45.9,
1686,2025-04-21 01:46:35.926737+00,7673.75,65.58,2532,46:34.3,
1685,2025-04-21 01:46:24.285378+00,7853.75,65.45,2531,46:22.7,
1684,2025-04-21 01:46:12.697756+00,7687.5,65.45,2530,46:11.1,
1683,2025-04-21 01:46:01.11899+00,7753.75,65.45,2529,45:59.5,
1682,2025-04-21 01:45:49.527798+00,7757.5,65.33,2528,45:47.9,
1681,2025-04-21 01:45:37.929198+00,7288.75,65.58,2527,45:36.3,
1680,2025-04-21 01:45:26.347816+00,7367.5,65.21,2526,45:24.8,
1679,2025-04-21 01:45:14.780687+00,7388.75,64.12,2525,45:13.2,
1678,2025-04-21 01:45:03.197497+00,7757.5,65.21,2524,45:01.6,
1677,2025-04-21 01:44:51.616561+00,7285,65.21,2523,44:50.0,
1676,2025-04-21 01:44:40.02595+00,7470,65.21,2522,44:38.4,
1675,2025-04-21 01:44:28.424176+00,7975,65.09,2521,44:26.8,
1674,2025-04-21 01:44:16.835124+00,7542.5,64.73,2520,44:15.2,
1673,2025-04-21 01:44:05.238342+00,7775,65.21,2519,44:03.7,
1672,2025-04-21 01:43:53.667743+00,7561.25,65.21,2518,43:52.1,
1671,2025-04-21 01:43:42.077549+00,7530,65.33,2517,43:40.5,
1670,2025-04-21 01:43:30.500399+00,7340,65.21,2516,43:28.9,
1669,2025-04-21 01:43:18.899345+00,7848.75,65.21,2515,43:17.3,
1668,2025-04-21 01:43:07.288056+00,7833.75,64.97,2514,43:05.7,
1667,2025-04-21 01:42:55.706508+00,7731.25,65.33,2513,42:54.1,
1666,2025-04-21 01:42:44.141407+00,7877.5,65.33,2512,42:42.5,
1665,2025-04-21 01:42:32.539069+00,7677.5,65.33,2511,42:30.9,
1664,2025-04-21 01:42:20.95494+00,7330,65.21,2510,42:19.4,
1663,2025-04-21 01:42:09.38763+00,7740,64.97,2509,42:07.8,
1662,2025-04-21 01:41:57.776857+00,7811.25,65.21,2508,41:56.2,
1661,2025-04-21 01:41:46.190803+00,7673.75,64.97,2507,41:44.6,
1660,2025-04-21 01:41:34.622215+00,7243.75,65.21,2506,41:33.0,
1659,2025-04-21 01:41:23.041465+00,7765,65.21,2505,41:21.5,
1658,2025-04-21 01:41:11.463949+00,8037.5,65.21,2504,41:09.9,
1657,2025-04-21 01:40:59.88336+00,7565,65.21,2503,40:58.3,
1656,2025-04-21 01:40:48.29231+00,7675,65.09,2502,40:46.7,
1655,2025-04-21 01:40:36.716081+00,7590,65.21,2501,40:35.1,
1654,2025-04-21 01:40:25.111992+00,7506.25,65.09,2500,40:23.5,
1653,2025-04-21 01:40:13.505908+00,7550,64.97,2499,40:11.9,
1652,2025-04-21 01:40:01.910994+00,7335,65.21,2498,40:00.3,
1651,2025-04-21 01:39:50.302774+00,7636.25,65.09,2497,39:48.7,
1650,2025-04-21 01:39:38.709219+00,7383.75,64.97,2496,39:37.1,
1649,2025-04-21 01:39:27.122924+00,7396.25,64.97,2495,39:25.5,
1648,2025-04-21 01:39:15.518042+00,8037.5,65.33,2494,39:13.9,
1647,2025-04-21 01:39:03.894439+00,7642.5,65.09,2493,39:02.3,
1646,2025-04-21 01:38:52.312814+00,7621.25,65.21,2492,38:50.7,
1645,2025-04-21 01:38:40.715364+00,7846.25,65.09,2491,38:39.1,
1644,2025-04-21 01:38:29.069746+00,7450,65.21,2490,38:27.5,
1643,2025-04-21 01:38:17.482722+00,7150,65.21,2489,38:15.9,
1642,2025-04-21 01:38:05.903247+00,7601.25,65.09,2488,38:04.3,
1641,2025-04-21 01:37:54.267643+00,7626.25,65.09,2487,37:52.7,
1640,2025-04-21 01:37:42.662596+00,7765,64.85,2486,37:41.0,
1639,2025-04-21 01:37:31.029701+00,7571.25,64.97,2485,37:29.4,
1638,2025-04-21 01:37:19.449383+00,7475,64.97,2484,37:17.9,
1637,2025-04-21 01:37:07.859666+00,7256.25,64.97,2483,37:06.3,
1636,2025-04-21 01:36:56.269551+00,7728.75,64.73,2482,36:54.7,
1635,2025-04-21 01:36:44.650302+00,7447.5,65.21,2481,36:43.0,
1634,2025-04-21 01:36:33.045882+00,7485,64.85,2480,36:31.5,
1633,2025-04-21 01:36:21.469746+00,7512.5,65.09,2479,36:19.9,
1632,2025-04-21 01:36:09.865262+00,7530,64.97,2478,36:08.3,
1631,2025-04-21 01:35:58.280585+00,7798.75,65.21,2477,35:56.7,
1630,2025-04-21 01:35:46.674039+00,7542.5,65.33,2476,35:45.1,
1629,2025-04-21 01:35:35.084776+00,7583.75,65.33,2475,35:33.5,
1628,2025-04-21 01:35:23.510451+00,7581.25,65.58,2474,35:21.9,
1627,2025-04-21 01:35:11.913627+00,7802.5,65.45,2473,35:10.3,
1626,2025-04-21 01:35:00.324624+00,7591.25,65.45,2472,34:58.7,
1625,2025-04-21 01:34:48.715381+00,7922.5,65.45,2471,34:47.1,
1624,2025-04-21 01:34:37.112907+00,7421.25,65.33,2470,34:35.5,
1623,2025-04-21 01:34:25.500649+00,7346.25,65.45,2469,34:23.8,
1622,2025-04-21 01:34:13.84863+00,7663.75,65.58,2468,34:12.3,
1621,2025-04-21 01:34:02.265585+00,7415,65.21,2467,34:00.7,
1620,2025-04-21 01:33:50.662004+00,7597.5,65.33,2466,33:49.0,
1619,2025-04-21 01:33:39.042933+00,7527.5,65.45,2465,33:37.4,
1618,2025-04-21 01:33:27.419946+00,7497.5,65.21,2464,33:25.8,
1617,2025-04-21 01:33:15.832384+00,7672.5,65.58,2463,33:14.2,
1616,2025-04-21 01:33:04.177986+00,7785,65.7,2462,33:02.6,
1615,2025-04-21 01:32:52.572699+00,7815,65.7,2461,32:50.9,
1614,2025-04-21 01:32:40.926521+00,7567.5,65.7,2460,32:39.3,
1613,2025-04-21 01:32:29.332344+00,7912.5,65.09,2459,32:27.7,
1612,2025-04-21 01:32:17.737556+00,7835,65.47,2458,32:16.1,
1611,2025-04-21 01:32:06.099306+00,7808.75,65.7,2457,32:04.5,
1610,2025-04-21 01:31:54.483014+00,7403.75,65.7,2456,31:52.9,
1609,2025-04-21 01:31:42.870757+00,7680,65.7,2455,31:41.3,
1608,2025-04-21 01:31:31.283465+00,7713.75,65.58,2454,31:29.7,
1607,2025-04-21 01:31:19.698117+00,7865,65.7,2453,31:18.1,
1606,2025-04-21 01:31:08.093585+00,7723.75,65.58,2452,31:06.5,
1605,2025-04-21 01:30:56.509602+00,7706.25,65.45,2451,30:54.9,
1604,2025-04-21 01:30:44.903314+00,7771.25,65.45,2450,30:43.3,
1603,2025-04-21 01:30:33.300158+00,7490,65.45,2449,30:31.7,
1602,2025-04-21 01:30:21.683475+00,7555,65.33,2448,30:20.1,
1601,2025-04-21 01:30:10.076868+00,7745,65.09,2447,30:08.5,
1600,2025-04-21 01:29:58.460647+00,7417.5,64.97,2446,29:56.9,
1599,2025-04-21 01:29:46.868938+00,7511.25,65.21,2445,29:45.2,
1598,2025-04-21 01:29:35.235116+00,7515,64.97,2444,29:33.6,
1597,2025-04-21 01:29:23.638824+00,7775,64.97,2443,29:22.0,
1596,2025-04-21 01:29:12.045674+00,7297.5,65.09,2442,29:10.5,
1595,2025-04-21 01:29:00.446569+00,7087.5,65.21,2441,28:58.8,
1594,2025-04-21 01:28:48.838499+00,7460,64.97,2440,28:47.2,
1593,2025-04-21 01:28:37.195506+00,7625,65.21,2439,28:35.6,
1592,2025-04-21 01:28:25.580634+00,7783.75,64.85,2438,28:24.0,
1591,2025-04-21 01:28:13.951883+00,7585,65.33,2437,28:12.2,
1590,2025-04-21 01:28:02.181869+00,7833.75,64.97,2436,28:00.6,
1589,2025-04-21 01:27:50.609073+00,7603.75,65.21,2435,27:49.0,
1588,2025-04-21 01:27:39.029188+00,7723.75,64.86,2434,27:37.4,
1587,2025-04-21 01:27:27.429778+00,7290,65.09,2433,27:25.8,
1586,2025-04-21 01:27:15.844034+00,7931.25,65.21,2432,27:14.2,
1585,2025-04-21 01:27:04.238082+00,7812.5,65.09,2431,27:02.6,
1584,2025-04-21 01:26:52.609582+00,7621.25,64.85,2430,26:51.0,
1583,2025-04-21 01:26:40.979064+00,7615,64.73,2429,26:39.3,
1582,2025-04-21 01:26:29.323162+00,7626.25,64.85,2428,26:27.7,
1581,2025-04-21 01:26:17.685675+00,7015,65.09,2427,26:16.0,
1580,2025-04-21 01:26:06.038019+00,7390,65.09,2426,26:04.4,
1579,2025-04-21 01:25:54.42857+00,7201.25,64.85,2425,25:52.8,
1578,2025-04-21 01:25:42.81544+00,7422.5,64.97,2424,25:41.2,
1577,2025-04-21 01:25:31.208444+00,7481.25,65.09,2423,25:29.6,
1576,2025-04-21 01:25:19.589888+00,7557.5,65.33,2422,25:18.0,
1575,2025-04-21 01:25:08.000481+00,7217.5,64.85,2421,25:06.4,
1574,2025-04-21 01:24:56.38188+00,7761.25,64.97,2420,24:54.8,
1573,2025-04-21 01:24:44.773378+00,7470,65.09,2419,24:43.2,
1572,2025-04-21 01:24:33.165477+00,7496.25,65.09,2418,24:31.5,
1571,2025-04-21 01:24:21.448149+00,7840,64.97,2417,24:19.8,
1570,2025-04-21 01:24:09.839495+00,7007.5,64.73,2416,24:08.2,
1569,2025-04-21 01:23:58.238075+00,7708.75,64.73,2415,23:56.7,
1568,2025-04-21 01:23:46.64196+00,7306.25,65.09,2414,23:45.1,
1567,2025-04-21 01:23:35.051344+00,7365,64.61,2413,23:33.4,
1566,2025-04-21 01:23:23.44473+00,7751.25,65.21,2412,23:21.9,
1565,2025-04-21 01:23:11.848549+00,7143.75,65.09,2411,23:10.2,
1564,2025-04-21 01:23:00.230538+00,7501.25,65.21,2410,22:58.6,
1563,2025-04-21 01:22:48.641127+00,7506.25,65.33,2409,22:47.0,
1562,2025-04-21 01:22:36.958301+00,7862.5,64.97,2408,22:35.4,
1561,2025-04-21 01:22:25.397197+00,7712.5,64.97,2407,22:23.8,
1560,2025-04-21 01:22:13.820883+00,7897.5,65.09,2406,22:12.2,
1559,2025-04-21 01:22:02.205711+00,7136.25,64.48,2405,22:00.6,
1558,2025-04-21 01:21:50.595808+00,7666.25,64.73,2404,21:48.9,
1557,2025-04-21 01:21:38.887846+00,7425,64.85,2403,21:37.3,
1556,2025-04-21 01:21:27.266528+00,7496.25,65.09,2402,21:25.7,
1555,2025-04-21 01:21:15.657754+00,7390,65.09,2401,21:14.0,
1554,2025-04-21 01:21:04.026269+00,7386.25,64.48,2400,21:02.4,
1553,2025-04-21 01:20:52.441253+00,7810,65.09,2399,20:50.8,
1552,2025-04-21 01:20:40.845315+00,7811.25,65.09,2398,20:39.3,
1551,2025-04-21 01:20:29.273084+00,7717.5,64.97,2397,20:27.7,
1550,2025-04-21 01:20:17.706171+00,7198.75,64.97,2396,20:16.1,
1549,2025-04-21 01:20:06.13386+00,7508.75,63.76,2395,20:04.5,
1548,2025-04-21 01:19:54.530489+00,7748.75,65.21,2394,19:52.9,
1547,2025-04-21 01:19:42.902701+00,6890,65.09,2393,19:41.3,
1546,2025-04-21 01:19:31.285825+00,7277.5,65.09,2392,19:29.7,
1545,2025-04-21 01:19:19.691627+00,7400,65.09,2391,19:18.1,
1544,2025-04-21 01:19:08.093857+00,7360,64.97,2390,19:06.5,
1543,2025-04-21 01:18:56.473952+00,7585,65.09,2389,18:54.9,
1542,2025-04-21 01:18:44.904628+00,7532.5,64.61,2388,18:43.3,
1541,2025-04-21 01:18:33.309235+00,7450,65.33,2387,18:31.7,
1540,2025-04-21 01:18:21.665288+00,7686.25,65.09,2386,18:20.1,
1539,2025-04-21 01:18:10.06341+00,7395,64.12,2385,18:08.5,
1538,2025-04-21 01:17:58.465933+00,7581.25,64.97,2384,17:56.8,
1537,2025-04-21 01:17:46.827584+00,7711.25,64.97,2383,17:45.2,
1536,2025-04-21 01:17:35.213123+00,7625,64.85,2382,17:33.5,
1535,2025-04-21 01:17:23.497824+00,7476.25,65.21,2381,17:21.9,
1534,2025-04-21 01:17:11.898175+00,7290,64.73,2380,17:10.3,
1533,2025-04-21 01:17:00.292891+00,7043.75,64.73,2379,16:58.7,
1532,2025-04-21 01:16:48.68921+00,7495,64.12,2378,16:47.1,
1531,2025-04-21 01:16:37.068676+00,6917.5,63.88,2377,16:35.5,
1530,2025-04-21 01:16:25.459562+00,7661.25,64.48,2376,16:23.8,
1529,2025-04-21 01:16:13.807725+00,7475,64.48,2375,16:12.2,
1528,2025-04-21 01:16:02.171172+00,7447.5,64.85,2374,16:00.5,
1527,2025-04-21 01:15:50.489708+00,7555,64.85,2373,15:48.8,
1526,2025-04-21 01:15:38.793601+00,7643.75,64.85,2372,15:37.2,
1525,2025-04-21 01:15:27.197729+00,7480,64.97,2371,15:25.6,
1524,2025-04-21 01:15:15.568559+00,7370,64.73,2370,15:14.0,
1523,2025-04-21 01:15:03.996051+00,7838.75,64.85,2369,15:02.4,
1522,2025-04-21 01:14:52.407392+00,7250,64.97,2368,14:50.8,
1521,2025-04-21 01:14:40.800977+00,7107.5,64.12,2367,14:39.2,
1520,2025-04-21 01:14:29.205354+00,7622.5,64.85,2366,14:27.6,
1519,2025-04-21 01:14:17.595215+00,7121.25,64.85,2365,14:16.0,
1518,2025-04-21 01:14:05.945476+00,7200,65.09,2364,14:04.2,
1517,2025-04-21 01:13:54.194647+00,7588.75,64.85,2363,13:52.6,
1516,2025-04-21 01:13:42.567906+00,7452.5,65.45,2362,13:40.9,
1515,2025-04-21 01:13:30.928064+00,7668.75,64.61,2361,13:29.3,
1514,2025-04-21 01:13:19.322456+00,7640,64.85,2360,13:17.7,
1513,2025-04-21 01:13:07.718131+00,7371.25,64.97,2359,13:06.1,
1512,2025-04-21 01:12:56.089135+00,7537.5,65.09,2358,12:54.4,
1511,2025-04-21 01:12:44.441851+00,7180,64.97,2357,12:42.8,
1510,2025-04-21 01:12:32.83019+00,7573.75,65.33,2356,12:31.2,
1509,2025-04-21 01:12:21.235394+00,7501.25,64.85,2355,12:19.6,
1508,2025-04-21 01:12:09.577938+00,7872.5,64.85,2354,12:07.9,
1507,2025-04-21 01:11:57.930754+00,7106.25,64.73,2353,11:56.3,
1506,2025-04-21 01:11:46.324585+00,7565,64.73,2352,11:44.7,
1505,2025-04-21 01:11:34.682416+00,7686.25,64.73,2351,11:33.1,
1504,2025-04-21 01:11:23.08199+00,7751.25,64.97,2350,11:21.5,
1503,2025-04-21 01:11:11.460529+00,7160,65.09,2349,11:09.9,
1502,2025-04-21 01:10:59.867784+00,7180,64.85,2348,10:58.2,
1501,2025-04-21 01:10:48.24639+00,7901.25,64.48,2347,10:46.7,
1500,2025-04-21 01:10:36.663733+00,7240,64.73,2346,10:35.0,
1499,2025-04-21 01:10:25.008716+00,7043.75,64,2345,10:23.4,
1498,2025-04-21 01:10:13.428021+00,7335,64.61,2344,10:11.8,
1497,2025-04-21 01:10:01.805538+00,7408.75,64.73,2343,10:00.2,
1496,2025-04-21 01:09:50.202748+00,7827.5,64.48,2342,09:48.6,
1495,2025-04-21 01:09:38.617846+00,7716.25,64.61,2341,09:37.0,
1494,2025-04-21 01:09:27.014759+00,7035,64.73,2340,09:25.4,
1493,2025-04-21 01:09:15.420969+00,7665,64.36,2339,09:13.8,
1492,2025-04-21 01:09:03.835031+00,7450,64.97,2338,09:02.2,
1491,2025-04-21 01:08:52.217592+00,7366.25,64.48,2337,08:50.5,
1490,2025-04-21 01:08:40.465208+00,7017.5,64.85,2336,08:38.9,
1489,2025-04-21 01:08:28.870075+00,7848.75,64.48,2335,08:27.2,
1488,2025-04-21 01:08:17.22874+00,7778.75,64.73,2334,08:15.6,
1487,2025-04-21 01:08:05.628147+00,6913.75,64.48,2333,08:04.0,
1486,2025-04-21 01:07:54.022049+00,7017.5,64.73,2332,07:52.4,
1485,2025-04-21 01:07:42.412032+00,6998.75,64.85,2331,07:40.8,
1484,2025-04-21 01:07:30.81417+00,7486.25,64.85,2330,07:29.2,
1483,2025-04-21 01:07:19.201957+00,7695,64.61,2329,07:17.6,
1482,2025-04-21 01:07:07.595255+00,7525,64.61,2328,07:05.9,
1481,2025-04-21 01:06:55.898591+00,7026.25,64,2327,06:54.3,
1480,2025-04-21 01:06:44.281502+00,7487.5,63.76,2326,06:42.7,
1479,2025-04-21 01:06:32.681862+00,7496.25,64.73,2325,06:31.1,
1478,2025-04-21 01:06:21.082881+00,7885,64.61,2324,06:19.4,
1477,2025-04-21 01:06:09.421881+00,7786.25,64.73,2323,06:07.8,
1476,2025-04-21 01:05:57.807789+00,7440,64.97,2322,05:56.2,
1475,2025-04-21 01:05:46.217245+00,7551.25,64.73,2321,05:44.6,
1474,2025-04-21 01:05:34.597015+00,7361.25,64.73,2320,05:33.0,
1473,2025-04-21 01:05:22.991406+00,7410,64.97,2319,05:21.3,
1472,2025-04-21 01:05:11.287362+00,7713.75,64.85,2318,05:09.7,
1471,2025-04-21 01:04:59.687993+00,7157.5,64.61,2317,04:58.1,
1470,2025-04-21 01:04:48.105424+00,7287.5,64,2316,04:45.4,
1469,2025-04-21 01:04:35.442787+00,7531.25,64.97,2315,04:33.8,
1468,2025-04-21 01:04:23.83922+00,7837.5,64.61,2314,04:22.3,
1467,2025-04-21 01:04:12.262012+00,7336.25,64.48,2313,04:10.7,
1466,2025-04-21 01:04:00.650976+00,7000,64.97,2312,03:59.1,
1465,2025-04-21 01:03:49.070543+00,7776.25,64.97,2311,03:47.5,
1464,2025-04-21 01:03:37.467634+00,7771.25,64.85,2310,03:35.8,
1463,2025-04-21 01:03:25.76911+00,7228.75,64.36,2309,03:24.2,
1462,2025-04-21 01:03:14.162857+00,7398.75,64.85,2308,03:12.5,
1461,2025-04-21 01:03:02.533612+00,7108.75,64.85,2307,03:00.9,
1460,2025-04-21 01:02:50.913179+00,7128.75,64.36,2306,02:49.3,
1459,2025-04-21 01:02:39.299091+00,7370,64.48,2305,02:37.7,
1458,2025-04-21 01:02:27.656988+00,7300,64.85,2304,02:26.0,
1457,2025-04-21 01:02:16.043489+00,7018.75,64.73,2303,02:14.4,
1456,2025-04-21 01:02:04.412907+00,7495,64.73,2302,02:02.8,
1455,2025-04-21 01:01:52.797976+00,7302.5,64.61,2301,01:51.2,
1454,2025-04-21 01:01:41.180382+00,7496.25,64.73,2300,01:39.6,
1453,2025-04-21 01:01:29.550143+00,6936.25,64.73,2299,01:27.9,
1452,2025-04-21 01:01:17.757366+00,7323.75,64.36,2298,01:16.1,
1451,2025-04-21 01:01:06.084815+00,7462.5,64.61,2297,01:02.6,
1450,2025-04-21 01:00:52.581551+00,7518.75,64.73,2296,00:50.9,
1449,2025-04-21 01:00:40.933799+00,7276.25,64.48,2295,00:39.4,
1448,2025-04-21 01:00:29.35332+00,7863.75,64,2294,00:27.8,
1447,2025-04-21 01:00:17.770807+00,7487.5,64.73,2293,00:16.2,
1446,2025-04-21 01:00:06.154628+00,7146.25,64.48,2292,00:04.6,
1445,2025-04-21 00:59:54.562419+00,7077.5,64.48,2291,59:52.9,
1444,2025-04-21 00:59:42.937634+00,7751.25,64.61,2290,59:41.4,
1443,2025-04-21 00:59:31.343517+00,7328.75,63.88,2289,59:29.7,
1442,2025-04-21 00:59:19.708162+00,7810,64.36,2288,59:18.1,
1441,2025-04-21 00:59:08.130102+00,7190,63.88,2287,59:06.5,
1440,2025-04-21 00:58:56.297275+00,7212.5,64.73,2286,58:54.6,
1439,2025-04-21 00:58:44.632986+00,7085,64.61,2285,58:43.0,
1438,2025-04-21 00:58:33.011563+00,7796.25,64.61,2284,58:31.4,
1437,2025-04-21 00:58:21.420651+00,7417.5,65.45,2283,58:19.8,
1436,2025-04-21 00:58:09.765647+00,7578.75,64.36,2282,58:08.1,
1435,2025-04-21 00:57:58.12172+00,7888.75,64.12,2281,57:55.1,
1434,2025-04-21 00:57:45.07331+00,7750,65.09,2280,57:43.5,
1433,2025-04-21 00:57:33.501642+00,7878.75,65.33,2279,57:31.9,
1432,2025-04-21 00:57:21.939838+00,7500,64.48,2278,57:20.3,
1431,2025-04-21 00:57:10.328108+00,7352.5,64.73,2277,57:08.7,
1430,2025-04-21 00:56:58.696518+00,7013.75,64.61,2276,56:57.1,
1429,2025-04-21 00:56:47.102762+00,7821.25,64.61,2275,56:45.4,
1428,2025-04-21 00:56:35.373906+00,7150,64.36,2274,56:33.8,
1427,2025-04-21 00:56:23.76639+00,7637.5,64.48,2273,56:22.2,
1426,2025-04-21 00:56:12.171947+00,7086.25,64.48,2272,56:10.6,
1425,2025-04-21 00:56:00.595657+00,7281.25,64.73,2271,55:59.0,
1424,2025-04-21 00:55:49.008533+00,7491.25,64.36,2270,55:47.4,
1423,2025-04-21 00:55:37.387527+00,7728.75,64.85,2269,55:35.8,
1422,2025-04-21 00:55:25.788411+00,7453.75,64.97,2268,55:24.2,
1421,2025-04-21 00:55:14.221025+00,7598.75,64.36,2267,55:12.7,
1420,2025-04-21 00:55:02.657806+00,7570,64.73,2266,55:01.1,
1419,2025-04-21 00:54:51.037041+00,7865,65.09,2265,54:49.4,
1418,2025-04-21 00:54:39.384957+00,7346.25,64.97,2264,54:37.8,
1417,2025-04-21 00:54:27.776098+00,7258.75,64.61,2263,54:26.2,
1416,2025-04-21 00:54:16.195141+00,7345,65.33,2262,54:14.5,
1415,2025-04-21 00:54:04.516806+00,7210,65.09,2261,54:02.9,
1414,2025-04-21 00:53:52.902998+00,7156.25,64.97,2260,53:51.3,
1413,2025-04-21 00:53:41.309132+00,7661.25,64.97,2259,53:35.7,
1412,2025-04-21 00:53:25.676961+00,7305,64.48,2258,53:24.1,
1411,2025-04-21 00:53:14.092223+00,7643.75,64.48,2257,53:12.5,
1410,2025-04-21 00:53:02.494682+00,7573.75,64.97,2256,53:00.9,
1409,2025-04-21 00:52:50.845055+00,7600,64.12,2255,52:49.3,
1408,2025-04-21 00:52:39.272759+00,7225,65.33,2254,52:37.7,
1407,2025-04-21 00:52:27.64481+00,7591.25,64.97,2253,52:26.0,
1406,2025-04-21 00:52:15.992363+00,6926.25,65.09,2252,52:14.4,
1405,2025-04-21 00:52:04.374272+00,7635,65.09,2251,52:02.7,
1404,2025-04-21 00:51:52.720425+00,7085,65.09,2250,51:51.1,
1403,2025-04-21 00:51:41.12292+00,7350,65.09,2249,51:39.5,
1402,2025-04-21 00:51:29.492345+00,7731.25,64.85,2248,51:27.9,
1401,2025-04-21 00:51:17.887302+00,7580,65.21,2247,51:16.3,
1400,2025-04-21 00:51:06.237298+00,7851.25,64.85,2246,51:04.6,
1399,2025-04-21 00:50:54.575026+00,7765,64.73,2245,50:53.0,
1398,2025-04-21 00:50:42.950194+00,7255,64.61,2244,50:41.4,
1397,2025-04-21 00:50:31.336251+00,7551.25,64.97,2243,50:29.8,
1396,2025-04-21 00:50:19.754319+00,7455,65.21,2242,50:18.1,
1395,2025-04-21 00:50:08.119451+00,7577.5,64.85,2241,50:06.5,
1394,2025-04-21 00:49:56.51775+00,7887.5,65.09,2240,49:54.9,
1393,2025-04-21 00:49:44.863721+00,7215,64.97,2239,49:43.3,
1392,2025-04-21 00:49:33.272899+00,7418.75,65.09,2238,49:31.6,
1391,2025-04-21 00:49:21.620094+00,7178.75,64.73,2237,49:19.7,
1390,2025-04-21 00:49:09.649117+00,7335,64.73,2236,49:08.1,
1389,2025-04-21 00:48:58.087415+00,7396.25,64.73,2235,48:56.5,
1388,2025-04-21 00:48:46.462526+00,7771.25,64.85,2234,48:44.9,
1387,2025-04-21 00:48:34.844449+00,7221.25,64.97,2233,48:33.3,
1386,2025-04-21 00:48:23.274354+00,7286.25,64.85,2232,48:21.7,
1385,2025-04-21 00:48:11.64597+00,7647.5,64.85,2231,48:10.0,
1384,2025-04-21 00:48:00.02692+00,7116.25,64.85,2230,47:58.4,
1383,2025-04-21 00:47:48.423982+00,7405,65.09,2229,47:46.8,
1382,2025-04-21 00:47:36.821916+00,7686.25,64.97,2228,47:35.2,
1381,2025-04-21 00:47:25.173576+00,7770,64.73,2227,47:23.4,
1380,2025-04-21 00:47:13.40736+00,7377.5,64.73,2226,47:11.8,
1379,2025-04-21 00:47:01.816972+00,7708.75,64.36,2225,47:00.3,
1378,2025-04-21 00:46:50.248404+00,7367.5,64.85,2224,46:48.7,
1377,2025-04-21 00:46:38.665126+00,7250,64.73,2223,46:37.1,
1376,2025-04-21 00:46:27.047861+00,7567.5,64.48,2222,46:25.5,
1375,2025-04-21 00:46:15.485415+00,7312.5,64.97,2221,46:13.9,
1374,2025-04-21 00:46:03.826235+00,7440,64.73,2220,46:00.7,
1373,2025-04-21 00:45:50.639041+00,7298.75,65.09,2219,45:49.0,
1372,2025-04-21 00:45:39.006639+00,7367.5,65.45,2218,45:37.4,
1371,2025-04-21 00:45:27.395712+00,7321.25,65.21,2217,45:25.8,
1370,2025-04-21 00:45:15.760408+00,7590,65.09,2216,45:14.2,
1369,2025-04-21 00:45:04.160204+00,7726.25,64.73,2215,45:02.6,
1368,2025-04-21 00:44:52.544612+00,7192.5,64.61,2214,44:51.0,
1367,2025-04-21 00:44:40.957109+00,7501.25,64.85,2213,44:39.4,
1366,2025-04-21 00:44:29.339757+00,7178.75,64.73,2212,44:27.8,
1365,2025-04-21 00:44:17.737833+00,7251.25,65.09,2211,44:16.1,
1364,2025-04-21 00:44:06.081087+00,7673.75,64.73,2210,44:04.5,
1363,2025-04-21 00:43:54.500775+00,7748.75,64.61,2209,43:52.9,
1362,2025-04-21 00:43:42.894289+00,7748.75,64.73,2208,43:40.0,
1361,2025-04-21 00:43:29.862399+00,7816.25,64.85,2207,43:24.5,
1360,2025-04-21 00:43:14.442357+00,7277.5,65.21,2206,43:12.9,
1359,2025-04-21 00:43:02.852045+00,7583.75,64.85,2205,43:01.3,
1358,2025-04-21 00:42:51.234215+00,7297.5,64.85,2204,42:49.7,
1357,2025-04-21 00:42:39.652132+00,7466.25,64.85,2203,42:38.1,
1356,2025-04-21 00:42:28.060344+00,7508.75,64.97,2202,42:26.5,
1355,2025-04-21 00:42:16.460229+00,7800,64.97,2201,42:14.9,
1354,2025-04-21 00:42:04.883882+00,7473.75,64.97,2200,42:03.3,
1353,2025-04-21 00:41:53.277898+00,7613.75,64.85,2199,41:48.1,
1352,2025-04-21 00:41:38.097122+00,7446.25,64.85,2198,41:36.5,
1351,2025-04-21 00:41:26.488167+00,7366.25,64.85,2197,41:24.9,
1350,2025-04-21 00:41:14.902025+00,7707.5,64.97,2196,41:13.3,
1349,2025-04-21 00:41:03.302141+00,7552.5,65.09,2195,41:01.7,
1348,2025-04-21 00:40:51.663635+00,7527.5,65.21,2194,40:50.1,
1347,2025-04-21 00:40:40.060186+00,7855,65.21,2193,40:37.4,
1346,2025-04-21 00:40:27.369228+00,7393.75,65.33,2192,40:25.6,
1345,2025-04-21 00:40:15.630812+00,7523.75,65.21,2191,40:14.1,
1344,2025-04-21 00:40:04.042651+00,7582.5,65.09,2190,40:02.5,
1343,2025-04-21 00:39:52.443065+00,7606.25,64.97,2189,39:50.8,
1342,2025-04-21 00:39:40.794688+00,7773.75,65.21,2188,39:39.2,
1341,2025-04-21 00:39:29.189422+00,7627.5,65.21,2187,39:27.6,
1340,2025-04-21 00:39:17.603853+00,7731.25,65.58,2186,39:16.0,
1339,2025-04-21 00:39:06.013027+00,7521.25,65.33,2185,39:04.4,
1338,2025-04-21 00:38:54.403627+00,7438.75,65.58,2184,38:52.8,
1337,2025-04-21 00:38:42.800073+00,7831.25,65.45,2183,38:41.2,
1336,2025-04-21 00:38:31.211919+00,7413.75,65.09,2182,38:29.6,
1335,2025-04-21 00:38:19.596342+00,7367.5,65.09,2181,38:18.0,
1334,2025-04-21 00:38:08.016326+00,7333.75,65.33,2180,38:06.4,
1333,2025-04-21 00:37:56.393661+00,7511.25,65.33,2179,37:54.8,
1332,2025-04-21 00:37:44.772024+00,7260,65.09,2178,37:43.2,
1331,2025-04-21 00:37:33.165069+00,7706.25,65.21,2177,37:31.6,
1330,2025-04-21 00:37:21.573999+00,7257.5,65.58,2176,37:20.0,
1329,2025-04-21 00:37:09.997933+00,7681.25,65.45,2175,37:08.4,
1328,2025-04-21 00:36:58.376389+00,7670,64.97,2174,36:56.8,
1327,2025-04-21 00:36:46.768346+00,7421.25,64.97,2173,36:45.2,
1326,2025-04-21 00:36:35.143424+00,7810,64.97,2172,36:33.6,
1325,2025-04-21 00:36:23.545869+00,7242.5,65.21,2171,36:22.0,
1324,2025-04-21 00:36:11.945143+00,7532.5,65.21,2170,36:10.4,
1323,2025-04-21 00:36:00.328957+00,7698.75,65.09,2169,35:58.7,
1322,2025-04-21 00:35:48.726077+00,7777.5,64.73,2168,35:47.1,
1321,2025-04-21 00:35:37.109983+00,7600,65.33,2167,35:35.5,
1320,2025-04-21 00:35:25.504568+00,7926.25,64.73,2166,35:23.9,
1319,2025-04-21 00:35:13.905742+00,7463.75,65.21,2165,35:12.3,
1318,2025-04-21 00:35:02.308975+00,7771.25,65.21,2164,35:00.7,
1317,2025-04-21 00:34:50.685263+00,7577.5,65.33,2163,34:49.1,
1316,2025-04-21 00:34:39.100333+00,7537.5,65.33,2162,34:37.5,
1315,2025-04-21 00:34:27.489603+00,7652.5,65.21,2161,34:25.9,
1314,2025-04-21 00:34:15.913763+00,7906.25,65.33,2160,34:14.3,
1313,2025-04-21 00:34:04.325718+00,7893.75,65.45,2159,34:02.8,
1312,2025-04-21 00:33:52.730451+00,7583.75,65.33,2158,33:51.1,
1311,2025-04-21 00:33:41.10381+00,7605,65.82,2157,33:39.5,
1310,2025-04-21 00:33:29.489655+00,7735,65.09,2156,33:27.9,
1309,2025-04-21 00:33:17.855619+00,7435,65.33,2155,33:16.3,
1308,2025-04-21 00:33:06.24275+00,7583.75,65.21,2154,33:04.7,
1307,2025-04-21 00:32:54.647014+00,7448.75,65.21,2153,32:53.0,
1306,2025-04-21 00:32:43.012147+00,7578.75,65.21,2152,32:41.4,
1305,2025-04-21 00:32:31.406221+00,7403.75,65.09,2151,32:29.8,
1304,2025-04-21 00:32:19.751506+00,7550,65.09,2150,32:18.2,
1303,2025-04-21 00:32:08.142597+00,7400,64.97,2149,32:06.6,
1302,2025-04-21 00:31:56.562677+00,7685,64.97,2148,31:55.0,
1301,2025-04-21 00:31:44.976491+00,7421.25,64.97,2147,31:43.4,
1300,2025-04-21 00:31:33.399679+00,7887.5,64.85,2146,31:31.8,
1299,2025-04-21 00:31:21.798515+00,7616.25,64.97,2145,31:20.2,
1298,2025-04-21 00:31:10.196421+00,7475,65.33,2144,31:08.6,
1297,2025-04-21 00:30:58.604044+00,7518.75,65.45,2143,30:57.0,
1296,2025-04-21 00:30:47.012553+00,7758.75,65.21,2142,30:45.5,
1295,2025-04-21 00:30:35.433381+00,7908.75,65.33,2141,30:33.9,
1294,2025-04-21 00:30:23.835753+00,7636.25,65.21,2140,30:22.2,
1293,2025-04-21 00:30:12.1451+00,7842.5,65.21,2139,30:10.5,
1292,2025-04-21 00:30:00.520983+00,7882.5,65.45,2138,29:58.9,
1291,2025-04-21 00:29:48.865548+00,7875,65.33,2137,29:47.2,
1290,2025-04-21 00:29:37.228077+00,7695,65.33,2136,29:35.7,
1289,2025-04-21 00:29:25.6431+00,7571.25,65.33,2135,29:24.0,
1288,2025-04-21 00:29:13.99332+00,7607.5,65.33,2134,29:12.4,
1287,2025-04-21 00:29:02.384422+00,7581.25,65.33,2133,29:00.8,
1286,2025-04-21 00:28:50.796674+00,7302.5,65.45,2132,28:49.2,
1285,2025-04-21 00:28:39.218761+00,7451.25,65.21,2131,28:37.6,
1284,2025-04-21 00:28:27.607394+00,7870,65.45,2130,28:26.0,
1283,2025-04-21 00:28:16.001282+00,7566.25,65.58,2129,28:14.4,
1282,2025-04-21 00:28:04.412739+00,7827.5,65.58,2128,28:02.8,
1281,2025-04-21 00:27:52.806075+00,7786.25,65.82,2127,27:51.2,
1280,2025-04-21 00:27:41.175577+00,7821.25,65.45,2126,27:39.6,
1279,2025-04-21 00:27:29.577467+00,7871.25,65.21,2125,27:28.0,
1278,2025-04-21 00:27:17.970416+00,7615,65.7,2124,27:16.4,
1277,2025-04-21 00:27:06.358034+00,7798.75,65.21,2123,27:04.8,
1276,2025-04-21 00:26:54.738826+00,7575,65.33,2122,26:53.2,
1275,2025-04-21 00:26:43.138612+00,7501.25,65.09,2121,26:41.5,
1274,2025-04-21 00:26:31.489464+00,7285,65.33,2120,26:29.9,
1273,2025-04-21 00:26:19.898153+00,7407.5,65.09,2119,26:18.3,
1272,2025-04-21 00:26:08.307693+00,7400,64.97,2118,26:06.7,
1271,2025-04-21 00:25:56.70922+00,7526.25,64.97,2117,25:55.1,
1270,2025-04-21 00:25:45.078316+00,7358.75,64.97,2116,25:43.5,
1269,2025-04-21 00:25:33.472954+00,7502.5,64.97,2115,25:31.9,
1268,2025-04-21 00:25:21.887549+00,7653.75,65.21,2114,25:20.3,
1267,2025-04-21 00:25:10.265509+00,7631.25,64.85,2113,25:08.7,
1266,2025-04-21 00:24:58.642254+00,7726.25,64.97,2112,24:57.1,
1265,2025-04-21 00:24:47.049147+00,7405,64.97,2111,24:45.5,
1264,2025-04-21 00:24:35.440294+00,7663.75,65.21,2110,24:33.9,
1263,2025-04-21 00:24:23.855754+00,7620,64.97,2109,24:22.3,
1262,2025-04-21 00:24:12.222822+00,7553.75,65.09,2108,24:10.7,
1261,2025-04-21 00:24:00.632263+00,7733.75,64.97,2107,23:59.0,
1260,2025-04-21 00:23:49.018628+00,7567.5,64.85,2106,23:47.5,
1259,2025-04-21 00:23:37.424623+00,7483.75,64.73,2105,23:35.8,
1258,2025-04-21 00:23:25.818949+00,7528.75,64.97,2104,23:24.2,
1257,2025-04-21 00:23:14.202983+00,7780,64.97,2103,23:12.6,
1256,2025-04-21 00:23:02.595829+00,7500,64.73,2102,23:01.0,
1255,2025-04-21 00:22:50.990966+00,7641.25,64.85,2101,22:49.4,
1254,2025-04-21 00:22:39.389197+00,7685,65.21,2100,22:37.8,
1253,2025-04-21 00:22:27.793349+00,7547.5,65.21,2099,22:26.2,
1252,2025-04-21 00:22:16.205843+00,7657.5,65.21,2098,22:14.6,
1251,2025-04-21 00:22:04.595645+00,7417.5,65.09,2097,22:03.0,
1250,2025-04-21 00:21:53.006226+00,7597.5,65.09,2096,21:51.4,
1249,2025-04-21 00:21:41.422583+00,7497.5,65.09,2095,21:39.8,
1248,2025-04-21 00:21:29.83515+00,7568.75,65.21,2094,21:28.2,
1247,2025-04-21 00:21:18.266743+00,7416.25,64.97,2093,21:16.6,
1246,2025-04-21 00:21:06.661852+00,7580,64.97,2092,21:04.9,
1245,2025-04-21 00:20:54.908094+00,7402.5,65.09,2091,20:53.3,
1244,2025-04-21 00:20:43.305592+00,7540,64.85,2090,20:41.7,
1243,2025-04-21 00:20:31.711784+00,7593.75,65.09,2089,20:30.1,
1242,2025-04-21 00:20:20.114541+00,7687.5,65.09,2088,20:18.5,
1241,2025-04-21 00:20:08.527171+00,7481.25,65.21,2087,20:06.9,
1240,2025-04-21 00:19:56.921353+00,7753.75,65.21,2086,19:55.2,
1239,2025-04-21 00:19:45.252775+00,7480,65.21,2085,19:43.6,
1238,2025-04-21 00:19:33.62666+00,7673.75,65.21,2084,19:32.0,
1237,2025-04-21 00:19:22.014999+00,7541.25,64.85,2083,19:20.4,
1236,2025-04-21 00:19:10.39084+00,7550,65.09,2082,19:08.8,
1235,2025-04-21 00:18:58.79055+00,7720,64.73,2081,18:57.1,
1234,2025-04-21 00:18:47.170726+00,7678.75,64.97,2080,18:45.5,
1233,2025-04-21 00:18:35.564359+00,7655,64.85,2079,18:34.0,
1232,2025-04-21 00:18:23.986969+00,7693.75,64.85,2078,18:22.3,
1231,2025-04-21 00:18:12.376573+00,7708.75,64.85,2077,18:10.8,
1230,2025-04-21 00:18:00.789767+00,7795,65.09,2076,17:59.2,
1229,2025-04-21 00:17:49.206264+00,7151.25,64.85,2075,17:47.6,
1228,2025-04-21 00:17:37.598636+00,7626.25,64.97,2074,17:36.0,
1227,2025-04-21 00:17:25.964006+00,7187.5,65.09,2073,17:24.3,
1226,2025-04-21 00:17:14.362101+00,7491.25,64.97,2072,17:12.7,
1225,2025-04-21 00:17:02.74922+00,7611.25,64.73,2071,17:01.1,
1224,2025-04-21 00:16:51.129254+00,7688.75,64.97,2070,16:49.5,
1223,2025-04-21 00:16:39.544857+00,7288.75,64.61,2069,16:37.9,
1222,2025-04-21 00:16:27.940451+00,7532.5,64.85,2068,16:26.1,
1221,2025-04-21 00:16:16.146749+00,7673.75,64.73,2067,16:14.5,
1220,2025-04-21 00:16:04.488448+00,7717.5,64.61,2066,16:02.9,
1219,2025-04-21 00:15:52.88762+00,7581.25,64.48,2065,15:51.3,
1218,2025-04-21 00:15:41.302611+00,7897.5,64.61,2064,15:39.7,
1217,2025-04-21 00:15:29.707876+00,7820,64.61,2063,15:28.1,
1216,2025-04-21 00:15:18.100097+00,7983.75,64.61,2062,15:16.5,
1215,2025-04-21 00:15:06.489293+00,7792.5,64.24,2061,15:04.9,
1214,2025-04-21 00:14:54.866431+00,7995,64,2060,14:53.2,
1213,2025-04-21 00:14:43.27238+00,7830,64.12,2059,14:41.6,
1212,2025-04-21 00:14:31.649603+00,7768.75,64.12,2058,14:30.0,
1211,2025-04-21 00:14:20.038363+00,7695,64.24,2057,14:18.4,
1210,2025-04-21 00:14:08.425097+00,7802.5,64.24,2056,14:06.8,
1209,2025-04-21 00:13:56.833857+00,8031.25,64.12,2055,13:55.2,
1208,2025-04-21 00:13:45.17218+00,7751.25,64.12,2054,13:43.6,
1207,2025-04-21 00:13:33.579512+00,7815,64.12,2053,13:32.0,
1206,2025-04-21 00:13:21.976351+00,7488.75,64.12,2052,13:20.4,
1205,2025-04-21 00:13:10.397114+00,8098.75,64.24,2051,13:08.8,
1204,2025-04-21 00:12:58.797772+00,7688.75,64.24,2050,12:57.2,
1203,2025-04-21 00:12:47.203643+00,7750,64.24,2049,12:45.6,
1202,2025-04-21 00:12:35.608445+00,7623.75,64.24,2048,12:34.0,
1201,2025-04-21 00:12:24.004895+00,7768.75,64.24,2047,12:22.4,
1200,2025-04-21 00:12:12.397743+00,7483.75,64.12,2046,12:10.8,
1199,2025-04-21 00:12:00.783747+00,7986.25,64,2045,11:59.2,
1198,2025-04-21 00:11:49.190125+00,7906.25,63.88,2044,11:47.6,
1197,2025-04-21 00:11:37.594408+00,7567.5,64,2043,11:35.9,
1196,2025-04-21 00:11:25.940676+00,7746.25,64,2042,11:24.2,
1195,2025-04-21 00:11:14.23233+00,7831.25,63.76,2041,11:12.6,
1194,2025-04-21 00:11:02.619293+00,7703.75,63.76,2040,11:01.0,
1193,2025-04-21 00:10:51.027921+00,7908.75,63.76,2039,10:49.4,
1192,2025-04-21 00:10:39.423516+00,7825,64,2038,10:37.8,
1191,2025-04-21 00:10:27.816702+00,7867.5,64.24,2037,10:26.1,
1190,2025-04-21 00:10:16.151043+00,7930,64,2036,10:14.5,
1189,2025-04-21 00:10:04.548121+00,7630,64,2035,10:02.9,
1188,2025-04-21 00:09:52.968469+00,8072.5,63.88,2034,09:51.3,
1187,2025-04-21 00:09:41.355846+00,7902.5,64,2033,09:39.7,
1186,2025-04-21 00:09:29.696788+00,7543.75,64.12,2032,09:28.1,
1185,2025-04-21 00:09:18.078797+00,7583.75,63.88,2031,09:16.5,
1184,2025-04-21 00:09:06.467862+00,7628.75,63.88,2030,09:04.9,
1183,2025-04-21 00:08:54.874635+00,7876.25,63.76,2029,08:53.3,
1182,2025-04-21 00:08:43.273792+00,7601.25,64,2028,08:41.7,
1181,2025-04-21 00:08:31.693343+00,7935,63.88,2027,08:30.1,
1180,2025-04-21 00:08:20.093833+00,7986.25,63.88,2026,08:18.5,
1179,2025-04-21 00:08:08.490225+00,7493.75,63.76,2025,08:06.9,
1178,2025-04-21 00:07:56.900657+00,7723.75,63.88,2024,07:55.2,
1177,2025-04-21 00:07:45.218704+00,7678.75,63.76,2023,07:43.6,
1176,2025-04-21 00:07:33.610351+00,7588.75,64,2022,07:32.0,
1175,2025-04-21 00:07:22.018347+00,7866.25,64,2021,07:20.2,
1174,2025-04-21 00:07:10.201201+00,7753.75,64,2020,07:08.6,
1173,2025-04-21 00:06:58.590547+00,7486.25,63.64,2019,06:57.0,
1172,2025-04-21 00:06:46.976601+00,7910,63.52,2018,06:45.4,
1171,2025-04-21 00:06:35.376617+00,7828.75,63.52,2017,06:33.8,
1170,2025-04-21 00:06:23.78053+00,7465,63.64,2016,06:22.2,
1169,2025-04-21 00:06:12.169246+00,7817.5,63.64,2015,06:10.4,
1168,2025-04-21 00:06:00.423309+00,7693.75,63.39,2014,05:58.8,
1167,2025-04-21 00:05:48.768851+00,7485,63.64,2013,05:47.1,
1166,2025-04-21 00:05:37.054364+00,7816.25,63.52,2012,05:35.4,
1165,2025-04-21 00:05:25.441397+00,7760,63.76,2011,05:23.8,
1164,2025-04-21 00:05:13.822008+00,7910,63.76,2010,05:12.2,
1163,2025-04-21 00:05:02.228261+00,7815,63.88,2009,05:00.6,
1162,2025-04-21 00:04:50.637676+00,8098.75,63.88,2008,04:49.0,
1161,2025-04-21 00:04:39.060252+00,7560,63.76,2007,04:37.5,
1160,2025-04-21 00:04:27.468742+00,7616.25,63.76,2006,04:25.8,
1159,2025-04-21 00:04:15.784554+00,7423.75,63.76,2005,04:14.2,
1158,2025-04-21 00:04:04.181485+00,7885,63.76,2004,04:02.6,
1157,2025-04-21 00:03:52.608511+00,7618.75,63.64,2003,03:51.0,
1156,2025-04-21 00:03:41.02677+00,8043.75,63.76,2002,03:39.4,
1155,2025-04-21 00:03:29.441166+00,7791.25,63.88,2001,03:27.9,
1154,2025-04-21 00:03:17.872086+00,7448.75,63.76,2000,03:16.2,
1153,2025-04-21 00:03:06.2293+00,7635,63.88,1999,03:04.6,
1152,2025-04-21 00:02:54.578862+00,7963.75,64,1998,02:53.0,
1151,2025-04-21 00:02:42.965888+00,7622.5,64,1997,02:41.3,
1150,2025-04-21 00:02:31.294272+00,7452.5,63.88,1996,02:29.5,
1149,2025-04-21 00:02:19.512681+00,7968.75,64,1995,02:17.9,
1148,2025-04-21 00:02:07.911293+00,7637.5,64,1994,02:06.3,
1147,2025-04-21 00:01:56.296746+00,7762.5,64.24,1993,01:54.7,
1146,2025-04-21 00:01:44.712649+00,7981.25,64,1992,01:43.1,
1145,2025-04-21 00:01:33.095642+00,7878.75,64.12,1991,01:31.5,
1144,2025-04-21 00:01:21.492687+00,7541.25,64.12,1990,01:19.9,
1143,2025-04-21 00:01:09.89451+00,7975,64.12,1989,01:08.3,
1142,2025-04-21 00:00:58.296716+00,7526.25,64.24,1988,00:56.5,
1141,2025-04-21 00:00:46.533524+00,7851.25,64,1987,00:44.9,
1140,2025-04-21 00:00:34.914301+00,7723.75,64.24,1986,00:33.3,
1139,2025-04-21 00:00:23.270961+00,8021.25,63.52,1985,00:21.6,
1138,2025-04-21 00:00:11.635128+00,7932.5,63.64,1984,00:10.0,
1137,2025-04-20 23:59:59.968611+00,7967.5,64,1983,59:58.4,
1136,2025-04-20 23:59:48.387767+00,7638.75,64.36,1982,59:46.8,
1135,2025-04-20 23:59:36.788952+00,7702.5,64.48,1981,59:35.2,
1134,2025-04-20 23:59:25.168555+00,7671.25,64.24,1980,59:23.5,
1133,2025-04-20 23:59:13.55924+00,7965,64.12,1979,59:11.9,
1132,2025-04-20 23:59:01.879875+00,7792.5,64.24,1978,59:00.3,
1131,2025-04-20 23:58:50.262613+00,7992.5,64.48,1977,58:48.4,
1130,2025-04-20 23:58:38.442669+00,7568.75,64.36,1976,58:36.8,
1129,2025-04-20 23:58:26.82842+00,8077.5,64.36,1975,58:25.2,
1128,2025-04-20 23:58:15.211113+00,7930,64.36,1974,58:13.6,
1127,2025-04-20 23:58:03.610936+00,7657.5,64.36,1973,58:02.0,
1126,2025-04-20 23:57:52.039848+00,7623.75,63.76,1972,57:50.4,
1125,2025-04-20 23:57:40.437181+00,7832.5,63.88,1971,57:38.8,
1124,2025-04-20 23:57:28.810758+00,7551.25,63.76,1970,57:27.2,
1123,2025-04-20 23:57:17.206864+00,7752.5,63.15,1969,57:15.6,
1122,2025-04-20 23:57:05.593369+00,7848.75,63.03,1968,57:04.0,
1121,2025-04-20 23:56:53.971008+00,7772.5,63.39,1967,56:52.3,
1120,2025-04-20 23:56:42.330992+00,7866.25,63.52,1966,56:40.7,
1119,2025-04-20 23:56:30.723745+00,7978.75,63.39,1965,56:29.1,
1118,2025-04-20 23:56:19.088877+00,7955,63.27,1964,56:15.4,
1117,2025-04-20 23:56:05.431743+00,7945,63.39,1963,56:03.8,
1116,2025-04-20 23:55:53.836337+00,7845,63.52,1962,55:52.2,
1115,2025-04-20 23:55:42.225261+00,7905,63.52,1961,55:40.6,
1114,2025-04-20 23:55:30.602046+00,7936.25,63.39,1960,55:29.0,
1113,2025-04-20 23:55:18.990609+00,7757.5,63.39,1959,55:17.4,
1112,2025-04-20 23:55:07.368414+00,7851.25,63.52,1958,55:05.8,
1111,2025-04-20 23:54:55.766871+00,8076.25,63.27,1957,54:54.1,
1110,2025-04-20 23:54:44.125083+00,7761.25,63.27,1956,54:42.5,
1109,2025-04-20 23:54:32.539506+00,7777.5,63.39,1955,54:30.9,
1108,2025-04-20 23:54:20.918681+00,7698.75,63.15,1954,54:19.3,
1107,2025-04-20 23:54:09.311294+00,7592.5,63.27,1953,54:07.7,
1106,2025-04-20 23:53:57.721399+00,7628.75,63.27,1952,53:56.1,
1105,2025-04-20 23:53:46.115178+00,7757.5,63.64,1951,53:44.5,
1104,2025-04-20 23:53:34.501017+00,7540,63.39,1950,53:32.9,
1103,2025-04-20 23:53:22.913023+00,7976.25,63.39,1949,53:21.3,
1102,2025-04-20 23:53:11.308127+00,7842.5,63.39,1948,53:09.7,
1101,2025-04-20 23:52:59.71876+00,7483.75,63.39,1947,52:58.1,
1100,2025-04-20 23:52:48.11398+00,7780,63.76,1946,52:46.5,
1099,2025-04-20 23:52:36.50761+00,7840,63.64,1945,52:34.9,
1098,2025-04-20 23:52:24.930312+00,7530,63.64,1944,52:23.3,
1097,2025-04-20 23:52:13.334753+00,7841.25,63.39,1943,52:11.7,
1096,2025-04-20 23:52:01.71513+00,7548.75,63.27,1942,52:00.1,
1095,2025-04-20 23:51:50.085438+00,7381.25,63.27,1941,51:48.5,
1094,2025-04-20 23:51:38.483354+00,7708.75,63.27,1940,51:36.9,
1093,2025-04-20 23:51:26.878426+00,7876.25,64,1939,51:25.2,
1092,2025-04-20 23:51:15.245983+00,7391.25,63.88,1938,51:13.6,
1091,2025-04-20 23:51:03.648572+00,7468.75,63.9,1937,51:02.0,
1090,2025-04-20 23:50:52.02393+00,7682.5,63.64,1936,50:50.4,
1089,2025-04-20 23:50:40.401323+00,7412.5,63.27,1935,50:38.8,
1088,2025-04-20 23:50:28.784022+00,7591.25,63.64,1934,50:27.1,
1087,2025-04-20 23:50:17.143517+00,7372.5,63.64,1933,50:15.5,
1086,2025-04-20 23:50:05.514766+00,7361.25,63.52,1932,50:03.9,
1085,2025-04-20 23:49:53.910768+00,7473.75,63.76,1931,49:52.3,
1084,2025-04-20 23:49:42.276124+00,7272.5,63.76,1930,49:40.7,
1083,2025-04-20 23:49:30.662647+00,7747.5,63.88,1929,49:29.1,
1082,2025-04-20 23:49:19.082228+00,7678.75,64.12,1928,49:17.5,
1081,2025-04-20 23:49:07.499067+00,7818.75,64,1927,49:05.9,
1080,2025-04-20 23:48:55.872753+00,7251.25,64,1926,48:54.2,
1079,2025-04-20 23:48:44.246195+00,7741.25,63.88,1925,48:42.6,
1078,2025-04-20 23:48:32.552644+00,7636.25,64,1924,48:30.9,
1077,2025-04-20 23:48:20.775863+00,7597.5,64,1923,48:19.0,
1076,2025-04-20 23:48:08.96791+00,7668.75,63.88,1922,48:07.3,
1075,2025-04-20 23:47:57.339651+00,7542.5,63.76,1921,47:55.7,
1074,2025-04-20 23:47:45.665047+00,7700,63.64,1920,47:44.1,
1073,2025-04-20 23:47:34.087724+00,7215,63.76,1919,47:32.5,
1072,2025-04-20 23:47:22.483082+00,7546.25,63.76,1918,47:20.9,
1071,2025-04-20 23:47:10.890466+00,7335,64,1917,47:09.3,
1070,2025-04-20 23:46:59.282914+00,7682.5,63.88,1916,46:57.7,
1069,2025-04-20 23:46:47.683778+00,7346.25,63.76,1915,46:46.1,
1068,2025-04-20 23:46:36.077639+00,7750,63.88,1914,46:34.5,
1067,2025-04-20 23:46:24.484617+00,7313.75,63.88,1913,46:22.9,
1066,2025-04-20 23:46:12.874804+00,7833.75,63.88,1912,46:11.2,
1065,2025-04-20 23:46:01.175323+00,7935,63.88,1911,45:59.6,
1064,2025-04-20 23:45:49.568745+00,7875,63.76,1910,45:48.0,
1063,2025-04-20 23:45:37.975753+00,7901.25,64,1909,45:36.4,
1062,2025-04-20 23:45:26.362761+00,7823.75,63.88,1908,45:24.7,
1061,2025-04-20 23:45:14.739177+00,7873.75,63.64,1907,45:13.1,
1060,2025-04-20 23:45:03.133169+00,7843.75,63.52,1906,45:01.6,
1059,2025-04-20 23:44:51.54757+00,7461.25,63.76,1905,44:49.9,
1058,2025-04-20 23:44:39.872134+00,7370,64,1904,44:38.3,
1057,2025-04-20 23:44:28.259186+00,7553.75,63.88,1903,44:26.7,
1056,2025-04-20 23:44:16.647922+00,7917.5,64,1902,44:15.1,
1055,2025-04-20 23:44:05.054232+00,7966.25,63.52,1901,44:03.4,
1054,2025-04-20 23:43:53.44186+00,7853.75,63.88,1900,43:51.8,
1053,2025-04-20 23:43:41.814117+00,7747.5,63.88,1899,43:40.2,
1052,2025-04-20 23:43:30.220411+00,7363.75,63.88,1898,43:28.6,
1051,2025-04-20 23:43:18.628898+00,7780,63.88,1897,43:17.0,
1050,2025-04-20 23:43:07.010203+00,7968.75,64.12,1896,43:05.4,
1049,2025-04-20 23:42:55.397396+00,7470,64,1895,42:53.8,
1048,2025-04-20 23:42:43.811419+00,7688.75,64,1894,42:42.2,
1047,2025-04-20 23:42:32.220205+00,7773.75,63.88,1893,42:30.6,
1046,2025-04-20 23:42:20.617694+00,7446.25,63.76,1892,42:19.0,
1045,2025-04-20 23:42:09.026232+00,7657.5,63.64,1891,42:07.4,
1044,2025-04-20 23:41:57.378138+00,7655,63.76,1890,41:55.7,
1043,2025-04-20 23:41:45.736722+00,7613.75,63.76,1889,41:44.1,
1042,2025-04-20 23:41:34.106488+00,7527.5,63.76,1888,41:32.5,
1041,2025-04-20 23:41:22.466191+00,7341.25,63.64,1887,41:20.9,
1040,2025-04-20 23:41:10.849705+00,7675,63.64,1886,41:09.2,
1039,2025-04-20 23:40:59.222552+00,7760,63.88,1885,40:57.6,
1038,2025-04-20 23:40:47.624613+00,7753.75,63.52,1884,40:46.0,
1037,2025-04-20 23:40:36.007149+00,7786.25,63.76,1883,40:34.4,
1036,2025-04-20 23:40:24.39806+00,7455,64,1882,40:22.8,
1035,2025-04-20 23:40:12.786974+00,7688.75,64,1881,40:11.2,
1034,2025-04-20 23:40:01.190809+00,7820,63.88,1880,39:59.6,
1033,2025-04-20 23:39:49.523609+00,7651.25,63.64,1879,39:47.9,
1032,2025-04-20 23:39:37.898534+00,7452.5,63.64,1878,39:36.1,
1031,2025-04-20 23:39:26.108587+00,7810,63.76,1877,39:24.5,
1030,2025-04-20 23:39:14.485185+00,7768.75,63.64,1876,39:12.7,
1029,2025-04-20 23:39:02.733988+00,7746.25,63.64,1875,39:01.1,
1028,2025-04-20 23:38:51.096876+00,7732.5,64,1874,38:49.5,
1027,2025-04-20 23:38:39.473047+00,7863.75,63.76,1873,38:37.9,
1026,2025-04-20 23:38:27.870676+00,7553.75,64.12,1872,38:26.3,
1025,2025-04-20 23:38:16.263917+00,7700,64,1871,38:14.7,
1024,2025-04-20 23:38:04.651952+00,7763.75,64,1870,38:03.0,
1023,2025-04-20 23:37:53.021314+00,7845,63.64,1869,37:51.4,
1022,2025-04-20 23:37:41.393792+00,7603.75,64.36,1868,37:39.8,
1021,2025-04-20 23:37:29.766556+00,7686.25,63.76,1867,37:28.2,
1020,2025-04-20 23:37:18.174338+00,7563.75,63.88,1866,37:16.6,
1019,2025-04-20 23:37:06.563948+00,7485,63.88,1865,37:05.0,
1018,2025-04-20 23:36:54.964017+00,7903.75,63.88,1864,36:53.4,
1017,2025-04-20 23:36:43.390824+00,7571.25,64,1863,36:41.8,
1016,2025-04-20 23:36:31.769077+00,7563.75,64,1862,36:30.2,
1015,2025-04-20 23:36:20.164673+00,7368.75,63.88,1861,36:18.6,
1014,2025-04-20 23:36:08.576597+00,7825,64,1860,36:07.0,
1013,2025-04-20 23:35:56.949438+00,7878.75,64.12,1859,35:55.4,
1012,2025-04-20 23:35:45.308523+00,8112.5,63.88,1858,35:43.6,
1011,2025-04-20 23:35:33.63433+00,7590,63.76,1857,35:32.1,
1010,2025-04-20 23:35:22.037776+00,7891.25,64.12,1856,35:20.4,
1009,2025-04-20 23:35:10.37102+00,7478.75,64.24,1855,35:08.8,
1008,2025-04-20 23:34:58.766954+00,7543.75,63.88,1854,34:57.2,
1007,2025-04-20 23:34:47.186203+00,7595,63.64,1853,34:45.6,
1006,2025-04-20 23:34:35.567477+00,7881.25,63.88,1852,34:34.0,
1005,2025-04-20 23:34:23.982022+00,7583.75,63.88,1851,34:22.4,
1004,2025-04-20 23:34:12.386629+00,7666.25,63.88,1850,34:10.8,
1003,2025-04-20 23:34:00.754387+00,7878.75,63.88,1849,33:59.1,
1002,2025-04-20 23:33:49.128185+00,7858.75,64,1848,33:47.5,
1001,2025-04-20 23:33:37.518178+00,7527.5,63.76,1847,33:35.9,
1000,2025-04-20 23:33:25.892604+00,7951.25,63.76,1846,33:24.3,
999,2025-04-20 23:33:14.269651+00,7565,63.88,1845,33:12.7,
998,2025-04-20 23:33:02.643373+00,7533.75,63.64,1844,33:01.1,
997,2025-04-20 23:32:51.041574+00,7657.5,63.76,1843,32:49.5,
996,2025-04-20 23:32:39.448386+00,7591.25,63.88,1842,32:37.9,
995,2025-04-20 23:32:27.845344+00,7746.25,63.64,1841,32:26.2,
994,2025-04-20 23:32:16.196681+00,7665,63.88,1840,32:14.6,
993,2025-04-20 23:32:04.57829+00,7658.75,64.12,1839,32:02.8,
992,2025-04-20 23:31:52.739094+00,7776.25,64,1838,31:51.1,
991,2025-04-20 23:31:41.117371+00,7272.5,64,1837,31:39.4,
990,2025-04-20 23:31:29.399694+00,7833.75,64,1836,31:27.8,
989,2025-04-20 23:31:17.728817+00,7773.75,64,1835,31:16.2,
988,2025-04-20 23:31:06.139792+00,7707.5,64.24,1834,31:04.5,
987,2025-04-20 23:30:54.530279+00,7900,64.24,1833,30:52.9,
986,2025-04-20 23:30:42.866563+00,7795,64.24,1832,30:41.3,
985,2025-04-20 23:30:31.265007+00,7453.75,64.36,1831,30:29.7,
984,2025-04-20 23:30:19.662074+00,7506.25,64.24,1830,30:18.1,
983,2025-04-20 23:30:08.035963+00,7776.25,64.61,1829,30:06.5,
982,2025-04-20 23:29:56.451739+00,7640,64.36,1828,29:54.9,
981,2025-04-20 23:29:44.861979+00,7430,64.12,1827,29:43.3,
980,2025-04-20 23:29:33.255805+00,7997.5,64.36,1826,29:31.7,
979,2025-04-20 23:29:21.679657+00,7751.25,63.88,1825,29:20.1,
978,2025-04-20 23:29:10.07376+00,7598.75,63.76,1824,29:08.5,
977,2025-04-20 23:28:58.479556+00,7898.75,63.88,1823,28:56.9,
976,2025-04-20 23:28:46.852782+00,7407.5,64,1822,28:45.3,
975,2025-04-20 23:28:35.246177+00,7550,63.76,1821,28:33.6,
974,2025-04-20 23:28:23.614662+00,7965,63.88,1820,28:22.0,
973,2025-04-20 23:28:11.995473+00,7933.75,64,1819,28:10.4,
972,2025-04-20 23:28:00.39138+00,7731.25,64.24,1818,27:58.8,
971,2025-04-20 23:27:48.814696+00,7853.75,63.76,1817,27:47.2,
970,2025-04-20 23:27:37.202159+00,7976.25,63.88,1816,27:35.6,
969,2025-04-20 23:27:25.585197+00,8137.5,63.88,1815,27:24.0,
968,2025-04-20 23:27:13.961551+00,7627.5,63.76,1814,27:12.3,
967,2025-04-20 23:27:02.273186+00,7982.5,63.88,1813,27:00.7,
966,2025-04-20 23:26:50.661878+00,7800,63.64,1812,26:48.8,
965,2025-04-20 23:26:38.810603+00,7621.25,63.76,1811,26:37.2,
964,2025-04-20 23:26:27.207728+00,7810,63.88,1810,26:25.6,
963,2025-04-20 23:26:15.601374+00,7731.25,63.76,1809,26:14.0,
962,2025-04-20 23:26:03.991826+00,7445,63.76,1808,26:02.3,
961,2025-04-20 23:25:52.326536+00,7865,64,1807,25:50.7,
960,2025-04-20 23:25:40.664991+00,7725,64,1806,25:39.1,
959,2025-04-20 23:25:29.047991+00,7693.75,64.12,1805,25:27.5,
958,2025-04-20 23:25:17.473914+00,7448.75,64.36,1804,25:15.9,
957,2025-04-20 23:25:05.905084+00,7531.25,64.12,1803,25:04.3,
956,2025-04-20 23:24:54.305708+00,7642.5,64,1802,24:52.7,
955,2025-04-20 23:24:42.713279+00,7941.25,64.12,1801,24:41.1,
954,2025-04-20 23:24:31.073036+00,7790,64.24,1800,24:29.4,
953,2025-04-20 23:24:19.428931+00,7727.5,64.12,1799,24:17.8,
952,2025-04-20 23:24:07.827105+00,7973.75,64.12,1798,24:06.2,
951,2025-04-20 23:23:56.214336+00,7938.75,64.12,1797,23:54.6,
950,2025-04-20 23:23:44.600944+00,7788.75,64.12,1796,23:43.0,
949,2025-04-20 23:23:33.002806+00,7842.5,64.12,1795,23:31.4,
948,2025-04-20 23:23:21.410521+00,7773.75,64.24,1794,23:19.8,
947,2025-04-20 23:23:09.822379+00,7570,64.12,1793,23:08.2,
946,2025-04-20 23:22:58.180168+00,7622.5,64.24,1792,22:56.5,
945,2025-04-20 23:22:46.562583+00,8018.75,64.36,1791,22:44.8,
944,2025-04-20 23:22:34.906095+00,7825,64.61,1790,22:33.2,
943,2025-04-20 23:22:23.270019+00,7835,64.36,1789,22:21.6,
942,2025-04-20 23:22:11.622877+00,7926.25,64.12,1788,22:10.0,
941,2025-04-20 23:22:00.025606+00,7713.75,64,1787,21:58.4,
940,2025-04-20 23:21:48.449994+00,7910,64.12,1786,21:46.7,
939,2025-04-20 23:21:36.801047+00,7941.25,64,1785,21:35.1,
938,2025-04-20 23:21:25.190917+00,7942.5,64.24,1784,21:23.5,
937,2025-04-20 23:21:13.593902+00,7986.25,64,1783,21:11.9,
936,2025-04-20 23:21:02.009616+00,7866.25,64,1782,21:00.3,
935,2025-04-20 23:20:50.372324+00,7940,64.12,1781,20:48.7,
934,2025-04-20 23:20:38.7499+00,7748.75,64,1780,20:37.1,
933,2025-04-20 23:20:27.126188+00,7912.5,64.24,1779,20:25.5,
932,2025-04-20 23:20:15.545291+00,7760,63.88,1778,20:13.8,
931,2025-04-20 23:20:03.914774+00,7907.5,64,1777,20:02.2,
930,2025-04-20 23:19:52.315162+00,7607.5,64.24,1776,19:50.7,
929,2025-04-20 23:19:40.72549+00,7573.75,64,1775,19:39.0,
928,2025-04-20 23:19:29.10319+00,7900,64.12,1774,19:27.4,
927,2025-04-20 23:19:17.484447+00,7587.5,64.12,1773,19:15.7,
926,2025-04-20 23:19:05.789949+00,7980,64.12,1772,19:04.1,
925,2025-04-20 23:18:54.138758+00,7776.25,64.12,1771,18:52.5,
924,2025-04-20 23:18:42.538859+00,7828.75,64.24,1770,18:40.8,
923,2025-04-20 23:18:30.892324+00,8090,64,1769,18:29.2,
922,2025-04-20 23:18:19.276654+00,7917.5,64,1768,18:17.6,
921,2025-04-20 23:18:07.653823+00,7792.5,64.12,1767,18:05.9,
920,2025-04-20 23:17:55.960711+00,7822.5,64.24,1766,17:54.3,
919,2025-04-20 23:17:44.32382+00,7668.75,64,1765,17:42.6,
918,2025-04-20 23:17:32.679476+00,8057.5,63.76,1764,17:31.0,
917,2025-04-20 23:17:21.030113+00,7497.5,63.64,1763,17:19.1,
916,2025-04-20 23:17:09.177456+00,7850,63.39,1762,17:07.5,
915,2025-04-20 23:16:57.543784+00,7426.25,63.76,1761,16:55.9,
914,2025-04-20 23:16:45.924124+00,7777.5,63.39,1760,16:44.2,
913,2025-04-20 23:16:34.311707+00,8025,63.52,1759,16:32.6,
912,2025-04-20 23:16:22.698047+00,8008.75,63.39,1758,16:21.0,
911,2025-04-20 23:16:11.084582+00,8007.5,63.64,1757,16:09.4,
910,2025-04-20 23:15:59.477298+00,7813.75,63.27,1756,15:57.8,
909,2025-04-20 23:15:47.880259+00,7628.75,63.52,1755,15:46.2,
908,2025-04-20 23:15:36.254982+00,7868.75,63.52,1754,15:34.5,
907,2025-04-20 23:15:24.608254+00,7435,63.64,1753,15:22.9,
906,2025-04-20 23:15:12.986033+00,7682.5,63.64,1752,15:11.3,
905,2025-04-20 23:15:01.286384+00,7506.25,63.64,1751,14:59.5,
904,2025-04-20 23:14:49.609253+00,7641.25,63.88,1750,14:47.9,
903,2025-04-20 23:14:37.969857+00,7653.75,63.76,1749,14:36.3,
902,2025-04-20 23:14:26.350684+00,7537.5,63.52,1748,14:24.7,
901,2025-04-20 23:14:14.789058+00,7968.75,63.88,1747,14:13.1,
900,2025-04-20 23:14:03.183458+00,7461.25,63.76,1746,14:01.5,
899,2025-04-20 23:13:51.570981+00,7697.5,63.64,1745,13:49.9,
898,2025-04-20 23:13:39.97348+00,7607.5,63.64,1744,13:38.3,
897,2025-04-20 23:13:28.36356+00,7991.25,63.52,1743,13:26.7,
896,2025-04-20 23:13:16.774066+00,7407.5,63.64,1742,13:15.1,
895,2025-04-20 23:13:05.133305+00,7986.25,63.52,1741,13:03.5,
894,2025-04-20 23:12:53.525216+00,7700,63.15,1740,12:51.8,
893,2025-04-20 23:12:41.907356+00,7841.25,63.52,1739,12:40.2,
892,2025-04-20 23:12:30.291129+00,7490,63.64,1738,12:28.6,
891,2025-04-20 23:12:18.614407+00,7466.25,63.52,1737,12:16.9,
890,2025-04-20 23:12:06.949234+00,7830,63.64,1736,12:05.3,
889,2025-04-20 23:11:55.316975+00,7465,63.76,1735,11:53.6,
888,2025-04-20 23:11:43.694762+00,7555,63.76,1734,11:42.0,
887,2025-04-20 23:11:32.067501+00,7568.75,63.64,1733,11:30.4,
886,2025-04-20 23:11:20.435572+00,7786.25,63.76,1732,11:18.8,
885,2025-04-20 23:11:08.843784+00,7615,63.88,1731,11:07.2,
884,2025-04-20 23:10:57.24792+00,8077.5,63.88,1730,10:55.6,
883,2025-04-20 23:10:45.649759+00,7516.25,64,1729,10:43.9,
882,2025-04-20 23:10:33.997635+00,7857.5,63.88,1728,10:32.3,
881,2025-04-20 23:10:22.412759+00,7483.75,63.64,1727,10:20.7,
880,2025-04-20 23:10:10.784241+00,7613.75,63.76,1726,10:09.1,
879,2025-04-20 23:09:59.192813+00,7520,63.76,1725,09:57.5,
878,2025-04-20 23:09:47.583411+00,7838.75,63.88,1724,09:45.9,
877,2025-04-20 23:09:35.973082+00,7802.5,63.88,1723,09:34.3,
876,2025-04-20 23:09:24.366924+00,8107.5,63.88,1722,09:22.7,
875,2025-04-20 23:09:12.773078+00,7488.75,63.64,1721,09:11.1,
874,2025-04-20 23:09:01.151771+00,7732.5,63.76,1720,08:59.5,
873,2025-04-20 23:08:49.52405+00,8125,63.88,1719,08:47.8,
872,2025-04-20 23:08:37.882225+00,6997.5,63.76,1718,08:36.2,
871,2025-04-20 23:08:26.285632+00,7390,63.76,1717,08:24.6,
870,2025-04-20 23:08:14.656234+00,7502.5,63.88,1716,08:13.0,
869,2025-04-20 23:08:03.083389+00,7936.25,64,1715,08:01.4,
868,2025-04-20 23:07:51.483498+00,7906.25,63.88,1714,07:49.8,
867,2025-04-20 23:07:39.880877+00,7965,63.64,1713,07:38.2,
866,2025-04-20 23:07:28.289065+00,7661.25,63.64,1712,07:26.6,
865,2025-04-20 23:07:16.670788+00,7145,63.52,1711,07:15.0,
864,2025-04-20 23:07:05.016621+00,7991.25,63.64,1710,07:03.4,
863,2025-04-20 23:06:53.439144+00,7796.25,63.76,1709,06:51.7,
862,2025-04-20 23:06:41.792112+00,7761.25,63.27,1708,06:40.1,
861,2025-04-20 23:06:30.209491+00,7820,63.64,1707,06:28.5,
860,2025-04-20 23:06:18.608497+00,7470,63.52,1706,06:17.0,
859,2025-04-20 23:06:07.025798+00,7863.75,63.76,1705,06:05.4,
858,2025-04-20 23:05:55.420512+00,7663.75,63.76,1704,05:53.8,
857,2025-04-20 23:05:43.83172+00,7771.25,63.88,1703,05:42.1,
856,2025-04-20 23:05:32.216862+00,7758.75,63.64,1702,05:30.5,
855,2025-04-20 23:05:20.563317+00,7765,63.64,1701,05:18.8,
854,2025-04-20 23:05:08.900664+00,7820,64,1700,05:07.3,
853,2025-04-20 23:04:57.332443+00,7696.25,63.76,1699,04:55.7,
852,2025-04-20 23:04:45.739737+00,8081.25,63.39,1698,04:44.1,
851,2025-04-20 23:04:34.123+00,7740,63.52,1697,04:32.5,
850,2025-04-20 23:04:22.526083+00,7903.75,63.88,1696,04:20.9,
849,2025-04-20 23:04:10.932503+00,7787.5,63.76,1695,04:09.3,
848,2025-04-20 23:03:59.322258+00,7775,63.39,1694,03:57.6,
847,2025-04-20 23:03:47.70696+00,7422.5,63.52,1693,03:46.0,
846,2025-04-20 23:03:36.090432+00,7951.25,63.52,1692,03:34.3,
845,2025-04-20 23:03:24.399303+00,7471.25,63.27,1691,03:22.7,
844,2025-04-20 23:03:12.81403+00,7755,63.39,1690,03:11.1,
843,2025-04-20 23:03:01.145556+00,7707.5,63.64,1689,02:59.5,
842,2025-04-20 23:02:49.556887+00,7801.25,63.76,1688,02:47.9,
841,2025-04-20 23:02:37.95936+00,7342.5,63.27,1687,02:36.3,
840,2025-04-20 23:02:26.380819+00,7977.5,63.39,1686,02:24.7,
839,2025-04-20 23:02:14.771985+00,7638.75,63.39,1685,02:13.1,
838,2025-04-20 23:02:03.164538+00,7480,63.52,1684,02:01.5,
837,2025-04-20 23:01:51.563642+00,7582.5,63.27,1683,01:49.9,
836,2025-04-20 23:01:39.951476+00,7953.75,63.15,1682,01:38.3,
835,2025-04-20 23:01:28.338814+00,7800,63.52,1681,01:26.7,
834,2025-04-20 23:01:16.730383+00,7402.5,63.39,1680,01:15.1,
833,2025-04-20 23:01:05.120906+00,7546.25,62.79,1679,01:03.4,
832,2025-04-20 23:00:53.512211+00,7655,62.55,1678,00:51.9,
831,2025-04-20 23:00:41.938987+00,7261.25,62.3,1677,00:40.3,
830,2025-04-20 23:00:30.332889+00,7330,62.3,1676,00:28.7,
829,2025-04-20 23:00:18.745594+00,7218.75,62.67,1675,00:17.1,
828,2025-04-20 23:00:07.131353+00,7727.5,62.18,1674,00:05.5,
827,2025-04-20 22:59:55.532264+00,7588.75,62.55,1673,59:53.8,
826,2025-04-20 22:59:43.908177+00,7248.75,62.67,1672,59:42.2,
825,2025-04-20 22:59:32.297863+00,7485,62.55,1671,59:30.6,
824,2025-04-20 22:59:20.697519+00,7145,62.18,1670,59:17.4,
823,2025-04-20 22:59:07.482171+00,7411.25,62.3,1669,59:05.8,
822,2025-04-20 22:58:55.820938+00,7522.5,62.3,1668,58:54.1,
821,2025-04-20 22:58:44.163202+00,7645,62.67,1667,58:42.4,
820,2025-04-20 22:58:32.426045+00,7500,62.55,1666,58:30.7,
819,2025-04-20 22:58:20.762674+00,7573.75,62.42,1665,58:19.1,
818,2025-04-20 22:58:08.902759+00,7293.75,62.67,1664,58:07.0,
817,2025-04-20 22:57:57.029861+00,7497.5,62.91,1663,57:55.4,
816,2025-04-20 22:57:45.448387+00,7616.25,62.67,1662,57:43.5,
815,2025-04-20 22:57:33.591+00,7235,62.79,1661,57:31.9,
814,2025-04-20 22:57:21.972465+00,7533.75,62.91,1660,57:20.3,
813,2025-04-20 22:57:10.343709+00,7370,62.79,1659,57:08.7,
812,2025-04-20 22:56:58.724844+00,7507.5,63.03,1658,56:57.0,
811,2025-04-20 22:56:47.076533+00,7783.75,62.79,1657,56:45.4,
810,2025-04-20 22:56:35.436478+00,7610,62.67,1656,56:33.7,
809,2025-04-20 22:56:23.743728+00,7610,62.79,1655,56:22.1,
808,2025-04-20 22:56:12.131175+00,7465,62.79,1654,56:10.4,
807,2025-04-20 22:56:00.509793+00,7518.75,62.91,1653,55:58.8,
806,2025-04-20 22:55:48.828157+00,7276.25,63.03,1652,55:47.1,
805,2025-04-20 22:55:37.210642+00,7303.75,62.79,1651,55:35.5,
804,2025-04-20 22:55:25.585927+00,7561.25,63.15,1650,55:23.9,
803,2025-04-20 22:55:13.986331+00,7870,63.03,1649,55:12.3,
802,2025-04-20 22:55:02.378321+00,7873.75,63.39,1648,55:00.6,
801,2025-04-20 22:54:50.629942+00,7297.5,63.52,1647,54:48.9,
800,2025-04-20 22:54:38.93734+00,7217.5,63.39,1646,54:37.3,
799,2025-04-20 22:54:27.319851+00,7326.25,63.39,1645,54:25.6,
798,2025-04-20 22:54:15.695336+00,7300,63.88,1644,54:14.0,
797,2025-04-20 22:54:04.09739+00,7332.5,63.76,1643,54:02.4,
796,2025-04-20 22:53:52.468609+00,7462.5,63.88,1642,53:50.8,
795,2025-04-20 22:53:40.84214+00,7152.5,63.76,1641,53:38.2,
794,2025-04-20 22:53:28.238118+00,7301.25,64,1640,53:26.6,
793,2025-04-20 22:53:16.617024+00,7146.25,63.88,1639,53:14.9,
792,2025-04-20 22:53:05.015173+00,7250,63.76,1638,53:03.4,
791,2025-04-20 22:52:53.438996+00,7407.5,63.88,1637,52:51.7,
790,2025-04-20 22:52:41.784872+00,7628.75,63.27,1636,52:40.1,
789,2025-04-20 22:52:30.182945+00,7542.5,62.91,1635,52:28.5,
788,2025-04-20 22:52:18.582996+00,7573.75,63.03,1634,52:16.9,
787,2025-04-20 22:52:06.965439+00,7703.75,63.15,1633,52:05.2,
786,2025-04-20 22:51:55.303979+00,7446.25,63.03,1632,51:53.6,
785,2025-04-20 22:51:43.66228+00,7610,63.03,1631,51:42.0,
784,2025-04-20 22:51:32.035228+00,7776.25,63.15,1630,51:30.4,
783,2025-04-20 22:51:20.458693+00,7700,62.91,1629,51:18.8,
782,2025-04-20 22:51:08.846779+00,7658.75,62.91,1628,51:07.1,
781,2025-04-20 22:50:57.201402+00,7626.25,63.15,1627,50:53.9,
780,2025-04-20 22:50:43.956811+00,7672.5,63.15,1626,50:42.3,
779,2025-04-20 22:50:32.345111+00,7661.25,63.52,1625,50:30.7,
778,2025-04-20 22:50:20.731909+00,7802.5,63.39,1624,50:19.0,
777,2025-04-20 22:50:09.085916+00,7488.75,63.15,1623,50:07.4,
776,2025-04-20 22:49:57.462285+00,7553.75,63.15,1622,49:55.8,
775,2025-04-20 22:49:45.862281+00,7640,63.39,1621,49:44.2,
774,2025-04-20 22:49:34.223048+00,7771.25,63.39,1620,49:32.4,
773,2025-04-20 22:49:22.502257+00,7780,63.03,1619,49:20.8,
772,2025-04-20 22:49:10.862354+00,7840,63.27,1618,49:09.1,
771,2025-04-20 22:48:59.17644+00,7728.75,63.39,1617,48:57.5,
770,2025-04-20 22:48:47.566818+00,7815,63.52,1616,48:45.9,
769,2025-04-20 22:48:35.960676+00,7516.25,63.27,1615,48:34.3,
768,2025-04-20 22:48:24.340858+00,7890,63.39,1614,48:22.6,
767,2025-04-20 22:48:12.622296+00,7558.75,63.27,1613,48:10.7,
766,2025-04-20 22:48:00.814634+00,7515,63.39,1612,47:59.2,
765,2025-04-20 22:47:49.231637+00,7691.25,63.52,1611,47:47.6,
764,2025-04-20 22:47:37.635153+00,7745,63.39,1610,47:35.9,
763,2025-04-20 22:47:26.008524+00,7737.5,63.15,1609,47:24.3,
762,2025-04-20 22:47:14.382336+00,7748.75,63.03,1608,47:12.7,
761,2025-04-20 22:47:02.746797+00,7551.25,63.27,1607,47:01.1,
760,2025-04-20 22:46:51.126071+00,7858.75,63.27,1606,46:49.5,
759,2025-04-20 22:46:39.541401+00,7542.5,63.27,1605,46:37.9,
758,2025-04-20 22:46:27.959042+00,7405,63.27,1604,46:26.3,
757,2025-04-20 22:46:16.348575+00,7427.5,63.39,1603,46:13.4,
756,2025-04-20 22:46:03.477928+00,7653.75,63.39,1602,46:01.8,
755,2025-04-20 22:45:51.822331+00,7745,63.03,1601,45:50.2,
754,2025-04-20 22:45:40.193728+00,7607.5,63.27,1600,45:38.5,
753,2025-04-20 22:45:28.560056+00,7727.5,63.27,1599,45:26.9,
752,2025-04-20 22:45:16.946816+00,7788.75,63.27,1598,45:15.2,
751,2025-04-20 22:45:05.212109+00,7513.75,63.27,1597,45:03.5,
750,2025-04-20 22:44:53.566129+00,7403.75,63.27,1596,44:51.9,
749,2025-04-20 22:44:41.963563+00,7800,63.39,1595,44:40.3,
748,2025-04-20 22:44:30.366953+00,7701.25,63.27,1594,44:28.7,
747,2025-04-20 22:44:18.779695+00,7667.5,63.15,1593,44:17.1,
746,2025-04-20 22:44:07.194201+00,7246.25,63.15,1592,44:04.8,
745,2025-04-20 22:43:54.887838+00,7558.75,63.27,1591,43:53.2,
744,2025-04-20 22:43:43.278625+00,7375,63.15,1590,43:41.6,
743,2025-04-20 22:43:31.631393+00,7703.75,63.15,1589,43:28.2,
742,2025-04-20 22:43:18.234622+00,7831.25,63.52,1588,43:16.5,
741,2025-04-20 22:43:06.534492+00,7710,63.39,1587,43:04.8,
740,2025-04-20 22:42:54.810588+00,7677.5,63.27,1586,42:53.1,
739,2025-04-20 22:42:43.181747+00,7623.75,63.39,1585,42:41.4,
738,2025-04-20 22:42:31.492975+00,7706.25,63.52,1584,42:29.8,
737,2025-04-20 22:42:19.868282+00,7775,63.27,1583,42:18.2,
736,2025-04-20 22:42:08.293771+00,7793.75,63.52,1582,42:06.6,
735,2025-04-20 22:41:56.703333+00,7772.5,63.39,1581,41:55.1,
734,2025-04-20 22:41:45.13045+00,7605,63.15,1580,41:43.5,
733,2025-04-20 22:41:33.529049+00,7530,63.27,1579,41:31.8,
732,2025-04-20 22:41:21.871761+00,7641.25,63.52,1578,41:20.2,
731,2025-04-20 22:41:10.213889+00,7486.25,63.27,1577,41:08.5,
730,2025-04-20 22:40:58.545468+00,7535,63.27,1576,40:56.9,
729,2025-04-20 22:40:46.956236+00,7757.5,63.27,1575,40:45.1,
728,2025-04-20 22:40:35.184521+00,7605,63.39,1574,40:31.9,
727,2025-04-20 22:40:21.913374+00,7587.5,63.27,1573,40:20.3,
726,2025-04-20 22:40:10.312359+00,7818.75,63.27,1572,40:08.7,
725,2025-04-20 22:39:58.723621+00,7728.75,63.39,1571,39:57.1,
724,2025-04-20 22:39:47.125897+00,7501.25,63.52,1570,39:45.5,
723,2025-04-20 22:39:35.547097+00,7775,63.27,1569,39:33.9,
722,2025-04-20 22:39:23.928675+00,7600,63.39,1568,39:22.2,
721,2025-04-20 22:39:12.283928+00,7735,63.27,1567,39:08.6,
720,2025-04-20 22:38:58.653291+00,7526.25,63.27,1566,38:57.0,
719,2025-04-20 22:38:47.068417+00,7607.5,63.52,1565,38:45.4,
718,2025-04-20 22:38:35.419423+00,7450,63.76,1564,38:33.7,
717,2025-04-20 22:38:23.75241+00,7555,63.76,1563,38:21.9,
716,2025-04-20 22:38:11.982556+00,7483.75,63.76,1562,38:10.3,
715,2025-04-20 22:38:00.351759+00,7401.25,63.64,1561,37:58.7,
714,2025-04-20 22:37:48.761527+00,7363.75,63.64,1560,37:47.1,
713,2025-04-20 22:37:37.174652+00,7475,63.64,1559,37:35.5,
712,2025-04-20 22:37:25.581017+00,7358.75,63.52,1558,37:23.9,
711,2025-04-20 22:37:13.968661+00,7616.25,63.52,1557,37:12.3,
710,2025-04-20 22:37:02.358089+00,7187.5,63.39,1556,37:00.7,
709,2025-04-20 22:36:50.725292+00,7631.25,63.39,1555,36:49.0,
708,2025-04-20 22:36:39.086596+00,7415,63.39,1554,36:37.4,
707,2025-04-20 22:36:27.483356+00,7516.25,63.64,1553,36:25.8,
706,2025-04-20 22:36:15.868989+00,7727.5,63.64,1552,36:13.8,
705,2025-04-20 22:36:03.840827+00,7622.5,63.76,1551,36:02.1,
704,2025-04-20 22:35:52.160337+00,7236.25,63.76,1550,35:50.5,
703,2025-04-20 22:35:40.570869+00,7357.5,63.76,1549,35:38.9,
702,2025-04-20 22:35:28.981345+00,7301.25,63.88,1548,35:27.4,
701,2025-04-20 22:35:17.419987+00,7451.25,63.64,1547,35:15.7,
700,2025-04-20 22:35:05.797656+00,7403.75,64,1546,35:04.1,
699,2025-04-20 22:34:54.173871+00,7268.75,64,1545,34:51.0,
698,2025-04-20 22:34:41.067259+00,7416.25,63.76,1544,34:39.4,
697,2025-04-20 22:34:29.43528+00,7405,63.88,1543,34:27.8,
696,2025-04-20 22:34:17.830886+00,7451.25,63.88,1542,34:16.2,
695,2025-04-20 22:34:06.221828+00,7492.5,63.64,1541,34:04.2,
694,2025-04-20 22:33:54.272992+00,7513.75,63.39,1540,33:52.6,
693,2025-04-20 22:33:42.653551+00,7421.25,63.52,1539,33:41.0,
692,2025-04-20 22:33:31.04859+00,7575,63.39,1538,33:27.7,
691,2025-04-20 22:33:17.790677+00,7640,63.27,1537,33:16.1,
690,2025-04-20 22:33:06.106515+00,7231.25,63.52,1536,33:04.1,
689,2025-04-20 22:32:54.16577+00,7373.75,63.76,1535,32:52.4,
688,2025-04-20 22:32:42.406571+00,7293.75,63.39,1534,32:40.8,
687,2025-04-20 22:32:30.829327+00,7460,63.76,1533,32:29.2,
686,2025-04-20 22:32:19.227042+00,7392.5,63.39,1532,32:16.4,
685,2025-04-20 22:32:06.479429+00,7408.75,63.52,1531,32:04.8,
684,2025-04-20 22:31:54.892275+00,7563.75,63.52,1530,31:53.2,
683,2025-04-20 22:31:43.113743+00,7273.75,63.52,1529,31:41.5,
682,2025-04-20 22:31:31.504722+00,7607.5,63.52,1528,31:29.9,
681,2025-04-20 22:31:19.917217+00,7237.5,63.52,1527,31:18.3,
680,2025-04-20 22:31:08.301161+00,7296.25,63.27,1526,31:06.4,
679,2025-04-20 22:30:56.474503+00,7296.25,62.58,1525,30:54.8,
678,2025-04-20 22:30:44.877364+00,7368.75,63.52,1524,30:43.1,
677,2025-04-20 22:30:33.176414+00,7338.75,63.39,1523,30:31.5,
676,2025-04-20 22:30:21.577009+00,7485,63.15,1522,30:19.9,
675,2025-04-20 22:30:09.947414+00,7326.25,62.91,1521,30:08.3,
674,2025-04-20 22:29:58.342272+00,7631.25,62.91,1520,29:56.7,
673,2025-04-20 22:29:46.728677+00,7711.25,62.79,1519,29:45.0,
672,2025-04-20 22:29:35.08998+00,7291.25,62.67,1518,29:33.4,
671,2025-04-20 22:29:23.461456+00,7615,62.67,1517,29:21.8,
670,2025-04-20 22:29:11.876616+00,7527.5,62.55,1516,29:10.2,
669,2025-04-20 22:29:00.274929+00,7626.25,62.55,1515,28:58.5,
668,2025-04-20 22:28:48.531208+00,7530,62.42,1514,28:46.9,
667,2025-04-20 22:28:36.936826+00,7242.5,62.67,1513,28:35.3,
666,2025-04-20 22:28:25.33079+00,7720,62.67,1512,28:23.7,
665,2025-04-20 22:28:13.740561+00,7715,62.79,1511,28:12.1,
664,2025-04-20 22:28:02.126032+00,7270,62.55,1510,28:00.5,
663,2025-04-20 22:27:50.523052+00,7566.25,62.42,1509,27:48.9,
662,2025-04-20 22:27:38.906945+00,7282.5,62.55,1508,27:37.1,
661,2025-04-20 22:27:27.127454+00,7613.75,62.67,1507,27:25.5,
660,2025-04-20 22:27:15.513461+00,7616.25,62.67,1506,27:13.8,
659,2025-04-20 22:27:03.836325+00,7681.25,62.67,1505,27:02.2,
658,2025-04-20 22:26:52.199861+00,7568.75,62.79,1504,26:50.6,
657,2025-04-20 22:26:40.606172+00,7467.5,62.67,1503,26:38.9,
656,2025-04-20 22:26:28.943145+00,7542.5,63.03,1502,26:27.3,
655,2025-04-20 22:26:17.333664+00,7645,63.15,1501,26:15.7,
654,2025-04-20 22:26:05.716616+00,7446.25,63.03,1500,26:04.0,
653,2025-04-20 22:25:54.033919+00,7807.5,63.03,1499,25:52.4,
652,2025-04-20 22:25:42.396437+00,7246.25,63.15,1498,25:40.7,
651,2025-04-20 22:25:30.738065+00,7636.25,63.03,1497,25:29.1,
650,2025-04-20 22:25:19.138479+00,7527.5,62.91,1496,25:17.5,
649,2025-04-20 22:25:07.503868+00,7462.5,63.15,1495,25:05.9,
648,2025-04-20 22:24:55.895059+00,7250,62.91,1494,24:54.3,
647,2025-04-20 22:24:44.300074+00,7482.5,62.67,1493,24:42.7,
646,2025-04-20 22:24:32.725268+00,7463.75,62.91,1492,24:31.1,
645,2025-04-20 22:24:21.100737+00,7186.25,62.91,1491,24:19.4,
644,2025-04-20 22:24:09.474293+00,7426.25,63.15,1490,24:07.8,
643,2025-04-20 22:23:57.845277+00,7707.5,62.91,1489,23:56.2,
642,2025-04-20 22:23:46.190796+00,7718.75,63.27,1488,23:44.5,
641,2025-04-20 22:23:34.550666+00,7623.75,62.91,1487,23:32.9,
640,2025-04-20 22:23:22.942768+00,7268.75,63.15,1486,23:21.2,
639,2025-04-20 22:23:11.241772+00,7572.5,62.91,1485,23:09.6,
638,2025-04-20 22:22:59.644464+00,7656.25,63.15,1484,22:58.1,
637,2025-04-20 22:22:48.064294+00,7508.75,63.27,1483,22:45.8,
636,2025-04-20 22:22:35.836569+00,7415,63.27,1482,22:34.2,
635,2025-04-20 22:22:24.232279+00,7702.5,63.03,1481,22:22.7,
634,2025-04-20 22:22:12.652468+00,7596.25,63.39,1480,22:11.0,
633,2025-04-20 22:22:01.033831+00,7558.75,63.27,1479,21:59.4,
632,2025-04-20 22:21:49.442078+00,7683.75,63.27,1478,21:47.8,
631,2025-04-20 22:21:37.802276+00,7546.25,63.64,1477,21:36.2,
630,2025-04-20 22:21:26.220752+00,7680,63.52,1476,21:24.6,
629,2025-04-20 22:21:14.603552+00,7703.75,63.76,1475,21:13.0,
628,2025-04-20 22:21:02.98623+00,7657.5,63.64,1474,21:01.4,
627,2025-04-20 22:20:51.365434+00,7796.25,63.64,1473,20:49.7,
626,2025-04-20 22:20:39.749975+00,7813.75,63.52,1472,20:38.1,
625,2025-04-20 22:20:28.123197+00,7652.5,63.64,1471,20:26.5,
624,2025-04-20 22:20:16.497572+00,7842.5,63.64,1470,20:14.9,
623,2025-04-20 22:20:04.879241+00,7837.5,63.88,1469,20:03.3,
622,2025-04-20 22:19:53.258454+00,7581.25,63.76,1468,19:51.6,
621,2025-04-20 22:19:41.58789+00,7616.25,63.64,1467,19:40.0,
620,2025-04-20 22:19:29.951566+00,7638.75,63.52,1466,19:28.3,
619,2025-04-20 22:19:18.266068+00,7662.5,63.64,1465,19:16.7,
618,2025-04-20 22:19:06.677143+00,7645,63.64,1464,19:02.3,
617,2025-04-20 22:18:52.313335+00,7938.75,63.88,1463,18:50.6,
616,2025-04-20 22:18:40.614076+00,7876.25,63.76,1462,18:39.0,
615,2025-04-20 22:18:28.974794+00,7491.25,63.76,1461,18:27.4,
614,2025-04-20 22:18:17.360094+00,7473.75,63.88,1460,18:15.7,
613,2025-04-20 22:18:05.353232+00,7658.75,63.76,1459,18:03.5,
612,2025-04-20 22:17:53.55134+00,7698.75,63.88,1458,17:51.9,
611,2025-04-20 22:17:41.888055+00,7726.25,63.76,1457,17:40.2,
610,2025-04-20 22:17:30.120697+00,7742.5,63.9,1456,17:28.4,
609,2025-04-20 22:17:18.376219+00,7480,63.88,1455,17:16.8,
608,2025-04-20 22:17:06.737238+00,7640,63.88,1454,17:05.1,
607,2025-04-20 22:16:55.143034+00,7520,64,1453,16:53.4,
606,2025-04-20 22:16:43.396391+00,7398.75,64,1452,16:41.8,
605,2025-04-20 22:16:31.659882+00,7405,63.64,1451,16:30.0,
604,2025-04-20 22:16:20.036173+00,7898.75,63.64,1450,16:18.4,
603,2025-04-20 22:16:08.385139+00,7801.25,63.88,1449,16:06.8,
602,2025-04-20 22:15:56.773529+00,7723.75,63.76,1448,15:55.2,
601,2025-04-20 22:15:45.187975+00,7515,63.76,1447,15:43.5,
600,2025-04-20 22:15:33.50445+00,7435,63.76,1446,15:31.9,
599,2025-04-20 22:15:21.913601+00,7657.5,63.64,1445,15:20.3,
598,2025-04-20 22:15:10.25073+00,7605,63.64,1444,15:08.6,
597,2025-04-20 22:14:58.589456+00,7688.75,63.64,1443,14:57.0,
596,2025-04-20 22:14:46.966187+00,7821.25,64.12,1442,14:45.0,
595,2025-04-20 22:14:34.993249+00,7623.75,63.76,1441,14:33.4,
594,2025-04-20 22:14:23.353263+00,7398.75,63.88,1440,14:21.5,
593,2025-04-20 22:14:11.492811+00,7491.25,63.88,1439,14:09.9,
592,2025-04-20 22:13:59.874804+00,7876.25,63.52,1438,13:57.1,
591,2025-04-20 22:13:47.107386+00,7433.75,63.52,1437,13:45.5,
590,2025-04-20 22:13:35.498939+00,7552.5,63.27,1436,13:31.6,
589,2025-04-20 22:13:21.650515+00,7606.25,63.39,1435,13:19.1,
588,2025-04-20 22:13:09.07027+00,7665,63.76,1434,13:07.5,
587,2025-04-20 22:12:57.454487+00,7876.25,64.85,1433,12:55.5,
586,2025-04-20 22:12:45.546735+00,7600,64,1432,12:43.9,
585,2025-04-20 22:12:33.912799+00,7636.25,63.76,1431,12:32.3,
584,2025-04-20 22:12:22.304245+00,7692.5,63.76,1430,12:20.7,
583,2025-04-20 22:12:10.694999+00,7651.25,63.88,1429,12:09.1,
582,2025-04-20 22:11:59.078551+00,7445,63.9,1428,11:57.5,
581,2025-04-20 22:11:47.484777+00,7650,64,1427,11:45.9,
580,2025-04-20 22:11:35.843872+00,7192.5,63.76,1426,11:34.2,
579,2025-04-20 22:11:24.188342+00,7688.75,63.88,1425,11:22.6,
578,2025-04-20 22:11:12.580698+00,7782.5,64.24,1424,11:09.4,
577,2025-04-20 22:10:59.408194+00,7442.5,64.12,1423,10:57.8,
576,2025-04-20 22:10:47.800151+00,7453.75,63.88,1422,10:46.2,
575,2025-04-20 22:10:36.214917+00,7507.5,63.76,1421,10:34.6,
574,2025-04-20 22:10:24.451326+00,7510,63.64,1420,10:22.8,
573,2025-04-20 22:10:12.83174+00,7516.25,63.88,1419,10:11.1,
572,2025-04-20 22:10:01.045938+00,7426.25,63.76,1418,09:59.4,
571,2025-04-20 22:09:49.432618+00,7563.75,63.88,1417,09:47.8,
570,2025-04-20 22:09:37.79411+00,7386.25,63.88,1416,09:36.2,
569,2025-04-20 22:09:26.198524+00,7905,64.12,1415,09:24.6,
568,2025-04-20 22:09:14.608814+00,7731.25,64,1414,09:13.0,
567,2025-04-20 22:09:02.981596+00,7700,64,1413,09:01.3,
566,2025-04-20 22:08:51.302342+00,7296.25,63.88,1412,08:49.7,
565,2025-04-20 22:08:39.693471+00,7610,63.88,1411,08:37.1,
564,2025-04-20 22:08:27.062169+00,7740,63.76,1410,08:25.5,
563,2025-04-20 22:08:15.369753+00,7807.5,64,1409,08:13.8,
562,2025-04-20 22:08:03.785511+00,7646.25,63.64,1408,08:02.2,
561,2025-04-20 22:07:52.158771+00,7830,64,1407,07:50.5,
560,2025-04-20 22:07:40.543392+00,7907.5,64.12,1406,07:37.4,
559,2025-04-20 22:07:27.41561+00,7991.25,64,1405,07:25.8,
558,2025-04-20 22:07:15.782803+00,7743.75,64.24,1404,07:14.2,
557,2025-04-20 22:07:04.188423+00,7840,64,1403,07:02.5,
556,2025-04-20 22:06:52.525806+00,7482.5,64.24,1402,06:50.9,
555,2025-04-20 22:06:40.936308+00,7796.25,64.36,1401,06:39.3,
554,2025-04-20 22:06:29.33106+00,7603.75,64.12,1400,06:27.6,
553,2025-04-20 22:06:17.55066+00,7926.25,64.24,1399,06:15.9,
552,2025-04-20 22:06:05.903086+00,7668.75,64.36,1398,06:04.3,
551,2025-04-20 22:05:54.29347+00,7758.75,64.12,1397,05:52.7,
550,2025-04-20 22:05:42.722023+00,7558.75,63.88,1396,05:41.0,
549,2025-04-20 22:05:31.010345+00,7778.75,64.24,1395,05:29.4,
548,2025-04-20 22:05:19.415977+00,7568.75,64.24,1394,05:17.8,
547,2025-04-20 22:05:07.82065+00,7542.5,64,1393,05:06.2,
546,2025-04-20 22:04:56.200381+00,7636.25,64,1392,04:54.6,
545,2025-04-20 22:04:44.582474+00,7820,64,1391,04:43.0,
544,2025-04-20 22:04:32.973992+00,7591.25,63.88,1390,04:31.3,
543,2025-04-20 22:04:21.308605+00,7597.5,63.88,1389,04:19.6,
542,2025-04-20 22:04:09.600818+00,7727.5,64,1388,04:08.0,
541,2025-04-20 22:03:57.986148+00,7251.25,63.52,1387,03:56.4,
540,2025-04-20 22:03:46.386489+00,7881.25,63.76,1386,03:44.8,
539,2025-04-20 22:03:34.773493+00,7202.5,63.52,1385,03:33.1,
538,2025-04-20 22:03:23.084256+00,7465,63.64,1384,03:21.5,
537,2025-04-20 22:03:11.488147+00,7593.75,63.39,1383,03:09.9,
536,2025-04-20 22:02:59.89659+00,7546.25,63.39,1382,02:58.3,
535,2025-04-20 22:02:48.287764+00,7703.75,62.3,1381,02:46.7,
534,2025-04-20 22:02:36.701395+00,8136.25,62.18,1380,02:35.0,
533,2025-04-20 22:02:24.998178+00,7457.5,61.82,1379,02:23.4,
532,2025-04-20 22:02:13.376609+00,7707.5,61.7,1378,02:11.7,
531,2025-04-20 22:02:01.743607+00,7873.75,61.82,1377,02:00.1,
530,2025-04-20 22:01:50.105686+00,7766.25,62.06,1376,01:48.5,
529,2025-04-20 22:01:38.51849+00,7710,62.06,1375,01:36.8,
528,2025-04-20 22:01:26.772013+00,7715,62.06,1374,01:25.2,
527,2025-04-20 22:01:15.166224+00,7765,62.06,1373,01:13.6,
526,2025-04-20 22:01:03.592331+00,7746.25,62.06,1372,01:02.0,
525,2025-04-20 22:00:51.974557+00,7738.75,62.06,1371,00:50.3,
524,2025-04-20 22:00:40.306454+00,7965,62.18,1370,00:38.7,
523,2025-04-20 22:00:28.684161+00,8181.25,62.06,1369,00:27.1,
522,2025-04-20 22:00:17.105282+00,7616.25,62.06,1368,00:15.5,
521,2025-04-20 22:00:05.457015+00,7892.5,61.98,1367,00:03.9,
520,2025-04-20 21:59:53.87432+00,7526.25,62.18,1366,59:52.3,
519,2025-04-20 21:59:42.280403+00,8098.75,62.18,1365,59:40.7,
518,2025-04-20 21:59:30.710717+00,7930,62.06,1364,59:29.2,
517,2025-04-20 21:59:19.137747+00,7915,62.18,1363,59:17.5,
516,2025-04-20 21:59:07.528527+00,7792.5,62.06,1362,59:05.8,
515,2025-04-20 21:58:55.826447+00,7778.75,61.94,1361,58:54.2,
514,2025-04-20 21:58:44.223542+00,7800,62.06,1360,58:42.6,
513,2025-04-20 21:58:32.635426+00,7732.5,62.67,1359,58:31.0,
512,2025-04-20 21:58:21.039667+00,7916.25,62.67,1358,58:19.5,
511,2025-04-20 21:58:09.454174+00,7766.25,63.03,1357,58:07.9,
510,2025-04-20 21:57:57.843911+00,7727.5,63.03,1356,57:56.2,
509,2025-04-20 21:57:46.235376+00,7548.75,63.03,1355,57:44.7,
508,2025-04-20 21:57:34.637995+00,7522.5,62.3,1354,57:33.0,
507,2025-04-20 21:57:23.030661+00,7536.25,62.06,1353,57:21.3,
506,2025-04-20 21:57:11.323607+00,7631.25,62.18,1352,57:09.7,
505,2025-04-20 21:56:59.711133+00,7746.25,62.18,1351,56:58.1,
504,2025-04-20 21:56:48.108396+00,7721.25,62.06,1350,56:46.5,
503,2025-04-20 21:56:36.522426+00,8180,61.94,1349,56:34.9,
502,2025-04-20 21:56:24.930664+00,7733.75,61.7,1348,56:23.3,
501,2025-04-20 21:56:13.329749+00,7850,61.94,1347,56:11.7,
500,2025-04-20 21:56:01.717968+00,7776.25,61.82,1346,56:00.1,
499,2025-04-20 21:55:50.107447+00,7445,61.94,1345,55:48.5,
498,2025-04-20 21:55:38.51402+00,7520,61.94,1344,55:36.8,
497,2025-04-20 21:55:26.820011+00,8087.5,61.94,1343,55:25.2,
496,2025-04-20 21:55:15.233648+00,7783.75,61.7,1342,55:13.6,
495,2025-04-20 21:55:03.610252+00,7780,61.7,1341,55:02.0,
494,2025-04-20 21:54:52.022719+00,8172.5,61.94,1340,54:50.4,
493,2025-04-20 21:54:40.427056+00,7710,61.94,1339,54:38.9,
492,2025-04-20 21:54:28.854433+00,7932.5,61.94,1338,54:27.3,
491,2025-04-20 21:54:17.031755+00,8181.25,61.7,1337,54:15.4,
490,2025-04-20 21:54:05.425508+00,8106.25,61.82,1336,54:03.8,
489,2025-04-20 21:53:53.812376+00,7821.25,61.82,1335,53:52.1,
488,2025-04-20 21:53:42.098991+00,7858.75,61.94,1334,53:40.5,
487,2025-04-20 21:53:30.401614+00,7780,61.94,1333,53:28.8,
486,2025-04-20 21:53:18.779837+00,7857.5,61.7,1332,53:17.2,
485,2025-04-20 21:53:07.174539+00,8098.75,61.82,1331,53:05.6,
484,2025-04-20 21:52:55.553824+00,7857.5,62.06,1330,52:53.9,
483,2025-04-20 21:52:43.915658+00,8135,61.7,1329,52:42.3,
482,2025-04-20 21:52:32.321168+00,8117.5,61.82,1328,52:30.7,
481,2025-04-20 21:52:20.705103+00,7932.5,62.06,1327,52:19.1,
480,2025-04-20 21:52:09.096825+00,7921.25,61.7,1326,52:07.2,
479,2025-04-20 21:51:57.150298+00,7987.5,61.82,1325,51:55.6,
478,2025-04-20 21:51:45.53942+00,7963.75,61.82,1324,51:44.0,
477,2025-04-20 21:51:33.941396+00,8203.75,61.94,1323,51:32.4,
476,2025-04-20 21:51:22.351644+00,7658.75,61.94,1322,51:20.8,
475,2025-04-20 21:51:10.742076+00,7786.25,62.06,1321,51:09.1,
474,2025-04-20 21:50:59.115922+00,7658.75,62.18,1320,50:57.5,
473,2025-04-20 21:50:47.527031+00,7920,62.06,1319,50:45.9,
472,2025-04-20 21:50:35.93289+00,7803.75,62.06,1318,50:34.3,
471,2025-04-20 21:50:24.296384+00,8063.75,62.06,1317,50:22.6,
470,2025-04-20 21:50:12.601298+00,8225,61.94,1316,50:11.0,
469,2025-04-20 21:50:00.98789+00,8227.5,62.42,1315,49:59.4,
468,2025-04-20 21:49:49.377331+00,7851.25,62.18,1314,49:47.8,
467,2025-04-20 21:49:37.776269+00,7663.75,61.94,1313,49:36.2,
466,2025-04-20 21:49:26.181075+00,8203.75,62.06,1312,49:24.6,
465,2025-04-20 21:49:14.581676+00,7928.75,61.82,1311,49:13.0,
464,2025-04-20 21:49:02.948833+00,7762.5,61.94,1310,49:01.4,
463,2025-04-20 21:48:51.368197+00,8050,61.58,1309,48:49.8,
462,2025-04-20 21:48:39.772874+00,7971.25,60.97,1308,48:38.1,
461,2025-04-20 21:48:28.091808+00,7995,61.09,1307,48:26.5,
460,2025-04-20 21:48:16.507618+00,7620,61.21,1306,48:14.6,
459,2025-04-20 21:47:49.527916+00,7605,61.09,1304,47:47.9,
458,2025-04-20 21:47:37.899385+00,7803.75,61.45,1303,47:36.3,
457,2025-04-20 21:47:26.289053+00,7770,61.21,1302,47:24.7,
456,2025-04-20 21:47:14.695815+00,7916.25,60.97,1301,47:13.1,
455,2025-04-20 21:47:03.051988+00,7533.75,60.73,1300,47:01.5,
454,2025-04-20 21:46:51.432778+00,7390,60.48,1299,46:49.9,
453,2025-04-20 21:46:39.853654+00,7768.75,60.73,1298,46:38.3,
452,2025-04-20 21:46:28.266569+00,7881.25,60.85,1297,46:26.7,
451,2025-04-20 21:46:16.670123+00,7580,60.61,1296,46:15.1,
450,2025-04-20 21:46:05.082109+00,7890,60.73,1295,46:03.5,
449,2025-04-20 21:45:53.499516+00,7797.5,60.85,1294,45:51.9,
448,2025-04-20 21:45:41.831974+00,7860,60.73,1293,45:40.2,
447,2025-04-20 21:45:30.199787+00,7782.5,60.73,1292,45:28.6,
446,2025-04-20 21:45:18.592049+00,7838.75,60.36,1291,45:17.0,
445,2025-04-20 21:45:06.996412+00,7501.25,60,1290,45:05.4,
444,2025-04-20 21:44:55.414931+00,7876.25,60.12,1289,44:53.8,
443,2025-04-20 21:44:43.826452+00,7608.75,59.88,1288,44:42.2,
442,2025-04-20 21:44:32.204822+00,7711.25,59.88,1287,44:30.6,
441,2025-04-20 21:44:20.625613+00,7615,59.64,1286,44:19.0,
440,2025-04-20 21:44:09.003232+00,7545,59.64,1285,44:07.4,
439,2025-04-20 21:43:57.414876+00,7888.75,59.88,1284,43:55.8,
438,2025-04-20 21:43:45.785546+00,7601.25,59.88,1283,43:44.2,
437,2025-04-20 21:43:34.199636+00,7740,59.88,1282,43:32.6,
436,2025-04-20 21:43:22.620043+00,7948.75,59.76,1281,43:21.0,
435,2025-04-20 21:43:10.99287+00,7712.5,59.88,1280,43:09.4,
434,2025-04-20 21:42:59.392369+00,7503.75,59.52,1279,42:57.8,
433,2025-04-20 21:42:47.788556+00,7748.75,59.52,1278,42:46.2,
432,2025-04-20 21:42:36.209486+00,7578.75,59.64,1277,42:34.7,
431,2025-04-20 21:42:24.640808+00,7675,60,1276,42:23.1,
430,2025-04-20 21:42:13.01245+00,7477.5,60,1275,42:11.4,
429,2025-04-20 21:42:01.410207+00,7645,60.24,1274,41:59.8,
428,2025-04-20 21:41:49.78205+00,7483.75,60.12,1273,41:48.2,
427,2025-04-20 21:41:38.156014+00,7553.75,60.24,1272,41:36.6,
426,2025-04-20 21:41:26.577482+00,7995,60.48,1271,41:25.0,
425,2025-04-20 21:41:14.952719+00,7673.75,61.09,1270,41:13.4,
424,2025-04-20 21:41:03.365683+00,7897.5,60.73,1269,41:01.8,
423,2025-04-20 21:40:51.769562+00,7535,61.21,1268,40:50.2,
422,2025-04-20 21:40:40.135948+00,8101.25,61.09,1267,40:38.6,
421,2025-04-20 21:40:28.524962+00,7936.25,60.97,1266,40:26.9,
420,2025-04-20 21:40:16.891771+00,7482.5,61.09,1265,40:15.2,
419,2025-04-20 21:40:05.227851+00,7937.5,60.85,1264,40:03.7,
418,2025-04-20 21:39:53.634665+00,8286.25,60.85,1263,39:51.9,
417,2025-04-20 21:39:41.899179+00,8007.5,61.58,1262,39:40.3,
416,2025-04-20 21:39:30.268656+00,8105,61.33,1261,39:28.7,
415,2025-04-20 21:39:18.660424+00,7938.75,61.21,1260,39:17.1,
414,2025-04-20 21:39:07.039158+00,7771.25,61.21,1259,39:05.4,
413,2025-04-20 21:38:55.334843+00,8100,61.33,1258,38:53.8,
412,2025-04-20 21:38:43.735058+00,8285,61.09,1257,38:42.1,
411,2025-04-20 21:38:32.114447+00,8055,61.09,1256,38:30.5,
410,2025-04-20 21:38:20.529862+00,7991.25,61.09,1255,38:18.9,
409,2025-04-20 21:38:08.920747+00,7771.25,60.85,1254,38:07.3,
408,2025-04-20 21:37:57.283368+00,7965,60.97,1253,37:55.7,
407,2025-04-20 21:37:45.659505+00,7590,60.85,1252,37:44.1,
406,2025-04-20 21:37:34.065561+00,7865,60.97,1251,37:32.2,
405,2025-04-20 21:37:22.160947+00,7723.75,61.09,1250,37:20.6,
404,2025-04-20 21:37:10.557219+00,7795,61.09,1249,37:09.0,
403,2025-04-20 21:36:58.922138+00,7667.5,61.09,1248,36:57.3,
402,2025-04-20 21:36:47.268636+00,7645,61.09,1247,36:45.6,
401,2025-04-20 21:36:35.622852+00,7708.75,61.09,1246,36:34.1,
400,2025-04-20 21:36:23.981676+00,8070,61.09,1245,36:22.4,
399,2025-04-20 21:36:12.331097+00,8081.25,60.97,1244,36:10.7,
398,2025-04-20 21:36:00.715256+00,7878.75,61.21,1243,35:59.1,
397,2025-04-20 21:35:49.089096+00,8092.5,61.33,1242,35:47.5,
396,2025-04-20 21:35:37.472128+00,7978.75,60.97,1241,35:35.9,
395,2025-04-20 21:35:25.868393+00,7746.25,61.21,1240,35:24.2,
394,2025-04-20 21:35:14.225577+00,7873.75,61.33,1239,35:12.6,
393,2025-04-20 21:35:02.603436+00,7828.75,61.33,1238,35:01.0,
392,2025-04-20 21:34:50.980329+00,8103.75,61.33,1237,34:49.4,
391,2025-04-20 21:34:39.366067+00,8185,61.45,1236,34:37.8,
390,2025-04-20 21:34:27.75207+00,7707.5,61.21,1235,34:26.2,
389,2025-04-20 21:34:16.153728+00,7906.25,61.21,1234,34:14.2,
388,2025-04-20 21:34:04.167816+00,8006.25,61.21,1233,34:02.6,
387,2025-04-20 21:33:52.557462+00,7881.25,61.09,1232,33:51.0,
386,2025-04-20 21:33:40.915853+00,8121.25,61.33,1231,33:39.4,
385,2025-04-20 21:33:29.315802+00,8143.75,61.33,1230,33:27.8,
384,2025-04-20 21:33:17.72981+00,8112.5,61.21,1229,33:16.2,
383,2025-04-20 21:33:06.151247+00,7602.5,61.09,1228,33:04.6,
382,2025-04-20 21:32:54.546169+00,7898.75,61.45,1227,32:52.9,
381,2025-04-20 21:32:42.918664+00,7891.25,61.45,1226,32:41.3,
380,2025-04-20 21:32:31.310199+00,7927.5,61.7,1225,32:29.7,
379,2025-04-20 21:32:19.655155+00,8108.75,61.45,1224,32:17.1,
378,2025-04-20 21:32:07.041085+00,7678.75,61.7,1223,32:05.4,
377,2025-04-20 21:31:55.419248+00,7573.75,61.45,1222,31:53.8,
376,2025-04-20 21:31:43.809834+00,7781.25,61.45,1221,31:42.3,
375,2025-04-20 21:31:32.22381+00,7925,61.09,1220,31:30.6,
374,2025-04-20 21:31:20.618166+00,7860,61.45,1219,31:19.0,
373,2025-04-20 21:31:09.025016+00,8091.25,61.94,1218,31:07.5,
372,2025-04-20 21:30:57.441914+00,8000,61.33,1217,30:55.8,
371,2025-04-20 21:30:45.811879+00,8107.5,61.33,1216,30:44.3,
370,2025-04-20 21:30:34.2466+00,7855,61.45,1215,30:32.7,
369,2025-04-20 21:30:22.650508+00,7752.5,61.7,1214,30:21.0,
368,2025-04-20 21:30:11.010825+00,8007.5,61.45,1213,30:09.4,
367,2025-04-20 21:29:59.347451+00,8176.25,61.7,1212,29:57.8,
366,2025-04-20 21:29:47.729362+00,7880,61.82,1211,29:46.2,
365,2025-04-20 21:29:36.11864+00,8151.25,61.33,1210,29:34.5,
364,2025-04-20 21:29:24.496996+00,8003.75,61.94,1209,29:22.9,
363,2025-04-20 21:29:12.869523+00,7993.75,61.58,1208,29:11.3,
362,2025-04-20 21:29:01.256419+00,7985,61.33,1207,28:59.7,
361,2025-04-20 21:28:49.623994+00,7861.25,61.58,1206,28:48.0,
360,2025-04-20 21:28:37.995637+00,7821.25,61.45,1205,28:36.4,
359,2025-04-20 21:28:26.389505+00,8153.75,61.94,1204,28:24.8,
358,2025-04-20 21:28:14.782081+00,7927.5,61.82,1203,28:13.2,
357,2025-04-20 21:28:03.186542+00,7933.75,62.06,1202,28:01.6,
356,2025-04-20 21:27:51.595121+00,7807.5,61.94,1201,27:50.0,
355,2025-04-20 21:27:40.003132+00,7798.75,62.06,1200,27:38.4,
354,2025-04-20 21:27:28.392111+00,8133.75,61.7,1199,27:26.8,
353,2025-04-20 21:27:16.80426+00,8042.5,62.06,1198,27:15.2,
352,2025-04-20 21:27:05.171943+00,8343.75,61.82,1197,27:03.6,
351,2025-04-20 21:26:53.561073+00,7622.5,62.06,1196,26:52.0,
350,2025-04-20 21:26:41.958451+00,8055,61.82,1195,26:40.3,
349,2025-04-20 21:26:30.2909+00,7938.75,62.06,1194,26:28.7,
348,2025-04-20 21:26:18.67903+00,8113.75,61.94,1193,26:17.1,
347,2025-04-20 21:26:07.060099+00,8123.75,61.94,1192,26:05.5,
346,2025-04-20 21:25:55.459957+00,8318.75,62.06,1191,25:53.9,
345,2025-04-20 21:25:43.856287+00,7926.25,61.94,1190,25:42.3,
344,2025-04-20 21:25:32.258571+00,7978.75,62.18,1189,25:30.6,
343,2025-04-20 21:25:20.575459+00,7680,62.18,1188,25:19.0,
342,2025-04-20 21:25:08.994573+00,7892.5,61.94,1187,25:07.4,
341,2025-04-20 21:24:57.380657+00,8175,62.18,1186,24:55.8,
340,2025-04-20 21:24:45.779714+00,7997.5,62.67,1185,24:44.2,
339,2025-04-20 21:24:34.185059+00,8090,61.94,1184,24:32.6,
338,2025-04-20 21:24:22.552623+00,8162.5,62.3,1183,24:21.0,
337,2025-04-20 21:24:10.944269+00,8036.25,62.42,1182,24:09.3,
336,2025-04-20 21:23:59.212919+00,8053.75,62.42,1181,23:57.7,
335,2025-04-20 21:23:47.641742+00,8331.25,62.67,1180,23:46.1,
334,2025-04-20 21:23:36.042165+00,8161.25,62.42,1179,23:34.5,
333,2025-04-20 21:23:24.433869+00,8135,62.3,1178,23:22.9,
332,2025-04-20 21:23:12.829101+00,8358.75,62.3,1177,23:11.2,
331,2025-04-20 21:23:01.202173+00,7772.5,62.06,1176,22:59.5,
330,2025-04-20 21:22:49.615214+00,7675,62.06,1175,22:48.0,
329,2025-04-20 21:22:38.039912+00,7946.25,62.18,1174,22:36.4,
328,2025-04-20 21:22:26.4401+00,8007.5,61.94,1173,22:24.8,
327,2025-04-20 21:22:14.834562+00,8116.25,61.82,1172,22:13.1,
326,2025-04-20 21:22:03.214121+00,7940,61.82,1171,22:01.5,
325,2025-04-20 21:21:51.598831+00,8130,61.94,1170,21:50.0,
324,2025-04-20 21:21:40.033689+00,7972.5,61.82,1169,21:38.3,
323,2025-04-20 21:21:28.399181+00,8585,62.42,1168,21:26.7,
322,2025-04-20 21:21:16.784915+00,8036.25,62.06,1167,21:15.1,
321,2025-04-20 21:21:05.168215+00,7968.75,61.94,1166,21:03.5,
320,2025-04-20 21:20:53.56646+00,8090,61.82,1165,20:51.9,
319,2025-04-20 21:20:41.95916+00,8155,61.94,1164,20:40.3,
318,2025-04-20 21:20:30.363135+00,7952.5,61.82,1163,20:28.7,
317,2025-04-20 21:20:18.733402+00,7563.75,61.7,1162,20:17.1,
316,2025-04-20 21:20:07.130705+00,8051.25,61.82,1161,20:05.5,
315,2025-04-20 21:19:55.526157+00,8113.75,61.7,1160,19:53.8,
314,2025-04-20 21:19:43.900582+00,8181.25,61.7,1159,19:42.2,
313,2025-04-20 21:19:32.241346+00,8055,61.45,1158,19:30.6,
312,2025-04-20 21:19:20.660472+00,7933.75,62.06,1157,19:19.0,
311,2025-04-20 21:19:09.053861+00,8170,61.94,1156,19:07.4,
310,2025-04-20 21:18:57.470013+00,8262.5,62.06,1155,18:55.8,
309,2025-04-20 21:18:45.885728+00,8302.5,62.06,1154,18:44.2,
308,2025-04-20 21:18:34.293546+00,8071.25,62.3,1153,18:32.6,
307,2025-04-20 21:18:22.655167+00,8123.75,62.3,1152,18:21.0,
306,2025-04-20 21:18:11.068316+00,7955,62.18,1151,18:09.4,
305,2025-04-20 21:17:59.4775+00,8128.75,62.18,1150,17:57.8,
304,2025-04-20 21:17:47.890944+00,8173.75,62.3,1149,17:46.2,
303,2025-04-20 21:17:36.286259+00,7915,62.18,1148,17:34.6,
302,2025-04-20 21:17:24.674235+00,7908.75,62.06,1147,17:23.0,
301,2025-04-20 21:17:13.086478+00,8042.5,62.06,1146,17:11.4,
300,2025-04-20 21:17:01.474346+00,8205,62.06,1145,16:59.7,
299,2025-04-20 21:16:49.813826+00,7963.75,61.7,1144,16:48.2,
298,2025-04-20 21:16:38.226283+00,8218.75,61.82,1143,16:36.6,
297,2025-04-20 21:16:26.639114+00,8115,61.7,1142,16:25.0,
296,2025-04-20 21:16:15.05538+00,7688.75,61.82,1141,16:13.4,
295,2025-04-20 21:16:03.457589+00,8058.75,61.58,1140,16:01.7,
294,2025-04-20 21:15:51.81435+00,8143.75,62.1,1139,15:50.1,
293,2025-04-20 21:15:40.175329+00,8076.25,61.82,1138,15:38.5,
292,2025-04-20 21:15:28.527229+00,8105,61.58,1137,15:26.9,
291,2025-04-20 21:15:16.928765+00,7905,61.7,1136,15:15.3,
290,2025-04-20 21:15:05.337312+00,8058.75,61.82,1135,15:03.7,
289,2025-04-20 21:14:53.706762+00,7757.5,61.58,1134,14:52.0,
288,2025-04-20 21:14:42.109698+00,8035,61.7,1133,14:40.4,
287,2025-04-20 21:14:30.441225+00,7825,61.7,1132,14:28.8,
286,2025-04-20 21:14:18.856824+00,8358.75,61.58,1131,14:17.2,
285,2025-04-20 21:14:07.285425+00,7893.75,61.7,1130,14:05.6,
284,2025-04-20 21:13:55.658666+00,8013.75,61.7,1129,13:54.0,
283,2025-04-20 21:13:44.035117+00,7718.75,61.94,1128,13:42.3,
282,2025-04-20 21:13:32.386493+00,8128.75,61.94,1127,13:30.7,
281,2025-04-20 21:13:20.735791+00,7897.5,61.82,1126,13:19.1,
280,2025-04-20 21:13:09.142117+00,8156.25,61.82,1125,13:07.5,
279,2025-04-20 21:12:57.545029+00,8140,62.06,1124,12:55.9,
278,2025-04-20 21:12:29.444685+00,7736.25,61.94,1122,12:27.7,
277,2025-04-20 21:12:17.819791+00,8213.75,62.06,1121,12:16.2,
276,2025-04-20 21:12:06.227178+00,7900,61.82,1120,12:04.5,
275,2025-04-20 21:11:54.530141+00,7870,61.58,1119,11:52.7,
274,2025-04-20 21:11:42.768892+00,8317.5,61.82,1118,11:41.1,
273,2025-04-20 21:11:31.12258+00,8063.75,61.58,1117,11:29.4,
272,2025-04-20 21:11:19.510607+00,7896.25,61.7,1116,11:17.7,
271,2025-04-20 21:11:07.813518+00,8040,61.45,1115,11:06.1,
270,2025-04-20 21:10:56.192737+00,8078.75,61.45,1114,10:54.5,
269,2025-04-20 21:10:44.58887+00,8058.75,62.06,1113,10:42.9,
268,2025-04-20 21:10:32.964665+00,8175,61.7,1112,10:31.3,
267,2025-04-20 21:10:21.370757+00,7800,61.58,1111,10:19.7,
266,2025-04-20 21:10:09.769448+00,7706.25,61.7,1110,10:08.1,
265,2025-04-20 21:09:58.156164+00,7802.5,61.58,1109,09:56.5,
264,2025-04-20 21:09:46.509927+00,8130,61.58,1108,09:44.9,
263,2025-04-20 21:09:34.92212+00,8063.75,61.58,1107,09:33.3,
262,2025-04-20 21:09:23.326375+00,7930,61.45,1106,09:21.7,
261,2025-04-20 21:09:11.731497+00,8148.75,61.45,1105,09:10.1,
260,2025-04-20 21:09:00.131632+00,7955,61.45,1104,08:56.5,
259,2025-04-20 21:08:46.601596+00,8285,61.7,1103,08:44.9,
258,2025-04-20 21:08:35.009447+00,8155,61.33,1102,08:33.3,
257,2025-04-20 21:08:23.34523+00,7846.25,61.7,1101,08:21.7,
256,2025-04-20 21:08:11.748584+00,8003.75,61.7,1100,08:10.1,
255,2025-04-20 21:08:00.125256+00,8286.25,61.7,1099,07:56.8,
254,2025-04-20 21:07:46.750747+00,7938.75,61.58,1098,07:45.0,
253,2025-04-20 21:07:35.097875+00,7930,61.58,1097,07:33.4,
252,2025-04-20 21:07:23.488069+00,8110,61.7,1096,07:21.9,
251,2025-04-20 21:07:11.920727+00,8002.5,61.21,1095,07:10.2,
250,2025-04-20 21:07:00.293244+00,8086.25,61.82,1094,06:58.6,
249,2025-04-20 21:06:48.689581+00,8302.5,61.94,1093,06:47.0,
248,2025-04-20 21:06:36.6195+00,7811.25,61.94,1092,06:34.6,
247,2025-04-20 21:06:24.688345+00,8242.5,62.06,1091,06:23.0,
246,2025-04-20 21:06:13.090827+00,8443.75,61.7,1090,06:11.4,
245,2025-04-20 21:06:01.465226+00,8102.5,61.7,1089,05:59.8,
244,2025-04-20 21:05:49.842803+00,8023.75,61.94,1088,05:48.1,
243,2025-04-20 21:05:38.179932+00,7977.5,61.94,1087,05:36.5,
242,2025-04-20 21:05:26.54289+00,8187.5,61.82,1086,05:24.8,
241,2025-04-20 21:05:14.909728+00,8166.25,61.82,1085,05:13.2,
240,2025-04-20 21:05:03.26346+00,8583.75,61.98,1084,05:01.6,
239,2025-04-20 21:04:51.680057+00,8183.75,62.06,1083,04:50.0,
238,2025-04-20 21:04:40.064157+00,8110,62.06,1082,04:36.6,
237,2025-04-20 21:04:26.664974+00,8317.5,62.18,1081,04:25.0,
236,2025-04-20 21:04:15.046581+00,8303.75,62.42,1080,04:13.4,
235,2025-04-20 21:04:03.061717+00,8071.25,62.18,1079,04:01.4,
234,2025-04-20 21:03:51.425039+00,8243.75,62.18,1078,03:49.6,
233,2025-04-20 21:03:39.683858+00,8097.5,61.82,1077,03:38.0,
232,2025-04-20 21:03:28.088016+00,8070,62.18,1076,03:26.4,
231,2025-04-20 21:03:16.414592+00,8332.5,62.3,1075,03:14.8,
230,2025-04-20 21:03:04.831729+00,8570,61.94,1074,03:03.2,
229,2025-04-20 21:02:53.194784+00,8322.5,61.94,1073,02:51.5,
228,2025-04-20 21:02:41.582233+00,7931.25,61.94,1072,02:39.9,
227,2025-04-20 21:02:29.94496+00,8192.5,62.06,1071,02:28.3,
226,2025-04-20 21:02:18.355691+00,8137.5,61.82,1070,02:16.7,
225,2025-04-20 21:02:06.751657+00,8191.25,62.06,1069,02:05.0,
224,2025-04-20 21:01:55.071911+00,7986.25,61.82,1068,01:53.4,
223,2025-04-20 21:01:43.456762+00,8130,61.82,1067,01:39.9,
222,2025-04-20 21:01:29.888724+00,8200,61.82,1066,01:26.9,
221,2025-04-20 21:01:16.961238+00,8077.5,62.18,1065,01:15.3,
220,2025-04-20 21:01:05.375048+00,8491.25,61.94,1064,01:03.7,
219,2025-04-20 21:00:53.763837+00,8095,61.94,1063,00:52.1,
218,2025-04-20 21:00:42.123466+00,7886.25,62.06,1062,00:40.5,
217,2025-04-20 21:00:30.521416+00,8465,61.7,1061,00:28.9,
216,2025-04-20 21:00:18.928015+00,8483.75,61.82,1060,00:17.2,
215,2025-04-20 21:00:07.270349+00,8141.25,61.7,1059,00:05.5,
214,2025-04-20 20:59:55.589055+00,8126.25,61.7,1058,59:53.9,
213,2025-04-20 20:59:43.986228+00,7881.25,61.94,1057,59:42.3,
212,2025-04-20 20:59:32.394836+00,8268.75,61.82,1056,59:30.7,
211,2025-04-20 20:59:20.800241+00,8045,62.06,1055,59:19.1,
210,2025-04-20 20:59:09.193919+00,8006.25,62.06,1054,59:07.5,
209,2025-04-20 20:58:57.593196+00,8021.25,62.18,1053,58:55.9,
208,2025-04-20 20:58:45.941868+00,7978.75,61.94,1052,58:44.2,
207,2025-04-20 20:58:34.308353+00,8396.25,62.18,1051,58:32.6,
206,2025-04-20 20:58:22.653394+00,7747.5,62.06,1050,58:21.0,
205,2025-04-20 20:58:11.060683+00,8351.25,61.94,1049,58:09.4,
204,2025-04-20 20:57:59.410955+00,8311.25,61.94,1048,57:57.8,
203,2025-04-20 20:57:47.810426+00,7918.75,62.18,1047,57:46.1,
202,2025-04-20 20:57:36.170496+00,8067.5,61.94,1046,57:34.5,
201,2025-04-20 20:57:24.565653+00,8358.75,61.82,1045,57:22.9,
200,2025-04-20 20:57:12.962071+00,8015,62.3,1044,57:11.3,
199,2025-04-20 20:57:01.33742+00,8272.5,61.82,1043,56:59.7,
198,2025-04-20 20:56:49.749758+00,8122.5,61.82,1042,56:48.1,
197,2025-04-20 20:56:38.134017+00,8165,62.42,1041,56:36.4,
196,2025-04-20 20:56:26.497558+00,8155,61.82,1040,56:24.9,
195,2025-04-20 20:56:14.894737+00,8445,62.18,1039,56:13.2,
194,2025-04-20 20:56:03.288545+00,7892.5,61.58,1038,56:01.6,
193,2025-04-20 20:55:51.696371+00,7758.75,61.33,1037,55:50.0,
192,2025-04-20 20:55:40.068716+00,7896.25,61.94,1036,55:38.4,
191,2025-04-20 20:55:28.455091+00,7976.25,61.7,1035,55:23.9,
190,2025-04-20 20:55:13.923267+00,8541.25,61.82,1034,55:12.3,
189,2025-04-20 20:55:02.322765+00,8563.75,61.94,1033,55:00.7,
188,2025-04-20 20:54:50.734534+00,8347.5,62.06,1032,54:49.0,
187,2025-04-20 20:54:39.092376+00,8198.75,61.82,1031,54:37.3,
186,2025-04-20 20:54:27.391831+00,8080,61.58,1030,54:25.7,
185,2025-04-20 20:54:15.766975+00,7963.75,61.7,1029,54:14.0,
184,2025-04-20 20:54:04.097538+00,8053.75,61.7,1028,54:02.5,
183,2025-04-20 20:53:52.510842+00,8295,61.58,1027,53:50.8,
182,2025-04-20 20:53:40.807881+00,8257.5,61.94,1026,53:39.2,
181,2025-04-20 20:53:29.210966+00,8293.75,61.94,1025,53:27.6,
180,2025-04-20 20:53:17.599814+00,8242.5,61.58,1024,53:15.9,
179,2025-04-20 20:53:05.968198+00,8076.25,61.21,1023,53:04.3,
178,2025-04-20 20:52:54.342546+00,8051.25,61.7,1022,52:52.5,
177,2025-04-20 20:52:42.531629+00,8166.25,61.82,1021,52:40.8,
176,2025-04-20 20:52:30.895424+00,8178.75,61.33,1020,52:29.2,
175,2025-04-20 20:52:19.231106+00,8046.25,61.21,1019,52:17.5,
174,2025-04-20 20:52:07.544912+00,8108.75,60.97,1018,52:05.9,
173,2025-04-20 20:51:55.919464+00,8002.5,61.58,1017,51:54.2,
172,2025-04-20 20:51:44.302983+00,7973.75,61.33,1016,51:42.7,
171,2025-04-20 20:51:32.708724+00,7872.5,61.33,1015,51:31.0,
170,2025-04-20 20:51:21.07276+00,8115,61.33,1014,51:19.4,
169,2025-04-20 20:51:09.444703+00,8066.25,61.33,1013,51:07.7,
168,2025-04-20 20:50:57.750635+00,8068.75,61.33,1012,50:56.1,
167,2025-04-20 20:50:46.120733+00,8122.5,61.09,1011,50:44.5,
166,2025-04-20 20:50:34.49881+00,8115,61.45,1010,50:32.8,
165,2025-04-20 20:50:22.882277+00,7867.5,61.21,1009,50:21.2,
164,2025-04-20 20:50:11.278109+00,8028.75,61.45,1008,50:09.6,
163,2025-04-20 20:49:59.679708+00,7822.5,60.61,1007,49:58.0,
162,2025-04-20 20:49:48.075809+00,7920,60.61,1006,49:46.3,
161,2025-04-20 20:49:36.397741+00,8177.5,61.09,1005,49:34.8,
160,2025-04-20 20:49:24.822164+00,7930,61.21,1004,49:23.0,
159,2025-04-20 20:49:12.899979+00,8113.75,61.45,1003,49:11.2,
158,2025-04-20 20:49:01.266985+00,7865,60.97,1002,48:59.6,
157,2025-04-20 20:48:49.645967+00,8212.5,60.85,1001,48:48.0,
156,2025-04-20 20:48:37.992551+00,8255,60.85,1000,48:36.2,
155,2025-04-20 20:48:26.256251+00,7963.75,60.85,999,48:24.6,
154,2025-04-20 20:48:14.651367+00,7716.25,60.97,998,48:13.0,
153,2025-04-20 20:48:03.059159+00,7922.5,60.85,997,48:01.4,
152,2025-04-20 20:47:51.465749+00,7835,61.21,996,47:49.8,
151,2025-04-20 20:47:39.875506+00,8213.75,61.21,995,47:38.1,
150,2025-04-20 20:47:28.200886+00,8211.25,61.33,994,47:26.6,
149,2025-04-20 20:47:16.605543+00,8188.75,61.45,993,47:14.9,
148,2025-04-20 20:47:04.997331+00,7970,61.82,992,47:03.2,
147,2025-04-20 20:46:53.266649+00,7821.25,60.48,991,46:51.6,
146,2025-04-20 20:46:41.660346+00,7700,59.88,990,46:40.0,
145,2025-04-20 20:46:30.06729+00,7993.75,59.52,989,46:28.4,
144,2025-04-20 20:46:18.416515+00,7848.75,60.36,988,46:16.7,
143,2025-04-20 20:46:06.793717+00,7938.75,60.48,987,46:05.0,
142,2025-04-20 20:45:55.059583+00,8030,60.24,986,45:53.3,
141,2025-04-20 20:45:43.368774+00,8090,60.48,985,45:41.7,
140,2025-04-20 20:45:31.761297+00,7551.25,60.12,984,45:29.8,
139,2025-04-20 20:45:19.83839+00,8077.5,60.24,983,45:18.2,
138,2025-04-20 20:45:08.216901+00,7966.25,59.76,982,45:06.5,
137,2025-04-20 20:44:56.56913+00,8130,60.24,981,44:54.9,
136,2025-04-20 20:44:44.966728+00,8200,59.52,980,44:43.3,
135,2025-04-20 20:44:33.340237+00,7648.75,59.39,979,44:31.7,
134,2025-04-20 20:44:21.712632+00,7911.25,59.27,978,44:20.1,
133,2025-04-20 20:44:10.109119+00,7127.5,59.52,977,44:08.4,
132,2025-04-20 20:43:58.436338+00,7833.75,59.88,976,43:56.8,
131,2025-04-20 20:43:46.834637+00,7273.75,59.52,975,43:45.2,
130,2025-04-20 20:43:35.215848+00,8108.75,59.27,974,43:33.5,
129,2025-04-20 20:43:23.57448+00,7741.25,59.76,973,43:21.8,
128,2025-04-20 20:43:11.887793+00,7281.25,59.52,972,43:10.2,
127,2025-04-20 20:43:00.256307+00,7465,58.91,971,42:58.6,
126,2025-04-20 20:42:48.643975+00,7341.25,59.39,970,42:47.0,
125,2025-04-20 20:42:37.028077+00,8085,59.03,969,42:35.4,
124,2025-04-20 20:42:25.430063+00,7672.5,59.03,968,42:23.7,
123,2025-04-20 20:42:13.730789+00,7661.25,59.15,967,42:12.1,
122,2025-04-20 20:42:02.082876+00,8228.75,58.79,966,42:00.4,
121,2025-04-20 20:41:50.475497+00,8105,59.03,965,41:48.8,
120,2025-04-20 20:41:38.819911+00,7253.75,59.27,964,41:37.2,
119,2025-04-20 20:41:27.218689+00,6937.5,59.27,963,41:25.6,
118,2025-04-20 20:41:15.605065+00,7652.5,59.03,962,41:14.0,
117,2025-04-20 20:41:04.016522+00,7327.5,58.42,961,41:02.4,
116,2025-04-20 20:40:52.423531+00,7618.75,58.55,960,40:50.8,
115,2025-04-20 20:40:40.80238+00,7873.75,58.67,959,40:39.1,
114,2025-04-20 20:40:29.107024+00,7018.75,58.18,958,40:27.5,
113,2025-04-20 20:40:17.515095+00,7862.5,58.42,957,40:15.9,
112,2025-04-20 20:40:05.906808+00,7713.75,58.79,956,40:04.2,
111,2025-04-20 20:39:54.256813+00,7772.5,58.79,955,39:52.6,
110,2025-04-20 20:39:42.651621+00,7783.75,58.55,954,39:41.0,
109,2025-04-20 20:39:31.019813+00,6902.5,58.55,953,39:29.4,
108,2025-04-20 20:39:19.41999+00,7152.5,58.91,952,39:17.8,
107,2025-04-20 20:39:07.799387+00,7012.5,58.42,951,39:06.2,
106,2025-04-20 20:38:56.200072+00,7392.5,58.91,950,38:54.5,
105,2025-04-20 20:38:44.539118+00,7610,58.42,949,38:42.9,
104,2025-04-20 20:38:32.947942+00,7000,58.55,948,38:31.3,
103,2025-04-20 20:38:21.347177+00,6908.75,58.42,947,38:19.7,
102,2025-04-20 20:38:09.774801+00,7467.5,58.79,946,38:08.1,
101,2025-04-20 20:37:58.15055+00,7807.5,58.3,945,37:56.5,
100,2025-04-20 20:37:46.56573+00,6931.25,59.52,944,37:44.9,
99,2025-04-20 20:37:34.963398+00,7111.25,58.55,943,37:33.3,
98,2025-04-20 20:37:23.380357+00,7470,59.27,942,37:21.7,
97,2025-04-20 20:37:11.741704+00,7142.5,58.06,941,37:10.0,
96,2025-04-20 20:37:00.077453+00,6908.75,58.55,940,36:58.4,
95,2025-04-20 20:36:48.464345+00,6830,58.06,939,36:46.8,
94,2025-04-20 20:36:36.856437+00,7391.25,57.82,938,36:35.2,
93,2025-04-20 20:36:25.237863+00,7318.75,58.42,937,36:23.6,
92,2025-04-20 20:36:13.632703+00,7050,57.82,936,36:12.0,
91,2025-04-20 20:36:02.003418+00,7106.25,57.82,935,36:00.3,
90,2025-04-20 20:35:50.345315+00,7461.25,57.82,934,35:48.7,
89,2025-04-20 20:35:38.736916+00,7585,58.3,933,35:37.0,
88,2025-04-20 20:35:27.033938+00,7407.5,58.79,932,35:25.3,
87,2025-04-20 20:35:15.325414+00,7211.25,58.91,931,35:13.7,
86,2025-04-20 20:35:03.733459+00,7656.25,58.42,930,35:02.1,
85,2025-04-20 20:34:52.108937+00,6998.75,58.3,929,34:50.5,
84,2025-04-20 20:34:40.510091+00,6852.5,58.3,928,34:38.8,
83,2025-04-20 20:34:28.866399+00,7050,58.42,927,34:27.1,
82,2025-04-20 20:34:17.171397+00,6832.5,58.18,926,34:15.5,
81,2025-04-20 20:34:05.552188+00,7112.5,58.18,925,34:03.9,
80,2025-04-20 20:33:53.936613+00,7190,58.3,924,33:52.3,
79,2025-04-20 20:33:42.311859+00,7067.5,58.55,923,33:40.6,
78,2025-04-20 20:33:30.610596+00,7123.75,58.06,922,33:28.9,
77,2025-04-20 20:33:18.985014+00,7077.5,58.18,921,33:17.3,
76,2025-04-20 20:33:07.386291+00,6845,57.94,920,33:05.7,
75,2025-04-20 20:32:55.781802+00,7678.75,58.18,919,32:54.1,
74,2025-04-20 20:32:44.149944+00,7173.75,58.55,918,32:42.5,
73,2025-04-20 20:32:32.509092+00,7137.5,58.67,917,32:30.9,
72,2025-04-20 20:32:20.917743+00,6948.75,58.91,916,32:19.2,
71,2025-04-20 20:32:09.280349+00,7131.25,58.3,915,32:07.6,
70,2025-04-20 20:31:57.6826+00,7001.25,58.55,914,31:55.9,
69,2025-04-20 20:31:45.952172+00,7297.5,58.06,913,31:44.3,
68,2025-04-20 20:31:34.366504+00,6787.5,58.42,912,31:32.7,
67,2025-04-20 20:31:22.765036+00,6977.5,59.03,911,31:21.1,
66,2025-04-20 20:31:11.133027+00,7337.5,58.67,910,31:09.5,
65,2025-04-20 20:30:59.527398+00,7316.25,58.79,909,30:57.8,
64,2025-04-20 20:30:47.860489+00,6553.75,58.67,908,30:46.2,
63,2025-04-20 20:30:36.21283+00,7445,58.79,907,30:34.4,
62,2025-04-20 20:30:24.414253+00,7120,59.15,906,30:22.7,
61,2025-04-20 20:30:12.781604+00,6912.5,58.79,905,30:11.0,
60,2025-04-20 20:30:01.047633+00,7217.5,59.39,904,29:59.4,
59,2025-04-20 20:29:49.389904+00,7102.5,58.79,903,29:47.7,
58,2025-04-20 20:29:37.744248+00,6916.25,58.67,902,29:36.1,
57,2025-04-20 20:29:26.127218+00,6661.25,59.03,901,29:24.5,
56,2025-04-20 20:29:14.517229+00,7136.25,59.15,900,29:12.9,
55,2025-04-20 20:29:02.911955+00,7535,59.27,899,29:01.2,
54,2025-04-20 20:28:51.269545+00,7607.5,59.39,898,28:49.6,
53,2025-04-20 20:28:39.651451+00,7261.25,59.52,897,28:38.0,
52,2025-04-20 20:28:28.012265+00,7025,59.58,896,28:26.4,
51,2025-04-20 20:28:16.408989+00,7073.75,59.15,895,28:14.7,
50,2025-04-20 20:28:04.776735+00,6548.75,59.03,894,28:03.1,
49,2025-04-20 20:27:53.153648+00,7238.75,59.27,893,27:51.5,
48,2025-04-20 20:27:41.49597+00,7261.25,58.79,892,27:39.8,
47,2025-04-20 20:27:29.887866+00,7247.5,59.52,891,27:28.2,
46,2025-04-20 20:27:18.248057+00,7352.5,59.03,890,27:16.6,
45,2025-04-20 20:27:06.645949+00,6413.75,59.64,889,27:05.0,
44,2025-04-20 20:26:54.992961+00,6608.75,59.88,888,26:53.4,
43,2025-04-20 20:26:43.396771+00,7666.25,59.39,887,26:41.7,
42,2025-04-20 20:26:31.760879+00,6596.25,59.52,886,26:30.1,
41,2025-04-20 20:26:20.142967+00,7087.5,59.52,885,26:18.5,
40,2025-04-20 20:26:08.507334+00,6672.5,58.91,884,26:06.8,
39,2025-04-20 20:25:56.845788+00,7170,59.15,883,25:55.2,
38,2025-04-20 20:25:45.221245+00,7561.25,58.91,882,25:43.6,
37,2025-04-20 20:25:33.649028+00,6850,59.03,881,25:32.0,
36,2025-04-20 20:25:22.046946+00,7090,58.42,880,25:20.4,
35,2025-04-20 20:25:10.431788+00,7037.5,58.91,879,25:08.8,
34,2025-04-20 20:24:58.797948+00,7241.25,58.27,878,24:57.1,
33,2025-04-20 20:24:47.15548+00,6783.75,57.87,877,24:45.5,
32,2025-04-20 20:24:35.527206+00,6836.25,57.47,876,24:33.8,
31,2025-04-20 20:24:23.886842+00,7073.75,57.2,875,24:22.2,
30,2025-04-20 20:24:12.246336+00,6305,56.8,874,24:10.5,
29,2025-04-20 20:24:00.522465+00,6933.75,56.53,873,23:58.9,
,,,,,,
,,,,,,
,,,,,,
,,,,,,
,,,,,,
,,,,,,
,,,,,,
,,,,,,
,,,,,,
,,,,,,
,,,,,,
,,,,,,
,,,,,,
,,,,,,
,,,,,,
,,,,,,
,,,,,,
,,,,,,
,,,,,,
,,,,,,
,,,,,,
,,,,,,
,,,,,,
,,,,,,
,,,,,,
,,,,,,
,,,,,,
,,,,,,
