id,created_at,current_mA,flow_rate,doc_number,time,audio_url
10520,2025-04-22 06:48:40.779576+00,8028.75,64,10904,2025-04-22 06:48:39.215,
10519,2025-04-22 06:48:29.182363+00,7900,64.12,10903,2025-04-22 06:48:27.555,
10518,2025-04-22 06:48:17.521681+00,7933.75,64.24,10902,2025-04-22 06:48:15.925,
10517,2025-04-22 06:48:05.885678+00,8158.75,64.12,10901,2025-04-22 06:48:04.325,
10516,2025-04-22 06:47:54.296668+00,7340,64,10900,2025-04-22 06:47:52.755,
10515,2025-04-22 06:47:42.72202+00,7155,64.24,10899,2025-04-22 06:47:41.155,
10514,2025-04-22 06:47:31.124337+00,7925,64,10898,2025-04-22 06:47:29.565,
10513,2025-04-22 06:47:19.530947+00,7552.5,64.12,10897,2025-04-22 06:47:17.935,
10512,2025-04-22 06:47:07.743863+00,7498.75,64.12,10896,2025-04-22 06:47:06.065,
10511,2025-04-22 06:46:56.024967+00,7050,64,10895,2025-04-22 06:46:54.375,
10510,2025-04-22 06:46:44.345135+00,7038.75,64.24,10894,2025-04-22 06:46:42.775,
10509,2025-04-22 06:46:32.739012+00,7922.5,64.12,10893,2025-04-22 06:46:31.145,
10508,2025-04-22 06:46:21.108504+00,7141.25,64.24,10892,2025-04-22 06:46:19.535,
10507,2025-04-22 06:46:09.500189+00,7471.25,63.88,10891,2025-04-22 06:46:07.945,
10506,2025-04-22 06:45:57.912883+00,7480,63.88,10890,2025-04-22 06:45:56.325,
10505,2025-04-22 06:45:46.282975+00,7741.25,63.76,10889,2025-04-22 06:45:44.735,
10504,2025-04-22 06:45:34.689696+00,7621.25,63.88,10888,2025-04-22 06:45:33.075,
10503,2025-04-22 06:45:23.045289+00,7770,63.88,10887,2025-04-22 06:45:21.405,
10502,2025-04-22 06:45:11.36652+00,7797.5,64,10886,2025-04-22 06:45:09.795,
10501,2025-04-22 06:44:59.769735+00,7393.75,64.12,10885,2025-04-22 06:44:58.205,
10500,2025-04-22 06:44:48.174854+00,7456.25,63.88,10884,2025-04-22 06:44:46.605,
10499,2025-04-22 06:44:36.575256+00,7835,64,10883,2025-04-22 06:44:34.945,
10498,2025-04-22 06:44:24.909375+00,6560,64.24,10882,2025-04-22 06:44:23.325,
10497,2025-04-22 06:44:13.212845+00,7862.5,64.24,10881,2025-04-22 06:44:11.645,
10496,2025-04-22 06:44:01.598618+00,7390,64.24,10880,2025-04-22 06:44:00.045,
10495,2025-04-22 06:43:50.01182+00,7192.5,64.36,10879,2025-04-22 06:43:48.425,
10494,2025-04-22 06:43:38.385219+00,7183.75,64.48,10878,2025-04-22 06:43:36.815,
10493,2025-04-22 06:43:26.780248+00,7907.5,64.36,10877,2025-04-22 06:43:25.245,
10492,2025-04-22 06:43:15.211134+00,7356.25,64.24,10876,2025-04-22 06:43:13.615,
10491,2025-04-22 06:43:03.587031+00,7628.75,64.36,10875,2025-04-22 06:43:02.025,
10490,2025-04-22 06:42:51.991051+00,7157.5,64.36,10874,2025-04-22 06:42:50.455,
10489,2025-04-22 06:42:40.424397+00,7707.5,64.12,10873,2025-04-22 06:42:38.865,
10488,2025-04-22 06:42:28.82468+00,7527.5,64,10872,2025-04-22 06:42:27.265,
10487,2025-04-22 06:42:17.204214+00,7492.5,64.12,10871,2025-04-22 06:42:15.645,
10486,2025-04-22 06:42:05.607025+00,7417.5,64.12,10870,2025-04-22 06:42:04.015,
10485,2025-04-22 06:41:53.958796+00,7286.25,64.36,10869,2025-04-22 06:41:52.385,
10484,2025-04-22 06:41:42.357517+00,7887.5,64.24,10868,2025-04-22 06:41:40.795,
10483,2025-04-22 06:41:30.762082+00,7907.5,64.12,10867,2025-04-22 06:41:29.065,
10482,2025-04-22 06:41:19.035912+00,7588.75,64.36,10866,2025-04-22 06:41:17.485,
10481,2025-04-22 06:41:07.456299+00,7097.5,64.36,10865,2025-04-22 06:41:05.865,
10480,2025-04-22 06:40:55.774937+00,7812.5,64.36,10864,2025-04-22 06:40:54.205,
10479,2025-04-22 06:40:44.170098+00,7873.75,64.24,10863,2025-04-22 06:40:42.546,
10478,2025-04-22 06:40:32.551743+00,7581.25,64.36,10862,2025-04-22 06:40:30.906,
10477,2025-04-22 06:40:20.908769+00,7877.5,64.24,10861,2025-04-22 06:40:19.276,
10476,2025-04-22 06:40:09.283715+00,7690,64.36,10860,2025-04-22 06:40:07.646,
10475,2025-04-22 06:39:57.636501+00,7665,64.24,10859,2025-04-22 06:39:55.986,
10474,2025-04-22 06:39:45.991336+00,6956.25,64,10858,2025-04-22 06:39:44.326,
10473,2025-04-22 06:39:34.328187+00,7870,64.12,10857,2025-04-22 06:39:32.706,
10472,2025-04-22 06:39:22.715757+00,7386.25,64.24,10856,2025-04-22 06:39:21.116,
10471,2025-04-22 06:39:11.111464+00,7055,64.48,10855,2025-04-22 06:39:09.486,
10470,2025-04-22 06:38:59.452989+00,7868.75,64.36,10854,2025-04-22 06:38:57.816,
10469,2025-04-22 06:38:47.80727+00,6633.75,64.36,10853,2025-04-22 06:38:46.216,
10468,2025-04-22 06:38:36.217661+00,7646.25,64.48,10852,2025-04-22 06:38:34.556,
10467,2025-04-22 06:38:24.556362+00,7880,64.61,10851,2025-04-22 06:38:22.936,
10466,2025-04-22 06:38:12.93713+00,7623.75,64.36,10850,2025-04-22 06:38:11.336,
10465,2025-04-22 06:38:01.338052+00,7542.5,64.48,10849,2025-04-22 06:37:59.606,
10464,2025-04-22 06:37:49.606688+00,8021.25,64.48,10848,2025-04-22 06:37:47.946,
10463,2025-04-22 06:37:37.921755+00,7645,64.48,10847,2025-04-22 06:37:36.226,
10462,2025-04-22 06:37:26.234162+00,7961.25,64.61,10846,2025-04-22 06:37:24.626,
10461,2025-04-22 06:37:14.625384+00,7555,64.48,10845,2025-04-22 06:37:12.736,
10460,2025-04-22 06:37:02.739397+00,7726.25,64.48,10844,2025-04-22 06:37:01.026,
10459,2025-04-22 06:36:51.028499+00,8042.5,64.48,10843,2025-04-22 06:36:49.436,
10458,2025-04-22 06:36:39.442166+00,7390,64.36,10842,2025-04-22 06:36:37.786,
10457,2025-04-22 06:36:27.797742+00,6988.75,64.61,10841,2025-04-22 06:36:26.166,
10456,2025-04-22 06:36:16.173221+00,7513.75,64.61,10840,2025-04-22 06:36:14.556,
10455,2025-04-22 06:36:04.562772+00,7666.25,64.48,10839,2025-04-22 06:36:02.906,
10454,2025-04-22 06:35:52.907543+00,7716.25,64.48,10838,2025-04-22 06:35:51.286,
10453,2025-04-22 06:35:41.297881+00,6971.25,64.61,10837,2025-04-22 06:35:39.716,
10452,2025-04-22 06:35:29.718751+00,7981.25,64.48,10836,2025-04-22 06:35:28.116,
10451,2025-04-22 06:35:18.125415+00,7763.75,64.24,10835,2025-04-22 06:35:16.536,
10450,2025-04-22 06:35:06.543166+00,7206.25,64.48,10834,2025-04-22 06:35:04.956,
10449,2025-04-22 06:34:54.944959+00,8077.5,64.36,10833,2025-04-22 06:34:53.356,
10448,2025-04-22 06:34:43.348402+00,7186.25,64.48,10832,2025-04-22 06:34:41.686,
10447,2025-04-22 06:34:31.69119+00,7742.5,64.48,10831,2025-04-22 06:34:30.106,
10446,2025-04-22 06:34:20.107504+00,8012.5,64.24,10830,2025-04-22 06:34:18.516,
10445,2025-04-22 06:34:08.52656+00,6745,64.24,10829,2025-04-22 06:34:06.866,
10444,2025-04-22 06:33:56.868094+00,7685,64.24,10828,2025-04-22 06:33:55.256,
10443,2025-04-22 06:33:45.257096+00,7660,64.48,10827,2025-04-22 06:33:43.676,
10442,2025-04-22 06:33:33.666966+00,7747.5,64.61,10826,2025-04-22 06:33:32.066,
10441,2025-04-22 06:33:22.065576+00,7565,64.36,10825,2025-04-22 06:33:20.426,
10440,2025-04-22 06:33:10.430892+00,7222.5,64.48,10824,2025-04-22 06:33:08.806,
10439,2025-04-22 06:32:58.803976+00,7307.5,64.24,10823,2025-04-22 06:32:57.216,
10438,2025-04-22 06:32:47.223072+00,7730,64.48,10822,2025-04-22 06:32:45.566,
10437,2025-04-22 06:32:35.566072+00,7931.25,64.24,10821,2025-04-22 06:32:33.966,
10436,2025-04-22 06:32:23.977076+00,7348.75,64.38,10820,2025-04-22 06:32:22.396,
10435,2025-04-22 06:32:12.404619+00,7765,64.24,10819,2025-04-22 06:32:10.776,
10434,2025-04-22 06:32:00.765867+00,7515,64.36,10818,2025-04-22 06:31:59.156,
10433,2025-04-22 06:31:49.157437+00,7507.5,64.36,10817,2025-04-22 06:31:47.546,
10432,2025-04-22 06:31:37.551882+00,7338.75,64.36,10816,2025-04-22 06:31:35.926,
10431,2025-04-22 06:31:25.934389+00,7651.25,64.48,10815,2025-04-22 06:31:24.316,
10430,2025-04-22 06:31:14.314874+00,7537.5,64.24,10814,2025-04-22 06:31:12.686,
10429,2025-04-22 06:31:02.68345+00,8118.75,64.36,10813,2025-04-22 06:31:01.016,
10428,2025-04-22 06:30:51.003691+00,8031.25,64.24,10812,2025-04-22 06:30:49.396,
10427,2025-04-22 06:30:39.381736+00,7976.25,64.24,10811,2025-04-22 06:30:37.756,
10426,2025-04-22 06:30:27.754454+00,7918.75,64.36,10810,2025-04-22 06:30:26.136,
10425,2025-04-22 06:30:16.146619+00,7920,64.24,10809,2025-04-22 06:30:14.566,
10424,2025-04-22 06:30:04.555324+00,8065,64.12,10808,2025-04-22 06:30:02.946,
10423,2025-04-22 06:29:52.951177+00,7813.75,64.12,10807,2025-04-22 06:29:51.356,
10422,2025-04-22 06:29:41.362724+00,7752.5,64.24,10806,2025-04-22 06:29:39.736,
10421,2025-04-22 06:29:29.745277+00,7913.75,64.24,10805,2025-04-22 06:29:28.166,
10420,2025-04-22 06:29:18.157777+00,7603.75,64.36,10804,2025-04-22 06:29:16.566,
10419,2025-04-22 06:29:06.554727+00,7522.5,64.48,10803,2025-04-22 06:29:04.986,
10418,2025-04-22 06:28:54.986693+00,6966.25,64.24,10802,2025-04-22 06:28:53.386,
10417,2025-04-22 06:28:43.393648+00,7726.25,64.24,10801,2025-04-22 06:28:41.756,
10416,2025-04-22 06:28:31.73977+00,8066.25,64.24,10800,2025-04-22 06:28:30.116,
10415,2025-04-22 06:28:20.103661+00,7432.5,64.36,10799,2025-04-22 06:28:18.426,
10414,2025-04-22 06:28:08.410412+00,7502.5,64.24,10798,2025-04-22 06:28:06.796,
10413,2025-04-22 06:27:56.78745+00,7087.5,64.24,10797,2025-04-22 06:27:55.156,
10412,2025-04-22 06:27:45.151264+00,6851.25,64.24,10796,2025-04-22 06:27:43.536,
10411,2025-04-22 06:27:33.54068+00,7768.75,64.24,10795,2025-04-22 06:27:31.936,
10410,2025-04-22 06:27:21.937646+00,7603.75,64.36,10794,2025-04-22 06:27:20.286,
10409,2025-04-22 06:27:10.271419+00,7696.25,64.36,10793,2025-04-22 06:27:08.646,
10408,2025-04-22 06:26:58.646282+00,7805,64.24,10792,2025-04-22 06:26:57.016,
10407,2025-04-22 06:26:47.015556+00,7731.25,64.61,10791,2025-04-22 06:26:45.366,
10406,2025-04-22 06:26:35.202526+00,7813.75,64.36,10790,2025-04-22 06:26:33.626,
10405,2025-04-22 06:26:23.633396+00,6672.5,64.48,10789,2025-04-22 06:26:22.026,
10404,2025-04-22 06:26:12.030058+00,6447.5,64.36,10788,2025-04-22 06:26:10.446,
10403,2025-04-22 06:26:00.451576+00,7562.5,64.36,10787,2025-04-22 06:25:58.886,
10402,2025-04-22 06:25:48.882647+00,7642.5,64.48,10786,2025-04-22 06:25:47.276,
10401,2025-04-22 06:25:37.262867+00,8111.25,64.61,10785,2025-04-22 06:25:35.666,
10400,2025-04-22 06:25:25.676041+00,7628.75,64.73,10784,2025-04-22 06:25:24.086,
10399,2025-04-22 06:25:14.080375+00,6570,64.73,10783,2025-04-22 06:25:12.266,
10398,2025-04-22 06:25:02.243901+00,6566.25,64.61,10782,2025-04-22 06:25:00.396,
10397,2025-04-22 06:24:50.398241+00,8133.75,64.85,10781,2025-04-22 06:24:48.796,
10396,2025-04-22 06:24:38.793429+00,7821.25,64.97,10780,2025-04-22 06:24:37.206,
10395,2025-04-22 06:24:27.209869+00,7962.5,64.85,10779,2025-04-22 06:24:25.606,
10394,2025-04-22 06:24:15.600466+00,7806.25,64.73,10778,2025-04-22 06:24:13.976,
10393,2025-04-22 06:24:03.97759+00,7913.75,64.97,10777,2025-04-22 06:24:02.396,
10392,2025-04-22 06:23:52.395972+00,7755,64.61,10776,2025-04-22 06:23:50.756,
10391,2025-04-22 06:23:40.735138+00,7757.5,64.61,10775,2025-04-22 06:23:39.036,
10390,2025-04-22 06:23:29.036722+00,7980,64.73,10774,2025-04-22 06:23:27.466,
10389,2025-04-22 06:23:17.433186+00,7732.5,64.61,10773,2025-04-22 06:23:15.806,
10388,2025-04-22 06:23:05.796848+00,7775,64.48,10772,2025-04-22 06:23:04.026,
10387,2025-04-22 06:22:54.029387+00,7181.25,64.97,10771,2025-04-22 06:22:52.406,
10386,2025-04-22 06:22:42.396723+00,7743.75,64.85,10770,2025-04-22 06:22:40.716,
10385,2025-04-22 06:22:30.701808+00,7937.5,64.85,10769,2025-04-22 06:22:29.116,
10384,2025-04-22 06:22:19.104741+00,7810,64.73,10768,2025-04-22 06:22:17.506,
10383,2025-04-22 06:22:07.500427+00,6523.75,64.73,10767,2025-04-22 06:22:05.896,
10382,2025-04-22 06:21:55.880842+00,6612.5,64.61,10766,2025-04-22 06:21:54.256,
10381,2025-04-22 06:21:44.263088+00,6520,64.48,10765,2025-04-22 06:21:42.666,
10380,2025-04-22 06:21:32.6492+00,7958.75,64.36,10764,2025-04-22 06:21:31.056,
10379,2025-04-22 06:21:21.054312+00,6412.5,64.61,10763,2025-04-22 06:21:19.456,
10378,2025-04-22 06:21:09.44858+00,7686.25,64.48,10762,2025-04-22 06:21:07.846,
10377,2025-04-22 06:20:57.847067+00,7867.5,64.36,10761,2025-04-22 06:20:56.120,
10376,2025-04-22 06:20:46.113994+00,7428.75,64.24,10760,2025-04-22 06:20:44.506,
10375,2025-04-22 06:20:34.504825+00,7850,64.48,10759,2025-04-22 06:20:32.876,
10374,2025-04-22 06:20:22.879221+00,7695,64.48,10758,2025-04-22 06:20:21.186,
10373,2025-04-22 06:20:11.182547+00,7248.75,64.48,10757,2025-04-22 06:20:09.576,
10372,2025-04-22 06:19:59.567369+00,7760,64.48,10756,2025-04-22 06:19:57.936,
10371,2025-04-22 06:19:47.929925+00,7618.75,64.36,10755,2025-04-22 06:19:46.318,
10370,2025-04-22 06:19:36.312666+00,7641.25,64.36,10754,2025-04-22 06:19:34.706,
10369,2025-04-22 06:19:24.708618+00,7865,64.48,10753,2025-04-22 06:19:23.136,
10368,2025-04-22 06:19:13.132783+00,7663.75,64.24,10752,2025-04-22 06:19:11.446,
10367,2025-04-22 06:19:01.443706+00,7377.5,64.48,10751,2025-04-22 06:18:59.846,
10366,2025-04-22 06:18:49.818436+00,7355,64.61,10750,2025-04-22 06:18:48.196,
10365,2025-04-22 06:18:38.197497+00,7883.75,64.36,10749,2025-04-22 06:18:36.616,
10364,2025-04-22 06:18:26.618968+00,7958.75,64.61,10748,2025-04-22 06:18:25.036,
10363,2025-04-22 06:18:15.040253+00,7733.75,64.61,10747,2025-04-22 06:18:13.396,
10362,2025-04-22 06:18:03.394991+00,7892.5,64.36,10746,2025-04-22 06:18:01.746,
10361,2025-04-22 06:17:51.734069+00,7036.25,64.48,10745,2025-04-22 06:17:50.136,
10360,2025-04-22 06:17:40.135637+00,7867.5,64.48,10744,2025-04-22 06:17:38.516,
10359,2025-04-22 06:17:28.508339+00,7932.5,64.48,10743,2025-04-22 06:17:26.916,
10358,2025-04-22 06:17:16.906633+00,7488.75,64.48,10742,2025-04-22 06:17:15.236,
10357,2025-04-22 06:17:05.232904+00,6591.25,64.36,10741,2025-04-22 06:17:03.656,
10356,2025-04-22 06:16:53.649685+00,8101.25,64.24,10740,2025-04-22 06:16:52.006,
10355,2025-04-22 06:16:42.002178+00,7698.75,64.36,10739,2025-04-22 06:16:40.396,
10354,2025-04-22 06:16:30.392812+00,7633.75,64.24,10738,2025-04-22 06:16:28.806,
10353,2025-04-22 06:16:18.802039+00,7786.25,64.24,10737,2025-04-22 06:16:17.196,
10352,2025-04-22 06:16:07.188416+00,7240,64.12,10736,2025-04-22 06:16:05.596,
10351,2025-04-22 06:15:55.592858+00,7007.5,64.24,10735,2025-04-22 06:15:53.966,
10350,2025-04-22 06:15:43.961445+00,7337.5,63.88,10734,2025-04-22 06:15:42.266,
10349,2025-04-22 06:15:32.267417+00,7916.25,63.88,10733,2025-04-22 06:15:30.656,
10348,2025-04-22 06:15:20.652651+00,7900,64.12,10732,2025-04-22 06:15:19.036,
10347,2025-04-22 06:15:09.036654+00,7707.5,63.88,10731,2025-04-22 06:15:07.466,
10346,2025-04-22 06:14:57.46371+00,7508.75,63.88,10730,2025-04-22 06:14:55.801,
10345,2025-04-22 06:14:45.543294+00,7490,64.12,10729,2025-04-22 06:14:43.386,
10344,2025-04-22 06:14:33.384144+00,7333.75,64,10728,2025-04-22 06:14:31.551,
10343,2025-04-22 06:14:21.505566+00,7902.5,64.12,10727,2025-04-22 06:14:18.806,
10342,2025-04-22 06:14:08.795577+00,7343.75,64.24,10726,2025-04-22 06:14:07.186,
10341,2025-04-22 06:13:57.187496+00,7787.5,64,10725,2025-04-22 06:13:55.486,
10340,2025-04-22 06:13:45.476836+00,7105,64.12,10724,2025-04-22 06:13:43.856,
10339,2025-04-22 06:13:33.849918+00,7495,64.12,10723,2025-04-22 06:13:32.236,
10338,2025-04-22 06:13:22.230326+00,7502.5,63.9,10722,2025-04-22 06:13:20.626,
10337,2025-04-22 06:13:10.627426+00,7345,64.12,10721,2025-04-22 06:13:09.006,
10336,2025-04-22 06:12:58.993691+00,7122.5,64.12,10720,2025-04-22 06:12:57.396,
10335,2025-04-22 06:12:47.314743+00,7710,64,10719,2025-04-22 06:12:45.696,
10334,2025-04-22 06:12:35.680865+00,7700,63.76,10718,2025-04-22 06:12:34.066,
10333,2025-04-22 06:12:24.057463+00,7832.5,64,10717,2025-04-22 06:12:22.466,
10332,2025-04-22 06:12:12.415129+00,6681.25,64,10716,2025-04-22 06:12:10.716,
10331,2025-04-22 06:12:00.712987+00,7733.75,64.12,10715,2025-04-22 06:11:59.096,
10330,2025-04-22 06:11:49.097095+00,7913.75,64.36,10714,2025-04-22 06:11:47.476,
10329,2025-04-22 06:11:37.475868+00,6920,64.12,10713,2025-04-22 06:11:35.806,
10328,2025-04-22 06:11:25.800736+00,7746.25,64.36,10712,2025-04-22 06:11:24.186,
10327,2025-04-22 06:11:14.159215+00,6660,64.36,10711,2025-04-22 06:11:12.516,
10326,2025-04-22 06:11:02.51093+00,7376.25,64.24,10710,2025-04-22 06:11:00.866,
10325,2025-04-22 06:10:50.859136+00,7281.25,64.24,10709,2025-04-22 06:10:49.196,
10324,2025-04-22 06:10:39.198767+00,6616.25,64.24,10708,2025-04-22 06:10:37.606,
10323,2025-04-22 06:10:27.598567+00,7302.5,64.12,10707,2025-04-22 06:10:25.906,
10322,2025-04-22 06:10:15.905983+00,7872.5,64.36,10706,2025-04-22 06:10:14.336,
10321,2025-04-22 06:10:04.314949+00,8086.25,64.12,10705,2025-04-22 06:10:02.636,
10320,2025-04-22 06:09:52.623865+00,7888.75,64.12,10704,2025-04-22 06:09:51.026,
10319,2025-04-22 06:09:41.025075+00,7075,64.24,10703,2025-04-22 06:09:39.426,
10318,2025-04-22 06:09:29.391365+00,7890,64.36,10702,2025-04-22 06:09:27.776,
10317,2025-04-22 06:09:17.775092+00,7083.75,64,10701,2025-04-22 06:09:16.126,
10316,2025-04-22 06:09:06.113519+00,7010,64.24,10700,2025-04-22 06:09:04.546,
10315,2025-04-22 06:08:54.544524+00,7827.5,64.12,10699,2025-04-22 06:08:52.926,
10314,2025-04-22 06:08:42.895621+00,7800,64.24,10698,2025-04-22 06:08:41.156,
10313,2025-04-22 06:08:31.155916+00,7873.75,64.24,10697,2025-04-22 06:08:29.576,
10312,2025-04-22 06:08:19.557307+00,6981.25,63.88,10696,2025-04-22 06:08:17.926,
10311,2025-04-22 06:08:07.918646+00,7846.25,64,10695,2025-04-22 06:08:06.326,
10310,2025-04-22 06:07:56.309409+00,7901.25,64.36,10694,2025-04-22 06:07:54.656,
10309,2025-04-22 06:07:44.643449+00,7850,64.12,10693,2025-04-22 06:07:43.036,
10308,2025-04-22 06:07:33.032049+00,7353.75,64,10692,2025-04-22 06:07:31.456,
10307,2025-04-22 06:07:21.437507+00,7292.5,64.12,10691,2025-04-22 06:07:19.806,
10306,2025-04-22 06:07:09.807519+00,8118.75,64.24,10690,2025-04-22 06:07:08.126,
10305,2025-04-22 06:06:58.117531+00,7016.25,64.24,10689,2025-04-22 06:06:56.416,
10304,2025-04-22 06:06:46.4178+00,7381.25,64.36,10688,2025-04-22 06:06:44.826,
10303,2025-04-22 06:06:34.826288+00,7782.5,64.48,10687,2025-04-22 06:06:33.126,
10302,2025-04-22 06:06:23.111064+00,7971.25,64.12,10686,2025-04-22 06:06:21.436,
10301,2025-04-22 06:06:11.426801+00,7270,64.36,10685,2025-04-22 06:06:09.816,
10300,2025-04-22 06:05:59.803499+00,7558.75,64.36,10684,2025-04-22 06:05:58.136,
10299,2025-04-22 06:05:48.138194+00,7922.5,64.24,10683,2025-04-22 06:05:46.526,
10298,2025-04-22 06:05:36.519066+00,8093.75,64.24,10682,2025-04-22 06:05:34.946,
10297,2025-04-22 06:05:24.935872+00,7006.25,64.24,10681,2025-04-22 06:05:23.326,
10296,2025-04-22 06:05:13.309123+00,7867.5,64.24,10680,2025-04-22 06:05:11.626,
10295,2025-04-22 06:05:01.618899+00,7453.75,64.48,10679,2025-04-22 06:04:59.956,
10294,2025-04-22 06:04:49.951106+00,7023.75,64.48,10678,2025-04-22 06:04:48.346,
10293,2025-04-22 06:04:38.343071+00,7677.5,64.12,10677,2025-04-22 06:04:36.666,
10292,2025-04-22 06:04:26.660782+00,7982.5,64.36,10676,2025-04-22 06:04:25.046,
10291,2025-04-22 06:04:15.025525+00,7125,64.36,10675,2025-04-22 06:04:13.396,
10290,2025-04-22 06:04:03.383888+00,7377.5,64.61,10674,2025-04-22 06:04:01.776,
10289,2025-04-22 06:03:51.764182+00,7838.75,64.61,10673,2025-04-22 06:03:50.156,
10288,2025-04-22 06:03:40.150742+00,7486.25,64.48,10672,2025-04-22 06:03:38.576,
10287,2025-04-22 06:03:28.574879+00,7085,64.36,10671,2025-04-22 06:03:26.886,
10286,2025-04-22 06:03:16.878609+00,6803.75,64.36,10670,2025-04-22 06:03:15.256,
10285,2025-04-22 06:03:05.25118+00,8033.75,64.48,10669,2025-04-22 06:03:03.596,
10284,2025-04-22 06:02:53.591864+00,7890,64.61,10668,2025-04-22 06:02:51.996,
10283,2025-04-22 06:02:41.983337+00,8038.75,64.61,10667,2025-04-22 06:02:40.386,
10282,2025-04-22 06:02:30.366527+00,7268.75,64.73,10666,2025-04-22 06:02:28.746,
10281,2025-04-22 06:02:18.7469+00,7130,64.48,10665,2025-04-22 06:02:17.176,
10280,2025-04-22 06:02:07.16486+00,7442.5,64.61,10664,2025-04-22 06:02:05.566,
10279,2025-04-22 06:01:55.567009+00,6727.5,64.24,10663,2025-04-22 06:01:53.916,
10278,2025-04-22 06:01:43.908942+00,7796.25,64.36,10662,2025-04-22 06:01:42.246,
10277,2025-04-22 06:01:32.245741+00,7440,64.36,10661,2025-04-22 06:01:30.626,
10276,2025-04-22 06:01:20.613996+00,7245,64.48,10660,2025-04-22 06:01:19.016,
10275,2025-04-22 06:01:09.004796+00,7393.75,64.36,10659,2025-04-22 06:01:07.386,
10274,2025-04-22 06:00:57.376922+00,7285,64.48,10658,2025-04-22 06:00:55.776,
10273,2025-04-22 06:00:45.77017+00,8163.75,64.48,10657,2025-04-22 06:00:44.166,
10272,2025-04-22 06:00:34.133827+00,6538.75,64.36,10656,2025-04-22 06:00:32.556,
10271,2025-04-22 06:00:22.555479+00,7243.75,64.48,10655,2025-04-22 06:00:20.976,
10270,2025-04-22 06:00:10.9773+00,7141.25,64.48,10654,2025-04-22 06:00:09.396,
10269,2025-04-22 05:59:59.387411+00,7855,64.61,10653,2025-04-22 05:59:57.711,
10268,2025-04-22 05:59:47.712671+00,7541.25,64.61,10652,2025-04-22 05:59:46.110,
10267,2025-04-22 05:59:36.100836+00,7382.5,64.61,10651,2025-04-22 05:59:29.736,
10266,2025-04-22 05:59:19.731728+00,6802.5,64.48,10650,2025-04-22 05:59:18.116,
10265,2025-04-22 05:59:08.104761+00,7855,64.48,10649,2025-04-22 05:59:06.476,
10264,2025-04-22 05:58:56.462865+00,7778.75,64.48,10648,2025-04-22 05:58:54.796,
10263,2025-04-22 05:58:44.793333+00,7793.75,64.48,10647,2025-04-22 05:58:43.206,
10262,2025-04-22 05:58:33.198722+00,8057.5,64.36,10646,2025-04-22 05:58:31.626,
10261,2025-04-22 05:58:21.618488+00,7325,64.48,10645,2025-04-22 05:58:19.866,
10260,2025-04-22 05:58:09.86307+00,7505,64.48,10644,2025-04-22 05:58:08.206,
10259,2025-04-22 05:57:58.195431+00,7530,64.36,10643,2025-04-22 05:57:56.586,
10258,2025-04-22 05:57:46.587016+00,8085,64.48,10642,2025-04-22 05:57:44.956,
10257,2025-04-22 05:57:34.934943+00,8157.5,64.61,10641,2025-04-22 05:57:33.346,
10256,2025-04-22 05:57:23.342804+00,7576.25,64.61,10640,2025-04-22 05:57:21.746,
10255,2025-04-22 05:57:11.737246+00,7965,64.73,10639,2025-04-22 05:57:10.156,
10254,2025-04-22 05:57:00.158788+00,7278.75,64.61,10638,2025-04-22 05:56:58.546,
10253,2025-04-22 05:56:48.547097+00,6537.5,64.48,10637,2025-04-22 05:56:46.956,
10252,2025-04-22 05:56:36.932982+00,7747.5,64.61,10636,2025-04-22 05:56:35.311,
10251,2025-04-22 05:56:25.293964+00,7450,64.48,10635,2025-04-22 05:56:23.596,
10250,2025-04-22 05:56:13.592455+00,6885,64.73,10634,2025-04-22 05:56:11.986,
10249,2025-04-22 05:56:01.980174+00,7686.25,64.61,10633,2025-04-22 05:56:00.396,
10248,2025-04-22 05:55:50.384374+00,7101.25,64.61,10632,2025-04-22 05:55:48.776,
10247,2025-04-22 05:55:38.773639+00,7823.75,64.48,10631,2025-04-22 05:55:37.146,
10246,2025-04-22 05:55:27.139675+00,7598.75,64.48,10630,2025-04-22 05:55:25.546,
10245,2025-04-22 05:55:15.537703+00,8046.25,64.73,10629,2025-04-22 05:55:13.926,
10244,2025-04-22 05:55:03.892818+00,7445,64.36,10628,2025-04-22 05:55:02.306,
10243,2025-04-22 05:54:52.300495+00,7656.25,62.3,10627,2025-04-22 05:54:50.706,
10242,2025-04-22 05:54:40.705888+00,6837.5,64.24,10626,2025-04-22 05:54:39.046,
10241,2025-04-22 05:54:29.04217+00,7322.5,64.48,10625,2025-04-22 05:54:27.436,
10240,2025-04-22 05:54:17.431184+00,7482.5,64.26,10624,2025-04-22 05:54:15.816,
10239,2025-04-22 05:54:05.808518+00,7246.25,64.24,10623,2025-04-22 05:54:04.196,
10238,2025-04-22 05:53:54.173064+00,7648.75,64.36,10622,2025-04-22 05:53:52.536,
10237,2025-04-22 05:53:42.526579+00,7637.5,64.24,10621,2025-04-22 05:53:40.916,
10236,2025-04-22 05:53:30.90374+00,7185,64.24,10620,2025-04-22 05:53:27.296,
10235,2025-04-22 05:53:17.290416+00,7675,64.48,10619,2025-04-22 05:53:15.656,
10234,2025-04-22 05:53:05.625188+00,7788.75,64.36,10618,2025-04-22 05:53:04.026,
10233,2025-04-22 05:52:54.025634+00,7743.75,64.24,10617,2025-04-22 05:52:52.316,
10232,2025-04-22 05:52:42.277864+00,7737.5,64.62,10616,2025-04-22 05:52:40.656,
10231,2025-04-22 05:52:30.646864+00,7633.75,64.36,10615,2025-04-22 05:52:29.036,
10230,2025-04-22 05:52:19.029155+00,7301.25,64.24,10614,2025-04-22 05:52:17.381,
10229,2025-04-22 05:52:07.370982+00,7338.75,64.36,10613,2025-04-22 05:52:05.726,
10228,2025-04-22 05:51:55.705203+00,7756.25,64.48,10612,2025-04-22 05:51:54.106,
10227,2025-04-22 05:51:44.104359+00,7507.5,64.61,10611,2025-04-22 05:51:42.496,
10226,2025-04-22 05:51:32.482477+00,7693.75,64.48,10610,2025-04-22 05:51:30.876,
10225,2025-04-22 05:51:20.861811+00,8016.25,64.61,10609,2025-04-22 05:51:19.236,
10224,2025-04-22 05:51:09.224352+00,6993.75,64.61,10608,2025-04-22 05:51:07.546,
10223,2025-04-22 05:50:57.536132+00,7405,64.61,10607,2025-04-22 05:50:55.926,
10222,2025-04-22 05:50:45.914716+00,7685,64.61,10606,2025-04-22 05:50:44.336,
10221,2025-04-22 05:50:34.328711+00,7355,64.48,10605,2025-04-22 05:50:32.726,
10220,2025-04-22 05:50:22.718223+00,7887.5,64.36,10604,2025-04-22 05:50:21.106,
10219,2025-04-22 05:50:11.098868+00,7730,64.61,10603,2025-04-22 05:50:09.466,
10218,2025-04-22 05:49:59.450903+00,6865,64.12,10602,2025-04-22 05:49:57.876,
10217,2025-04-22 05:49:47.878089+00,7696.25,64.36,10601,2025-04-22 05:49:46.286,
10216,2025-04-22 05:49:36.279204+00,7641.25,64.38,10600,2025-04-22 05:49:34.686,
10215,2025-04-22 05:49:24.679791+00,7438.75,64.36,10599,2025-04-22 05:49:22.996,
10214,2025-04-22 05:49:12.979126+00,7866.25,64.48,10598,2025-04-22 05:49:11.396,
10213,2025-04-22 05:49:01.385025+00,7588.75,64.36,10597,2025-04-22 05:48:59.736,
10212,2025-04-22 05:48:49.725926+00,7651.25,64.61,10596,2025-04-22 05:48:48.106,
10211,2025-04-22 05:48:38.106367+00,7823.75,64.61,10595,2025-04-22 05:48:36.526,
10210,2025-04-22 05:48:26.521418+00,7661.25,64.36,10594,2025-04-22 05:48:24.906,
10209,2025-04-22 05:48:14.89885+00,7773.75,64.36,10593,2025-04-22 05:48:13.276,
10208,2025-04-22 05:48:03.22172+00,7841.25,64.61,10592,2025-04-22 05:48:01.556,
10207,2025-04-22 05:47:51.545013+00,7837.5,64.73,10591,2025-04-22 05:47:49.926,
10206,2025-04-22 05:47:39.922862+00,7097.5,64.73,10590,2025-04-22 05:47:38.266,
10205,2025-04-22 05:47:28.260368+00,7976.25,64.73,10589,2025-04-22 05:47:26.646,
10204,2025-04-22 05:47:16.636341+00,7691.25,64.61,10588,2025-04-22 05:47:15.016,
10203,2025-04-22 05:47:05.008986+00,7328.75,64.61,10587,2025-04-22 05:47:03.390,
10202,2025-04-22 05:46:53.363027+00,7227.5,64.61,10586,2025-04-22 05:46:51.776,
10201,2025-04-22 05:46:41.769606+00,6990,64.61,10585,2025-04-22 05:46:40.146,
10200,2025-04-22 05:46:30.131138+00,6791.25,64.73,10584,2025-04-22 05:46:28.526,
10199,2025-04-22 05:46:18.511636+00,7282.5,64.97,10583,2025-04-22 05:46:16.736,
10198,2025-04-22 05:46:06.728078+00,7522.5,64.73,10582,2025-04-22 05:46:05.116,
10197,2025-04-22 05:45:55.108346+00,7485,64.61,10581,2025-04-22 05:45:53.406,
10196,2025-04-22 05:45:43.388499+00,7108.75,64.97,10580,2025-04-22 05:45:41.666,
10195,2025-04-22 05:45:31.660394+00,7786.25,64.73,10579,2025-04-22 05:45:30.076,
10194,2025-04-22 05:45:20.065453+00,7160,64.48,10578,2025-04-22 05:45:18.446,
10193,2025-04-22 05:45:08.378816+00,7903.75,64.61,10577,2025-04-22 05:45:06.546,
10192,2025-04-22 05:44:56.537028+00,7721.25,64.85,10576,2025-04-22 05:44:54.886,
10191,2025-04-22 05:44:44.877284+00,7752.5,64.73,10575,2025-04-22 05:44:43.286,
10190,2025-04-22 05:44:33.276552+00,7042.5,64.36,10574,2025-04-22 05:44:31.656,
10189,2025-04-22 05:44:21.64342+00,7681.25,64.36,10573,2025-04-22 05:44:20.046,
10188,2025-04-22 05:44:10.044677+00,7542.5,64.36,10572,2025-04-22 05:44:08.386,
10187,2025-04-22 05:43:58.379057+00,6702.5,64.36,10571,2025-04-22 05:43:56.686,
10186,2025-04-22 05:43:46.672824+00,7875,64.36,10570,2025-04-22 05:43:45.066,
10185,2025-04-22 05:43:35.032042+00,7307.5,64.36,10569,2025-04-22 05:43:33.436,
10184,2025-04-22 05:43:23.428724+00,7406.25,64.73,10568,2025-04-22 05:43:21.816,
10183,2025-04-22 05:43:11.783699+00,8065,64.36,10567,2025-04-22 05:43:10.206,
10182,2025-04-22 05:43:00.111113+00,7447.5,64.12,10566,2025-04-22 05:42:58.536,
10181,2025-04-22 05:42:48.530141+00,6651.25,64,10565,2025-04-22 05:42:46.896,
10180,2025-04-22 05:42:36.891165+00,7675,63.76,10564,2025-04-22 05:42:35.296,
10179,2025-04-22 05:42:25.27797+00,7345,63.88,10563,2025-04-22 05:42:23.556,
10178,2025-04-22 05:42:13.532109+00,7131.25,64,10562,2025-04-22 05:42:11.916,
10177,2025-04-22 05:42:01.909864+00,7701.25,64,10561,2025-04-22 05:42:00.316,
10176,2025-04-22 05:41:50.303048+00,7286.25,64.36,10560,2025-04-22 05:41:48.636,
10175,2025-04-22 05:41:38.62277+00,7495,64.24,10559,2025-04-22 05:41:37.026,
10174,2025-04-22 05:41:27.022971+00,7391.25,64.36,10558,2025-04-22 05:41:25.416,
10173,2025-04-22 05:41:15.397594+00,7951.25,64.61,10557,2025-04-22 05:41:13.796,
10172,2025-04-22 05:41:03.783385+00,8081.25,64.61,10556,2025-04-22 05:41:02.146,
10171,2025-04-22 05:40:52.138404+00,6727.5,64.36,10555,2025-04-22 05:40:50.544,
10170,2025-04-22 05:40:40.541426+00,7896.25,64.36,10554,2025-04-22 05:40:38.974,
10169,2025-04-22 05:40:28.971702+00,7806.25,64,10553,2025-04-22 05:40:27.394,
10168,2025-04-22 05:40:17.378487+00,7426.25,64.12,10552,2025-04-22 05:40:15.774,
10167,2025-04-22 05:40:05.774192+00,7873.75,64.36,10551,2025-04-22 05:40:04.174,
10166,2025-04-22 05:39:54.171496+00,7332.5,64.48,10550,2025-04-22 05:39:52.554,
10165,2025-04-22 05:39:42.556411+00,7823.75,64.48,10549,2025-04-22 05:39:40.884,
10164,2025-04-22 05:39:30.877457+00,7187.5,64.24,10548,2025-04-22 05:39:29.274,
10163,2025-04-22 05:39:19.268593+00,6806.25,64.61,10547,2025-04-22 05:39:17.674,
10162,2025-04-22 05:39:07.670823+00,7127.5,64.73,10546,2025-04-22 05:39:06.064,
10161,2025-04-22 05:38:56.068873+00,7917.5,64.85,10545,2025-04-22 05:38:54.470,
10160,2025-04-22 05:38:44.469772+00,7962.5,64.73,10544,2025-04-22 05:38:42.854,
10159,2025-04-22 05:38:32.851951+00,7350,64.97,10543,2025-04-22 05:38:31.224,
10158,2025-04-22 05:38:21.22012+00,7485,64.73,10542,2025-04-22 05:38:19.604,
10157,2025-04-22 05:38:09.60821+00,7486.25,64.85,10541,2025-04-22 05:38:08.044,
10156,2025-04-22 05:37:58.038701+00,7097.5,64.73,10540,2025-04-22 05:37:56.444,
10155,2025-04-22 05:37:46.441865+00,6545,64.48,10539,2025-04-22 05:37:44.834,
10154,2025-04-22 05:37:34.835406+00,7468.75,64.48,10538,2025-04-22 05:37:33.164,
10153,2025-04-22 05:37:23.16793+00,7822.5,64.85,10537,2025-04-22 05:37:21.548,
10152,2025-04-22 05:37:11.541285+00,7248.75,64.61,10536,2025-04-22 05:37:09.914,
10151,2025-04-22 05:36:59.902129+00,7662.5,64.48,10535,2025-04-22 05:36:58.304,
10150,2025-04-22 05:36:48.308046+00,7870,64.36,10534,2025-04-22 05:36:46.669,
10149,2025-04-22 05:36:36.649414+00,7412.5,64.48,10533,2025-04-22 05:36:35.034,
10148,2025-04-22 05:36:25.033155+00,7206.25,64.48,10532,2025-04-22 05:36:23.424,
10147,2025-04-22 05:36:13.424189+00,7848.75,64.73,10531,2025-04-22 05:36:11.784,
10146,2025-04-22 05:36:01.778235+00,7283.75,64.73,10530,2025-04-22 05:36:00.194,
10145,2025-04-22 05:35:50.199361+00,7551.25,64.73,10529,2025-04-22 05:35:48.614,
10144,2025-04-22 05:35:38.603436+00,7696.25,64.61,10528,2025-04-22 05:35:36.984,
10143,2025-04-22 05:35:26.983424+00,8121.25,64.61,10527,2025-04-22 05:35:25.324,
10142,2025-04-22 05:35:15.318171+00,7141.25,64.61,10526,2025-04-22 05:35:13.694,
10141,2025-04-22 05:35:03.688181+00,8183.75,64.61,10525,2025-04-22 05:35:02.114,
10140,2025-04-22 05:34:52.120439+00,8241.25,64.48,10524,2025-04-22 05:34:50.514,
10139,2025-04-22 05:34:40.50918+00,7187.5,64.48,10523,2025-04-22 05:34:38.874,
10138,2025-04-22 05:34:28.872245+00,7827.5,64.48,10522,2025-04-22 05:34:27.264,
10137,2025-04-22 05:34:17.262871+00,7525,64.48,10521,2025-04-22 05:34:14.194,
10136,2025-04-22 05:34:04.173593+00,7170,64.36,10520,2025-04-22 05:34:02.488,
10135,2025-04-22 05:33:52.482249+00,8003.75,64.36,10519,2025-04-22 05:33:50.874,
10134,2025-04-22 05:33:40.863075+00,7337.5,64.36,10518,2025-04-22 05:33:39.194,
10133,2025-04-22 05:33:29.191496+00,7323.75,64.48,10517,2025-04-22 05:33:27.614,
10132,2025-04-22 05:33:17.616804+00,8003.75,64.48,10516,2025-04-22 05:33:15.974,
10131,2025-04-22 05:33:05.964111+00,7367.5,64.24,10515,2025-04-22 05:33:04.384,
10130,2025-04-22 05:32:54.378018+00,7507.5,64.48,10514,2025-04-22 05:32:52.784,
10129,2025-04-22 05:32:42.759958+00,7078.75,64.24,10513,2025-04-22 05:32:41.184,
10128,2025-04-22 05:32:31.176521+00,7297.5,64.36,10512,2025-04-22 05:32:29.554,
10127,2025-04-22 05:32:19.556561+00,7462.5,64.36,10511,2025-04-22 05:32:17.744,
10126,2025-04-22 05:32:07.73333+00,6345,64.24,10510,2025-04-22 05:32:06.094,
10125,2025-04-22 05:31:56.095176+00,7016.25,64.24,10509,2025-04-22 05:31:54.424,
10124,2025-04-22 05:31:44.40752+00,7768.75,64.36,10508,2025-04-22 05:31:42.744,
10123,2025-04-22 05:31:32.741048+00,7056.25,64.36,10507,2025-04-22 05:31:31.124,
10122,2025-04-22 05:31:21.117611+00,7362.5,64.36,10506,2025-04-22 05:31:19.484,
10121,2025-04-22 05:31:09.481416+00,8081.25,64.36,10505,2025-04-22 05:31:07.824,
10120,2025-04-22 05:30:57.826219+00,7791.25,64.73,10504,2025-04-22 05:30:56.184,
10119,2025-04-22 05:30:46.170545+00,7916.25,64.61,10503,2025-04-22 05:30:44.454,
10118,2025-04-22 05:30:34.453359+00,7138.75,64.61,10502,2025-04-22 05:30:32.784,
10117,2025-04-22 05:30:22.775968+00,7753.75,64.36,10501,2025-04-22 05:30:21.144,
10116,2025-04-22 05:30:11.138535+00,7466.25,64.48,10500,2025-04-22 05:30:09.430,
10115,2025-04-22 05:29:59.42404+00,7173.75,64.38,10499,2025-04-22 05:29:57.814,
10114,2025-04-22 05:29:47.81022+00,6767.5,64.48,10498,2025-04-22 05:29:46.194,
10113,2025-04-22 05:29:36.187065+00,7931.25,64.24,10497,2025-04-22 05:29:34.584,
10112,2025-04-22 05:29:24.581901+00,7925,64,10496,2025-04-22 05:29:22.974,
10111,2025-04-22 05:29:12.946518+00,7112.5,64.12,10495,2025-04-22 05:29:11.324,
10110,2025-04-22 05:29:01.321669+00,7077.5,64.36,10494,2025-04-22 05:28:59.664,
10109,2025-04-22 05:28:49.668019+00,7432.5,64.36,10493,2025-04-22 05:28:48.054,
10108,2025-04-22 05:28:38.026564+00,7375,64.36,10492,2025-04-22 05:28:36.394,
10107,2025-04-22 05:28:26.385697+00,7647.5,64.36,10491,2025-04-22 05:28:24.704,
10106,2025-04-22 05:28:14.693362+00,7538.75,64.36,10490,2025-04-22 05:28:13.064,
10105,2025-04-22 05:28:03.060414+00,7416.25,64.61,10489,2025-04-22 05:28:01.464,
10104,2025-04-22 05:27:51.436338+00,7431.25,64.48,10488,2025-04-22 05:27:49.794,
10103,2025-04-22 05:27:39.69857+00,7831.25,64.36,10487,2025-04-22 05:27:38.084,
10102,2025-04-22 05:27:28.084493+00,6473.75,64.36,10486,2025-04-22 05:27:26.498,
10101,2025-04-22 05:27:16.487429+00,7697.5,64.48,10485,2025-04-22 05:27:14.884,
10100,2025-04-22 05:27:04.865678+00,7198.75,64.36,10484,2025-04-22 05:27:03.174,
10099,2025-04-22 05:26:53.17706+00,7008.75,64.36,10483,2025-04-22 05:26:51.534,
10098,2025-04-22 05:26:41.529217+00,7425,64.36,10482,2025-04-22 05:26:39.844,
10097,2025-04-22 05:26:29.830187+00,7457.5,64.36,10481,2025-04-22 05:26:28.224,
10096,2025-04-22 05:26:18.227513+00,7216.25,64.61,10480,2025-04-22 05:26:16.664,
10095,2025-04-22 05:26:06.656527+00,7863.75,64.48,10479,2025-04-22 05:26:05.044,
10094,2025-04-22 05:25:55.047221+00,7856.25,64.61,10478,2025-04-22 05:25:53.384,
10093,2025-04-22 05:25:43.387349+00,7840,64.48,10477,2025-04-22 05:25:41.824,
10092,2025-04-22 05:25:31.81411+00,6411.25,64.48,10476,2025-04-22 05:25:30.164,
10091,2025-04-22 05:25:20.162651+00,7056.25,64.48,10475,2025-04-22 05:25:18.524,
10090,2025-04-22 05:25:08.506751+00,7835,64.73,10474,2025-04-22 05:25:06.914,
10089,2025-04-22 05:24:56.906609+00,6685,64.61,10473,2025-04-22 05:24:55.214,
10088,2025-04-22 05:24:45.175453+00,7850,64.61,10472,2025-04-22 05:24:43.574,
10087,2025-04-22 05:24:33.565369+00,8003.75,64.48,10471,2025-04-22 05:24:31.924,
10086,2025-04-22 05:24:21.92155+00,6872.5,64.61,10470,2025-04-22 05:24:20.284,
10085,2025-04-22 05:24:10.253706+00,7670,64.61,10469,2025-04-22 05:24:08.644,
10084,2025-04-22 05:23:58.650129+00,7403.75,64.61,10468,2025-04-22 05:23:57.064,
10083,2025-04-22 05:23:47.026097+00,7661.25,64.61,10467,2025-04-22 05:23:45.404,
10082,2025-04-22 05:23:35.402339+00,7391.25,64.48,10466,2025-04-22 05:23:33.794,
10081,2025-04-22 05:23:23.786597+00,7272.5,64.24,10465,2025-04-22 05:23:22.164,
10080,2025-04-22 05:23:12.155944+00,7643.75,64.48,10464,2025-04-22 05:23:10.444,
10079,2025-04-22 05:23:00.445296+00,7160,64.61,10463,2025-04-22 05:22:58.794,
10078,2025-04-22 05:22:48.794115+00,7708.75,64.36,10462,2025-04-22 05:22:47.234,
10077,2025-04-22 05:22:37.22971+00,7713.75,64.24,10461,2025-04-22 05:22:35.614,
10076,2025-04-22 05:22:25.6089+00,7420,64.36,10460,2025-04-22 05:22:23.954,
10075,2025-04-22 05:22:13.951263+00,7785,64.73,10459,2025-04-22 05:22:12.374,
10074,2025-04-22 05:22:02.347066+00,7837.5,64.61,10458,2025-04-22 05:22:00.729,
10073,2025-04-22 05:21:50.729175+00,7972.5,64.48,10457,2025-04-22 05:21:49.079,
10072,2025-04-22 05:21:39.085456+00,7598.75,64.61,10456,2025-04-22 05:21:32.964,
10071,2025-04-22 05:21:22.956553+00,7893.75,64.48,10455,2025-04-22 05:21:21.284,
10070,2025-04-22 05:21:11.262022+00,7762.5,64.48,10454,2025-04-22 05:21:09.604,
10069,2025-04-22 05:20:59.59406+00,7875,64.48,10453,2025-04-22 05:20:57.934,
10068,2025-04-22 05:20:47.905618+00,7773.75,64.48,10452,2025-04-22 05:20:46.224,
10067,2025-04-22 05:20:36.217004+00,7403.75,64.61,10451,2025-04-22 05:20:34.564,
10066,2025-04-22 05:20:24.554088+00,7341.25,64.48,10450,2025-04-22 05:20:22.974,
10065,2025-04-22 05:20:12.973178+00,7980,64.61,10449,2025-04-22 05:20:11.384,
10064,2025-04-22 05:20:01.353033+00,6753.75,64.48,10448,2025-04-22 05:19:59.784,
10063,2025-04-22 05:19:49.779489+00,7867.5,64.73,10447,2025-04-22 05:19:48.164,
10062,2025-04-22 05:19:38.1562+00,7903.75,64.61,10446,2025-04-22 05:19:36.454,
10061,2025-04-22 05:19:26.44729+00,7886.25,64.48,10445,2025-04-22 05:19:24.684,
10060,2025-04-22 05:19:14.677704+00,7041.25,64.85,10444,2025-04-22 05:19:13.054,
10059,2025-04-22 05:19:03.052901+00,7846.25,64.61,10443,2025-04-22 05:19:01.444,
10058,2025-04-22 05:18:51.43868+00,7886.25,64.48,10442,2025-04-22 05:18:49.684,
10057,2025-04-22 05:18:39.681091+00,6468.75,64.73,10441,2025-04-22 05:18:38.104,
10056,2025-04-22 05:18:28.08508+00,7290,64.85,10440,2025-04-22 05:18:26.504,
10055,2025-04-22 05:18:16.503311+00,7527.5,64.73,10439,2025-04-22 05:18:14.884,
10054,2025-04-22 05:18:04.869014+00,7521.25,64.36,10438,2025-04-22 05:18:03.284,
10053,2025-04-22 05:17:53.260399+00,7705,64.48,10437,2025-04-22 05:17:51.544,
10052,2025-04-22 05:17:41.536072+00,7890,64.36,10436,2025-04-22 05:17:39.944,
10051,2025-04-22 05:17:29.94312+00,7781.25,64.61,10435,2025-04-22 05:17:28.304,
10050,2025-04-22 05:17:18.292787+00,7957.5,64.61,10434,2025-04-22 05:17:16.624,
10049,2025-04-22 05:17:06.617104+00,7581.25,64.61,10433,2025-04-22 05:17:04.994,
10048,2025-04-22 05:16:54.960793+00,7415,64.97,10432,2025-04-22 05:16:53.344,
10047,2025-04-22 05:16:43.331826+00,7447.5,64.73,10431,2025-04-22 05:16:41.709,
10046,2025-04-22 05:16:31.694317+00,7833.75,64.73,10430,2025-04-22 05:16:30.094,
10045,2025-04-22 05:16:20.090564+00,7466.25,64.36,10429,2025-04-22 05:16:18.464,
10044,2025-04-22 05:16:08.46454+00,7783.75,64.48,10428,2025-04-22 05:16:06.774,
10043,2025-04-22 05:15:56.768102+00,7868.75,64.48,10427,2025-04-22 05:15:55.134,
10042,2025-04-22 05:15:45.13361+00,7633.75,64.36,10426,2025-04-22 05:15:43.524,
10041,2025-04-22 05:15:33.517617+00,7697.5,64.61,10425,2025-04-22 05:15:31.854,
10040,2025-04-22 05:15:21.853617+00,7366.25,64.48,10424,2025-04-22 05:15:20.224,
10039,2025-04-22 05:15:10.206674+00,7270,64.36,10423,2025-04-22 05:15:08.624,
10038,2025-04-22 05:14:58.609245+00,7966.25,64.61,10422,2025-04-22 05:14:56.854,
10037,2025-04-22 05:14:46.843434+00,7951.25,64.61,10421,2025-04-22 05:14:45.224,
10036,2025-04-22 05:14:35.21136+00,7838.75,64.48,10420,2025-04-22 05:14:33.519,
10035,2025-04-22 05:14:23.492548+00,7368.75,64.61,10419,2025-04-22 05:14:21.789,
10034,2025-04-22 05:14:11.720755+00,7797.5,64.48,10418,2025-04-22 05:14:09.604,
10033,2025-04-22 05:13:59.597647+00,7422.5,64.73,10417,2025-04-22 05:13:57.994,
10032,2025-04-22 05:13:47.976461+00,7515,64.61,10416,2025-04-22 05:13:46.304,
10031,2025-04-22 05:13:36.244463+00,7680,64.48,10415,2025-04-22 05:13:34.304,
10030,2025-04-22 05:13:24.282397+00,7401.25,64.38,10414,2025-04-22 05:13:22.674,
10029,2025-04-22 05:13:12.651246+00,7476.25,64.61,10413,2025-04-22 05:13:10.944,
10028,2025-04-22 05:13:00.932286+00,7410,64.61,10412,2025-04-22 05:12:59.234,
10027,2025-04-22 05:12:49.225766+00,7296.25,64.24,10411,2025-04-22 05:12:47.394,
10026,2025-04-22 05:12:37.376305+00,7838.75,64.61,10410,2025-04-22 05:12:35.484,
10025,2025-04-22 05:12:25.47586+00,7712.5,64.36,10409,2025-04-22 05:12:23.914,
10024,2025-04-22 05:12:13.858333+00,7060,64.24,10408,2025-04-22 05:12:12.124,
10023,2025-04-22 05:12:02.08863+00,7566.25,64.61,10407,2025-04-22 05:12:00.474,
10022,2025-04-22 05:11:50.467676+00,7518.75,64.48,10406,2025-04-22 05:11:48.884,
10021,2025-04-22 05:11:38.877835+00,6595,64.48,10405,2025-04-22 05:11:37.224,
10020,2025-04-22 05:11:27.210379+00,7372.5,64.48,10404,2025-04-22 05:11:25.664,
10019,2025-04-22 05:11:15.628754+00,7925,64.61,10403,2025-04-22 05:11:13.994,
10018,2025-04-22 05:11:03.992394+00,6907.5,64.48,10402,2025-04-22 05:11:02.354,
10017,2025-04-22 05:10:52.343988+00,7227.5,64.48,10401,2025-04-22 05:10:50.744,
10016,2025-04-22 05:10:40.734261+00,7136.25,64.12,10400,2025-04-22 05:10:39.116,
10015,2025-04-22 05:10:29.111508+00,7887.5,64.36,10399,2025-04-22 05:10:27.504,
10014,2025-04-22 05:10:17.491755+00,7137.5,64.36,10398,2025-04-22 05:10:15.854,
10013,2025-04-22 05:10:05.835339+00,6932.5,64.48,10397,2025-04-22 05:10:04.239,
10012,2025-04-22 05:09:54.234275+00,7833.75,64.36,10396,2025-04-22 05:09:52.489,
10011,2025-04-22 05:09:42.451389+00,7342.5,64.36,10395,2025-04-22 05:09:40.384,
10010,2025-04-22 05:09:30.368986+00,7008.75,64.36,10394,2025-04-22 05:09:28.804,
10009,2025-04-22 05:09:18.78183+00,7297.5,64.36,10393,2025-04-22 05:09:17.204,
10008,2025-04-22 05:09:07.196569+00,7412.5,64.48,10392,2025-04-22 05:09:05.474,
10007,2025-04-22 05:08:55.472041+00,7452.5,64.24,10391,2025-04-22 05:08:53.834,
10006,2025-04-22 05:08:43.757787+00,7806.25,64.48,10390,2025-04-22 05:08:41.944,
10005,2025-04-22 05:08:31.940121+00,7396.25,64.48,10389,2025-04-22 05:08:30.329,
10004,2025-04-22 05:08:20.307762+00,7726.25,64.61,10388,2025-04-22 05:08:17.894,
10003,2025-04-22 05:08:07.871251+00,7720,64.73,10387,2025-04-22 05:08:06.244,
10002,2025-04-22 05:07:56.234302+00,6841.25,64.61,10386,2025-04-22 05:07:54.650,
10001,2025-04-22 05:07:44.630592+00,7646.25,64.48,10385,2025-04-22 05:07:43.034,
10000,2025-04-22 05:07:33.014288+00,7673.75,64.48,10384,2025-04-22 05:07:31.274,
9999,2025-04-22 05:07:21.247305+00,7571.25,64.73,10383,2025-04-22 05:07:19.554,
9998,2025-04-22 05:07:09.548366+00,7312.5,64.85,10382,2025-04-22 05:07:07.944,
9997,2025-04-22 05:06:57.929719+00,7768.75,64.61,10381,2025-04-22 05:06:56.264,
9996,2025-04-22 05:06:46.261532+00,7736.25,64.73,10380,2025-04-22 05:06:44.704,
9995,2025-04-22 05:06:34.680331+00,7448.75,64.61,10379,2025-04-22 05:06:33.044,
9994,2025-04-22 05:06:23.030092+00,7835,64.85,10378,2025-04-22 05:06:21.424,
9993,2025-04-22 05:06:11.380602+00,7761.25,64.73,10377,2025-04-22 05:06:09.715,
9992,2025-04-22 05:05:59.701241+00,7841.25,64.86,10376,2025-04-22 05:05:58.074,
9991,2025-04-22 05:05:48.055478+00,7402.5,64.85,10375,2025-04-22 05:05:46.424,
9990,2025-04-22 05:05:36.408107+00,6858.75,64.85,10374,2025-04-22 05:05:34.764,
9989,2025-04-22 05:05:24.748983+00,7167.5,64.73,10373,2025-04-22 05:05:23.134,
9988,2025-04-22 05:05:13.09692+00,7595,64.73,10372,2025-04-22 05:05:11.464,
9987,2025-04-22 05:05:01.459541+00,7807.5,64.85,10371,2025-04-22 05:04:59.866,
9986,2025-04-22 05:04:49.849852+00,7461.25,64.97,10370,2025-04-22 05:04:48.144,
9985,2025-04-22 05:04:38.135408+00,7748.75,64.97,10369,2025-04-22 05:04:36.564,
9984,2025-04-22 05:04:26.536874+00,7503.75,64.61,10368,2025-04-22 05:04:24.944,
9983,2025-04-22 05:04:14.926742+00,7105,64.85,10367,2025-04-22 05:04:13.264,
9982,2025-04-22 05:04:03.251768+00,7517.5,64.85,10366,2025-04-22 05:04:01.654,
9981,2025-04-22 05:03:51.600036+00,7600,64.73,10365,2025-04-22 05:03:49.904,
9980,2025-04-22 05:03:39.895944+00,7508.75,64.85,10364,2025-04-22 05:03:38.344,
9979,2025-04-22 05:03:28.333495+00,7932.5,64.85,10363,2025-04-22 05:03:26.764,
9978,2025-04-22 05:03:16.745387+00,7577.5,64.97,10362,2025-04-22 05:03:15.154,
9977,2025-04-22 05:03:05.124561+00,7713.75,64.85,10361,2025-04-22 05:03:03.464,
9976,2025-04-22 05:02:53.301086+00,7872.5,64.85,10360,2025-04-22 05:02:51.714,
9975,2025-04-22 05:02:41.7029+00,7695,64.85,10359,2025-04-22 05:02:39.924,
9974,2025-04-22 05:02:29.916833+00,7741.25,64.73,10358,2025-04-22 05:02:28.284,
9973,2025-04-22 05:02:18.264266+00,7611.25,64.61,10357,2025-04-22 05:02:16.664,
9972,2025-04-22 05:02:06.638144+00,7645,64.97,10356,2025-04-22 05:02:04.954,
9971,2025-04-22 05:01:54.939461+00,7723.75,64.85,10355,2025-04-22 05:01:53.274,
9970,2025-04-22 05:01:43.253363+00,7726.25,65.09,10354,2025-04-22 05:01:41.644,
9969,2025-04-22 05:01:31.633026+00,7783.75,64.97,10353,2025-04-22 05:01:30.034,
9968,2025-04-22 05:01:20.013042+00,7878.75,65.09,10352,2025-04-22 05:01:18.374,
9967,2025-04-22 05:01:08.353489+00,7695,64.97,10351,2025-04-22 05:01:06.744,
9966,2025-04-22 05:00:56.703782+00,7921.25,64.97,10350,2025-04-22 05:00:55.084,
9965,2025-04-22 05:00:45.071038+00,7946.25,64.97,10349,2025-04-22 05:00:43.484,
9964,2025-04-22 05:00:33.468406+00,7522.5,64.97,10348,2025-04-22 05:00:31.854,
9963,2025-04-22 05:00:21.845008+00,7143.75,64.85,10347,2025-04-22 05:00:20.144,
9962,2025-04-22 05:00:10.12915+00,7195,64.85,10346,2025-04-22 05:00:08.524,
9961,2025-04-22 04:59:58.507099+00,7635,64.85,10345,2025-04-22 04:59:56.914,
9960,2025-04-22 04:59:46.900161+00,6765,64.73,10344,2025-04-22 04:59:45.274,
9959,2025-04-22 04:59:35.253934+00,8100,64.73,10343,2025-04-22 04:59:33.664,
9958,2025-04-22 04:59:23.602736+00,7387.5,64.97,10342,2025-04-22 04:59:21.944,
9957,2025-04-22 04:59:11.932106+00,7648.75,64.85,10341,2025-04-22 04:59:10.324,
9956,2025-04-22 04:59:00.317129+00,7618.75,65.09,10340,2025-04-22 04:58:58.684,
9955,2025-04-22 04:58:48.673884+00,7652.5,65.09,10339,2025-04-22 04:58:47.114,
9954,2025-04-22 04:58:37.098669+00,7537.5,64.97,10338,2025-04-22 04:58:35.544,
9953,2025-04-22 04:58:25.514592+00,7396.25,64.85,10337,2025-04-22 04:58:23.884,
9952,2025-04-22 04:58:13.846933+00,7678.75,64.97,10336,2025-04-22 04:58:12.254,
9951,2025-04-22 04:58:02.24631+00,7836.25,64.97,10335,2025-04-22 04:58:00.664,
9950,2025-04-22 04:57:50.648387+00,7520,64.97,10334,2025-04-22 04:57:49.044,
9949,2025-04-22 04:57:39.034542+00,7032.5,64.97,10333,2025-04-22 04:57:37.384,
9948,2025-04-22 04:57:27.358336+00,7487.5,64.85,10332,2025-04-22 04:57:25.764,
9947,2025-04-22 04:57:15.75036+00,7491.25,64.97,10331,2025-04-22 04:57:13.984,
9946,2025-04-22 04:57:03.969027+00,7580,64.97,10330,2025-04-22 04:57:02.414,
9945,2025-04-22 04:56:52.393549+00,7488.75,64.85,10329,2025-04-22 04:56:50.794,
9944,2025-04-22 04:56:40.77287+00,7765,64.85,10328,2025-04-22 04:56:39.124,
9943,2025-04-22 04:56:29.114072+00,7221.25,64.73,10327,2025-04-22 04:56:27.544,
9942,2025-04-22 04:56:17.526974+00,7142.5,64.85,10326,2025-04-22 04:56:15.914,
9941,2025-04-22 04:56:05.897556+00,7897.5,64.97,10325,2025-04-22 04:56:04.154,
9940,2025-04-22 04:55:54.144461+00,7613.75,64.73,10324,2025-04-22 04:55:52.454,
9939,2025-04-22 04:55:42.442864+00,7966.25,64.85,10323,2025-04-22 04:55:40.854,
9938,2025-04-22 04:55:30.78023+00,7540,64.97,10322,2025-04-22 04:55:29.134,
9937,2025-04-22 04:55:19.121078+00,7895,64.85,10321,2025-04-22 04:55:17.574,
9936,2025-04-22 04:55:07.561182+00,7426.25,64.85,10320,2025-04-22 04:55:05.944,
9935,2025-04-22 04:54:55.93208+00,6982.5,64.97,10319,2025-04-22 04:54:54.354,
9934,2025-04-22 04:54:44.339224+00,7118.75,64.85,10318,2025-04-22 04:54:42.694,
9933,2025-04-22 04:54:32.67283+00,7633.75,64.97,10317,2025-04-22 04:54:31.104,
9932,2025-04-22 04:54:21.094805+00,7738.75,64.85,10316,2025-04-22 04:54:19.444,
9931,2025-04-22 04:54:09.427569+00,6930,64.97,10315,2025-04-22 04:54:07.874,
9930,2025-04-22 04:53:57.857346+00,7686.25,64.85,10314,2025-04-22 04:53:56.274,
9929,2025-04-22 04:53:46.257224+00,7266.25,64.85,10313,2025-04-22 04:53:44.684,
9928,2025-04-22 04:53:34.67135+00,7850,64.73,10312,2025-04-22 04:53:33.064,
9927,2025-04-22 04:53:23.050286+00,7827.5,64.85,10311,2025-04-22 04:53:21.484,
9926,2025-04-22 04:53:11.463772+00,7871.25,64.85,10310,2025-04-22 04:53:09.774,
9925,2025-04-22 04:52:59.76131+00,7528.75,64.97,10309,2025-04-22 04:52:58.174,
9924,2025-04-22 04:52:48.15211+00,7672.5,65.21,10308,2025-04-22 04:52:46.554,
9923,2025-04-22 04:52:36.539229+00,7770,65.09,10307,2025-04-22 04:52:34.934,
9922,2025-04-22 04:52:24.915007+00,7705,64.97,10306,2025-04-22 04:52:23.319,
9921,2025-04-22 04:52:13.304955+00,7680,64.97,10305,2025-04-22 04:52:11.674,
9920,2025-04-22 04:52:01.655127+00,7871.25,65.09,10304,2025-04-22 04:51:59.954,
9919,2025-04-22 04:51:49.942039+00,7968.75,64.97,10303,2025-04-22 04:51:48.344,
9918,2025-04-22 04:51:38.314247+00,7735,64.97,10302,2025-04-22 04:51:36.664,
9917,2025-04-22 04:51:26.65111+00,7476.25,64.73,10301,2025-04-22 04:51:25.054,
9916,2025-04-22 04:51:15.044805+00,7775,64.97,10300,2025-04-22 04:51:13.454,
9915,2025-04-22 04:51:03.439679+00,7385,64.98,10299,2025-04-22 04:51:01.884,
9914,2025-04-22 04:50:51.865989+00,7947.5,64.85,10298,2025-04-22 04:50:50.244,
9913,2025-04-22 04:50:40.234609+00,7702.5,65.09,10297,2025-04-22 04:50:38.644,
9912,2025-04-22 04:50:28.635458+00,7175,65.21,10296,2025-04-22 04:50:27.014,
9911,2025-04-22 04:50:16.988953+00,7675,64.73,10295,2025-04-22 04:50:15.254,
9910,2025-04-22 04:50:05.224989+00,7588.75,64.97,10294,2025-04-22 04:50:03.644,
9909,2025-04-22 04:49:53.617849+00,7008.75,64.97,10293,2025-04-22 04:49:51.954,
9908,2025-04-22 04:49:41.934113+00,7842.5,64.85,10292,2025-04-22 04:49:40.369,
9907,2025-04-22 04:49:29.382435+00,7583.75,64.85,10291,2025-04-22 04:49:27.514,
9906,2025-04-22 04:49:17.503758+00,7167.5,64.85,10290,2025-04-22 04:49:15.904,
9905,2025-04-22 04:49:05.890081+00,7761.25,64.61,10289,2025-04-22 04:49:04.299,
9904,2025-04-22 04:48:54.27442+00,7837.5,64.61,10288,2025-04-22 04:48:52.684,
9903,2025-04-22 04:48:42.667888+00,7947.5,64.85,10287,2025-04-22 04:48:41.054,
9902,2025-04-22 04:48:31.032632+00,7401.25,64.73,10286,2025-04-22 04:48:29.444,
9901,2025-04-22 04:48:19.42172+00,7475,64.73,10285,2025-04-22 04:48:17.794,
9900,2025-04-22 04:48:07.775994+00,7602.5,64.85,10284,2025-04-22 04:48:06.194,
9899,2025-04-22 04:47:56.178917+00,7575,64.85,10283,2025-04-22 04:47:54.584,
9898,2025-04-22 04:47:44.563892+00,7306.25,64.73,10282,2025-04-22 04:47:42.994,
9897,2025-04-22 04:47:32.933+00,8078.75,64.61,10281,2025-04-22 04:47:31.344,
9896,2025-04-22 04:47:21.328218+00,7517.5,64.85,10280,2025-04-22 04:47:19.614,
9895,2025-04-22 04:47:09.598468+00,7761.25,64.97,10279,2025-04-22 04:47:07.924,
9894,2025-04-22 04:46:57.900548+00,7850,64.97,10278,2025-04-22 04:46:56.304,
9893,2025-04-22 04:46:46.262473+00,7192.5,64.97,10277,2025-04-22 04:46:44.644,
9892,2025-04-22 04:46:34.634146+00,7433.75,64.97,10276,2025-04-22 04:46:33.054,
9891,2025-04-22 04:46:23.033027+00,7966.25,64.85,10275,2025-04-22 04:46:21.434,
9890,2025-04-22 04:46:11.422681+00,7475,64.97,10274,2025-04-22 04:46:09.834,
9889,2025-04-22 04:45:59.82435+00,7676.25,65.09,10273,2025-04-22 04:45:58.234,
9888,2025-04-22 04:45:48.186505+00,6693.75,64.85,10272,2025-04-22 04:45:46.584,
9887,2025-04-22 04:45:36.566494+00,7335,65.09,10271,2025-04-22 04:45:34.984,
9886,2025-04-22 04:45:24.960628+00,7495,64.97,10270,2025-04-22 04:45:23.364,
9885,2025-04-22 04:45:13.336683+00,7593.75,65.09,10269,2025-04-22 04:45:11.714,
9884,2025-04-22 04:45:01.700114+00,7702.5,65.09,10268,2025-04-22 04:45:00.074,
9883,2025-04-22 04:44:50.028528+00,7596.25,64.85,10267,2025-04-22 04:44:48.404,
9882,2025-04-22 04:44:38.386734+00,7852.5,64.85,10266,2025-04-22 04:44:36.789,
9881,2025-04-22 04:44:26.766741+00,7601.25,64.97,10265,2025-04-22 04:44:25.109,
9880,2025-04-22 04:44:14.827322+00,7480,65.09,10264,2025-04-22 04:44:13.014,
9879,2025-04-22 04:44:02.996682+00,7580,64.85,10263,2025-04-22 04:44:01.354,
9878,2025-04-22 04:43:51.333615+00,7147.5,64.97,10262,2025-04-22 04:43:49.744,
9877,2025-04-22 04:43:39.731883+00,7730,64.73,10261,2025-04-22 04:43:38.134,
9876,2025-04-22 04:43:28.062342+00,7790,64.61,10260,2025-04-22 04:43:26.454,
9875,2025-04-22 04:43:16.432872+00,7813.75,64.85,10259,2025-04-22 04:43:14.834,
9874,2025-04-22 04:43:04.822356+00,7395,64.97,10258,2025-04-22 04:43:03.254,
9873,2025-04-22 04:42:53.226433+00,7802.5,64.73,10257,2025-04-22 04:42:51.564,
9872,2025-04-22 04:42:41.537672+00,7562.5,64.97,10256,2025-04-22 04:42:39.914,
9871,2025-04-22 04:42:29.893665+00,7846.25,64.73,10255,2025-04-22 04:42:28.264,
9870,2025-04-22 04:42:18.246933+00,7327.5,64.73,10254,2025-04-22 04:42:16.664,
9869,2025-04-22 04:42:06.651485+00,7456.25,64.73,10253,2025-04-22 04:42:05.049,
9868,2025-04-22 04:41:55.02524+00,7171.25,64.73,10252,2025-04-22 04:41:53.434,
9867,2025-04-22 04:41:43.415505+00,7375,64.73,10251,2025-04-22 04:41:41.844,
9866,2025-04-22 04:41:31.827977+00,7036.25,64.73,10250,2025-04-22 04:41:30.234,
9865,2025-04-22 04:41:20.204933+00,7290,64.73,10249,2025-04-22 04:41:18.594,
9864,2025-04-22 04:41:08.574284+00,7780,64.61,10248,2025-04-22 04:41:06.864,
9863,2025-04-22 04:40:56.847036+00,7856.25,64.73,10247,2025-04-22 04:40:55.214,
9862,2025-04-22 04:40:45.178255+00,7286.25,64.48,10246,2025-04-22 04:40:43.569,
9861,2025-04-22 04:40:33.567718+00,7693.75,64.73,10245,2025-04-22 04:40:31.939,
9860,2025-04-22 04:40:21.941063+00,7115,64.85,10244,2025-04-22 04:40:20.349,
9859,2025-04-22 04:40:10.350245+00,7042.5,64.73,10243,2025-04-22 04:40:08.779,
9858,2025-04-22 04:39:58.777558+00,7227.5,64.61,10242,2025-04-22 04:39:57.119,
9857,2025-04-22 04:39:47.117077+00,7625,64.73,10241,2025-04-22 04:39:45.539,
9856,2025-04-22 04:39:35.539137+00,7747.5,64.61,10240,2025-04-22 04:39:33.979,
9855,2025-04-22 04:39:23.97514+00,7126.25,64.85,10239,2025-04-22 04:39:22.299,
9854,2025-04-22 04:39:12.302414+00,7302.5,64.85,10238,2025-04-22 04:39:10.729,
9853,2025-04-22 04:39:00.734857+00,7451.25,64.85,10237,2025-04-22 04:38:59.089,
9852,2025-04-22 04:38:49.085914+00,7377.5,64.85,10236,2025-04-22 04:38:47.509,
9851,2025-04-22 04:38:37.493204+00,7135,64.85,10235,2025-04-22 04:38:35.909,
9850,2025-04-22 04:38:25.90822+00,7902.5,64.85,10234,2025-04-22 04:38:24.259,
9849,2025-04-22 04:38:14.261539+00,7773.75,64.85,10233,2025-04-22 04:38:12.619,
9848,2025-04-22 04:38:02.616177+00,7905,64.97,10232,2025-04-22 04:38:01.029,
9847,2025-04-22 04:37:51.01975+00,7317.5,64.85,10231,2025-04-22 04:37:49.409,
9846,2025-04-22 04:37:39.410534+00,7652.5,65.09,10230,2025-04-22 04:37:37.719,
9845,2025-04-22 04:37:27.711136+00,7778.75,64.97,10229,2025-04-22 04:37:26.079,
9844,2025-04-22 04:37:16.078444+00,7728.75,64.61,10228,2025-04-22 04:37:14.499,
9843,2025-04-22 04:37:04.495671+00,7158.75,64.61,10227,2025-04-22 04:37:02.919,
9842,2025-04-22 04:36:52.915204+00,7752.5,64.61,10226,2025-04-22 04:36:51.329,
9841,2025-04-22 04:36:41.333225+00,7797.5,64.85,10225,2025-04-22 04:36:39.729,
9840,2025-04-22 04:36:29.732573+00,7780,64.97,10224,2025-04-22 04:36:28.159,
9839,2025-04-22 04:36:18.162479+00,7961.25,64.85,10223,2025-04-22 04:36:16.519,
9838,2025-04-22 04:36:06.523398+00,7485,64.61,10222,2025-04-22 04:36:04.924,
9837,2025-04-22 04:35:54.909695+00,7383.75,64.73,10221,2025-04-22 04:35:53.209,
9836,2025-04-22 04:35:43.200726+00,7685,64.61,10220,2025-04-22 04:35:41.599,
9835,2025-04-22 04:35:31.517706+00,7671.25,64.36,10219,2025-04-22 04:35:29.869,
9834,2025-04-22 04:35:19.876367+00,7747.5,64.48,10218,2025-04-22 04:35:18.259,
9833,2025-04-22 04:35:08.261732+00,7530,64.73,10217,2025-04-22 04:35:06.629,
9832,2025-04-22 04:34:56.625231+00,7832.5,64.48,10216,2025-04-22 04:34:55.029,
9831,2025-04-22 04:34:45.028676+00,7326.25,64.48,10215,2025-04-22 04:34:43.439,
9830,2025-04-22 04:34:33.431988+00,7825,64.24,10214,2025-04-22 04:34:31.819,
9829,2025-04-22 04:34:21.818648+00,7648.75,64.48,10213,2025-04-22 04:34:20.199,
9828,2025-04-22 04:34:10.199399+00,7818.75,64.36,10212,2025-04-22 04:34:08.469,
9827,2025-04-22 04:33:58.468028+00,7623.75,64.48,10211,2025-04-22 04:33:56.839,
9826,2025-04-22 04:33:46.843958+00,7730,64.48,10210,2025-04-22 04:33:45.219,
9825,2025-04-22 04:33:35.208944+00,7307.5,64.61,10209,2025-04-22 04:33:33.599,
9824,2025-04-22 04:33:23.581513+00,6968.75,64.61,10208,2025-04-22 04:33:21.989,
9823,2025-04-22 04:33:11.990045+00,7088.75,64.73,10207,2025-04-22 04:33:10.379,
9822,2025-04-22 04:33:00.380674+00,7296.25,64.85,10206,2025-04-22 04:32:58.759,
9821,2025-04-22 04:32:48.741262+00,6986.25,64.61,10205,2025-04-22 04:32:47.139,
9820,2025-04-22 04:32:37.134867+00,7386.25,64.48,10204,2025-04-22 04:32:35.509,
9819,2025-04-22 04:32:25.510578+00,7572.5,64.73,10203,2025-04-22 04:32:23.829,
9818,2025-04-22 04:32:13.818987+00,7425,64.61,10202,2025-04-22 04:32:12.189,
9817,2025-04-22 04:32:02.191684+00,7547.5,64.85,10201,2025-04-22 04:32:00.589,
9816,2025-04-22 04:31:50.572747+00,7235,64.73,10200,2025-04-22 04:31:48.929,
9815,2025-04-22 04:31:38.931736+00,7710,64.73,10199,2025-04-22 04:31:37.249,
9814,2025-04-22 04:31:27.217606+00,7573.75,64.61,10198,2025-04-22 04:31:25.609,
9813,2025-04-22 04:31:15.606043+00,7300,64.85,10197,2025-04-22 04:31:14.009,
9812,2025-04-22 04:31:03.981204+00,7808.75,64.73,10196,2025-04-22 04:31:02.379,
9811,2025-04-22 04:30:52.384245+00,7737.5,64.85,10195,2025-04-22 04:30:50.789,
9810,2025-04-22 04:30:40.797357+00,7963.75,64.61,10194,2025-04-22 04:30:39.079,
9809,2025-04-22 04:30:29.085305+00,7580,64.61,10193,2025-04-22 04:30:27.439,
9808,2025-04-22 04:30:17.447866+00,7072.5,64.61,10192,2025-04-22 04:30:15.869,
9807,2025-04-22 04:30:05.868271+00,6527.5,64.61,10191,2025-04-22 04:30:04.269,
9806,2025-04-22 04:29:54.272278+00,7677.5,64.73,10190,2025-04-22 04:29:52.609,
9805,2025-04-22 04:29:42.613932+00,7683.75,64.61,10189,2025-04-22 04:29:41.009,
9804,2025-04-22 04:29:31.010592+00,7123.75,64.48,10188,2025-04-22 04:29:29.379,
9803,2025-04-22 04:29:19.383039+00,7570,64.48,10187,2025-04-22 04:29:17.739,
9802,2025-04-22 04:29:07.729223+00,7676.25,64.85,10186,2025-04-22 04:29:06.059,
9801,2025-04-22 04:28:56.064356+00,7277.5,64.73,10185,2025-04-22 04:28:54.369,
9800,2025-04-22 04:28:44.355513+00,7875,64.73,10184,2025-04-22 04:28:42.729,
9799,2025-04-22 04:28:32.729563+00,7511.25,64.97,10183,2025-04-22 04:28:31.109,
9798,2025-04-22 04:28:21.11968+00,7003.75,64.73,10182,2025-04-22 04:28:19.479,
9797,2025-04-22 04:28:09.481471+00,7820,64.61,10181,2025-04-22 04:28:07.869,
9796,2025-04-22 04:27:57.874974+00,7952.5,64.73,10180,2025-04-22 04:27:56.239,
9795,2025-04-22 04:27:46.228406+00,7050,64.97,10179,2025-04-22 04:27:44.599,
9794,2025-04-22 04:27:34.593872+00,7677.5,64.85,10178,2025-04-22 04:27:32.989,
9793,2025-04-22 04:27:22.98091+00,7837.5,64.73,10177,2025-04-22 04:27:21.349,
9792,2025-04-22 04:27:11.322803+00,7861.25,64.73,10176,2025-04-22 04:27:09.599,
9791,2025-04-22 04:26:59.593618+00,7811.25,64.73,10175,2025-04-22 04:26:57.964,
9790,2025-04-22 04:26:47.958282+00,7360,64.97,10174,2025-04-22 04:26:46.349,
9789,2025-04-22 04:26:36.349865+00,7490,64.61,10173,2025-04-22 04:26:34.749,
9788,2025-04-22 04:26:24.739009+00,7753.75,64.73,10172,2025-04-22 04:26:23.089,
9787,2025-04-22 04:26:13.09307+00,7351.25,64.73,10171,2025-04-22 04:26:11.499,
9786,2025-04-22 04:26:01.502341+00,7437.5,64.97,10170,2025-04-22 04:25:59.829,
9785,2025-04-22 04:25:49.835837+00,7723.75,64.97,10169,2025-04-22 04:25:48.219,
9784,2025-04-22 04:25:38.223304+00,7996.25,64.85,10168,2025-04-22 04:25:36.629,
9783,2025-04-22 04:25:26.634082+00,7792.5,64.85,10167,2025-04-22 04:25:24.929,
9782,2025-04-22 04:25:14.93284+00,7738.75,64.73,10166,2025-04-22 04:25:13.279,
9781,2025-04-22 04:25:03.274272+00,7773.75,65.09,10165,2025-04-22 04:25:01.629,
9780,2025-04-22 04:24:51.631261+00,7916.25,64.97,10164,2025-04-22 04:24:50.049,
9779,2025-04-22 04:24:40.047334+00,7408.75,64.97,10163,2025-04-22 04:24:38.399,
9778,2025-04-22 04:24:28.391535+00,7335,64.73,10162,2025-04-22 04:24:26.769,
9777,2025-04-22 04:24:16.771283+00,8070,64.73,10161,2025-04-22 04:24:15.139,
9776,2025-04-22 04:24:05.134669+00,6880,64.85,10160,2025-04-22 04:24:03.499,
9775,2025-04-22 04:23:53.504847+00,8038.75,64.85,10159,2025-04-22 04:23:51.909,
9774,2025-04-22 04:23:41.904007+00,7415,64.73,10158,2025-04-22 04:23:40.209,
9773,2025-04-22 04:23:30.203705+00,7542.5,64.73,10157,2025-04-22 04:23:28.599,
9772,2025-04-22 04:23:18.554657+00,7391.25,64.73,10156,2025-04-22 04:23:16.929,
9771,2025-04-22 04:23:06.928928+00,6863.75,64.73,10155,2025-04-22 04:23:05.209,
9770,2025-04-22 04:22:55.204823+00,7622.5,64.85,10154,2025-04-22 04:22:53.599,
9769,2025-04-22 04:22:43.597173+00,6808.75,64.97,10153,2025-04-22 04:22:41.969,
9768,2025-04-22 04:22:31.970132+00,7645,65.33,10152,2025-04-22 04:22:30.359,
9767,2025-04-22 04:22:20.361373+00,7548.75,65.09,10151,2025-04-22 04:22:18.729,
9766,2025-04-22 04:22:08.720931+00,7133.75,64.85,10150,2025-04-22 04:22:07.129,
9765,2025-04-22 04:21:57.124962+00,7761.25,64.85,10149,2025-04-22 04:21:55.449,
9764,2025-04-22 04:21:45.447625+00,7585,64.97,10148,2025-04-22 04:21:43.839,
9763,2025-04-22 04:21:33.821505+00,7750,64.97,10147,2025-04-22 04:21:32.239,
9762,2025-04-22 04:21:22.238776+00,7802.5,64.97,10146,2025-04-22 04:21:20.659,
9761,2025-04-22 04:21:10.652937+00,7782.5,64.97,10145,2025-04-22 04:21:09.069,
9760,2025-04-22 04:20:59.063034+00,8026.25,65.21,10144,2025-04-22 04:20:57.429,
9759,2025-04-22 04:20:47.431689+00,7845,64.97,10143,2025-04-22 04:20:45.829,
9758,2025-04-22 04:20:35.82286+00,7817.5,65.09,10142,2025-04-22 04:20:34.209,
9757,2025-04-22 04:20:24.209848+00,7910,65.09,10141,2025-04-22 04:20:22.579,
9756,2025-04-22 04:20:12.5767+00,7950,64.97,10140,2025-04-22 04:20:10.879,
9755,2025-04-22 04:20:00.876828+00,7917.5,64.97,10139,2025-04-22 04:19:59.249,
9754,2025-04-22 04:19:49.250398+00,7735,64.97,10138,2025-04-22 04:19:47.669,
9753,2025-04-22 04:19:37.671947+00,7688.75,64.97,10137,2025-04-22 04:19:36.039,
9752,2025-04-22 04:19:25.993912+00,7158.75,64.97,10136,2025-04-22 04:19:24.224,
9751,2025-04-22 04:19:14.214471+00,7536.25,64.85,10135,2025-04-22 04:19:12.609,
9750,2025-04-22 04:19:02.610773+00,7638.75,64.85,10134,2025-04-22 04:19:00.979,
9749,2025-04-22 04:18:50.977399+00,7908.75,64.85,10133,2025-04-22 04:18:49.359,
9748,2025-04-22 04:18:39.35872+00,6980,64.85,10132,2025-04-22 04:18:37.729,
9747,2025-04-22 04:18:27.728145+00,7481.25,64.73,10131,2025-04-22 04:18:26.019,
9746,2025-04-22 04:18:16.024777+00,7540,64.85,10130,2025-04-22 04:18:14.409,
9745,2025-04-22 04:18:04.391412+00,7300,64.73,10129,2025-04-22 04:18:02.779,
9744,2025-04-22 04:17:52.780365+00,7735,64.97,10128,2025-04-22 04:17:51.159,
9743,2025-04-22 04:17:41.140519+00,7892.5,64.85,10127,2025-04-22 04:17:39.539,
9742,2025-04-22 04:17:29.518615+00,7962.5,64.97,10126,2025-04-22 04:17:27.939,
9741,2025-04-22 04:17:17.943409+00,7442.5,65.09,10125,2025-04-22 04:17:16.339,
9740,2025-04-22 04:17:06.341097+00,8205,64.85,10124,2025-04-22 04:17:04.739,
9739,2025-04-22 04:16:54.738063+00,7826.25,65.09,10123,2025-04-22 04:16:53.099,
9738,2025-04-22 04:16:43.097862+00,7565,65.09,10122,2025-04-22 04:16:41.419,
9737,2025-04-22 04:16:31.411155+00,7406.25,65.09,10121,2025-04-22 04:16:29.769,
9736,2025-04-22 04:16:19.76226+00,7858.75,64.85,10120,2025-04-22 04:16:18.169,
9735,2025-04-22 04:16:08.171063+00,7360,64.97,10119,2025-04-22 04:16:06.599,
9734,2025-04-22 04:15:56.586816+00,7826.25,64.97,10118,2025-04-22 04:15:54.979,
9733,2025-04-22 04:15:44.967808+00,7543.75,64.85,10117,2025-04-22 04:15:43.319,
9732,2025-04-22 04:15:33.313512+00,7433.75,64.73,10116,2025-04-22 04:15:31.719,
9731,2025-04-22 04:15:21.716118+00,8057.5,64.97,10115,2025-04-22 04:15:20.079,
9730,2025-04-22 04:15:10.079883+00,7811.25,65.09,10114,2025-04-22 04:15:08.489,
9729,2025-04-22 04:14:58.483882+00,7621.25,65.09,10113,2025-04-22 04:14:56.759,
9728,2025-04-22 04:14:46.752999+00,7651.25,65.09,10112,2025-04-22 04:14:45.139,
9727,2025-04-22 04:14:35.132482+00,7508.75,64.85,10111,2025-04-22 04:14:33.509,
9726,2025-04-22 04:14:23.507253+00,7768.75,64.97,10110,2025-04-22 04:14:21.849,
9725,2025-04-22 04:14:11.834654+00,7653.75,65.09,10109,2025-04-22 04:14:10.179,
9724,2025-04-22 04:14:00.18309+00,7680,64.97,10108,2025-04-22 04:13:58.579,
9723,2025-04-22 04:13:48.577443+00,6833.75,64.97,10107,2025-04-22 04:13:46.939,
9722,2025-04-22 04:13:36.937036+00,7181.25,65.09,10106,2025-04-22 04:13:35.359,
9721,2025-04-22 04:13:25.353729+00,7872.5,65.09,10105,2025-04-22 04:13:23.739,
9720,2025-04-22 04:13:13.736247+00,7743.75,65.21,10104,2025-04-22 04:13:12.019,
9719,2025-04-22 04:13:02.01558+00,7841.25,65.09,10103,2025-04-22 04:13:00.399,
9718,2025-04-22 04:12:50.389358+00,7053.75,64.97,10102,2025-04-22 04:12:48.759,
9717,2025-04-22 04:12:38.758974+00,7766.25,64.97,10101,2025-04-22 04:12:37.119,
9716,2025-04-22 04:12:27.080124+00,7902.5,65.21,10100,2025-04-22 04:12:25.479,
9715,2025-04-22 04:12:15.479979+00,7785,64.97,10099,2025-04-22 04:12:13.839,
9714,2025-04-22 04:12:03.826781+00,8028.75,64.97,10098,2025-04-22 04:12:02.149,
9713,2025-04-22 04:11:52.148054+00,7888.75,65.09,10097,2025-04-22 04:11:50.539,
9712,2025-04-22 04:11:40.520839+00,7950,64.97,10096,2025-04-22 04:11:38.619,
9711,2025-04-22 04:11:28.613672+00,7676.25,64.97,10095,2025-04-22 04:11:26.779,
9710,2025-04-22 04:11:16.77542+00,8050,64.85,10094,2025-04-22 04:11:15.169,
9709,2025-04-22 04:11:05.158854+00,7847.5,64.97,10093,2025-04-22 04:11:03.559,
9708,2025-04-22 04:10:53.556545+00,7720,64.85,10092,2025-04-22 04:10:51.929,
9707,2025-04-22 04:10:41.923181+00,8013.75,65.09,10091,2025-04-22 04:10:40.329,
9706,2025-04-22 04:10:30.319165+00,7235,64.97,10090,2025-04-22 04:10:28.649,
9705,2025-04-22 04:10:18.635763+00,6605,64.97,10089,2025-04-22 04:10:16.909,
9704,2025-04-22 04:10:06.891839+00,7796.25,64.97,10088,2025-04-22 04:10:05.269,
9703,2025-04-22 04:09:55.267372+00,7113.75,64.85,10087,2025-04-22 04:09:53.689,
9702,2025-04-22 04:09:43.677232+00,7905,64.85,10086,2025-04-22 04:09:42.039,
9701,2025-04-22 04:09:32.03299+00,7802.5,64.73,10085,2025-04-22 04:09:30.459,
9700,2025-04-22 04:09:20.460213+00,7907.5,64.85,10084,2025-04-22 04:09:18.869,
9699,2025-04-22 04:09:08.863402+00,7640,64.97,10083,2025-04-22 04:09:07.244,
9698,2025-04-22 04:08:57.235334+00,7575,65.09,10082,2025-04-22 04:08:55.619,
9697,2025-04-22 04:08:45.61326+00,7882.5,65.09,10081,2025-04-22 04:08:43.999,
9696,2025-04-22 04:08:33.981548+00,7488.75,65.21,10080,2025-04-22 04:08:32.359,
9695,2025-04-22 04:08:22.344423+00,7407.5,65.21,10079,2025-04-22 04:08:20.719,
9694,2025-04-22 04:08:10.708476+00,7363.75,65.33,10078,2025-04-22 04:08:09.099,
9693,2025-04-22 04:07:59.072809+00,7556.25,65.33,10077,2025-04-22 04:07:57.369,
9692,2025-04-22 04:07:47.366203+00,7595,65.33,10076,2025-04-22 04:07:45.729,
9691,2025-04-22 04:07:35.728491+00,7421.25,65.33,10075,2025-04-22 04:07:34.099,
9690,2025-04-22 04:07:24.086577+00,7567.5,65.33,10074,2025-04-22 04:07:22.249,
9689,2025-04-22 04:07:12.229262+00,7563.75,65.45,10073,2025-04-22 04:07:10.629,
9688,2025-04-22 04:07:00.627145+00,7776.25,65.21,10072,2025-04-22 04:06:59.029,
9687,2025-04-22 04:06:49.024992+00,7332.5,65.09,10071,2025-04-22 04:06:47.409,
9686,2025-04-22 04:06:37.40534+00,8043.75,65.35,10070,2025-04-22 04:06:35.789,
9685,2025-04-22 04:06:25.782595+00,7842.5,65.21,10069,2025-04-22 04:06:24.189,
9684,2025-04-22 04:06:14.181384+00,7417.5,65.33,10068,2025-04-22 04:06:12.519,
9683,2025-04-22 04:06:02.50786+00,7855,65.58,10067,2025-04-22 04:06:00.839,
9682,2025-04-22 04:05:50.821415+00,7832.5,65.21,10066,2025-04-22 04:05:49.129,
9681,2025-04-22 04:05:39.126512+00,7778.75,65.21,10065,2025-04-22 04:05:37.509,
9680,2025-04-22 04:05:27.479267+00,7460,65.33,10064,2025-04-22 04:05:25.819,
9679,2025-04-22 04:05:15.810284+00,7823.75,65.21,10063,2025-04-22 04:05:14.079,
9678,2025-04-22 04:05:04.069358+00,7560,65.21,10062,2025-04-22 04:05:02.399,
9677,2025-04-22 04:04:52.382953+00,7587.5,65.09,10061,2025-04-22 04:04:50.739,
9676,2025-04-22 04:04:40.718622+00,8123.75,64.97,10060,2025-04-22 04:04:39.125,
9675,2025-04-22 04:04:29.100519+00,7791.25,65.21,10059,2025-04-22 04:04:27.409,
9674,2025-04-22 04:04:17.40536+00,7466.25,64.97,10058,2025-04-22 04:04:15.749,
9673,2025-04-22 04:04:05.731125+00,7031.25,64.85,10057,2025-04-22 04:04:04.139,
9672,2025-04-22 04:03:54.129451+00,7737.5,65.21,10056,2025-04-22 04:03:52.499,
9671,2025-04-22 04:03:42.487181+00,7153.75,64.85,10055,2025-04-22 04:03:40.899,
9670,2025-04-22 04:03:30.888186+00,7805,65.09,10054,2025-04-22 04:03:29.279,
9669,2025-04-22 04:03:19.263508+00,6895,64.97,10053,2025-04-22 04:03:17.669,
9668,2025-04-22 04:03:07.668082+00,7580,65.09,10052,2025-04-22 04:03:06.089,
9667,2025-04-22 04:02:56.066393+00,7011.25,65.09,10051,2025-04-22 04:02:54.479,
9666,2025-04-22 04:02:44.468246+00,7105,65.21,10050,2025-04-22 04:02:42.799,
9665,2025-04-22 04:02:32.781536+00,7643.75,65.09,10049,2025-04-22 04:02:31.199,
9664,2025-04-22 04:02:21.168123+00,6942.5,64.97,10048,2025-04-22 04:02:19.579,
9663,2025-04-22 04:02:09.568435+00,7062.5,65.09,10047,2025-04-22 04:02:07.899,
9662,2025-04-22 04:01:57.889958+00,8008.75,65.09,10046,2025-04-22 04:01:56.269,
9661,2025-04-22 04:01:46.25017+00,7836.25,64.85,10045,2025-04-22 04:01:44.659,
9660,2025-04-22 04:01:34.616193+00,7497.5,64.97,10044,2025-04-22 04:01:32.749,
9659,2025-04-22 04:01:22.747054+00,7915,64.97,10043,2025-04-22 04:01:21.149,
9658,2025-04-22 04:01:11.138008+00,7518.75,65.09,10042,2025-04-22 04:01:09.539,
9657,2025-04-22 04:00:59.529909+00,8040,65.21,10041,2025-04-22 04:00:57.959,
9656,2025-04-22 04:00:47.917805+00,7880,64.97,10040,2025-04-22 04:00:46.269,
9655,2025-04-22 04:00:36.245246+00,7738.75,64.97,10039,2025-04-22 04:00:34.639,
9654,2025-04-22 04:00:24.62407+00,7205,64.97,10038,2025-04-22 04:00:23.019,
9653,2025-04-22 04:00:12.984833+00,7952.5,64.85,10037,2025-04-22 04:00:11.329,
9652,2025-04-22 04:00:01.316358+00,7860,64.97,10036,2025-04-22 03:59:59.689,
9651,2025-04-22 03:59:49.679497+00,7667.5,64.73,10035,2025-04-22 03:59:48.069,
9650,2025-04-22 03:59:38.058333+00,7551.25,64.85,10034,2025-04-22 03:59:36.439,
9649,2025-04-22 03:59:26.412812+00,7508.75,64.85,10033,2025-04-22 03:59:24.789,
9648,2025-04-22 03:59:14.778846+00,6998.75,65.09,10032,2025-04-22 03:59:13.049,
9647,2025-04-22 03:59:03.036535+00,7173.75,64.97,10031,2025-04-22 03:59:01.379,
9646,2025-04-22 03:58:51.364709+00,7406.25,64.85,10030,2025-04-22 03:58:49.779,
9645,2025-04-22 03:58:39.73916+00,7541.25,64.97,10029,2025-04-22 03:58:38.139,
9644,2025-04-22 03:58:28.124349+00,7838.75,64.85,10028,2025-04-22 03:58:26.399,
9643,2025-04-22 03:58:16.348359+00,7460,64.85,10027,2025-04-22 03:58:14.739,
9642,2025-04-22 03:58:04.726975+00,6970,64.85,10026,2025-04-22 03:58:03.149,
9641,2025-04-22 03:57:53.090723+00,7877.5,64.85,10025,2025-04-22 03:57:51.499,
9640,2025-04-22 03:57:41.495769+00,7715,64.73,10024,2025-04-22 03:57:39.869,
9639,2025-04-22 03:57:29.859739+00,8017.5,64.73,10023,2025-04-22 03:57:28.183,
9638,2025-04-22 03:57:18.163421+00,7171.25,65.09,10022,2025-04-22 03:57:16.573,
9637,2025-04-22 03:57:06.557812+00,7885,64.73,10021,2025-04-22 03:57:04.549,
9636,2025-04-22 03:56:54.531673+00,7658.75,64.97,10020,2025-04-22 03:56:52.959,
9635,2025-04-22 03:56:42.948392+00,7728.75,64.85,10019,2025-04-22 03:56:41.389,
9634,2025-04-22 03:56:31.377217+00,7508.75,65.21,10018,2025-04-22 03:56:29.789,
9633,2025-04-22 03:56:19.776749+00,7626.25,65.09,10017,2025-04-22 03:56:18.189,
9632,2025-04-22 03:56:08.157734+00,7822.5,65.09,10016,2025-04-22 03:56:06.539,
9631,2025-04-22 03:55:56.528496+00,7077.5,64.97,10015,2025-04-22 03:55:54.919,
9630,2025-04-22 03:55:44.90586+00,7896.25,65.09,10014,2025-04-22 03:55:43.189,
9629,2025-04-22 03:55:33.172644+00,8056.25,64.97,10013,2025-04-22 03:55:31.569,
9628,2025-04-22 03:55:21.554045+00,7611.25,64.85,10012,2025-04-22 03:55:19.929,
9627,2025-04-22 03:55:09.916687+00,7565,64.73,10011,2025-04-22 03:55:08.319,
9626,2025-04-22 03:54:58.295237+00,7540,64.97,10010,2025-04-22 03:54:56.719,
9625,2025-04-22 03:54:46.701645+00,7536.25,64.73,10009,2025-04-22 03:54:45.069,
9624,2025-04-22 03:54:35.055773+00,7768.75,64.73,10008,2025-04-22 03:54:33.449,
9623,2025-04-22 03:54:23.422739+00,6775,64.97,10007,2025-04-22 03:54:21.729,
9622,2025-04-22 03:54:11.711113+00,7363.75,64.85,10006,2025-04-22 03:54:10.059,
9621,2025-04-22 03:54:00.019011+00,8005,64.85,10005,2025-04-22 03:53:58.069,
9620,2025-04-22 03:53:48.047911+00,7038.75,64.97,10004,2025-04-22 03:53:46.459,
9619,2025-04-22 03:53:36.448017+00,7918.75,65.09,10003,2025-04-22 03:53:34.849,
9618,2025-04-22 03:53:24.83964+00,7735,64.97,10002,2025-04-22 03:53:23.279,
9617,2025-04-22 03:53:13.244978+00,7831.25,64.85,10001,2025-04-22 03:53:11.589,
9616,2025-04-22 03:53:01.58348+00,7182.5,64.73,10000,2025-04-22 03:52:59.999,
9615,2025-04-22 03:52:49.98424+00,7643.75,64.73,9999,2025-04-22 03:52:48.379,
9614,2025-04-22 03:52:38.363475+00,7116.25,64.85,9998,2025-04-22 03:52:36.779,
9613,2025-04-22 03:52:26.757641+00,7853.75,64.97,9997,2025-04-22 03:52:25.169,
9612,2025-04-22 03:52:15.159335+00,7492.5,64.73,9996,2025-04-22 03:52:13.489,
9611,2025-04-22 03:52:03.477034+00,7813.75,64.73,9995,2025-04-22 03:52:01.859,
9610,2025-04-22 03:51:51.842223+00,7511.25,64.97,9994,2025-04-22 03:51:50.259,
9609,2025-04-22 03:51:40.249125+00,7426.25,64.85,9993,2025-04-22 03:51:38.679,
9608,2025-04-22 03:51:28.657699+00,7636.25,64.85,9992,2025-04-22 03:51:27.039,
9607,2025-04-22 03:51:17.022741+00,7557.5,64.97,9991,2025-04-22 03:51:15.459,
9606,2025-04-22 03:51:05.447733+00,6901.25,64.85,9990,2025-04-22 03:51:03.869,
9605,2025-04-22 03:50:53.839103+00,8251.25,64.97,9989,2025-04-22 03:50:52.229,
9604,2025-04-22 03:50:42.20459+00,7876.25,65.94,9988,2025-04-22 03:50:40.569,
9603,2025-04-22 03:50:30.538879+00,7808.75,66.18,9987,2025-04-22 03:50:28.849,
9602,2025-04-22 03:50:18.837193+00,7887.5,66.18,9986,2025-04-22 03:50:17.199,
9601,2025-04-22 03:50:07.172357+00,7713.75,66.06,9985,2025-04-22 03:50:05.559,
9600,2025-04-22 03:49:55.541788+00,8247.5,66.06,9984,2025-04-22 03:49:53.949,
9599,2025-04-22 03:49:43.934006+00,7991.25,66.18,9983,2025-04-22 03:49:42.343,
9598,2025-04-22 03:49:32.332593+00,7226.25,65.94,9982,2025-04-22 03:49:30.694,
9597,2025-04-22 03:49:20.677225+00,7621.25,65.82,9981,2025-04-22 03:49:18.379,
9596,2025-04-22 03:49:08.363224+00,7410,65.94,9980,2025-04-22 03:49:06.739,
9595,2025-04-22 03:48:56.731396+00,7063.75,66.06,9979,2025-04-22 03:48:54.999,
9594,2025-04-22 03:48:44.993802+00,7910,65.94,9978,2025-04-22 03:48:43.359,
9593,2025-04-22 03:48:33.348953+00,6967.5,65.82,9977,2025-04-22 03:48:31.779,
9592,2025-04-22 03:48:21.768685+00,7773.75,65.7,9976,2025-04-22 03:48:20.159,
9591,2025-04-22 03:48:10.130143+00,7072.5,65.82,9975,2025-04-22 03:48:08.489,
9590,2025-04-22 03:47:58.474583+00,7083.75,65.7,9974,2025-04-22 03:47:56.859,
9589,2025-04-22 03:47:46.842522+00,7493.75,65.82,9973,2025-04-22 03:47:45.239,
9588,2025-04-22 03:47:35.211405+00,7318.75,65.82,9972,2025-04-22 03:47:33.569,
9587,2025-04-22 03:47:23.553654+00,7407.5,65.82,9971,2025-04-22 03:47:21.964,
9586,2025-04-22 03:47:11.937245+00,7717.5,65.82,9970,2025-04-22 03:47:10.349,
9585,2025-04-22 03:47:00.332907+00,7901.25,65.94,9969,2025-04-22 03:46:58.669,
9584,2025-04-22 03:46:48.644016+00,7915,65.94,9968,2025-04-22 03:46:47.029,
9583,2025-04-22 03:46:37.012051+00,7887.5,65.7,9967,2025-04-22 03:46:35.443,
9582,2025-04-22 03:46:25.419834+00,7532.5,65.7,9966,2025-04-22 03:46:23.544,
9581,2025-04-22 03:46:13.504226+00,7692.5,65.7,9965,2025-04-22 03:46:11.479,
9580,2025-04-22 03:46:01.450512+00,7627.5,65.82,9964,2025-04-22 03:45:59.774,
9579,2025-04-22 03:45:49.731804+00,7810,65.7,9963,2025-04-22 03:45:48.093,
9578,2025-04-22 03:45:38.055896+00,7778.75,65.58,9962,2025-04-22 03:45:35.999,
9577,2025-04-22 03:45:25.980501+00,7896.25,65.33,9961,2025-04-22 03:45:24.219,
9576,2025-04-22 03:45:14.197173+00,7350,65.7,9960,2025-04-22 03:45:12.339,
9575,2025-04-22 03:45:02.322344+00,8151.25,65.82,9959,2025-04-22 03:45:00.629,
9574,2025-04-22 03:44:50.61364+00,7777.5,65.94,9958,2025-04-22 03:44:48.899,
9573,2025-04-22 03:44:38.891766+00,7935,65.45,9957,2025-04-22 03:44:37.229,
9572,2025-04-22 03:44:27.211621+00,7236.25,65.58,9956,2025-04-22 03:44:25.519,
9571,2025-04-22 03:44:15.504254+00,7508.75,65.59,9955,2025-04-22 03:44:13.929,
9570,2025-04-22 03:44:03.914002+00,6597.5,65.58,9954,2025-04-22 03:44:02.289,
9569,2025-04-22 03:43:52.270938+00,7405,65.58,9953,2025-04-22 03:43:50.659,
9568,2025-04-22 03:43:40.639984+00,8055,65.82,9952,2025-04-22 03:43:39.069,
9567,2025-04-22 03:43:29.056276+00,7346.25,65.7,9951,2025-04-22 03:43:27.379,
9566,2025-04-22 03:43:17.361902+00,7235,65.7,9950,2025-04-22 03:43:15.779,
9565,2025-04-22 03:43:05.769697+00,7773.75,65.33,9949,2025-04-22 03:43:04.149,
9564,2025-04-22 03:42:54.130584+00,7635,65.33,9948,2025-04-22 03:42:52.499,
9563,2025-04-22 03:42:42.483487+00,6985,65.7,9947,2025-04-22 03:42:40.899,
9562,2025-04-22 03:42:30.882718+00,7010,65.58,9946,2025-04-22 03:42:29.299,
9561,2025-04-22 03:42:19.232965+00,8040,65.58,9945,2025-04-22 03:42:17.629,
9560,2025-04-22 03:42:07.612506+00,7696.25,65.82,9944,2025-04-22 03:42:05.969,
9559,2025-04-22 03:41:55.957022+00,7927.5,65.7,9943,2025-04-22 03:41:54.349,
9558,2025-04-22 03:41:44.289259+00,7793.75,65.82,9942,2025-04-22 03:41:42.529,
9557,2025-04-22 03:41:32.520992+00,7831.25,65.58,9941,2025-04-22 03:41:30.939,
9556,2025-04-22 03:41:20.920863+00,7980,65.7,9940,2025-04-22 03:41:19.339,
9555,2025-04-22 03:41:09.322696+00,7496.25,65.7,9939,2025-04-22 03:41:07.779,
9554,2025-04-22 03:40:57.76402+00,7831.25,65.94,9938,2025-04-22 03:40:56.119,
9553,2025-04-22 03:40:46.102545+00,7980,65.58,9937,2025-04-22 03:40:44.534,
9552,2025-04-22 03:40:34.501179+00,7643.75,65.7,9936,2025-04-22 03:40:32.924,
9551,2025-04-22 03:40:22.894281+00,7387.5,65.7,9935,2025-04-22 03:40:21.304,
9550,2025-04-22 03:40:11.274607+00,7546.25,65.7,9934,2025-04-22 03:40:09.664,
9549,2025-04-22 03:39:59.639323+00,7565,65.7,9933,2025-04-22 03:39:57.934,
9548,2025-04-22 03:39:47.900696+00,7293.75,65.45,9932,2025-04-22 03:39:46.314,
9547,2025-04-22 03:39:36.282515+00,7106.25,65.82,9931,2025-04-22 03:39:34.725,
9546,2025-04-22 03:39:24.691653+00,7840,66.06,9930,2025-04-22 03:39:23.144,
9545,2025-04-22 03:39:13.119574+00,7285,66.18,9929,2025-04-22 03:39:11.574,
9544,2025-04-22 03:39:01.53909+00,7181.25,66.06,9928,2025-04-22 03:38:59.964,
9543,2025-04-22 03:38:49.925966+00,8093.75,66.06,9927,2025-04-22 03:38:48.364,
9542,2025-04-22 03:38:38.341738+00,7516.25,65.94,9926,2025-04-22 03:38:36.774,
9541,2025-04-22 03:38:26.742995+00,7807.5,65.82,9925,2025-04-22 03:38:25.184,
9540,2025-04-22 03:38:15.154744+00,7187.5,65.82,9924,2025-04-22 03:38:13.474,
9539,2025-04-22 03:38:03.431029+00,7761.25,66.06,9923,2025-04-22 03:38:01.844,
9538,2025-04-22 03:37:51.809073+00,7808.75,66.18,9922,2025-04-22 03:37:50.244,
9537,2025-04-22 03:37:40.215018+00,7871.25,66.06,9921,2025-04-22 03:37:38.634,
9536,2025-04-22 03:37:28.606031+00,7912.5,66.18,9920,2025-04-22 03:37:27.054,
9535,2025-04-22 03:37:16.841299+00,8033.75,65.82,9919,2025-04-22 03:37:15.244,
9534,2025-04-22 03:37:05.217237+00,8097.5,66.18,9918,2025-04-22 03:37:03.654,
9533,2025-04-22 03:36:53.614151+00,7996.25,66.18,9917,2025-04-22 03:36:52.034,
9532,2025-04-22 03:36:42.007796+00,7548.75,65.94,9916,2025-04-22 03:36:40.444,
9531,2025-04-22 03:36:30.412846+00,8225,66.06,9915,2025-04-22 03:36:28.639,
9530,2025-04-22 03:36:18.620588+00,7006.25,66.06,9914,2025-04-22 03:36:15.654,
9529,2025-04-22 03:36:05.61794+00,7870,66.06,9913,2025-04-22 03:36:04.024,
9528,2025-04-22 03:35:53.993619+00,6935,66.06,9912,2025-04-22 03:35:52.394,
9527,2025-04-22 03:35:42.368872+00,7815,66.3,9911,2025-04-22 03:35:40.764,
9526,2025-04-22 03:35:30.74304+00,7198.75,66.42,9910,2025-04-22 03:35:28.934,
9525,2025-04-22 03:35:18.908241+00,7318.75,66.18,9909,2025-04-22 03:35:17.374,
9524,2025-04-22 03:35:07.345066+00,7123.75,66.3,9908,2025-04-22 03:35:05.774,
9523,2025-04-22 03:34:55.746968+00,7511.25,66.3,9907,2025-04-22 03:34:54.154,
9522,2025-04-22 03:34:44.129552+00,7750,66.3,9906,2025-04-22 03:34:42.490,
9521,2025-04-22 03:34:32.458004+00,7852.5,66.3,9905,2025-04-22 03:34:30.874,
9520,2025-04-22 03:34:20.80798+00,7243.75,66.55,9904,2025-04-22 03:34:19.244,
9519,2025-04-22 03:34:09.216397+00,7432.5,66.55,9903,2025-04-22 03:34:07.624,
9518,2025-04-22 03:33:57.582347+00,7428.75,66.55,9902,2025-04-22 03:33:55.964,
9517,2025-04-22 03:33:45.936916+00,7720,66.42,9901,2025-04-22 03:33:44.404,
9516,2025-04-22 03:33:34.379454+00,7450,66.3,9900,2025-04-22 03:33:32.804,
9515,2025-04-22 03:33:22.765667+00,7170,66.42,9899,2025-04-22 03:33:21.204,
9514,2025-04-22 03:33:11.170567+00,7901.25,66.06,9898,2025-04-22 03:33:09.598,
9513,2025-04-22 03:32:59.532236+00,7816.25,66.18,9897,2025-04-22 03:32:57.874,
9512,2025-04-22 03:32:47.847082+00,7850,66.3,9896,2025-04-22 03:32:46.274,
9511,2025-04-22 03:32:36.241276+00,6890,66.06,9895,2025-04-22 03:32:34.658,
9510,2025-04-22 03:32:24.616222+00,6898.75,65.94,9894,2025-04-22 03:32:23.044,
9509,2025-04-22 03:32:13.017817+00,7710,66.06,9893,2025-04-22 03:32:11.175,
9508,2025-04-22 03:32:01.143082+00,7101.25,65.94,9892,2025-04-22 03:31:59.554,
9507,2025-04-22 03:31:49.518373+00,7477.5,65.82,9891,2025-04-22 03:31:47.934,
9506,2025-04-22 03:31:37.909272+00,7766.25,65.82,9890,2025-04-22 03:31:36.374,
9505,2025-04-22 03:31:26.33296+00,7892.5,65.94,9889,2025-04-22 03:31:24.764,
9504,2025-04-22 03:31:14.733366+00,7832.5,65.82,9888,2025-04-22 03:31:13.184,
9503,2025-04-22 03:31:03.14496+00,8021.25,65.82,9887,2025-04-22 03:31:01.254,
9502,2025-04-22 03:30:51.201455+00,7691.25,65.7,9886,2025-04-22 03:30:49.494,
9501,2025-04-22 03:30:39.467956+00,7821.25,65.94,9885,2025-04-22 03:30:37.874,
9500,2025-04-22 03:30:27.852085+00,7821.25,65.82,9884,2025-04-22 03:30:26.304,
9499,2025-04-22 03:30:16.274969+00,7588.75,66.18,9883,2025-04-22 03:30:14.685,
9498,2025-04-22 03:30:04.610128+00,7170,65.94,9882,2025-04-22 03:30:02.914,
9497,2025-04-22 03:29:52.884458+00,8045,66.18,9881,2025-04-22 03:29:51.254,
9496,2025-04-22 03:29:41.232134+00,7521.25,65.94,9880,2025-04-22 03:29:39.654,
9495,2025-04-22 03:29:29.630445+00,7388.75,66.18,9879,2025-04-22 03:29:28.024,
9494,2025-04-22 03:29:17.997184+00,7430,66.06,9878,2025-04-22 03:29:16.415,
9493,2025-04-22 03:29:06.387505+00,7426.25,66.18,9877,2025-04-22 03:29:04.844,
9492,2025-04-22 03:28:54.821178+00,7357.5,66.42,9876,2025-04-22 03:28:53.224,
9491,2025-04-22 03:28:43.196427+00,7760,66.42,9875,2025-04-22 03:28:41.554,
9490,2025-04-22 03:28:31.511631+00,7757.5,66.18,9874,2025-04-22 03:28:29.695,
9489,2025-04-22 03:28:19.650978+00,6791.25,66.3,9873,2025-04-22 03:28:17.994,
9488,2025-04-22 03:28:07.956951+00,7601.25,66.42,9872,2025-04-22 03:28:06.324,
9487,2025-04-22 03:27:56.300485+00,8043.75,66.42,9871,2025-04-22 03:27:54.694,
9486,2025-04-22 03:27:44.658849+00,7932.5,66.42,9870,2025-04-22 03:27:42.954,
9485,2025-04-22 03:27:32.932782+00,7876.25,66.43,9869,2025-04-22 03:27:31.344,
9484,2025-04-22 03:27:21.302436+00,7801.25,66.3,9868,2025-04-22 03:27:19.724,
9483,2025-04-22 03:27:09.692481+00,7915,66.3,9867,2025-04-22 03:27:08.054,
9482,2025-04-22 03:26:58.023466+00,7288.75,66.42,9866,2025-04-22 03:26:56.444,
9481,2025-04-22 03:26:46.414423+00,7335,66.06,9865,2025-04-22 03:26:44.814,
9480,2025-04-22 03:26:34.698485+00,7916.25,66.06,9864,2025-04-22 03:26:32.994,
9479,2025-04-22 03:26:22.969851+00,8233.75,66.42,9863,2025-04-22 03:26:21.424,
9478,2025-04-22 03:26:11.399571+00,7970,66.42,9862,2025-04-22 03:26:09.794,
9477,2025-04-22 03:25:59.777158+00,7423.75,66.42,9861,2025-04-22 03:25:58.145,
9476,2025-04-22 03:25:48.112543+00,7975,66.3,9860,2025-04-22 03:25:46.550,
9475,2025-04-22 03:25:36.52226+00,7858.75,66.18,9859,2025-04-22 03:25:34.574,
9474,2025-04-22 03:25:24.542029+00,7486.25,66.18,9858,2025-04-22 03:25:22.924,
9473,2025-04-22 03:25:12.883063+00,7407.5,66.06,9857,2025-04-22 03:25:11.324,
9472,2025-04-22 03:25:01.30258+00,7325,66.18,9856,2025-04-22 03:24:59.704,
9471,2025-04-22 03:24:49.680889+00,7597.5,66.3,9855,2025-04-22 03:24:47.964,
9470,2025-04-22 03:24:37.939368+00,7797.5,66.18,9854,2025-04-22 03:24:36.374,
9469,2025-04-22 03:24:26.353075+00,7581.25,66.3,9853,2025-04-22 03:24:24.774,
9468,2025-04-22 03:24:14.751089+00,7998.75,66.18,9852,2025-04-22 03:24:13.084,
9467,2025-04-22 03:24:03.064011+00,7603.75,66.42,9851,2025-04-22 03:24:01.474,
9466,2025-04-22 03:23:51.449931+00,7212.5,66.18,9850,2025-04-22 03:23:49.864,
9465,2025-04-22 03:23:39.833963+00,7428.75,66.3,9849,2025-04-22 03:23:38.244,
9464,2025-04-22 03:23:28.220743+00,7255,66.3,9848,2025-04-22 03:23:26.594,
9463,2025-04-22 03:23:16.564194+00,7896.25,66.06,9847,2025-04-22 03:23:14.954,
9462,2025-04-22 03:23:04.749732+00,8012.5,66.06,9846,2025-04-22 03:23:02.539,
9461,2025-04-22 03:22:52.488485+00,6902.5,65.94,9845,2025-04-22 03:22:50.524,
9460,2025-04-22 03:22:40.491977+00,8147.5,66.06,9844,2025-04-22 03:22:38.864,
9459,2025-04-22 03:22:28.838386+00,7852.5,66.3,9843,2025-04-22 03:22:27.174,
9458,2025-04-22 03:22:17.14188+00,7322.5,66.18,9842,2025-04-22 03:22:15.544,
9457,2025-04-22 03:22:05.522949+00,7606.25,65.94,9841,2025-04-22 03:22:03.914,
9456,2025-04-22 03:21:53.892548+00,7847.5,66.06,9840,2025-04-22 03:21:52.284,
9455,2025-04-22 03:21:42.264215+00,7818.75,66.42,9839,2025-04-22 03:21:40.654,
9454,2025-04-22 03:21:30.623242+00,7895,66.42,9838,2025-04-22 03:21:29.034,
9453,2025-04-22 03:21:19.004391+00,7221.25,66.3,9837,2025-04-22 03:21:17.394,
9452,2025-04-22 03:21:07.374247+00,7428.75,66.18,9836,2025-04-22 03:21:05.794,
9451,2025-04-22 03:20:55.758273+00,7203.75,66.18,9835,2025-04-22 03:20:54.135,
9450,2025-04-22 03:20:44.113025+00,7468.75,66.3,9834,2025-04-22 03:20:42.474,
9449,2025-04-22 03:20:32.447462+00,8155,66.3,9833,2025-04-22 03:20:30.854,
9448,2025-04-22 03:20:20.825693+00,6906.25,66.42,9832,2025-04-22 03:20:19.264,
9447,2025-04-22 03:20:09.19518+00,7651.25,66.42,9831,2025-04-22 03:20:07.485,
9446,2025-04-22 03:19:57.43078+00,6867.5,66.3,9830,2025-04-22 03:19:55.804,
9445,2025-04-22 03:19:45.769676+00,8262.5,66.55,9829,2025-04-22 03:19:44.204,
9444,2025-04-22 03:19:34.17677+00,8136.25,66.42,9828,2025-04-22 03:19:32.604,
9443,2025-04-22 03:19:22.577248+00,7641.25,66.42,9827,2025-04-22 03:19:21.014,
9442,2025-04-22 03:19:10.997355+00,7447.5,66.67,9826,2025-04-22 03:19:09.404,
9441,2025-04-22 03:18:59.365931+00,8028.75,66.55,9825,2025-04-22 03:18:57.514,
9440,2025-04-22 03:18:47.485705+00,7983.75,66.42,9824,2025-04-22 03:18:45.874,
9439,2025-04-22 03:18:35.843906+00,8007.5,66.55,9823,2025-04-22 03:18:34.244,
9438,2025-04-22 03:18:24.206458+00,7951.25,66.55,9822,2025-04-22 03:18:22.594,
9437,2025-04-22 03:18:12.566472+00,7851.25,66.42,9821,2025-04-22 03:18:11.014,
9436,2025-04-22 03:18:00.966187+00,7968.75,66.55,9820,2025-04-22 03:17:59.384,
9435,2025-04-22 03:17:49.361464+00,7863.75,66.3,9819,2025-04-22 03:17:47.755,
9434,2025-04-22 03:17:37.726432+00,7910,66.3,9818,2025-04-22 03:17:36.084,
9433,2025-04-22 03:17:26.049799+00,7968.75,66.18,9817,2025-04-22 03:17:24.454,
9432,2025-04-22 03:17:14.427569+00,7510,66.18,9816,2025-04-22 03:17:12.864,
9431,2025-04-22 03:17:02.837634+00,7868.75,66.18,9815,2025-04-22 03:17:01.275,
9430,2025-04-22 03:16:51.251353+00,6948.75,66.18,9814,2025-04-22 03:16:49.665,
9429,2025-04-22 03:16:39.615068+00,7908.75,66.06,9813,2025-04-22 03:16:38.034,
9428,2025-04-22 03:16:27.996416+00,7830,66.18,9812,2025-04-22 03:16:26.314,
9427,2025-04-22 03:16:16.286655+00,7766.25,66.06,9811,2025-04-22 03:16:14.714,
9426,2025-04-22 03:16:04.68638+00,7186.25,65.94,9810,2025-04-22 03:16:03.074,
9425,2025-04-22 03:15:53.044433+00,7882.5,65.94,9809,2025-04-22 03:15:51.475,
9424,2025-04-22 03:15:41.446934+00,8032.5,66.06,9808,2025-04-22 03:15:39.864,
9423,2025-04-22 03:15:29.818013+00,8048.75,66.3,9807,2025-04-22 03:15:28.214,
9422,2025-04-22 03:15:18.193577+00,8045,65.94,9806,2025-04-22 03:15:16.584,
9421,2025-04-22 03:15:06.558318+00,7331.25,66.18,9805,2025-04-22 03:15:04.964,
9420,2025-04-22 03:14:54.945602+00,6943.75,66.3,9804,2025-04-22 03:14:53.154,
9419,2025-04-22 03:14:43.133144+00,7615,66.18,9803,2025-04-22 03:14:41.484,
9418,2025-04-22 03:14:31.465509+00,7821.25,66.07,9802,2025-04-22 03:14:29.884,
9417,2025-04-22 03:14:19.861605+00,6851.25,66.18,9801,2025-04-22 03:14:18.304,
9416,2025-04-22 03:14:08.249779+00,7865,66.3,9800,2025-04-22 03:14:06.434,
9415,2025-04-22 03:13:56.402236+00,7778.75,66.18,9799,2025-04-22 03:13:54.804,
9414,2025-04-22 03:13:44.741239+00,7551.25,66.18,9798,2025-04-22 03:13:43.024,
9413,2025-04-22 03:13:33.003042+00,8050,65.82,9797,2025-04-22 03:13:31.414,
9412,2025-04-22 03:13:21.386007+00,8208.75,65.94,9796,2025-04-22 03:13:19.815,
9411,2025-04-22 03:13:09.792306+00,8085,66.06,9795,2025-04-22 03:13:08.114,
9410,2025-04-22 03:12:58.054569+00,7462.5,66.06,9794,2025-04-22 03:12:56.424,
9409,2025-04-22 03:12:46.394562+00,7668.75,65.94,9793,2025-04-22 03:12:44.754,
9408,2025-04-22 03:12:34.713512+00,7833.75,66.06,9792,2025-04-22 03:12:33.114,
9407,2025-04-22 03:12:23.079641+00,7973.75,66.06,9791,2025-04-22 03:12:21.464,
9406,2025-04-22 03:12:11.435218+00,7515,66.3,9790,2025-04-22 03:12:09.835,
9405,2025-04-22 03:11:59.812196+00,7128.75,66.18,9789,2025-04-22 03:11:58.135,
9404,2025-04-22 03:11:48.111229+00,7930,66.3,9788,2025-04-22 03:11:46.504,
9403,2025-04-22 03:11:36.471632+00,7588.75,66.18,9787,2025-04-22 03:11:34.884,
9402,2025-04-22 03:11:24.863382+00,7202.5,66.3,9786,2025-04-22 03:11:23.294,
9401,2025-04-22 03:11:13.260739+00,7583.75,66.42,9785,2025-04-22 03:11:11.625,
9400,2025-04-22 03:11:01.598091+00,7922.5,66.18,9784,2025-04-22 03:11:00.004,
9399,2025-04-22 03:10:49.963453+00,7200,65.94,9783,2025-04-22 03:10:48.395,
9398,2025-04-22 03:10:38.365482+00,7888.75,66.18,9782,2025-04-22 03:10:36.804,
9397,2025-04-22 03:10:26.757674+00,8072.5,66.18,9781,2025-04-22 03:10:25.184,
9396,2025-04-22 03:10:15.146825+00,7851.25,66.06,9780,2025-04-22 03:10:13.444,
9395,2025-04-22 03:10:03.417789+00,8013.75,65.94,9779,2025-04-22 03:10:01.814,
9394,2025-04-22 03:09:51.778347+00,7382.5,66.18,9778,2025-04-22 03:09:50.205,
9393,2025-04-22 03:09:40.173524+00,8123.75,66.06,9777,2025-04-22 03:09:38.525,
9392,2025-04-22 03:09:28.485562+00,7790,66.18,9776,2025-04-22 03:09:26.884,
9391,2025-04-22 03:09:16.857734+00,7886.25,65.94,9775,2025-04-22 03:09:15.264,
9390,2025-04-22 03:09:05.238465+00,7083.75,66.06,9774,2025-04-22 03:09:03.684,
9389,2025-04-22 03:08:53.638355+00,7862.5,65.94,9773,2025-04-22 03:08:52.065,
9388,2025-04-22 03:08:42.032219+00,7617.5,66.06,9772,2025-04-22 03:08:40.434,
9387,2025-04-22 03:08:30.406592+00,7143.75,65.82,9771,2025-04-22 03:08:28.694,
9386,2025-04-22 03:08:18.660175+00,7635,65.82,9770,2025-04-22 03:08:17.084,
9385,2025-04-22 03:08:07.045291+00,8058.75,65.94,9769,2025-04-22 03:08:05.444,
9384,2025-04-22 03:07:55.415926+00,7532.5,65.7,9768,2025-04-22 03:07:53.844,
9383,2025-04-22 03:07:43.815299+00,6771.25,65.94,9767,2025-04-22 03:07:42.164,
9382,2025-04-22 03:07:32.141915+00,7471.25,65.94,9766,2025-04-22 03:07:30.514,
9381,2025-04-22 03:07:20.466754+00,7868.75,66.06,9765,2025-04-22 03:07:18.844,
9380,2025-04-22 03:07:08.823412+00,7021.25,65.94,9764,2025-04-22 03:07:07.264,
9379,2025-04-22 03:06:57.23999+00,7043.75,65.94,9763,2025-04-22 03:06:55.654,
9378,2025-04-22 03:06:45.611029+00,7946.25,66.06,9762,2025-04-22 03:06:43.955,
9377,2025-04-22 03:06:33.932162+00,7128.75,65.94,9761,2025-04-22 03:06:32.344,
9376,2025-04-22 03:06:22.320571+00,7222.5,65.94,9760,2025-04-22 03:06:20.734,
9375,2025-04-22 03:06:10.701211+00,7927.5,66.18,9759,2025-04-22 03:06:09.114,
9374,2025-04-22 03:05:59.07966+00,8115,66.06,9758,2025-04-22 03:05:57.524,
9373,2025-04-22 03:05:47.497809+00,7248.75,66.06,9757,2025-04-22 03:05:45.934,
9372,2025-04-22 03:05:35.909466+00,7572.5,66.06,9756,2025-04-22 03:05:34.324,
9371,2025-04-22 03:05:24.287162+00,7923.75,66.06,9755,2025-04-22 03:05:22.664,
9370,2025-04-22 03:05:12.628321+00,7305,66.3,9754,2025-04-22 03:05:11.024,
9369,2025-04-22 03:05:00.983081+00,7760,66.06,9753,2025-04-22 03:04:59.264,
9368,2025-04-22 03:04:49.236498+00,8202.5,66.3,9752,2025-04-22 03:04:47.644,
9367,2025-04-22 03:04:37.620548+00,7571.25,66.3,9751,2025-04-22 03:04:36.070,
9366,2025-04-22 03:04:26.039633+00,7977.5,66.06,9750,2025-04-22 03:04:24.455,
9365,2025-04-22 03:04:14.417329+00,7163.75,66.3,9749,2025-04-22 03:04:12.844,
9364,2025-04-22 03:04:02.806584+00,7230,66.3,9748,2025-04-22 03:04:01.244,
9363,2025-04-22 03:03:51.202944+00,7892.5,66.3,9747,2025-04-22 03:03:49.564,
9362,2025-04-22 03:03:39.540638+00,7586.25,66.3,9746,2025-04-22 03:03:37.944,
9361,2025-04-22 03:03:27.891383+00,7375,66.18,9745,2025-04-22 03:03:26.285,
9360,2025-04-22 03:03:16.262956+00,8211.25,66.18,9744,2025-04-22 03:03:14.705,
9359,2025-04-22 03:03:04.679447+00,7082.5,66.18,9743,2025-04-22 03:03:03.124,
9358,2025-04-22 03:02:53.010271+00,7860,66.18,9742,2025-04-22 03:02:51.374,
9357,2025-04-22 03:02:41.350732+00,7956.25,66.3,9741,2025-04-22 03:02:39.794,
9356,2025-04-22 03:02:29.766952+00,8085,66.18,9740,2025-04-22 03:02:28.204,
9355,2025-04-22 03:02:18.167936+00,7076.25,66.3,9739,2025-04-22 03:02:16.574,
9354,2025-04-22 03:02:06.540029+00,8051.25,66.06,9738,2025-04-22 03:02:04.975,
9353,2025-04-22 03:01:54.920471+00,7188.75,66.3,9737,2025-04-22 03:01:53.264,
9352,2025-04-22 03:01:43.227651+00,6680,66.3,9736,2025-04-22 03:01:41.654,
9351,2025-04-22 03:01:31.632337+00,8062.5,66.06,9735,2025-04-22 03:01:29.980,
9350,2025-04-22 03:01:19.945322+00,7592.5,66.3,9734,2025-04-22 03:01:18.364,
9349,2025-04-22 03:01:08.336865+00,7565,66.18,9733,2025-04-22 03:01:06.744,
9348,2025-04-22 03:00:56.661201+00,7468.75,66.18,9732,2025-04-22 03:00:55.054,
9347,2025-04-22 03:00:45.023161+00,7703.75,66.3,9731,2025-04-22 03:00:43.414,
9346,2025-04-22 03:00:33.392444+00,7970,66.42,9730,2025-04-22 03:00:31.804,
9345,2025-04-22 03:00:21.778974+00,7741.25,66.42,9729,2025-04-22 03:00:20.144,
9344,2025-04-22 03:00:10.114608+00,7507.5,66.3,9728,2025-04-22 03:00:08.514,
9343,2025-04-22 02:59:58.483603+00,7555,66.3,9727,2025-04-22 02:59:56.924,
9342,2025-04-22 02:59:46.895233+00,7636.25,66.3,9726,2025-04-22 02:59:45.224,
9341,2025-04-22 02:59:35.193288+00,8093.75,66.3,9725,2025-04-22 02:59:33.614,
9340,2025-04-22 02:59:23.576435+00,7608.75,66.18,9724,2025-04-22 02:59:22.004,
9339,2025-04-22 02:59:11.980021+00,7897.5,66.3,9723,2025-04-22 02:59:10.404,
9338,2025-04-22 02:59:00.379946+00,8085,66.42,9722,2025-04-22 02:58:58.744,
9337,2025-04-22 02:58:48.703453+00,7217.5,66.42,9721,2025-04-22 02:58:47.099,
9336,2025-04-22 02:58:37.052823+00,7778.75,66.42,9720,2025-04-22 02:58:35.484,
9335,2025-04-22 02:58:25.430443+00,8083.75,66.18,9719,2025-04-22 02:58:23.845,
9334,2025-04-22 02:58:13.80836+00,7546.25,66.18,9718,2025-04-22 02:58:12.254,
9333,2025-04-22 02:58:02.20765+00,7931.25,66.42,9717,2025-04-22 02:58:00.424,
9332,2025-04-22 02:57:50.392623+00,8178.75,66.3,9716,2025-04-22 02:57:48.824,
9331,2025-04-22 02:57:38.792922+00,7492.5,66.06,9715,2025-04-22 02:57:37.154,
9330,2025-04-22 02:57:27.108253+00,7496.25,66.06,9714,2025-04-22 02:57:25.524,
9329,2025-04-22 02:57:15.461755+00,7391.25,66.18,9713,2025-04-22 02:57:13.834,
9328,2025-04-22 02:57:03.802896+00,7957.5,66.06,9712,2025-04-22 02:57:02.164,
9327,2025-04-22 02:56:52.12901+00,7882.5,66.42,9711,2025-04-22 02:56:50.544,
9326,2025-04-22 02:56:40.516201+00,7856.25,66.3,9710,2025-04-22 02:56:38.954,
9325,2025-04-22 02:56:28.929731+00,8283.75,66.18,9709,2025-04-22 02:56:27.354,
9324,2025-04-22 02:56:17.32275+00,7465,66.3,9708,2025-04-22 02:56:15.574,
9323,2025-04-22 02:56:05.527974+00,7977.5,66.06,9707,2025-04-22 02:56:03.954,
9322,2025-04-22 02:55:53.91947+00,7823.75,65.94,9706,2025-04-22 02:55:52.364,
9321,2025-04-22 02:55:42.333887+00,8148.75,66.18,9705,2025-04-22 02:55:40.725,
9320,2025-04-22 02:55:30.699098+00,7426.25,66.06,9704,2025-04-22 02:55:29.085,
9319,2025-04-22 02:55:19.047244+00,7406.25,66.18,9703,2025-04-22 02:55:17.454,
9318,2025-04-22 02:55:07.417714+00,7557.5,66.18,9702,2025-04-22 02:55:05.845,
9317,2025-04-22 02:54:55.798384+00,7657.5,66.18,9701,2025-04-22 02:54:54.065,
9316,2025-04-22 02:54:44.029269+00,7576.25,66.18,9700,2025-04-22 02:54:42.434,
9315,2025-04-22 02:54:32.399625+00,7583.75,66.18,9699,2025-04-22 02:54:30.685,
9314,2025-04-22 02:54:20.64656+00,6991.25,66.18,9698,2025-04-22 02:54:19.055,
9313,2025-04-22 02:54:09.012763+00,7572.5,66.18,9697,2025-04-22 02:54:07.435,
9312,2025-04-22 02:53:57.407107+00,7016.25,66.18,9696,2025-04-22 02:53:55.854,
9311,2025-04-22 02:53:45.811126+00,7528.75,66.18,9695,2025-04-22 02:53:44.264,
9310,2025-04-22 02:53:34.240312+00,7737.5,66.42,9694,2025-04-22 02:53:32.624,
9309,2025-04-22 02:53:22.587819+00,7220,66.3,9693,2025-04-22 02:53:21.034,
9308,2025-04-22 02:53:11.001385+00,7828.75,66.18,9692,2025-04-22 02:53:09.434,
9307,2025-04-22 02:52:59.398483+00,8183.75,66.3,9691,2025-04-22 02:52:57.824,
9306,2025-04-22 02:52:47.647975+00,8198.75,66.42,9690,2025-04-22 02:52:45.984,
9305,2025-04-22 02:52:35.891943+00,8016.25,66.18,9689,2025-04-22 02:52:34.314,
9304,2025-04-22 02:52:24.28357+00,7875,66.3,9688,2025-04-22 02:52:22.690,
9303,2025-04-22 02:52:12.652135+00,6937.5,66.3,9687,2025-04-22 02:52:11.075,
9302,2025-04-22 02:52:01.043769+00,6928.75,66.3,9686,2025-04-22 02:51:59.434,
9301,2025-04-22 02:51:49.408103+00,7242.5,66.06,9685,2025-04-22 02:51:47.838,
9300,2025-04-22 02:51:37.8044+00,7951.25,66.06,9684,2025-04-22 02:51:36.204,
9299,2025-04-22 02:51:26.173528+00,8136.25,66.06,9683,2025-04-22 02:51:24.624,
9298,2025-04-22 02:51:14.598394+00,7600,66.06,9682,2025-04-22 02:51:13.024,
9297,2025-04-22 02:51:02.99361+00,7135,65.94,9681,2025-04-22 02:51:01.354,
9296,2025-04-22 02:50:51.32403+00,8013.75,65.82,9680,2025-04-22 02:50:49.714,
9295,2025-04-22 02:50:39.67754+00,8003.75,66.06,9679,2025-04-22 02:50:38.024,
9294,2025-04-22 02:50:27.990865+00,7850,66.18,9678,2025-04-22 02:50:26.434,
9293,2025-04-22 02:50:16.41018+00,7331.25,65.82,9677,2025-04-22 02:50:14.834,
9292,2025-04-22 02:50:04.795892+00,7945,66.18,9676,2025-04-22 02:50:03.174,
9291,2025-04-22 02:49:53.141975+00,7558.75,66.06,9675,2025-04-22 02:49:51.584,
9290,2025-04-22 02:49:41.542494+00,8042.5,66.06,9674,2025-04-22 02:49:39.934,
9289,2025-04-22 02:49:29.900732+00,7116.25,66.18,9673,2025-04-22 02:49:28.304,
9288,2025-04-22 02:49:18.251384+00,7961.25,66.42,9672,2025-04-22 02:49:16.614,
9287,2025-04-22 02:49:06.582746+00,7885,66.06,9671,2025-04-22 02:49:05.034,
9286,2025-04-22 02:48:55.000456+00,7901.25,66.06,9670,2025-04-22 02:48:51.694,
9285,2025-04-22 02:48:41.663897+00,7222.5,66.06,9669,2025-04-22 02:48:40.124,
9284,2025-04-22 02:48:30.090416+00,7940,66.18,9668,2025-04-22 02:48:28.535,
9283,2025-04-22 02:48:18.500559+00,7616.25,66.18,9667,2025-04-22 02:48:16.934,
9282,2025-04-22 02:48:06.890322+00,8232.5,66.06,9666,2025-04-22 02:48:05.334,
9281,2025-04-22 02:47:55.303096+00,7678.75,66.18,9665,2025-04-22 02:47:53.764,
9280,2025-04-22 02:47:43.715738+00,7141.25,66.18,9664,2025-04-22 02:47:42.114,
9279,2025-04-22 02:47:32.075723+00,8160,66.06,9663,2025-04-22 02:47:30.438,
9278,2025-04-22 02:47:20.402561+00,7507.5,66.18,9662,2025-04-22 02:47:18.824,
9277,2025-04-22 02:47:08.794801+00,8145,66.18,9661,2025-04-22 02:47:07.234,
9276,2025-04-22 02:46:57.196421+00,8055,66.18,9660,2025-04-22 02:46:55.605,
9275,2025-04-22 02:46:45.570851+00,7521.25,66.06,9659,2025-04-22 02:46:44.004,
9274,2025-04-22 02:46:33.96731+00,7318.75,66.18,9658,2025-04-22 02:46:32.424,
9273,2025-04-22 02:46:22.38735+00,8221.25,66.18,9657,2025-04-22 02:46:20.804,
9272,2025-04-22 02:46:10.734356+00,7483.75,66.06,9656,2025-04-22 02:46:09.084,
9271,2025-04-22 02:45:59.04633+00,7636.25,66.3,9655,2025-04-22 02:45:57.485,
9270,2025-04-22 02:45:47.421477+00,7253.75,66.18,9654,2025-04-22 02:45:45.764,
9269,2025-04-22 02:45:35.719759+00,7432.5,66.18,9653,2025-04-22 02:45:34.184,
9268,2025-04-22 02:45:24.151744+00,7981.25,66.06,9652,2025-04-22 02:45:22.485,
9267,2025-04-22 02:45:12.450133+00,7471.25,66.3,9651,2025-04-22 02:45:10.914,
9266,2025-04-22 02:45:00.884896+00,7296.25,66.18,9650,2025-04-22 02:44:59.334,
9265,2025-04-22 02:44:49.282279+00,8113.75,65.82,9649,2025-04-22 02:44:47.694,
9264,2025-04-22 02:44:37.664738+00,7793.75,66.06,9648,2025-04-22 02:44:36.084,
9263,2025-04-22 02:44:26.047484+00,6762.5,65.82,9647,2025-04-22 02:44:24.464,
9262,2025-04-22 02:44:14.417815+00,7887.5,66.06,9646,2025-04-22 02:44:12.744,
9261,2025-04-22 02:44:02.653263+00,7841.25,66.18,9645,2025-04-22 02:44:01.014,
9260,2025-04-22 02:43:50.978974+00,7681.25,66.06,9644,2025-04-22 02:43:49.409,
9259,2025-04-22 02:43:39.371034+00,7686.25,65.94,9643,2025-04-22 02:43:37.795,
9258,2025-04-22 02:43:27.76499+00,6811.25,65.82,9642,2025-04-22 02:43:26.164,
9257,2025-04-22 02:43:16.13302+00,7325,65.7,9641,2025-04-22 02:43:14.444,
9256,2025-04-22 02:43:04.410782+00,7777.5,65.82,9640,2025-04-22 02:43:02.874,
9255,2025-04-22 02:42:52.838924+00,7832.5,65.82,9639,2025-04-22 02:42:51.264,
9254,2025-04-22 02:42:41.223512+00,7270,65.7,9638,2025-04-22 02:42:39.614,
9253,2025-04-22 02:42:29.577524+00,7267.5,65.7,9637,2025-04-22 02:42:28.024,
9252,2025-04-22 02:42:17.976404+00,6968.75,65.58,9636,2025-04-22 02:42:16.314,
9251,2025-04-22 02:42:06.274613+00,7117.5,65.58,9635,2025-04-22 02:42:04.694,
9250,2025-04-22 02:41:54.657146+00,6647.5,65.45,9634,2025-04-22 02:41:53.114,
9249,2025-04-22 02:41:43.080707+00,7656.25,65.45,9633,2025-04-22 02:41:41.524,
9248,2025-04-22 02:41:31.488617+00,8025,65.58,9632,2025-04-22 02:41:29.884,
9247,2025-04-22 02:41:19.846572+00,7262.5,65.45,9631,2025-04-22 02:41:18.294,
9246,2025-04-22 02:41:08.26477+00,7842.5,65.58,9630,2025-04-22 02:41:06.674,
9245,2025-04-22 02:40:56.642744+00,7482.5,65.58,9629,2025-04-22 02:40:55.074,
9244,2025-04-22 02:40:45.043808+00,8202.5,65.58,9628,2025-04-22 02:40:43.442,
9243,2025-04-22 02:40:33.455404+00,7075,63.54,9627,2025-04-22 02:40:31.732,
9242,2025-04-22 02:40:21.752706+00,8081.25,65.45,9626,2025-04-22 02:40:20.112,
9241,2025-04-22 02:40:10.111479+00,7247.5,65.82,9625,2025-04-22 02:40:08.452,
9240,2025-04-22 02:39:58.442796+00,7542.5,65.33,9624,2025-04-22 02:39:56.772,
9239,2025-04-22 02:39:46.779331+00,7243.75,65.58,9623,2025-04-22 02:39:45.182,
9238,2025-04-22 02:39:35.195635+00,7661.25,65.82,9622,2025-04-22 02:39:33.552,
9237,2025-04-22 02:39:23.545137+00,7295,65.7,9621,2025-04-22 02:39:21.832,
9236,2025-04-22 02:39:11.843437+00,7271.25,65.82,9620,2025-04-22 02:39:10.172,
9235,2025-04-22 02:39:00.189184+00,7168.75,65.94,9619,2025-04-22 02:38:58.542,
9234,2025-04-22 02:38:48.542934+00,7923.75,65.82,9618,2025-04-22 02:38:46.822,
9233,2025-04-22 02:38:36.835709+00,6646.25,66.06,9617,2025-04-22 02:38:35.202,
9232,2025-04-22 02:38:25.216395+00,7557.5,65.94,9616,2025-04-22 02:38:23.572,
9231,2025-04-22 02:38:13.584317+00,7063.75,65.94,9615,2025-04-22 02:38:11.942,
9230,2025-04-22 02:38:01.948402+00,7940,66.06,9614,2025-04-22 02:38:00.312,
9229,2025-04-22 02:37:50.321455+00,7045,65.82,9613,2025-04-22 02:37:48.652,
9228,2025-04-22 02:37:38.672539+00,7947.5,65.94,9612,2025-04-22 02:37:36.972,
9227,2025-04-22 02:37:26.98849+00,7621.25,65.94,9611,2025-04-22 02:37:25.332,
9226,2025-04-22 02:37:15.338624+00,7952.5,65.94,9610,2025-04-22 02:37:13.702,
9225,2025-04-22 02:37:03.721542+00,8125,65.82,9609,2025-04-22 02:37:02.022,
9224,2025-04-22 02:36:52.037045+00,7467.5,65.7,9608,2025-04-22 02:36:50.452,
9223,2025-04-22 02:36:40.470471+00,7280,65.94,9607,2025-04-22 02:36:38.832,
9222,2025-04-22 02:36:28.814042+00,7891.25,65.82,9606,2025-04-22 02:36:27.172,
9221,2025-04-22 02:36:17.190581+00,8012.5,66.06,9605,2025-04-22 02:36:15.532,
9220,2025-04-22 02:36:05.553637+00,7996.25,65.7,9604,2025-04-22 02:36:03.912,
9219,2025-04-22 02:35:53.916092+00,8051.25,66.06,9603,2025-04-22 02:35:52.252,
9218,2025-04-22 02:35:42.264975+00,7553.75,66.06,9602,2025-04-22 02:35:40.642,
9217,2025-04-22 02:35:30.653729+00,7390,65.94,9601,2025-04-22 02:35:29.062,
9216,2025-04-22 02:35:19.075501+00,7531.25,66.06,9600,2025-04-22 02:35:17.382,
9215,2025-04-22 02:35:07.392386+00,7613.75,66.06,9599,2025-04-22 02:35:05.772,
9214,2025-04-22 02:34:55.767343+00,7891.25,65.82,9598,2025-04-22 02:34:54.152,
9213,2025-04-22 02:34:44.172827+00,7576.25,65.94,9597,2025-04-22 02:34:42.512,
9212,2025-04-22 02:34:32.532352+00,7623.75,66.06,9596,2025-04-22 02:34:30.892,
9211,2025-04-22 02:34:20.906462+00,7358.75,65.94,9595,2025-04-22 02:34:19.212,
9210,2025-04-22 02:34:09.219092+00,7940,65.82,9594,2025-04-22 02:34:07.612,
9209,2025-04-22 02:33:57.599882+00,7771.25,65.7,9593,2025-04-22 02:33:55.922,
9208,2025-04-22 02:33:45.916585+00,7290,65.7,9592,2025-04-22 02:33:44.252,
9207,2025-04-22 02:33:34.2594+00,7865,65.82,9591,2025-04-22 02:33:32.542,
9206,2025-04-22 02:33:22.559503+00,6407.5,65.47,9590,2025-04-22 02:33:20.982,
9205,2025-04-22 02:33:10.992366+00,7920,65.82,9589,2025-04-22 02:33:09.362,
9204,2025-04-22 02:32:59.378166+00,7990,65.7,9588,2025-04-22 02:32:57.782,
9203,2025-04-22 02:32:47.80257+00,6978.75,65.82,9587,2025-04-22 02:32:46.202,
9202,2025-04-22 02:32:36.219455+00,7416.25,65.94,9586,2025-04-22 02:32:34.632,
9201,2025-04-22 02:32:24.642059+00,7988.75,65.7,9585,2025-04-22 02:32:23.012,
9200,2025-04-22 02:32:13.029434+00,7301.25,65.82,9584,2025-04-22 02:32:11.442,
9199,2025-04-22 02:32:01.440171+00,7700,65.94,9583,2025-04-22 02:31:59.832,
9198,2025-04-22 02:31:49.84559+00,7323.75,65.7,9582,2025-04-22 02:31:48.172,
9197,2025-04-22 02:31:38.190582+00,7430,65.58,9581,2025-04-22 02:31:36.592,
9196,2025-04-22 02:31:26.607378+00,7967.5,65.45,9580,2025-04-22 02:31:24.992,
9195,2025-04-22 02:31:14.993563+00,7657.5,65.58,9579,2025-04-22 02:31:13.322,
9194,2025-04-22 02:31:03.321406+00,7890,65.58,9578,2025-04-22 02:31:01.712,
9193,2025-04-22 02:30:51.727646+00,7767.5,65.7,9577,2025-04-22 02:30:50.112,
9192,2025-04-22 02:30:40.123873+00,7268.75,65.58,9576,2025-04-22 02:30:38.532,
9191,2025-04-22 02:30:28.538996+00,7690,65.7,9575,2025-04-22 02:30:26.892,
9190,2025-04-22 02:30:16.901463+00,7865,65.7,9574,2025-04-22 02:30:15.302,
9189,2025-04-22 02:30:05.313439+00,7026.25,65.7,9573,2025-04-22 02:30:03.622,
9188,2025-04-22 02:29:53.625938+00,7503.75,65.58,9572,2025-04-22 02:29:51.992,
9187,2025-04-22 02:29:41.999277+00,6433.75,65.7,9571,2025-04-22 02:29:40.392,
9186,2025-04-22 02:29:30.383623+00,6911.25,65.82,9570,2025-04-22 02:29:28.772,
9185,2025-04-22 02:29:18.777689+00,7320,65.82,9569,2025-04-22 02:29:17.152,
9184,2025-04-22 02:29:07.163064+00,8035,65.82,9568,2025-04-22 02:29:05.562,
9183,2025-04-22 02:28:55.569999+00,7646.25,65.7,9567,2025-04-22 02:28:53.972,
9182,2025-04-22 02:28:43.989824+00,7338.75,65.7,9566,2025-04-22 02:28:42.352,
9181,2025-04-22 02:28:32.325616+00,7300,65.82,9565,2025-04-22 02:28:30.712,
9180,2025-04-22 02:28:20.712996+00,7555,65.7,9564,2025-04-22 02:28:19.012,
9179,2025-04-22 02:28:09.020741+00,7468.75,65.58,9563,2025-04-22 02:28:07.402,
9178,2025-04-22 02:27:57.406484+00,7910,66.06,9562,2025-04-22 02:27:55.832,
9177,2025-04-22 02:27:45.84208+00,7517.5,65.82,9561,2025-04-22 02:27:44.232,
9176,2025-04-22 02:27:34.246099+00,6950,65.94,9560,2025-04-22 02:27:32.652,
9175,2025-04-22 02:27:22.669611+00,7953.75,65.94,9559,2025-04-22 02:27:21.052,
9174,2025-04-22 02:27:11.066734+00,7515,65.82,9558,2025-04-22 02:27:09.372,
9173,2025-04-22 02:26:59.378589+00,7668.75,65.94,9557,2025-04-22 02:26:57.772,
9172,2025-04-22 02:26:47.780698+00,7536.25,66.06,9556,2025-04-22 02:26:46.142,
9171,2025-04-22 02:26:36.141233+00,7347.5,65.82,9555,2025-04-22 02:26:34.442,
9170,2025-04-22 02:26:24.43932+00,8010,65.94,9554,2025-04-22 02:26:22.852,
9169,2025-04-22 02:26:12.866035+00,7602.5,66.06,9553,2025-04-22 02:26:11.252,
9168,2025-04-22 02:26:01.262245+00,7357.5,65.94,9552,2025-04-22 02:25:59.642,
9167,2025-04-22 02:25:49.653536+00,6962.5,65.94,9551,2025-04-22 02:25:48.032,
9166,2025-04-22 02:25:38.047666+00,7543.75,66.06,9550,2025-04-22 02:25:36.442,
9165,2025-04-22 02:25:26.447096+00,7973.75,66.06,9549,2025-04-22 02:25:24.802,
9164,2025-04-22 02:25:14.79659+00,6930,65.94,9548,2025-04-22 02:25:13.162,
9163,2025-04-22 02:25:03.165211+00,7238.75,66.06,9547,2025-04-22 02:25:01.552,
9162,2025-04-22 02:24:51.547607+00,7966.25,66.06,9546,2025-04-22 02:24:49.862,
9161,2025-04-22 02:24:39.870452+00,7953.75,66.06,9545,2025-04-22 02:24:38.292,
9160,2025-04-22 02:24:28.302873+00,8232.5,65.94,9544,2025-04-22 02:24:26.682,
9159,2025-04-22 02:24:16.689704+00,7077.5,65.82,9543,2025-04-22 02:24:15.062,
9158,2025-04-22 02:24:05.077469+00,8032.5,65.94,9542,2025-04-22 02:24:03.422,
9157,2025-04-22 02:23:53.417149+00,8127.5,65.7,9541,2025-04-22 02:23:51.822,
9156,2025-04-22 02:23:41.828681+00,8058.75,65.94,9540,2025-04-22 02:23:40.212,
9155,2025-04-22 02:23:30.199857+00,7761.25,65.82,9539,2025-04-22 02:23:28.592,
9154,2025-04-22 02:23:18.605659+00,7490,65.7,9538,2025-04-22 02:23:17.012,
9153,2025-04-22 02:23:07.017819+00,7480,65.7,9537,2025-04-22 02:23:05.322,
9152,2025-04-22 02:22:55.332499+00,7553.75,65.94,9536,2025-04-22 02:22:53.692,
9151,2025-04-22 02:22:43.697859+00,7167.5,65.82,9535,2025-04-22 02:22:42.032,
9150,2025-04-22 02:22:32.039452+00,6708.75,65.7,9534,2025-04-22 02:22:30.402,
9149,2025-04-22 02:22:20.388139+00,7406.25,65.58,9533,2025-04-22 02:22:18.742,
9148,2025-04-22 02:22:08.753953+00,6950,65.7,9532,2025-04-22 02:22:07.132,
9147,2025-04-22 02:21:57.138819+00,7335,65.7,9531,2025-04-22 02:21:55.542,
9146,2025-04-22 02:21:45.554834+00,7060,65.45,9530,2025-04-22 02:21:43.852,
9145,2025-04-22 02:21:33.857582+00,7948.75,65.58,9529,2025-04-22 02:21:32.202,
9144,2025-04-22 02:21:22.208367+00,7356.25,65.7,9528,2025-04-22 02:21:20.522,
9143,2025-04-22 02:21:10.531381+00,7441.25,65.7,9527,2025-04-22 02:21:08.882,
9142,2025-04-22 02:20:58.890487+00,7035,65.7,9526,2025-04-22 02:20:57.282,
9141,2025-04-22 02:20:47.289049+00,7171.25,65.58,9525,2025-04-22 02:20:45.672,
9140,2025-04-22 02:20:35.681374+00,6956.25,65.45,9524,2025-04-22 02:20:33.992,
9139,2025-04-22 02:20:23.9787+00,7852.5,65.58,9523,2025-04-22 02:20:22.342,
9138,2025-04-22 02:20:12.34871+00,7347.5,65.58,9522,2025-04-22 02:20:10.732,
9137,2025-04-22 02:20:00.697656+00,7030,65.82,9521,2025-04-22 02:19:59.072,
9136,2025-04-22 02:19:49.080622+00,7321.25,65.58,9520,2025-04-22 02:19:47.472,
9135,2025-04-22 02:19:37.482479+00,7867.5,65.7,9519,2025-04-22 02:19:35.712,
9134,2025-04-22 02:19:25.626537+00,7717.5,65.58,9518,2025-04-22 02:19:24.002,
9133,2025-04-22 02:19:13.995417+00,7063.75,65.7,9517,2025-04-22 02:19:12.352,
9132,2025-04-22 02:19:02.359289+00,8011.25,65.7,9516,2025-04-22 02:19:00.712,
9131,2025-04-22 02:18:50.71703+00,7307.5,65.7,9515,2025-04-22 02:18:49.132,
9130,2025-04-22 02:18:39.127061+00,7971.25,65.7,9514,2025-04-22 02:18:37.522,
9129,2025-04-22 02:18:27.506842+00,6698.75,65.7,9513,2025-04-22 02:18:25.902,
9128,2025-04-22 02:18:15.902615+00,7951.25,65.58,9512,2025-04-22 02:18:14.322,
9127,2025-04-22 02:18:04.330324+00,7746.25,65.7,9511,2025-04-22 02:18:02.702,
9126,2025-04-22 02:17:52.713954+00,7285,65.7,9510,2025-04-22 02:17:51.022,
9125,2025-04-22 02:17:41.008342+00,7106.25,65.82,9509,2025-04-22 02:17:39.372,
9124,2025-04-22 02:17:29.374329+00,8131.25,65.7,9508,2025-04-22 02:17:27.792,
9123,2025-04-22 02:17:17.77954+00,7565,65.7,9507,2025-04-22 02:17:16.132,
9122,2025-04-22 02:17:06.134119+00,6965,65.82,9506,2025-04-22 02:17:04.492,
9121,2025-04-22 02:16:54.501891+00,6837.5,65.82,9505,2025-04-22 02:16:52.882,
9120,2025-04-22 02:16:42.885044+00,8048.75,65.7,9504,2025-04-22 02:16:41.292,
9119,2025-04-22 02:16:31.295783+00,7298.75,65.7,9503,2025-04-22 02:16:29.672,
9118,2025-04-22 02:16:19.681264+00,8038.75,63.76,9502,2025-04-22 02:16:18.112,
9117,2025-04-22 02:16:08.113982+00,7822.5,65.82,9501,2025-04-22 02:16:06.402,
9116,2025-04-22 02:15:56.408046+00,7335,65.82,9500,2025-04-22 02:15:54.802,
9115,2025-04-22 02:15:44.813663+00,8131.25,65.94,9499,2025-04-22 02:15:43.212,
9114,2025-04-22 02:15:33.211785+00,7776.25,65.94,9498,2025-04-22 02:15:31.542,
9113,2025-04-22 02:15:21.535525+00,8060,65.82,9497,2025-04-22 02:15:19.936,
9112,2025-04-22 02:15:09.937281+00,8041.25,65.94,9496,2025-04-22 02:15:08.322,
9111,2025-04-22 02:14:58.315879+00,6925,65.82,9495,2025-04-22 02:14:56.732,
9110,2025-04-22 02:14:46.724069+00,7973.75,66.06,9494,2025-04-22 02:14:45.122,
9109,2025-04-22 02:14:35.101138+00,7436.25,65.58,9493,2025-04-22 02:14:33.512,
9108,2025-04-22 02:14:23.495308+00,8120,65.7,9492,2025-04-22 02:14:21.742,
9107,2025-04-22 02:14:11.732888+00,7797.5,65.7,9491,2025-04-22 02:14:09.992,
9106,2025-04-22 02:13:59.981106+00,7943.75,65.7,9490,2025-04-22 02:13:58.372,
9105,2025-04-22 02:13:48.357337+00,7702.5,65.7,9489,2025-04-22 02:13:46.762,
9104,2025-04-22 02:13:36.760255+00,6617.5,65.82,9488,2025-04-22 02:13:35.142,
9103,2025-04-22 02:13:25.133086+00,7501.25,65.7,9487,2025-04-22 02:13:23.502,
9102,2025-04-22 02:13:13.487297+00,6411.25,65.82,9486,2025-04-22 02:13:11.892,
9101,2025-04-22 02:13:01.890362+00,7733.75,66.06,9485,2025-04-22 02:13:00.202,
9100,2025-04-22 02:12:50.185685+00,6415,65.82,9484,2025-04-22 02:12:48.592,
9099,2025-04-22 02:12:38.592366+00,7827.5,66.06,9483,2025-04-22 02:12:36.932,
9098,2025-04-22 02:12:26.924998+00,7321.25,66.06,9482,2025-04-22 02:12:25.282,
9097,2025-04-22 02:12:15.277572+00,8023.75,66.3,9481,2025-04-22 02:12:13.662,
9096,2025-04-22 02:12:03.667912+00,7908.75,66.06,9480,2025-04-22 02:12:02.072,
9095,2025-04-22 02:11:52.068525+00,7777.5,65.94,9479,2025-04-22 02:11:50.472,
9094,2025-04-22 02:11:40.467189+00,7126.25,65.94,9478,2025-04-22 02:11:38.852,
9093,2025-04-22 02:11:28.85131+00,7871.25,65.94,9477,2025-04-22 02:11:27.222,
9092,2025-04-22 02:11:17.223567+00,7806.25,66.06,9476,2025-04-22 02:11:15.582,
9091,2025-04-22 02:11:05.584212+00,7953.75,65.94,9475,2025-04-22 02:11:03.912,
9090,2025-04-22 02:10:53.907772+00,7388.75,65.82,9474,2025-04-22 02:10:52.262,
9089,2025-04-22 02:10:42.266883+00,6911.25,65.7,9473,2025-04-22 02:10:40.682,
9088,2025-04-22 02:10:30.675954+00,7892.5,66.06,9472,2025-04-22 02:10:29.022,
9087,2025-04-22 02:10:19.028379+00,7486.25,66.06,9471,2025-04-22 02:10:17.422,
9086,2025-04-22 02:10:07.428265+00,7946.25,65.94,9470,2025-04-22 02:10:05.782,
9085,2025-04-22 02:09:55.783613+00,7798.75,66.06,9469,2025-04-22 02:09:54.192,
9084,2025-04-22 02:09:44.189926+00,7677.5,65.94,9468,2025-04-22 02:09:42.572,
9083,2025-04-22 02:09:32.560917+00,7155,65.7,9467,2025-04-22 02:09:30.912,
9082,2025-04-22 02:09:20.88417+00,6475,65.82,9466,2025-04-22 02:09:19.292,
9081,2025-04-22 02:09:09.293345+00,8098.75,65.82,9465,2025-04-22 02:09:07.592,
9080,2025-04-22 02:08:57.59403+00,8058.75,65.82,9464,2025-04-22 02:08:55.942,
9079,2025-04-22 02:08:45.937934+00,7052.5,66.06,9463,2025-04-22 02:08:44.342,
9078,2025-04-22 02:08:34.349155+00,7947.5,65.94,9462,2025-04-22 02:08:32.782,
9077,2025-04-22 02:08:22.780337+00,7938.75,65.94,9461,2025-04-22 02:08:21.132,
9076,2025-04-22 02:08:11.121825+00,7870,66.06,9460,2025-04-22 02:08:09.502,
9075,2025-04-22 02:07:59.502162+00,7121.25,65.7,9459,2025-04-22 02:07:57.882,
9074,2025-04-22 02:07:47.882646+00,6996.25,65.7,9458,2025-04-22 02:07:46.282,
9073,2025-04-22 02:07:36.274428+00,7836.25,65.82,9457,2025-04-22 02:07:34.692,
9072,2025-04-22 02:07:24.688992+00,7741.25,66.18,9456,2025-04-22 02:07:23.022,
9071,2025-04-22 02:07:13.008596+00,7108.75,65.94,9455,2025-04-22 02:07:11.412,
9070,2025-04-22 02:07:01.386908+00,7306.25,65.94,9454,2025-04-22 02:06:59.762,
9069,2025-04-22 02:06:49.771987+00,7257.5,65.7,9453,2025-04-22 02:06:48.192,
9068,2025-04-22 02:06:38.171806+00,7423.75,65.82,9452,2025-04-22 02:06:36.532,
9067,2025-04-22 02:06:26.534126+00,7272.5,65.58,9451,2025-04-22 02:06:24.942,
9066,2025-04-22 02:06:14.928861+00,6856.25,65.82,9450,2025-04-22 02:06:13.312,
9065,2025-04-22 02:06:03.304322+00,7481.25,65.82,9449,2025-04-22 02:06:01.712,
9064,2025-04-22 02:05:51.705675+00,7955,65.58,9448,2025-04-22 02:05:50.082,
9063,2025-04-22 02:05:40.074822+00,7806.25,65.58,9447,2025-04-22 02:05:38.402,
9062,2025-04-22 02:05:28.391091+00,7287.5,65.59,9446,2025-04-22 02:05:26.732,
9061,2025-04-22 02:05:16.736739+00,7430,65.21,9445,2025-04-22 02:05:15.162,
9060,2025-04-22 02:05:05.131244+00,7838.75,65.45,9444,2025-04-22 02:05:03.552,
9059,2025-04-22 02:04:53.544296+00,7823.75,65.45,9443,2025-04-22 02:04:51.932,
9058,2025-04-22 02:04:41.914493+00,7425,65.45,9442,2025-04-22 02:04:40.282,
9057,2025-04-22 02:04:30.262341+00,7850,65.33,9441,2025-04-22 02:04:28.482,
9056,2025-04-22 02:04:18.484418+00,7790,65.33,9440,2025-04-22 02:04:16.892,
9055,2025-04-22 02:04:06.891376+00,7050,65.09,9439,2025-04-22 02:04:05.222,
9054,2025-04-22 02:03:55.224549+00,7308.75,65.09,9438,2025-04-22 02:03:53.552,
9053,2025-04-22 02:03:43.54781+00,6366.25,65.45,9437,2025-04-22 02:03:41.952,
9052,2025-04-22 02:03:31.952321+00,7298.75,65.33,9436,2025-04-22 02:03:30.372,
9051,2025-04-22 02:03:20.350214+00,7737.5,65.21,9435,2025-04-22 02:03:18.722,
9050,2025-04-22 02:03:08.719978+00,6363.75,65.33,9434,2025-04-22 02:03:07.142,
9049,2025-04-22 02:02:57.136159+00,6987.5,65.09,9433,2025-04-22 02:02:55.552,
9048,2025-04-22 02:02:45.54896+00,7655,64.97,9432,2025-04-22 02:02:43.972,
9047,2025-04-22 02:02:33.96519+00,7140,65.21,9431,2025-04-22 02:02:32.402,
9046,2025-04-22 02:02:22.37344+00,6396.25,65.45,9430,2025-04-22 02:02:20.692,
9045,2025-04-22 02:02:10.694717+00,7872.5,65.45,9429,2025-04-22 02:02:09.082,
9044,2025-04-22 02:01:59.083989+00,7915,65.33,9428,2025-04-22 02:01:57.452,
9043,2025-04-22 02:01:47.453625+00,7938.75,65.33,9427,2025-04-22 02:01:45.842,
9042,2025-04-22 02:01:35.838755+00,7875,65.45,9426,2025-04-22 02:01:34.232,
9041,2025-04-22 02:01:24.200223+00,7082.5,65.45,9425,2025-04-22 02:01:22.532,
9040,2025-04-22 02:01:12.527012+00,7986.25,65.58,9424,2025-04-22 02:01:10.862,
9039,2025-04-22 02:01:00.798729+00,7777.5,65.45,9423,2025-04-22 02:00:59.182,
9038,2025-04-22 02:00:49.179725+00,8035,65.45,9422,2025-04-22 02:00:47.592,
9037,2025-04-22 02:00:37.585907+00,7371.25,65.45,9421,2025-04-22 02:00:35.982,
9036,2025-04-22 02:00:25.961126+00,7641.25,65.21,9420,2025-04-22 02:00:24.262,
9035,2025-04-22 02:00:14.247027+00,7238.75,65.33,9419,2025-04-22 02:00:12.672,
9034,2025-04-22 02:00:02.667164+00,7626.25,65.45,9418,2025-04-22 02:00:01.012,
9033,2025-04-22 01:59:51.013802+00,7017.5,65.09,9417,2025-04-22 01:59:49.402,
9032,2025-04-22 01:59:39.405513+00,7945,65.45,9416,2025-04-22 01:59:37.812,
9031,2025-04-22 01:59:27.793319+00,7551.25,65.45,9415,2025-04-22 01:59:26.192,
9030,2025-04-22 01:59:16.192545+00,7390,65.45,9414,2025-04-22 01:59:14.542,
9029,2025-04-22 01:59:04.537684+00,7567.5,65.45,9413,2025-04-22 01:59:02.882,
9028,2025-04-22 01:58:52.871291+00,7656.25,65.58,9412,2025-04-22 01:58:50.817,
9027,2025-04-22 01:58:40.785358+00,7857.5,65.58,9411,2025-04-22 01:58:38.432,
9026,2025-04-22 01:58:28.425803+00,7692.5,65.58,9410,2025-04-22 01:58:26.802,
9025,2025-04-22 01:58:16.800631+00,7921.25,65.58,9409,2025-04-22 01:58:15.202,
9024,2025-04-22 01:58:05.196953+00,7993.75,65.45,9408,2025-04-22 01:58:03.602,
9023,2025-04-22 01:57:53.602096+00,7823.75,65.45,9407,2025-04-22 01:57:51.962,
9022,2025-04-22 01:57:41.957495+00,7143.75,65.45,9406,2025-04-22 01:57:40.362,
9021,2025-04-22 01:57:30.345695+00,7785,65.58,9405,2025-04-22 01:57:28.742,
9020,2025-04-22 01:57:18.745715+00,7223.75,65.71,9404,2025-04-22 01:57:17.162,
9019,2025-04-22 01:57:07.164215+00,7532.5,65.7,9403,2025-04-22 01:57:05.542,
9018,2025-04-22 01:56:55.529649+00,6957.5,65.58,9402,2025-04-22 01:56:53.942,
9017,2025-04-22 01:56:43.941161+00,6978.75,65.58,9401,2025-04-22 01:56:42.352,
9016,2025-04-22 01:56:32.345207+00,7951.25,65.45,9400,2025-04-22 01:56:30.632,
9015,2025-04-22 01:56:20.634778+00,7908.75,65.45,9399,2025-04-22 01:56:19.022,
9014,2025-04-22 01:56:09.01449+00,6441.25,65.7,9398,2025-04-22 01:56:07.402,
9013,2025-04-22 01:55:57.401514+00,7455,65.58,9397,2025-04-22 01:55:55.762,
9012,2025-04-22 01:55:45.753216+00,7923.75,65.82,9396,2025-04-22 01:55:44.132,
9011,2025-04-22 01:55:34.129179+00,7775,65.7,9395,2025-04-22 01:55:32.522,
9010,2025-04-22 01:55:22.526479+00,7682.5,65.7,9394,2025-04-22 01:55:20.942,
9009,2025-04-22 01:55:10.925606+00,6485,65.58,9393,2025-04-22 01:55:09.332,
9008,2025-04-22 01:54:59.330069+00,7596.25,65.82,9392,2025-04-22 01:54:57.722,
9007,2025-04-22 01:54:47.707641+00,7850,65.7,9391,2025-04-22 01:54:46.112,
9006,2025-04-22 01:54:36.114628+00,7303.75,65.58,9390,2025-04-22 01:54:34.492,
9005,2025-04-22 01:54:24.469908+00,7426.25,65.94,9389,2025-04-22 01:54:22.882,
9004,2025-04-22 01:54:12.875827+00,7436.25,65.58,9388,2025-04-22 01:54:11.272,
9003,2025-04-22 01:54:01.272475+00,7738.75,65.82,9387,2025-04-22 01:53:59.652,
9002,2025-04-22 01:53:49.656701+00,7368.75,65.58,9386,2025-04-22 01:53:48.052,
9001,2025-04-22 01:53:38.050823+00,7617.5,65.94,9385,2025-04-22 01:53:36.472,
9000,2025-04-22 01:53:26.467646+00,7551.25,65.7,9384,2025-04-22 01:53:24.842,
8999,2025-04-22 01:53:14.816714+00,7625,65.82,9383,2025-04-22 01:53:13.192,
8998,2025-04-22 01:53:03.164286+00,7008.75,65.58,9382,2025-04-22 01:53:01.542,
8997,2025-04-22 01:52:51.53889+00,6861.25,65.58,9381,2025-04-22 01:52:49.942,
8996,2025-04-22 01:52:39.922573+00,7955,65.83,9380,2025-04-22 01:52:38.342,
8995,2025-04-22 01:52:28.334648+00,7736.25,65.45,9379,2025-04-22 01:52:26.752,
8994,2025-04-22 01:52:16.750749+00,7292.5,65.58,9378,2025-04-22 01:52:15.172,
8993,2025-04-22 01:52:05.173107+00,7898.75,64.02,9377,2025-04-22 01:52:03.552,
8992,2025-04-22 01:51:53.553789+00,7752.5,65.7,9376,2025-04-22 01:51:51.992,
8991,2025-04-22 01:51:41.968599+00,7610,65.7,9375,2025-04-22 01:51:40.382,
8990,2025-04-22 01:51:30.378635+00,6517.5,65.58,9374,2025-04-22 01:51:28.782,
8989,2025-04-22 01:51:18.781732+00,7877.5,65.82,9373,2025-04-22 01:51:17.172,
8988,2025-04-22 01:51:07.161843+00,8010,65.7,9372,2025-04-22 01:51:05.472,
8987,2025-04-22 01:50:55.465312+00,6655,65.7,9371,2025-04-22 01:50:53.862,
8986,2025-04-22 01:50:43.853232+00,6972.5,65.7,9370,2025-04-22 01:50:42.262,
8985,2025-04-22 01:50:32.216302+00,8015,65.82,9369,2025-04-22 01:50:30.592,
8984,2025-04-22 01:50:20.566731+00,7488.75,65.7,9368,2025-04-22 01:50:18.922,
8983,2025-04-22 01:50:08.919803+00,6835,65.7,9367,2025-04-22 01:50:07.272,
8982,2025-04-22 01:49:57.263877+00,7011.25,65.7,9366,2025-04-22 01:49:55.692,
8981,2025-04-22 01:49:45.694223+00,7242.5,65.7,9365,2025-04-22 01:49:44.112,
8980,2025-04-22 01:49:34.106497+00,6396.25,65.45,9364,2025-04-22 01:49:32.472,
8979,2025-04-22 01:49:22.469783+00,7356.25,65.82,9363,2025-04-22 01:49:20.872,
8978,2025-04-22 01:49:10.867274+00,7306.25,65.82,9362,2025-04-22 01:49:09.262,
8977,2025-04-22 01:48:59.261942+00,7827.5,65.82,9361,2025-04-22 01:48:57.632,
8976,2025-04-22 01:48:47.636909+00,7433.75,65.82,9360,2025-04-22 01:48:46.032,
8975,2025-04-22 01:48:36.028276+00,7927.5,65.94,9359,2025-04-22 01:48:34.402,
8974,2025-04-22 01:48:24.392071+00,7786.25,65.82,9358,2025-04-22 01:48:22.762,
8973,2025-04-22 01:48:12.756096+00,7745,65.82,9357,2025-04-22 01:48:11.062,
8972,2025-04-22 01:48:01.05673+00,7230,66.18,9356,2025-04-22 01:47:59.442,
8971,2025-04-22 01:47:49.423487+00,7282.5,65.82,9355,2025-04-22 01:47:47.812,
8970,2025-04-22 01:47:37.797639+00,7982.5,66.06,9354,2025-04-22 01:47:36.222,
8969,2025-04-22 01:47:26.218949+00,7128.75,65.82,9353,2025-04-22 01:47:24.612,
8968,2025-04-22 01:47:14.603358+00,7823.75,65.82,9352,2025-04-22 01:47:12.982,
8967,2025-04-22 01:47:02.966562+00,7383.75,65.82,9351,2025-04-22 01:47:01.342,
8966,2025-04-22 01:46:51.333968+00,7518.75,65.7,9350,2025-04-22 01:46:49.712,
8965,2025-04-22 01:46:39.711862+00,7531.25,65.7,9349,2025-04-22 01:46:38.092,
8964,2025-04-22 01:46:28.070969+00,7660,65.82,9348,2025-04-22 01:46:26.382,
8963,2025-04-22 01:46:16.381484+00,7016.25,65.7,9347,2025-04-22 01:46:14.752,
8962,2025-04-22 01:46:04.749804+00,7135,66.06,9346,2025-04-22 01:46:03.092,
8961,2025-04-22 01:45:53.085305+00,7561.25,65.7,9345,2025-04-22 01:45:51.462,
8960,2025-04-22 01:45:41.458354+00,7310,65.7,9344,2025-04-22 01:45:39.872,
8959,2025-04-22 01:45:29.869587+00,7231.25,65.7,9343,2025-04-22 01:45:28.262,
8958,2025-04-22 01:45:18.261531+00,7956.25,65.82,9342,2025-04-22 01:45:16.622,
8957,2025-04-22 01:45:06.62385+00,7797.5,65.7,9341,2025-04-22 01:45:05.062,
8956,2025-04-22 01:44:55.059749+00,7757.5,65.94,9340,2025-04-22 01:44:53.472,
8955,2025-04-22 01:44:43.471287+00,7707.5,65.58,9339,2025-04-22 01:44:41.782,
8954,2025-04-22 01:44:31.787726+00,7028.75,65.45,9338,2025-04-22 01:44:30.152,
8953,2025-04-22 01:44:20.148191+00,6982.5,65.7,9337,2025-04-22 01:44:18.522,
8952,2025-04-22 01:44:08.513982+00,7670,65.58,9336,2025-04-22 01:44:06.932,
8951,2025-04-22 01:43:56.913916+00,7738.75,65.7,9335,2025-04-22 01:43:55.287,
8950,2025-04-22 01:43:45.27928+00,7535,65.33,9334,2025-04-22 01:43:43.692,
8949,2025-04-22 01:43:33.680437+00,6603.75,65.58,9333,2025-04-22 01:43:32.092,
8948,2025-04-22 01:43:22.092255+00,7418.75,65.58,9332,2025-04-22 01:43:20.472,
8947,2025-04-22 01:43:10.448921+00,7781.25,65.7,9331,2025-04-22 01:43:08.862,
8946,2025-04-22 01:42:58.857577+00,7717.5,65.58,9330,2025-04-22 01:42:57.172,
8945,2025-04-22 01:42:47.166809+00,7646.25,65.33,9329,2025-04-22 01:42:45.582,
8944,2025-04-22 01:42:35.56269+00,6738.75,65.7,9328,2025-04-22 01:42:33.972,
8943,2025-04-22 01:42:23.954766+00,7162.5,65.58,9327,2025-04-22 01:42:22.352,
8942,2025-04-22 01:42:12.352058+00,7197.5,65.58,9326,2025-04-22 01:42:10.762,
8941,2025-04-22 01:42:00.7427+00,7416.25,65.58,9325,2025-04-22 01:41:59.122,
8940,2025-04-22 01:41:49.097638+00,7178.75,65.7,9324,2025-04-22 01:41:47.402,
8939,2025-04-22 01:41:37.38749+00,7437.5,65.45,9323,2025-04-22 01:41:35.642,
8938,2025-04-22 01:41:25.634569+00,6762.5,65.58,9322,2025-04-22 01:41:24.012,
8937,2025-04-22 01:41:14.007783+00,7308.75,65.7,9321,2025-04-22 01:41:12.302,
8936,2025-04-22 01:41:02.289014+00,7147.5,65.45,9320,2025-04-22 01:41:00.652,
8935,2025-04-22 01:40:50.647077+00,7167.5,65.58,9319,2025-04-22 01:40:49.039,
8934,2025-04-22 01:40:39.036562+00,7268.75,65.45,9318,2025-04-22 01:40:37.439,
8933,2025-04-22 01:40:27.445519+00,7535,65.58,9317,2025-04-22 01:40:25.819,
8932,2025-04-22 01:40:15.829976+00,7693.75,65.45,9316,2025-04-22 01:40:14.219,
8931,2025-04-22 01:40:04.224054+00,7200,65.7,9315,2025-04-22 01:40:02.559,
8930,2025-04-22 01:39:52.538695+00,6765,65.94,9314,2025-04-22 01:39:50.929,
8929,2025-04-22 01:39:40.935454+00,7142.5,65.82,9313,2025-04-22 01:39:39.279,
8928,2025-04-22 01:39:29.289765+00,8040,65.82,9312,2025-04-22 01:39:27.549,
8927,2025-04-22 01:39:17.554969+00,7513.75,65.7,9311,2025-04-22 01:39:15.929,
8926,2025-04-22 01:39:05.933639+00,7548.75,65.82,9310,2025-04-22 01:39:04.309,
8925,2025-04-22 01:38:54.317481+00,7887.5,65.58,9309,2025-04-22 01:38:52.719,
8924,2025-04-22 01:38:42.724577+00,7402.5,65.7,9308,2025-04-22 01:38:41.110,
8923,2025-04-22 01:38:31.113606+00,7570,65.82,9307,2025-04-22 01:38:29.489,
8922,2025-04-22 01:38:19.493296+00,6441.25,65.82,9306,2025-04-22 01:38:17.859,
8921,2025-04-22 01:38:07.859342+00,7643.75,65.82,9305,2025-04-22 01:38:06.169,
8920,2025-04-22 01:37:56.139799+00,7443.75,65.82,9304,2025-04-22 01:37:54.399,
8919,2025-04-22 01:37:44.405375+00,7048.75,65.7,9303,2025-04-22 01:37:42.679,
8918,2025-04-22 01:37:32.662137+00,7491.25,65.7,9302,2025-04-22 01:37:31.039,
8917,2025-04-22 01:37:21.042315+00,7563.75,65.82,9301,2025-04-22 01:37:19.439,
8916,2025-04-22 01:37:09.453295+00,7880,65.82,9300,2025-04-22 01:37:07.849,
8915,2025-04-22 01:36:57.856069+00,7557.5,65.82,9299,2025-04-22 01:36:56.249,
8914,2025-04-22 01:36:46.261733+00,7090,65.58,9298,2025-04-22 01:36:44.669,
8913,2025-04-22 01:36:34.680958+00,7138.75,65.82,9297,2025-04-22 01:36:33.070,
8912,2025-04-22 01:36:23.074851+00,7616.25,65.58,9296,2025-04-22 01:36:21.489,
8911,2025-04-22 01:36:11.495739+00,8042.5,65.58,9295,2025-04-22 01:36:09.859,
8910,2025-04-22 01:35:59.856387+00,7842.5,65.58,9294,2025-04-22 01:35:58.175,
8909,2025-04-22 01:35:48.169518+00,7745,65.45,9293,2025-04-22 01:35:46.559,
8908,2025-04-22 01:35:36.466944+00,7883.75,65.58,9292,2025-04-22 01:35:34.869,
8907,2025-04-22 01:35:24.88203+00,7251.25,65.45,9291,2025-04-22 01:35:23.119,
8906,2025-04-22 01:35:13.100338+00,7806.25,65.45,9290,2025-04-22 01:35:11.489,
8905,2025-04-22 01:35:01.493959+00,6298.75,65.33,9289,2025-04-22 01:34:59.869,
8904,2025-04-22 01:34:49.880321+00,7936.25,65.33,9288,2025-04-22 01:34:48.249,
8903,2025-04-22 01:34:38.261066+00,6467.5,65.45,9287,2025-04-22 01:34:36.669,
8902,2025-04-22 01:34:26.677272+00,7850,65.45,9286,2025-04-22 01:34:25.059,
8901,2025-04-22 01:34:14.958354+00,7722.5,65.45,9285,2025-04-22 01:34:13.239,
8900,2025-04-22 01:34:03.233777+00,7663.75,65.45,9284,2025-04-22 01:34:01.609,
8899,2025-04-22 01:33:51.610249+00,7691.25,65.33,9283,2025-04-22 01:33:49.969,
8898,2025-04-22 01:33:39.984287+00,7717.5,65.58,9282,2025-04-22 01:33:38.399,
8897,2025-04-22 01:33:28.394439+00,7760,65.7,9281,2025-04-22 01:33:26.759,
8896,2025-04-22 01:33:16.761265+00,7188.75,65.7,9280,2025-04-22 01:33:15.129,
8895,2025-04-22 01:33:05.135904+00,7526.25,65.7,9279,2025-04-22 01:33:03.509,
8894,2025-04-22 01:32:53.516179+00,7718.75,65.7,9278,2025-04-22 01:32:51.879,
8893,2025-04-22 01:32:41.872625+00,7583.75,65.82,9277,2025-04-22 01:32:40.249,
8892,2025-04-22 01:32:30.259684+00,7655,66.06,9276,2025-04-22 01:32:28.569,
8891,2025-04-22 01:32:18.575851+00,7583.75,66.06,9275,2025-04-22 01:32:16.959,
8890,2025-04-22 01:32:06.971385+00,7511.25,65.94,9274,2025-04-22 01:32:05.369,
8889,2025-04-22 01:31:55.350163+00,7355,65.82,9273,2025-04-22 01:31:53.699,
8888,2025-04-22 01:31:43.699179+00,7656.25,65.7,9272,2025-04-22 01:31:42.049,
8887,2025-04-22 01:31:32.054215+00,7985,65.58,9271,2025-04-22 01:31:30.429,
8886,2025-04-22 01:31:20.436066+00,6405,65.82,9270,2025-04-22 01:31:18.809,
8885,2025-04-22 01:31:08.817033+00,7957.5,65.94,9269,2025-04-22 01:31:07.204,
8884,2025-04-22 01:30:57.216655+00,7933.75,65.58,9268,2025-04-22 01:30:54.729,
8883,2025-04-22 01:30:44.738918+00,7721.25,65.7,9267,2025-04-22 01:30:42.999,
8882,2025-04-22 01:30:33.002662+00,7195,65.94,9266,2025-04-22 01:30:31.399,
8881,2025-04-22 01:30:21.39798+00,6547.5,65.82,9265,2025-04-22 01:30:19.769,
8880,2025-04-22 01:30:09.777601+00,7342.5,65.7,9264,2025-04-22 01:30:08.139,
8879,2025-04-22 01:29:58.145425+00,6586.25,65.82,9263,2025-04-22 01:29:56.509,
8878,2025-04-22 01:29:46.511443+00,7461.25,65.82,9262,2025-04-22 01:29:44.879,
8877,2025-04-22 01:29:34.88027+00,8031.25,65.7,9261,2025-04-22 01:29:33.259,
8876,2025-04-22 01:29:23.263497+00,7405,65.7,9260,2025-04-22 01:29:21.659,
8875,2025-04-22 01:29:11.660368+00,7942.5,65.7,9259,2025-04-22 01:29:10.019,
8874,2025-04-22 01:29:00.017241+00,7183.75,65.7,9258,2025-04-22 01:28:58.319,
8873,2025-04-22 01:28:48.312831+00,6988.75,65.82,9257,2025-04-22 01:28:46.679,
8872,2025-04-22 01:28:36.672765+00,7171.25,65.7,9256,2025-04-22 01:28:35.079,
8871,2025-04-22 01:28:25.087613+00,6947.5,65.7,9255,2025-04-22 01:28:23.469,
8870,2025-04-22 01:28:13.452998+00,7493.75,65.82,9254,2025-04-22 01:28:11.859,
8869,2025-04-22 01:28:01.839225+00,7896.25,65.58,9253,2025-04-22 01:28:00.239,
8868,2025-04-22 01:27:50.245847+00,7798.75,63.76,9252,2025-04-22 01:27:48.579,
8867,2025-04-22 01:27:38.582708+00,7776.25,65.82,9251,2025-04-22 01:27:36.959,
8866,2025-04-22 01:27:26.964474+00,8030,65.7,9250,2025-04-22 01:27:25.339,
8865,2025-04-22 01:27:15.313589+00,7297.5,65.82,9249,2025-04-22 01:27:13.629,
8864,2025-04-22 01:27:03.639646+00,7170,65.82,9248,2025-04-22 01:27:01.889,
8863,2025-04-22 01:26:51.897155+00,7328.75,65.94,9247,2025-04-22 01:26:50.299,
8862,2025-04-22 01:26:40.308613+00,7482.5,65.82,9246,2025-04-22 01:26:38.709,
8861,2025-04-22 01:26:28.701985+00,7433.75,65.82,9245,2025-04-22 01:26:27.079,
8860,2025-04-22 01:26:17.077939+00,7720,65.58,9244,2025-04-22 01:26:15.439,
8859,2025-04-22 01:26:05.418492+00,7486.25,65.58,9243,2025-04-22 01:26:03.769,
8858,2025-04-22 01:25:53.771156+00,7356.25,65.7,9242,2025-04-22 01:25:52.105,
8857,2025-04-22 01:25:42.107181+00,7850,65.7,9241,2025-04-22 01:25:40.489,
8856,2025-04-22 01:25:30.494296+00,7238.75,65.7,9240,2025-04-22 01:25:28.769,
8855,2025-04-22 01:25:18.774322+00,7643.75,65.82,9239,2025-04-22 01:25:17.170,
8854,2025-04-22 01:25:07.174309+00,7198.75,65.7,9238,2025-04-22 01:25:05.589,
8853,2025-04-22 01:24:55.59037+00,7845,65.45,9237,2025-04-22 01:24:53.989,
8852,2025-04-22 01:24:44.000135+00,7411.25,65.58,9236,2025-04-22 01:24:42.409,
8851,2025-04-22 01:24:32.414164+00,7428.75,65.82,9235,2025-04-22 01:24:30.789,
8850,2025-04-22 01:24:20.791164+00,7996.25,65.7,9234,2025-04-22 01:24:19.209,
8849,2025-04-22 01:24:09.212726+00,7131.25,65.7,9233,2025-04-22 01:24:07.589,
8848,2025-04-22 01:23:57.595237+00,7118.75,65.45,9232,2025-04-22 01:23:55.899,
8847,2025-04-22 01:23:45.873824+00,7085,65.7,9231,2025-04-22 01:23:44.249,
8846,2025-04-22 01:23:34.256141+00,7746.25,65.58,9230,2025-04-22 01:23:32.619,
8845,2025-04-22 01:23:22.619652+00,7662.5,65.83,9229,2025-04-22 01:23:21.019,
8844,2025-04-22 01:23:11.021358+00,7961.25,65.58,9228,2025-04-22 01:23:09.249,
8843,2025-04-22 01:22:59.261092+00,7797.5,65.7,9227,2025-04-22 01:22:57.609,
8842,2025-04-22 01:22:47.617002+00,7788.75,65.45,9226,2025-04-22 01:22:45.999,
8841,2025-04-22 01:22:35.919454+00,7305,65.33,9225,2025-04-22 01:22:34.209,
8840,2025-04-22 01:22:24.213723+00,7058.75,65.33,9224,2025-04-22 01:22:22.619,
8839,2025-04-22 01:22:12.531227+00,7790,65.33,9223,2025-04-22 01:22:10.909,
8838,2025-04-22 01:22:00.910183+00,7178.75,65.58,9222,2025-04-22 01:21:59.230,
8837,2025-04-22 01:21:49.234583+00,7570,65.33,9221,2025-04-22 01:21:47.569,
8836,2025-04-22 01:21:37.575364+00,7548.75,65.33,9220,2025-04-22 01:21:35.874,
8835,2025-04-22 01:21:25.883112+00,7796.25,65.33,9219,2025-04-22 01:21:24.254,
8834,2025-04-22 01:21:14.262958+00,7478.75,65.45,9218,2025-04-22 01:21:12.219,
8833,2025-04-22 01:21:02.222868+00,6851.25,65.21,9217,2025-04-22 01:21:00.589,
8832,2025-04-22 01:20:50.58323+00,7323.75,65.58,9216,2025-04-22 01:20:48.889,
8831,2025-04-22 01:20:38.899429+00,7676.25,65.33,9215,2025-04-22 01:20:37.269,
8830,2025-04-22 01:20:27.275323+00,7755,65.58,9214,2025-04-22 01:20:25.699,
8829,2025-04-22 01:20:15.688181+00,6576.25,65.58,9213,2025-04-22 01:20:14.099,
8828,2025-04-22 01:20:04.104771+00,7791.25,65.33,9212,2025-04-22 01:20:02.469,
8827,2025-04-22 01:19:52.475266+00,7641.25,65.33,9211,2025-04-22 01:19:50.649,
8826,2025-04-22 01:19:40.59178+00,7735,65.21,9210,2025-04-22 01:19:38.709,
8825,2025-04-22 01:19:28.709844+00,7922.5,65.58,9209,2025-04-22 01:19:27.109,
8824,2025-04-22 01:19:17.111835+00,6531.25,65.45,9208,2025-04-22 01:19:15.479,
8823,2025-04-22 01:19:05.349576+00,6467.5,65.45,9207,2025-04-22 01:19:03.619,
8822,2025-04-22 01:18:53.574173+00,7877.5,65.45,9206,2025-04-22 01:18:49.829,
8821,2025-04-22 01:18:39.766683+00,7735,65.33,9205,2025-04-22 01:18:37.999,
8820,2025-04-22 01:18:28.007411+00,7950,65.09,9204,2025-04-22 01:18:26.249,
8819,2025-04-22 01:18:16.167057+00,7397.5,65.45,9203,2025-04-22 01:18:14.469,
8818,2025-04-22 01:18:04.470482+00,7945,65.45,9202,2025-04-22 01:18:02.879,
8817,2025-04-22 01:17:52.879504+00,7510,65.58,9201,2025-04-22 01:17:51.289,
8816,2025-04-22 01:17:41.286029+00,7292.5,65.58,9200,2025-04-22 01:17:39.649,
8815,2025-04-22 01:17:29.637754+00,7866.25,65.58,9199,2025-04-22 01:17:28.039,
8814,2025-04-22 01:17:18.040172+00,7981.25,65.58,9198,2025-04-22 01:17:16.409,
8813,2025-04-22 01:17:06.405441+00,7630,65.58,9197,2025-04-22 01:17:04.809,
8812,2025-04-22 01:16:54.813721+00,7467.5,65.7,9196,2025-04-22 01:16:53.219,
8811,2025-04-22 01:16:43.229092+00,8000,65.7,9195,2025-04-22 01:16:41.439,
8810,2025-04-22 01:16:31.442851+00,7598.75,65.7,9194,2025-04-22 01:16:29.839,
8809,2025-04-22 01:16:19.819714+00,8030,65.82,9193,2025-04-22 01:16:18.179,
8808,2025-04-22 01:16:08.190466+00,7995,65.58,9192,2025-04-22 01:16:06.579,
8807,2025-04-22 01:15:56.582883+00,7422.5,65.58,9191,2025-04-22 01:15:54.929,
8806,2025-04-22 01:15:44.919874+00,8017.5,65.82,9190,2025-04-22 01:15:43.289,
8805,2025-04-22 01:15:33.285723+00,7313.75,65.82,9189,2025-04-22 01:15:31.659,
8804,2025-04-22 01:15:21.667918+00,7611.25,65.82,9188,2025-04-22 01:15:20.049,
8803,2025-04-22 01:15:10.039634+00,7757.5,65.7,9187,2025-04-22 01:15:08.459,
8802,2025-04-22 01:14:58.466295+00,8023.75,65.82,9186,2025-04-22 01:14:56.769,
8801,2025-04-22 01:14:46.74481+00,8051.25,65.94,9185,2025-04-22 01:14:45.089,
8800,2025-04-22 01:14:35.089098+00,7873.75,65.94,9184,2025-04-22 01:14:33.439,
8799,2025-04-22 01:14:23.442471+00,7958.75,65.82,9183,2025-04-22 01:14:21.819,
8798,2025-04-22 01:14:11.820733+00,7061.25,65.94,9182,2025-04-22 01:14:10.219,
8797,2025-04-22 01:14:00.227721+00,8065,65.82,9181,2025-04-22 01:13:58.599,
8796,2025-04-22 01:13:48.59306+00,6921.25,65.7,9180,2025-04-22 01:13:46.979,
8795,2025-04-22 01:13:36.985359+00,7590,65.58,9179,2025-04-22 01:13:35.359,
8794,2025-04-22 01:13:25.361418+00,6703.75,65.82,9178,2025-04-22 01:13:23.749,
8793,2025-04-22 01:13:13.722688+00,7737.5,65.7,9177,2025-04-22 01:13:12.069,
8792,2025-04-22 01:13:02.059823+00,7423.75,65.7,9176,2025-04-22 01:13:00.409,
8791,2025-04-22 01:12:50.416652+00,7633.75,65.82,9175,2025-04-22 01:12:48.749,
8790,2025-04-22 01:12:38.752665+00,7157.5,65.7,9174,2025-04-22 01:12:37.149,
8789,2025-04-22 01:12:27.146421+00,6581.25,65.94,9173,2025-04-22 01:12:25.559,
8788,2025-04-22 01:12:15.548064+00,7556.25,65.82,9172,2025-04-22 01:12:13.919,
8787,2025-04-22 01:12:03.91483+00,8070,65.7,9171,2025-04-22 01:12:02.299,
8786,2025-04-22 01:11:52.297444+00,7367.5,65.58,9170,2025-04-22 01:11:50.709,
8785,2025-04-22 01:11:40.703357+00,7572.5,65.94,9169,2025-04-22 01:11:39.089,
8784,2025-04-22 01:11:29.099252+00,7562.5,65.82,9168,2025-04-22 01:11:27.459,
8783,2025-04-22 01:11:17.455308+00,7616.25,65.82,9167,2025-04-22 01:11:15.829,
8782,2025-04-22 01:11:05.809978+00,7627.5,65.7,9166,2025-04-22 01:11:04.179,
8781,2025-04-22 01:10:54.18076+00,7886.25,65.82,9165,2025-04-22 01:10:52.569,
8780,2025-04-22 01:10:42.568691+00,8005,65.58,9164,2025-04-22 01:10:40.969,
8779,2025-04-22 01:10:30.960252+00,7998.75,65.7,9163,2025-04-22 01:10:29.349,
8778,2025-04-22 01:10:19.354781+00,7971.25,65.94,9162,2025-04-22 01:10:17.699,
8777,2025-04-22 01:10:07.709486+00,7770,65.82,9161,2025-04-22 01:10:06.109,
8776,2025-04-22 01:09:56.109426+00,7268.75,65.7,9160,2025-04-22 01:09:54.459,
8775,2025-04-22 01:09:44.46126+00,8066.25,65.94,9159,2025-04-22 01:09:42.859,
8774,2025-04-22 01:09:32.862533+00,7145,65.58,9158,2025-04-22 01:09:31.219,
8773,2025-04-22 01:09:21.22406+00,7332.5,65.94,9157,2025-04-22 01:09:19.619,
8772,2025-04-22 01:09:09.592828+00,7103.75,65.7,9156,2025-04-22 01:09:07.969,
8771,2025-04-22 01:08:57.978402+00,7273.75,65.94,9155,2025-04-22 01:08:56.339,
8770,2025-04-22 01:08:46.33544+00,6783.75,65.82,9154,2025-04-22 01:08:44.699,
8769,2025-04-22 01:08:34.700469+00,7333.75,65.82,9153,2025-04-22 01:08:33.039,
8768,2025-04-22 01:08:23.040719+00,7247.5,65.7,9152,2025-04-22 01:08:21.449,
8767,2025-04-22 01:08:11.456032+00,7351.25,65.82,9151,2025-04-22 01:08:09.829,
8766,2025-04-22 01:07:59.836062+00,7380,65.7,9150,2025-04-22 01:07:58.159,
8765,2025-04-22 01:07:48.170997+00,8067.5,65.7,9149,2025-04-22 01:07:46.579,
8764,2025-04-22 01:07:36.577919+00,7572.5,65.94,9148,2025-04-22 01:07:34.899,
8763,2025-04-22 01:07:24.910492+00,6841.25,65.7,9147,2025-04-22 01:07:23.309,
8762,2025-04-22 01:07:13.317833+00,7402.5,65.7,9146,2025-04-22 01:07:11.719,
8761,2025-04-22 01:07:01.725773+00,7992.5,65.33,9145,2025-04-22 01:07:00.129,
8760,2025-04-22 01:06:50.119547+00,7040,65.7,9144,2025-04-22 01:06:48.499,
8759,2025-04-22 01:06:38.494122+00,7756.25,65.7,9143,2025-04-22 01:06:36.854,
8758,2025-04-22 01:06:26.839931+00,8037.5,65.7,9142,2025-04-22 01:06:24.839,
8757,2025-04-22 01:06:14.84084+00,7657.5,65.7,9141,2025-04-22 01:06:13.129,
8756,2025-04-22 01:06:03.135755+00,7573.75,65.7,9140,2025-04-22 01:06:01.449,
8755,2025-04-22 01:05:51.456174+00,7802.5,65.7,9139,2025-04-22 01:05:49.849,
8754,2025-04-22 01:05:39.860188+00,7872.5,65.58,9138,2025-04-22 01:05:38.249,
8753,2025-04-22 01:05:28.257797+00,8020,65.7,9137,2025-04-22 01:05:26.649,
8752,2025-04-22 01:05:16.654471+00,7587.5,65.94,9136,2025-04-22 01:05:15.029,
8751,2025-04-22 01:05:05.027013+00,7103.75,65.58,9135,2025-04-22 01:05:03.399,
8750,2025-04-22 01:04:53.405639+00,7635,65.82,9134,2025-04-22 01:04:51.759,
8749,2025-04-22 01:04:41.770897+00,7653.75,65.7,9133,2025-04-22 01:04:40.129,
8748,2025-04-22 01:04:30.131742+00,6360,65.7,9132,2025-04-22 01:04:28.399,
8747,2025-04-22 01:04:18.408056+00,8071.25,65.58,9131,2025-04-22 01:04:16.789,
8746,2025-04-22 01:04:06.796505+00,7971.25,65.7,9130,2025-04-22 01:04:05.159,
8745,2025-04-22 01:03:55.149989+00,8055,65.7,9129,2025-04-22 01:03:53.559,
8744,2025-04-22 01:03:43.556196+00,7361.25,65.82,9128,2025-04-22 01:03:41.949,
8743,2025-04-22 01:03:31.961461+00,8018.75,65.7,9127,2025-04-22 01:03:30.329,
8742,2025-04-22 01:03:20.332596+00,7843.75,65.7,9126,2025-04-22 01:03:18.669,
8741,2025-04-22 01:03:08.660542+00,7767.5,65.7,9125,2025-04-22 01:03:06.969,
8740,2025-04-22 01:02:56.974316+00,7783.75,65.82,9124,2025-04-22 01:02:55.349,
8739,2025-04-22 01:02:45.344254+00,7061.25,65.58,9123,2025-04-22 01:02:43.599,
8738,2025-04-22 01:02:33.605242+00,7692.5,65.82,9122,2025-04-22 01:02:31.989,
8737,2025-04-22 01:02:21.991986+00,7676.25,65.82,9121,2025-04-22 01:02:20.389,
8736,2025-04-22 01:02:10.386402+00,7343.75,65.82,9120,2025-04-22 01:02:08.759,
8735,2025-04-22 01:01:58.770929+00,7855,65.82,9119,2025-04-22 01:01:57.149,
8734,2025-04-22 01:01:47.15189+00,7520,65.82,9118,2025-04-22 01:01:45.539,
8733,2025-04-22 01:01:35.544303+00,6993.75,65.82,9117,2025-04-22 01:01:33.889,
8732,2025-04-22 01:01:23.872043+00,7531.25,65.94,9116,2025-04-22 01:01:22.219,
8731,2025-04-22 01:01:12.230345+00,7535,65.7,9115,2025-04-22 01:01:10.629,
8730,2025-04-22 01:01:00.640978+00,7431.25,66.06,9114,2025-04-22 01:00:58.919,
8729,2025-04-22 01:00:48.924606+00,7325,65.82,9113,2025-04-22 01:00:47.329,
8728,2025-04-22 01:00:37.328018+00,7747.5,65.7,9112,2025-04-22 01:00:35.729,
8727,2025-04-22 01:00:25.736943+00,7895,65.82,9111,2025-04-22 01:00:24.119,
8726,2025-04-22 01:00:14.105655+00,6823.75,65.7,9110,2025-04-22 01:00:12.499,
8725,2025-04-22 01:00:02.49521+00,7393.75,65.7,9109,2025-04-22 01:00:00.860,
8724,2025-04-22 00:59:50.857022+00,7646.25,65.82,9108,2025-04-22 00:59:49.244,
8723,2025-04-22 00:59:39.255355+00,7951.25,65.94,9107,2025-04-22 00:59:36.599,
8722,2025-04-22 00:59:26.602988+00,6625,65.82,9106,2025-04-22 00:59:24.989,
8721,2025-04-22 00:59:14.987784+00,7870,65.82,9105,2025-04-22 00:59:13.239,
8720,2025-04-22 00:59:02.985223+00,7815,65.7,9104,2025-04-22 00:59:01.319,
8719,2025-04-22 00:58:51.322587+00,6477.5,65.71,9103,2025-04-22 00:58:49.662,
8718,2025-04-22 00:58:39.653979+00,7727.5,65.7,9102,2025-04-22 00:58:38.079,
8717,2025-04-22 00:58:28.067109+00,7893.75,65.7,9101,2025-04-22 00:58:26.304,
8716,2025-04-22 00:58:16.319168+00,7441.25,65.7,9100,2025-04-22 00:58:14.654,
8715,2025-04-22 00:58:04.642164+00,7122.5,65.58,9099,2025-04-22 00:58:02.649,
8714,2025-04-22 00:57:52.63697+00,7541.25,65.58,9098,2025-04-22 00:57:51.039,
8713,2025-04-22 00:57:41.040968+00,7967.5,65.7,9097,2025-04-22 00:57:39.409,
8712,2025-04-22 00:57:29.403729+00,7853.75,65.58,9096,2025-04-22 00:57:27.709,
8711,2025-04-22 00:57:17.699718+00,7887.5,65.58,9095,2025-04-22 00:57:16.069,
8710,2025-04-22 00:57:06.065772+00,7883.75,65.58,9094,2025-04-22 00:57:04.439,
8709,2025-04-22 00:56:54.448282+00,7816.25,65.82,9093,2025-04-22 00:56:52.809,
8708,2025-04-22 00:56:42.813618+00,7075,65.7,9092,2025-04-22 00:56:41.199,
8707,2025-04-22 00:56:31.207044+00,7675,65.7,9091,2025-04-22 00:56:29.619,
8706,2025-04-22 00:56:19.626311+00,7687.5,65.82,9090,2025-04-22 00:56:17.899,
8705,2025-04-22 00:56:07.901107+00,7423.75,65.7,9089,2025-04-22 00:56:06.239,
8704,2025-04-22 00:55:56.231675+00,7408.75,65.7,9088,2025-04-22 00:55:54.449,
8703,2025-04-22 00:55:44.454447+00,7468.75,65.82,9087,2025-04-22 00:55:42.729,
8702,2025-04-22 00:55:32.734912+00,7820,65.82,9086,2025-04-22 00:55:31.129,
8701,2025-04-22 00:55:21.134212+00,7918.75,65.7,9085,2025-04-22 00:55:19.539,
8700,2025-04-22 00:55:09.538995+00,7290,65.7,9084,2025-04-22 00:55:07.899,
8699,2025-04-22 00:54:57.891604+00,6358.75,65.45,9083,2025-04-22 00:54:56.239,
8698,2025-04-22 00:54:46.240491+00,7348.75,65.7,9082,2025-04-22 00:54:44.549,
8697,2025-04-22 00:54:34.551818+00,8010,65.58,9081,2025-04-22 00:54:32.869,
8696,2025-04-22 00:54:22.868512+00,7808.75,65.58,9080,2025-04-22 00:54:21.269,
8695,2025-04-22 00:54:11.268336+00,7998.75,65.82,9079,2025-04-22 00:54:09.689,
8694,2025-04-22 00:53:59.692872+00,7876.25,65.7,9078,2025-04-22 00:53:57.989,
8693,2025-04-22 00:53:47.997473+00,7783.75,65.45,9077,2025-04-22 00:53:46.409,
8692,2025-04-22 00:53:36.418141+00,7270,65.33,9076,2025-04-22 00:53:34.829,
8691,2025-04-22 00:53:24.831331+00,7967.5,65.7,9075,2025-04-22 00:53:23.179,
8690,2025-04-22 00:53:13.17945+00,7220,65.7,9074,2025-04-22 00:53:11.529,
8689,2025-04-22 00:53:01.530984+00,6858.75,65.58,9073,2025-04-22 00:52:59.919,
8688,2025-04-22 00:52:49.923033+00,7405,65.58,9072,2025-04-22 00:52:48.349,
8687,2025-04-22 00:52:38.345263+00,7863.75,65.58,9071,2025-04-22 00:52:36.729,
8686,2025-04-22 00:52:26.733151+00,6876.25,65.45,9070,2025-04-22 00:52:25.119,
8685,2025-04-22 00:52:15.116297+00,7806.25,65.58,9069,2025-04-22 00:52:13.409,
8684,2025-04-22 00:52:03.406399+00,7612.5,65.7,9068,2025-04-22 00:52:01.789,
8683,2025-04-22 00:51:51.792704+00,7178.75,65.58,9067,2025-04-22 00:51:50.209,
8682,2025-04-22 00:51:40.209592+00,7667.5,65.45,9066,2025-04-22 00:51:38.569,
8681,2025-04-22 00:51:28.575889+00,7473.75,65.58,9065,2025-04-22 00:51:26.979,
8680,2025-04-22 00:51:16.975716+00,7768.75,65.82,9064,2025-04-22 00:51:15.339,
8679,2025-04-22 00:51:05.329666+00,7746.25,65.82,9063,2025-04-22 00:51:03.649,
8678,2025-04-22 00:50:53.655927+00,7546.25,65.7,9062,2025-04-22 00:50:52.029,
8677,2025-04-22 00:50:42.031776+00,7841.25,65.82,9061,2025-04-22 00:50:40.369,
8676,2025-04-22 00:50:30.369918+00,7742.5,65.45,9060,2025-04-22 00:50:28.659,
8675,2025-04-22 00:50:18.66636+00,7870,65.7,9059,2025-04-22 00:50:17.049,
8674,2025-04-22 00:50:07.046228+00,7683.75,65.33,9058,2025-04-22 00:50:05.449,
8673,2025-04-22 00:49:55.450246+00,6595,65.58,9057,2025-04-22 00:49:53.849,
8672,2025-04-22 00:49:43.836716+00,7767.5,65.82,9056,2025-04-22 00:49:42.219,
8671,2025-04-22 00:49:32.216539+00,7157.5,65.7,9055,2025-04-22 00:49:30.549,
8670,2025-04-22 00:49:20.556934+00,6793.75,65.7,9054,2025-04-22 00:49:18.959,
8669,2025-04-22 00:49:08.959015+00,7095,65.82,9053,2025-04-22 00:49:07.309,
8668,2025-04-22 00:48:57.30699+00,7282.5,65.82,9052,2025-04-22 00:48:55.669,
8667,2025-04-22 00:48:45.669015+00,7893.75,65.7,9051,2025-04-22 00:48:43.979,
8666,2025-04-22 00:48:33.978282+00,7640,65.94,9050,2025-04-22 00:48:32.389,
8665,2025-04-22 00:48:22.396999+00,7493.75,65.7,9049,2025-04-22 00:48:20.799,
8664,2025-04-22 00:48:10.800509+00,7275,65.94,9048,2025-04-22 00:48:09.209,
8663,2025-04-22 00:47:59.21418+00,7940,65.82,9047,2025-04-22 00:47:57.589,
8662,2025-04-22 00:47:47.565093+00,7543.75,65.82,9046,2025-04-22 00:47:45.939,
8661,2025-04-22 00:47:35.935452+00,7460,65.7,9045,2025-04-22 00:47:34.339,
8660,2025-04-22 00:47:24.342957+00,7946.25,65.7,9044,2025-04-22 00:47:22.739,
8659,2025-04-22 00:47:12.742797+00,7171.25,65.82,9043,2025-04-22 00:47:11.069,
8658,2025-04-22 00:47:01.068178+00,7148.75,65.82,9042,2025-04-22 00:46:59.329,
8657,2025-04-22 00:46:49.330823+00,7656.25,65.82,9041,2025-04-22 00:46:47.769,
8656,2025-04-22 00:46:37.762288+00,7937.5,65.82,9040,2025-04-22 00:46:36.169,
8655,2025-04-22 00:46:26.170196+00,7196.25,65.82,9039,2025-04-22 00:46:24.549,
8654,2025-04-22 00:46:14.550073+00,7501.25,65.82,9038,2025-04-22 00:46:12.959,
8653,2025-04-22 00:46:02.935058+00,7488.75,65.94,9037,2025-04-22 00:46:01.260,
8652,2025-04-22 00:45:51.257468+00,7711.25,65.82,9036,2025-04-22 00:45:49.649,
8651,2025-04-22 00:45:39.654125+00,7981.25,65.82,9035,2025-04-22 00:45:38.069,
8650,2025-04-22 00:45:28.071117+00,6422.5,65.82,9034,2025-04-22 00:45:26.469,
8649,2025-04-22 00:45:16.469703+00,7840,65.82,9033,2025-04-22 00:45:14.709,
8648,2025-04-22 00:45:04.711245+00,6553.75,65.58,9032,2025-04-22 00:45:03.099,
8647,2025-04-22 00:44:53.094957+00,7936.25,65.45,9031,2025-04-22 00:44:51.509,
8646,2025-04-22 00:44:41.490148+00,7807.5,65.58,9030,2025-04-22 00:44:39.859,
8645,2025-04-22 00:44:29.862257+00,7585,65.45,9029,2025-04-22 00:44:28.139,
8644,2025-04-22 00:44:18.136087+00,7167.5,65.7,9028,2025-04-22 00:44:16.550,
8643,2025-04-22 00:44:06.52942+00,7647.5,65.94,9027,2025-04-22 00:44:04.729,
8642,2025-04-22 00:43:54.724686+00,7182.5,66.06,9026,2025-04-22 00:43:53.109,
8641,2025-04-22 00:43:43.112438+00,7892.5,65.82,9025,2025-04-22 00:43:41.539,
8640,2025-04-22 00:43:31.511456+00,7030,65.7,9024,2025-04-22 00:43:29.899,
8639,2025-04-22 00:43:19.900198+00,6611.25,65.82,9023,2025-04-22 00:43:18.299,
8638,2025-04-22 00:43:08.290253+00,7375,65.58,9022,2025-04-22 00:43:06.669,
8637,2025-04-22 00:42:56.668412+00,7627.5,65.7,9021,2025-04-22 00:42:55.069,
8636,2025-04-22 00:42:45.064614+00,6436.25,65.82,9020,2025-04-22 00:42:43.419,
8635,2025-04-22 00:42:33.421342+00,7277.5,65.7,9019,2025-04-22 00:42:31.819,
8634,2025-04-22 00:42:21.82019+00,6768.75,65.7,9018,2025-04-22 00:42:20.109,
8633,2025-04-22 00:42:10.054382+00,7457.5,65.58,9017,2025-04-22 00:42:08.429,
8632,2025-04-22 00:41:58.428598+00,7386.25,65.7,9016,2025-04-22 00:41:55.209,
8631,2025-04-22 00:41:45.206429+00,8002.5,65.82,9015,2025-04-22 00:41:43.609,
8630,2025-04-22 00:41:33.610793+00,7371.25,65.94,9014,2025-04-22 00:41:31.959,
8629,2025-04-22 00:41:21.953579+00,7726.25,65.58,9013,2025-04-22 00:41:20.329,
8628,2025-04-22 00:41:10.325556+00,6893.75,65.7,9012,2025-04-22 00:41:07.109,
8627,2025-04-22 00:40:57.110393+00,7505,65.82,9011,2025-04-22 00:40:55.499,
8626,2025-04-22 00:40:45.499563+00,7693.75,65.82,9010,2025-04-22 00:40:43.909,
8625,2025-04-22 00:40:33.879082+00,7217.5,65.82,9009,2025-04-22 00:40:32.259,
8624,2025-04-22 00:40:22.260473+00,8068.75,65.7,9008,2025-04-22 00:40:20.639,
8623,2025-04-22 00:40:10.638425+00,7175,65.82,9007,2025-04-22 00:40:09.000,
8622,2025-04-22 00:39:58.995904+00,7032.5,65.7,9006,2025-04-22 00:39:57.299,
8621,2025-04-22 00:39:47.304532+00,7767.5,65.58,9005,2025-04-22 00:39:45.689,
8620,2025-04-22 00:39:35.701254+00,6593.75,65.7,9004,2025-04-22 00:39:34.089,
8619,2025-04-22 00:39:24.077612+00,7622.5,65.58,9003,2025-04-22 00:39:22.349,
8618,2025-04-22 00:39:12.354851+00,7182.5,65.7,9002,2025-04-22 00:39:10.740,
8617,2025-04-22 00:39:00.720074+00,7110,65.58,9001,2025-04-22 00:38:59.020,
8616,2025-04-22 00:38:49.028146+00,7220,65.7,9000,2025-04-22 00:38:47.439,
8615,2025-04-22 00:38:37.438563+00,7823.75,65.7,8999,2025-04-22 00:38:35.769,
8614,2025-04-22 00:38:25.786658+00,7182.5,65.58,8998,2025-04-22 00:38:24.170,
8613,2025-04-22 00:38:14.169471+00,7832.5,65.58,8997,2025-04-22 00:38:12.559,
8612,2025-04-22 00:38:02.563443+00,7782.5,65.58,8996,2025-04-22 00:38:00.930,
8611,2025-04-22 00:37:50.68474+00,7040,65.7,8995,2025-04-22 00:37:48.999,
8610,2025-04-22 00:37:38.999491+00,7787.5,65.7,8994,2025-04-22 00:37:37.389,
8609,2025-04-22 00:37:27.399192+00,7295,65.7,8993,2025-04-22 00:37:25.809,
8608,2025-04-22 00:37:15.80874+00,7145,65.45,8992,2025-04-22 00:37:14.089,
8607,2025-04-22 00:37:04.09434+00,7600,65.45,8991,2025-04-22 00:37:02.510,
8606,2025-04-22 00:36:52.519748+00,7676.25,65.45,8990,2025-04-22 00:36:50.919,
8605,2025-04-22 00:36:40.930645+00,7901.25,65.7,8989,2025-04-22 00:36:39.304,
8604,2025-04-22 00:36:29.323209+00,7332.5,65.58,8988,2025-04-22 00:36:26.419,
8603,2025-04-22 00:36:16.407279+00,7347.5,65.33,8987,2025-04-22 00:36:14.780,
8602,2025-04-22 00:36:04.786548+00,7611.25,65.47,8986,2025-04-22 00:36:03.019,
8601,2025-04-22 00:35:53.007182+00,7547.5,65.33,8985,2025-04-22 00:35:51.379,
8600,2025-04-22 00:35:41.384606+00,7056.25,65.45,8984,2025-04-22 00:35:39.580,
8599,2025-04-22 00:35:29.575486+00,7961.25,65.45,8983,2025-04-22 00:35:27.959,
8598,2025-04-22 00:35:17.970107+00,7491.25,65.58,8982,2025-04-22 00:35:16.329,
8597,2025-04-22 00:35:06.317548+00,7142.5,65.45,8981,2025-04-22 00:35:04.719,
8596,2025-04-22 00:34:54.733438+00,7196.25,65.45,8980,2025-04-22 00:34:53.139,
8595,2025-04-22 00:34:43.14656+00,7605,65.33,8979,2025-04-22 00:34:41.500,
8594,2025-04-22 00:34:31.498747+00,7246.25,65.33,8978,2025-04-22 00:34:29.842,
8593,2025-04-22 00:34:19.688098+00,7146.25,65.45,8977,2025-04-22 00:34:18.049,
8592,2025-04-22 00:34:08.047231+00,7607.5,65.45,8976,2025-04-22 00:34:06.449,
8591,2025-04-22 00:33:56.408796+00,7417.5,65.58,8975,2025-04-22 00:33:54.800,
8590,2025-04-22 00:33:44.796141+00,7223.75,65.58,8974,2025-04-22 00:33:43.159,
8589,2025-04-22 00:33:33.173905+00,6561.25,65.7,8973,2025-04-22 00:33:31.540,
8588,2025-04-22 00:33:21.553685+00,7737.5,65.7,8972,2025-04-22 00:33:19.959,
8587,2025-04-22 00:33:09.967067+00,7597.5,65.7,8971,2025-04-22 00:33:08.339,
8586,2025-04-22 00:32:58.353103+00,7255,65.58,8970,2025-04-22 00:32:56.740,
8585,2025-04-22 00:32:46.743253+00,7400,65.58,8969,2025-04-22 00:32:44.969,
8584,2025-04-22 00:32:34.97522+00,7637.5,65.33,8968,2025-04-22 00:32:33.364,
8583,2025-04-22 00:32:23.375876+00,7467.5,65.58,8967,2025-04-22 00:32:20.559,
8582,2025-04-22 00:32:10.572998+00,7516.25,65.21,8966,2025-04-22 00:32:08.949,
8581,2025-04-22 00:31:58.958473+00,8075,65.33,8965,2025-04-22 00:31:57.329,
8580,2025-04-22 00:31:47.342882+00,7353.75,65.45,8964,2025-04-22 00:31:45.700,
8579,2025-04-22 00:31:35.708627+00,7413.75,65.45,8963,2025-04-22 00:31:34.060,
8578,2025-04-22 00:31:24.063862+00,6986.25,65.45,8962,2025-04-22 00:31:22.344,
8577,2025-04-22 00:31:12.357513+00,6742.5,65.33,8961,2025-04-22 00:31:09.439,
8576,2025-04-22 00:30:59.452339+00,7721.25,65.58,8960,2025-04-22 00:30:57.869,
8575,2025-04-22 00:30:47.866629+00,7703.75,65.33,8959,2025-04-22 00:30:44.759,
8574,2025-04-22 00:30:34.774204+00,6943.75,65.58,8958,2025-04-22 00:30:33.149,
8573,2025-04-22 00:30:23.158647+00,7516.25,65.45,8957,2025-04-22 00:30:21.560,
8572,2025-04-22 00:30:11.559942+00,7521.25,65.58,8956,2025-04-22 00:30:09.549,
8571,2025-04-22 00:29:59.555511+00,7417.5,65.58,8955,2025-04-22 00:29:57.909,
8570,2025-04-22 00:29:47.903045+00,7865,65.58,8954,2025-04-22 00:29:44.290,
8569,2025-04-22 00:29:34.292984+00,7593.75,65.45,8953,2025-04-22 00:29:32.419,
8568,2025-04-22 00:29:22.409497+00,8025,65.45,8952,2025-04-22 00:29:20.794,
8567,2025-04-22 00:29:10.807393+00,7786.25,65.7,8951,2025-04-22 00:29:08.994,
8566,2025-04-22 00:28:59.013499+00,8027.5,65.58,8950,2025-04-22 00:28:56.799,
8565,2025-04-22 00:28:46.807937+00,7206.25,65.82,8949,2025-04-22 00:28:45.219,
8564,2025-04-22 00:28:35.2255+00,7980,65.7,8948,2025-04-22 00:28:33.629,
8563,2025-04-22 00:28:23.629577+00,7856.25,65.7,8947,2025-04-22 00:28:21.839,
8562,2025-04-22 00:28:11.850636+00,7478.75,65.82,8946,2025-04-22 00:28:08.924,
8561,2025-04-22 00:27:58.929602+00,7531.25,65.7,8945,2025-04-22 00:27:54.900,
8560,2025-04-22 00:27:44.912549+00,7126.25,65.7,8944,2025-04-22 00:27:43.309,
8559,2025-04-22 00:27:33.32142+00,7672.5,65.58,8943,2025-04-22 00:27:31.639,
8558,2025-04-22 00:27:21.632312+00,7142.5,65.58,8942,2025-04-22 00:27:19.980,
8557,2025-04-22 00:27:09.984281+00,6717.5,65.45,8941,2025-04-22 00:27:08.154,
8556,2025-04-22 00:26:58.168426+00,7463.75,65.33,8940,2025-04-22 00:26:56.534,
8555,2025-04-22 00:26:46.420176+00,7088.75,65.33,8939,2025-04-22 00:26:44.509,
8554,2025-04-22 00:26:34.514554+00,7756.25,65.7,8938,2025-04-22 00:26:32.869,
8553,2025-04-22 00:26:22.881545+00,7505,65.45,8937,2025-04-22 00:26:21.289,
8552,2025-04-22 00:26:11.273438+00,7732.5,65.7,8936,2025-04-22 00:26:09.619,
8551,2025-04-22 00:25:59.625261+00,7191.25,65.7,8935,2025-04-22 00:25:58.029,
8550,2025-04-22 00:25:48.034776+00,7702.5,65.82,8934,2025-04-22 00:25:46.429,
8549,2025-04-22 00:25:36.39287+00,7593.75,65.45,8933,2025-04-22 00:25:34.809,
8548,2025-04-22 00:25:24.610073+00,7670,65.45,8932,2025-04-22 00:25:22.979,
8547,2025-04-22 00:25:12.98833+00,7423.75,65.58,8931,2025-04-22 00:25:11.379,
8546,2025-04-22 00:25:01.385412+00,7776.25,65.7,8930,2025-04-22 00:24:59.799,
8545,2025-04-22 00:24:49.800132+00,7951.25,65.82,8929,2025-04-22 00:24:48.169,
8544,2025-04-22 00:24:38.144529+00,7390,65.82,8928,2025-04-22 00:24:36.539,
8543,2025-04-22 00:24:26.545324+00,7210,65.58,8927,2025-04-22 00:24:24.919,
8542,2025-04-22 00:24:14.922458+00,7458.75,65.7,8926,2025-04-22 00:24:13.309,
8541,2025-04-22 00:24:03.310923+00,7567.5,65.7,8925,2025-04-22 00:24:01.719,
8540,2025-04-22 00:23:51.711703+00,7570,65.7,8924,2025-04-22 00:23:50.069,
8539,2025-04-22 00:23:40.064492+00,6976.25,65.82,8923,2025-04-22 00:23:38.304,
8538,2025-04-22 00:23:28.306244+00,7795,65.82,8922,2025-04-22 00:23:25.639,
8537,2025-04-22 00:23:15.598836+00,7586.25,65.58,8921,2025-04-22 00:23:13.959,
8536,2025-04-22 00:23:03.964992+00,7883.75,65.94,8920,2025-04-22 00:23:02.339,
8535,2025-04-22 00:22:52.335265+00,7707.5,65.7,8919,2025-04-22 00:22:50.709,
8534,2025-04-22 00:22:40.716738+00,7673.75,65.82,8918,2025-04-22 00:22:39.029,
8533,2025-04-22 00:22:28.721655+00,7361.25,65.7,8917,2025-04-22 00:22:25.769,
8532,2025-04-22 00:22:15.780043+00,7235,65.82,8916,2025-04-22 00:22:14.179,
8531,2025-04-22 00:22:04.184523+00,7440,65.82,8915,2025-04-22 00:22:02.589,
8530,2025-04-22 00:21:52.600572+00,7676.25,65.7,8914,2025-04-22 00:21:50.994,
8529,2025-04-22 00:21:40.993203+00,7525,65.94,8913,2025-04-22 00:21:39.254,
8528,2025-04-22 00:21:29.265093+00,7347.5,65.58,8912,2025-04-22 00:21:27.009,
8527,2025-04-22 00:21:16.775513+00,7766.25,65.7,8911,2025-04-22 00:21:14.774,
8526,2025-04-22 00:21:04.785212+00,7753.75,65.58,8910,2025-04-22 00:21:02.313,
8525,2025-04-22 00:20:52.311922+00,7542.5,65.7,8909,2025-04-22 00:20:50.699,
8524,2025-04-22 00:20:40.707447+00,7885,65.45,8908,2025-04-22 00:20:38.844,
8523,2025-04-22 00:20:28.846029+00,7372.5,65.58,8907,2025-04-22 00:20:26.659,
8522,2025-04-22 00:20:16.663519+00,7461.25,65.7,8906,2025-04-22 00:20:15.019,
8521,2025-04-22 00:20:05.00505+00,7296.25,65.58,8905,2025-04-22 00:20:03.209,
8520,2025-04-22 00:19:53.202439+00,7256.25,65.94,8904,2025-04-22 00:19:51.419,
8519,2025-04-22 00:19:41.417097+00,7442.5,65.94,8903,2025-04-22 00:19:39.569,
8518,2025-04-22 00:19:29.401224+00,7381.25,65.94,8902,2025-04-22 00:19:27.719,
8517,2025-04-22 00:19:17.73009+00,7202.5,65.94,8901,2025-04-22 00:19:16.109,
8516,2025-04-22 00:19:06.103686+00,7388.75,65.7,8900,2025-04-22 00:19:04.489,
8515,2025-04-22 00:18:54.492553+00,7285,65.7,8899,2025-04-22 00:18:52.879,
8514,2025-04-22 00:18:42.866315+00,7925,65.82,8898,2025-04-22 00:18:41.289,
8513,2025-04-22 00:18:31.284556+00,7260,65.82,8897,2025-04-22 00:18:29.689,
8512,2025-04-22 00:18:19.67122+00,7493.75,65.94,8896,2025-04-22 00:18:18.079,
8511,2025-04-22 00:18:08.083745+00,7086.25,65.82,8895,2025-04-22 00:18:06.429,
8510,2025-04-22 00:17:56.43622+00,7608.75,65.82,8894,2025-04-22 00:17:54.819,
8509,2025-04-22 00:17:44.808891+00,7853.75,65.82,8893,2025-04-22 00:17:43.199,
8508,2025-04-22 00:17:33.207951+00,7515,65.94,8892,2025-04-22 00:17:31.574,
8507,2025-04-22 00:17:21.501642+00,7587.5,65.82,8891,2025-04-22 00:17:18.879,
8506,2025-04-22 00:17:08.883253+00,7861.25,65.7,8890,2025-04-22 00:17:07.249,
8505,2025-04-22 00:16:57.251715+00,7391.25,65.7,8889,2025-04-22 00:16:55.639,
8504,2025-04-22 00:16:45.631942+00,7731.25,65.58,8888,2025-04-22 00:16:43.939,
8503,2025-04-22 00:16:33.935924+00,7311.25,65.82,8887,2025-04-22 00:16:32.309,
8502,2025-04-22 00:16:22.273033+00,7350,65.58,8886,2025-04-22 00:16:20.299,
8501,2025-04-22 00:16:10.298715+00,7432.5,65.82,8885,2025-04-22 00:16:08.649,
8500,2025-04-22 00:15:58.608505+00,7882.5,65.7,8884,2025-04-22 00:15:56.779,
8499,2025-04-22 00:15:46.785606+00,7411.25,65.94,8883,2025-04-22 00:15:45.179,
8498,2025-04-22 00:15:35.178801+00,7321.25,65.82,8882,2025-04-22 00:15:33.379,
8497,2025-04-22 00:15:23.383684+00,7907.5,65.7,8881,2025-04-22 00:15:21.399,
8496,2025-04-22 00:15:11.396972+00,7541.25,65.94,8880,2025-04-22 00:15:09.809,
8495,2025-04-22 00:14:59.812928+00,7097.5,65.7,8879,2025-04-22 00:14:58.159,
8494,2025-04-22 00:14:48.164013+00,7805,65.45,8878,2025-04-22 00:14:46.519,
8493,2025-04-22 00:14:36.526393+00,7193.75,65.45,8877,2025-04-22 00:14:34.919,
8492,2025-04-22 00:14:24.920973+00,7597.5,65.94,8876,2025-04-22 00:14:23.289,
8491,2025-04-22 00:14:13.270451+00,7602.5,65.7,8875,2025-04-22 00:14:11.589,
8490,2025-04-22 00:14:01.584981+00,7528.75,65.58,8874,2025-04-22 00:13:59.909,
8489,2025-04-22 00:13:49.917087+00,7590,65.94,8873,2025-04-22 00:13:48.309,
8488,2025-04-22 00:13:38.319799+00,7311.25,65.94,8872,2025-04-22 00:13:36.729,
8487,2025-04-22 00:13:26.715538+00,7352.5,65.7,8871,2025-04-22 00:13:25.009,
8486,2025-04-22 00:13:15.014982+00,7522.5,65.94,8870,2025-04-22 00:13:13.429,
8485,2025-04-22 00:13:03.435689+00,7263.75,65.94,8869,2025-04-22 00:13:01.819,
8484,2025-04-22 00:12:51.814901+00,7601.25,65.82,8868,2025-04-22 00:12:50.209,
8483,2025-04-22 00:12:40.179928+00,7491.25,65.7,8867,2025-04-22 00:12:38.489,
8482,2025-04-22 00:12:28.473937+00,7282.5,65.7,8866,2025-04-22 00:12:26.889,
8481,2025-04-22 00:12:16.89957+00,7476.25,65.45,8865,2025-04-22 00:12:15.289,
8480,2025-04-22 00:12:05.290079+00,7547.5,65.7,8864,2025-04-22 00:12:03.709,
8479,2025-04-22 00:11:53.709359+00,7703.75,65.58,8863,2025-04-22 00:11:52.093,
8478,2025-04-22 00:11:42.088488+00,7611.25,65.7,8862,2025-04-22 00:11:40.359,
8477,2025-04-22 00:11:30.35722+00,7496.25,65.82,8861,2025-04-22 00:11:28.689,
8476,2025-04-22 00:11:18.673589+00,7443.75,65.7,8860,2025-04-22 00:11:17.060,
8475,2025-04-22 00:11:07.029107+00,7088.75,65.82,8859,2025-04-22 00:11:05.199,
8474,2025-04-22 00:10:55.202178+00,7601.25,65.7,8858,2025-04-22 00:10:53.559,
8473,2025-04-22 00:10:43.557714+00,6818.75,65.82,8857,2025-04-22 00:10:41.859,
8472,2025-04-22 00:10:31.843055+00,7888.75,65.94,8856,2025-04-22 00:10:30.259,
8471,2025-04-22 00:10:20.267755+00,7303.75,65.7,8855,2025-04-22 00:10:18.699,
8470,2025-04-22 00:10:08.698875+00,7776.25,66.06,8854,2025-04-22 00:10:07.093,
8469,2025-04-22 00:09:57.092855+00,7358.75,66.06,8853,2025-04-22 00:09:55.379,
8468,2025-04-22 00:09:45.388832+00,7710,66.18,8852,2025-04-22 00:09:43.759,
8467,2025-04-22 00:09:33.75912+00,7547.5,66.18,8851,2025-04-22 00:09:32.129,
8466,2025-04-22 00:09:22.134614+00,7668.75,66.55,8850,2025-04-22 00:09:20.549,
8465,2025-04-22 00:09:10.544692+00,7843.75,65.82,8849,2025-04-22 00:09:08.849,
8464,2025-04-22 00:08:58.828625+00,7590,66.06,8848,2025-04-22 00:08:57.229,
8463,2025-04-22 00:08:47.231033+00,7086.25,66.06,8847,2025-04-22 00:08:45.609,
8462,2025-04-22 00:08:35.616325+00,8052.5,66.06,8846,2025-04-22 00:08:34.009,
8461,2025-04-22 00:08:24.006247+00,7547.5,66.06,8845,2025-04-22 00:08:22.379,
8460,2025-04-22 00:08:12.386933+00,7177.5,66.06,8844,2025-04-22 00:08:10.519,
8459,2025-04-22 00:08:00.524809+00,7546.25,66.06,8843,2025-04-22 00:07:58.939,
8458,2025-04-22 00:07:48.935844+00,7501.25,66.06,8842,2025-04-22 00:07:47.329,
8457,2025-04-22 00:07:37.332259+00,7455,65.94,8841,2025-04-22 00:07:35.679,
8456,2025-04-22 00:07:25.683056+00,7180,66.06,8840,2025-04-22 00:07:24.089,
8455,2025-04-22 00:07:14.071891+00,7831.25,65.94,8839,2025-04-22 00:07:12.439,
8454,2025-04-22 00:07:02.434533+00,7471.25,66.06,8838,2025-04-22 00:07:00.829,
8453,2025-04-22 00:06:50.831556+00,7702.5,66.06,8837,2025-04-22 00:06:49.219,
8452,2025-04-22 00:06:39.186364+00,7490,65.82,8836,2025-04-22 00:06:36.129,
8451,2025-04-22 00:06:26.131816+00,7482.5,65.94,8835,2025-04-22 00:06:24.429,
8450,2025-04-22 00:06:14.426422+00,7665,65.82,8834,2025-04-22 00:06:12.829,
8449,2025-04-22 00:06:02.821647+00,7758.75,65.82,8833,2025-04-22 00:06:01.209,
8448,2025-04-22 00:05:51.213748+00,7816.25,65.82,8832,2025-04-22 00:05:49.619,
8447,2025-04-22 00:05:39.622918+00,7612.5,65.94,8831,2025-04-22 00:05:37.639,
8446,2025-04-22 00:05:27.640358+00,7620,65.82,8830,2025-04-22 00:05:26.049,
8445,2025-04-22 00:05:16.054062+00,7536.25,65.94,8829,2025-04-22 00:05:14.469,
8444,2025-04-22 00:05:04.47564+00,7780,65.82,8828,2025-04-22 00:05:02.879,
8443,2025-04-22 00:04:52.879832+00,7022.5,65.7,8827,2025-04-22 00:04:51.309,
8442,2025-04-22 00:04:41.28642+00,7450,65.82,8826,2025-04-22 00:04:39.709,
8441,2025-04-22 00:04:29.706966+00,8012.5,65.7,8825,2025-04-22 00:04:28.129,
8440,2025-04-22 00:04:18.136624+00,8062.5,65.45,8824,2025-04-22 00:04:16.549,
8439,2025-04-22 00:04:06.542296+00,8118.75,65.58,8823,2025-04-22 00:04:04.895,
8438,2025-04-22 00:03:54.892704+00,6437.5,65.58,8822,2025-04-22 00:03:53.279,
8437,2025-04-22 00:03:43.275373+00,7153.75,65.58,8821,2025-04-22 00:03:41.699,
8436,2025-04-22 00:03:31.704295+00,7625,65.7,8820,2025-04-22 00:03:30.119,
8435,2025-04-22 00:03:20.114921+00,7410,65.82,8819,2025-04-22 00:03:18.529,
8434,2025-04-22 00:03:08.523778+00,7755,65.82,8818,2025-04-22 00:03:06.919,
8433,2025-04-22 00:02:56.903322+00,7700,65.58,8817,2025-04-22 00:02:55.289,
8432,2025-04-22 00:02:45.27812+00,7761.25,65.58,8816,2025-04-22 00:02:43.669,
8431,2025-04-22 00:02:33.672377+00,7413.75,65.58,8815,2025-04-22 00:02:32.079,
8430,2025-04-22 00:02:22.070419+00,7715,65.58,8814,2025-04-22 00:02:20.449,
8429,2025-04-22 00:02:10.451848+00,6610,65.45,8813,2025-04-22 00:02:08.849,
8428,2025-04-22 00:01:58.849554+00,7812.5,65.58,8812,2025-04-22 00:01:57.269,
8427,2025-04-22 00:01:47.178299+00,7445,65.58,8811,2025-04-22 00:01:45.549,
8426,2025-04-22 00:01:35.541791+00,7720,65.58,8810,2025-04-22 00:01:33.949,
8425,2025-04-22 00:01:23.938372+00,7382.5,65.33,8809,2025-04-22 00:01:22.329,
8424,2025-04-22 00:01:12.331378+00,7903.75,65.45,8808,2025-04-22 00:01:10.709,
8423,2025-04-22 00:01:00.714364+00,7983.75,65.7,8807,2025-04-22 00:00:59.079,
8422,2025-04-22 00:00:49.051227+00,7581.25,65.58,8806,2025-04-22 00:00:47.399,
8421,2025-04-22 00:00:37.40323+00,7151.25,65.58,8805,2025-04-22 00:00:35.805,
8420,2025-04-22 00:00:25.781348+00,7635,65.7,8804,2025-04-22 00:00:24.189,
8419,2025-04-22 00:00:14.093423+00,7260,65.58,8803,2025-04-22 00:00:12.489,
8418,2025-04-22 00:00:02.492277+00,7327.5,65.45,8802,2025-04-22 00:00:00.879,
8417,2025-04-21 23:59:50.877391+00,7733.75,65.58,8801,2025-04-21 23:59:49.289,
8416,2025-04-21 23:59:39.291126+00,7807.5,65.58,8800,2025-04-21 23:59:37.679,
8415,2025-04-21 23:59:27.681881+00,7467.5,65.7,8799,2025-04-21 23:59:26.079,
8414,2025-04-21 23:59:16.069537+00,7891.25,65.45,8798,2025-04-21 23:59:14.389,
8413,2025-04-21 23:59:04.381308+00,7996.25,65.82,8797,2025-04-21 23:59:02.759,
8412,2025-04-21 23:58:52.748377+00,7615,65.82,8796,2025-04-21 23:58:51.159,
8411,2025-04-21 23:58:41.152449+00,7255,65.82,8795,2025-04-21 23:58:39.529,
8410,2025-04-21 23:58:29.524183+00,7063.75,65.94,8794,2025-04-21 23:58:27.879,
8409,2025-04-21 23:58:17.882889+00,7491.25,65.82,8793,2025-04-21 23:58:16.289,
8408,2025-04-21 23:58:06.283713+00,7290,65.82,8792,2025-04-21 23:58:04.689,
8407,2025-04-21 23:57:54.692524+00,6848.75,65.7,8791,2025-04-21 23:57:53.079,
8406,2025-04-21 23:57:43.082643+00,7517.5,65.7,8790,2025-04-21 23:57:41.394,
8405,2025-04-21 23:57:31.394365+00,7372.5,65.7,8789,2025-04-21 23:57:29.809,
8404,2025-04-21 23:57:19.808125+00,7578.75,65.7,8788,2025-04-21 23:57:18.159,
8403,2025-04-21 23:57:08.160532+00,7690,65.82,8787,2025-04-21 23:57:06.589,
8402,2025-04-21 23:56:56.586908+00,7608.75,65.82,8786,2025-04-21 23:56:54.999,
8401,2025-04-21 23:56:45.003634+00,7266.25,65.58,8785,2025-04-21 23:56:43.409,
8400,2025-04-21 23:56:33.402441+00,7493.75,65.7,8784,2025-04-21 23:56:31.799,
8399,2025-04-21 23:56:21.788364+00,7000,65.58,8783,2025-04-21 23:56:20.179,
8398,2025-04-21 23:56:10.051124+00,7168.75,65.45,8782,2025-04-21 23:56:08.459,
8397,2025-04-21 23:55:58.442288+00,7155,65.58,8781,2025-04-21 23:55:56.849,
8396,2025-04-21 23:55:46.786683+00,7461.25,65.33,8780,2025-04-21 23:55:45.189,
8395,2025-04-21 23:55:35.187335+00,7571.25,65.7,8779,2025-04-21 23:55:33.569,
8394,2025-04-21 23:55:23.559742+00,7547.5,65.58,8778,2025-04-21 23:55:21.949,
8393,2025-04-21 23:55:11.931026+00,7860,65.7,8777,2025-04-21 23:55:10.349,
8392,2025-04-21 23:55:00.347529+00,7685,65.45,8776,2025-04-21 23:54:58.749,
8391,2025-04-21 23:54:48.754039+00,7740,65.7,8775,2025-04-21 23:54:47.149,
8390,2025-04-21 23:54:37.131305+00,7353.75,65.58,8774,2025-04-21 23:54:35.559,
8389,2025-04-21 23:54:25.558207+00,7627.5,65.82,8773,2025-04-21 23:54:23.989,
8388,2025-04-21 23:54:13.987856+00,7716.25,65.45,8772,2025-04-21 23:54:12.379,
8387,2025-04-21 23:54:02.370163+00,7057.5,65.33,8771,2025-04-21 23:54:00.739,
8386,2025-04-21 23:53:50.722558+00,7642.5,65.58,8770,2025-04-21 23:53:49.119,
8385,2025-04-21 23:53:39.108077+00,7157.5,65.33,8769,2025-04-21 23:53:37.469,
8384,2025-04-21 23:53:27.457195+00,7133.75,65.45,8768,2025-04-21 23:53:25.859,
8383,2025-04-21 23:53:15.839513+00,7148.75,65.45,8767,2025-04-21 23:53:14.239,
8382,2025-04-21 23:53:04.225485+00,7633.75,65.7,8766,2025-04-21 23:53:02.619,
8381,2025-04-21 23:52:52.613541+00,7258.75,65.33,8765,2025-04-21 23:52:51.019,
8380,2025-04-21 23:52:41.005522+00,7276.25,65.45,8764,2025-04-21 23:52:39.349,
8379,2025-04-21 23:52:29.347533+00,7466.25,65.58,8763,2025-04-21 23:52:27.739,
8378,2025-04-21 23:52:17.7443+00,7506.25,65.58,8762,2025-04-21 23:52:16.149,
8377,2025-04-21 23:52:06.136683+00,7200,65.21,8761,2025-04-21 23:52:04.539,
8376,2025-04-21 23:51:54.517724+00,7901.25,65.33,8760,2025-04-21 23:51:52.899,
8375,2025-04-21 23:51:42.878255+00,6903.75,65.45,8759,2025-04-21 23:51:41.289,
8374,2025-04-21 23:51:31.283162+00,7165,65.33,8758,2025-04-21 23:51:29.619,
8373,2025-04-21 23:51:19.602362+00,7722.5,65.21,8757,2025-04-21 23:51:18.019,
8372,2025-04-21 23:51:08.022383+00,7533.75,65.45,8756,2025-04-21 23:51:06.439,
8371,2025-04-21 23:50:56.433402+00,7433.75,65.33,8755,2025-04-21 23:50:54.839,
8370,2025-04-21 23:50:44.838453+00,7628.75,65.7,8754,2025-04-21 23:50:43.239,
8369,2025-04-21 23:50:33.204295+00,7585,65.33,8753,2025-04-21 23:50:31.609,
8368,2025-04-21 23:50:21.60239+00,7532.5,65.45,8752,2025-04-21 23:50:19.949,
8367,2025-04-21 23:50:09.935951+00,7785,65.45,8751,2025-04-21 23:50:08.309,
8366,2025-04-21 23:49:58.301902+00,6563.75,65.45,8750,2025-04-21 23:49:56.699,
8365,2025-04-21 23:49:46.669058+00,7675,65.7,8749,2025-04-21 23:49:45.053,
8364,2025-04-21 23:49:35.042772+00,7778.75,65.45,8748,2025-04-21 23:49:33.439,
8363,2025-04-21 23:49:23.436649+00,7212.5,65.21,8747,2025-04-21 23:49:21.809,
8362,2025-04-21 23:49:11.803949+00,7067.5,64.97,8746,2025-04-21 23:49:10.149,
8361,2025-04-21 23:49:00.105412+00,7910,65.45,8745,2025-04-21 23:48:58.429,
8360,2025-04-21 23:48:48.428742+00,7666.25,65.33,8744,2025-04-21 23:48:46.829,
8359,2025-04-21 23:48:36.823973+00,7913.75,65.33,8743,2025-04-21 23:48:35.209,
8358,2025-04-21 23:48:25.206666+00,7422.5,65.21,8742,2025-04-21 23:48:23.589,
8357,2025-04-21 23:48:13.584124+00,7995,65.33,8741,2025-04-21 23:48:11.985,
8356,2025-04-21 23:48:01.967062+00,7708.75,65.33,8740,2025-04-21 23:48:00.369,
8355,2025-04-21 23:47:50.363587+00,7576.25,65.33,8739,2025-04-21 23:47:48.739,
8354,2025-04-21 23:47:38.72821+00,7757.5,65.21,8738,2025-04-21 23:47:37.129,
8353,2025-04-21 23:47:27.122996+00,7467.5,65.21,8737,2025-04-21 23:47:25.499,
8352,2025-04-21 23:47:15.480086+00,7251.25,65.45,8736,2025-04-21 23:47:13.849,
8351,2025-04-21 23:47:03.831745+00,7166.25,65.33,8735,2025-04-21 23:47:02.219,
8350,2025-04-21 23:46:52.220836+00,6748.75,65.58,8734,2025-04-21 23:46:50.559,
8349,2025-04-21 23:46:40.557134+00,8002.5,65.7,8733,2025-04-21 23:46:38.939,
8348,2025-04-21 23:46:28.932495+00,7491.25,65.45,8732,2025-04-21 23:46:27.359,
8347,2025-04-21 23:46:17.358161+00,7443.75,65.58,8731,2025-04-21 23:46:15.780,
8346,2025-04-21 23:46:05.775637+00,6987.5,65.33,8730,2025-04-21 23:46:04.169,
8345,2025-04-21 23:45:54.165979+00,7396.25,65.33,8729,2025-04-21 23:45:52.579,
8344,2025-04-21 23:45:42.574912+00,7433.75,65.33,8728,2025-04-21 23:45:40.999,
8343,2025-04-21 23:45:30.999384+00,8033.75,65.82,8727,2025-04-21 23:45:29.409,
8342,2025-04-21 23:45:19.403065+00,7803.75,65.45,8726,2025-04-21 23:45:17.759,
8341,2025-04-21 23:45:07.754613+00,7191.25,65.33,8725,2025-04-21 23:45:06.129,
8340,2025-04-21 23:44:56.121831+00,7901.25,65.58,8724,2025-04-21 23:44:54.529,
8339,2025-04-21 23:44:44.5126+00,6808.75,65.21,8723,2025-04-21 23:44:42.949,
8338,2025-04-21 23:44:32.949944+00,7626.25,65.45,8722,2025-04-21 23:44:31.369,
8337,2025-04-21 23:44:21.364392+00,7682.5,65.45,8721,2025-04-21 23:44:19.779,
8336,2025-04-21 23:44:09.777479+00,7455,65.7,8720,2025-04-21 23:44:08.169,
8335,2025-04-21 23:43:58.157632+00,7941.25,65.58,8719,2025-04-21 23:43:56.499,
8334,2025-04-21 23:43:46.484004+00,7598.75,65.33,8718,2025-04-21 23:43:44.899,
8333,2025-04-21 23:43:34.901934+00,7908.75,65.58,8717,2025-04-21 23:43:33.280,
8332,2025-04-21 23:43:23.271968+00,7372.5,65.21,8716,2025-04-21 23:43:21.669,
8331,2025-04-21 23:43:11.661256+00,7127.5,65.33,8715,2025-04-21 23:43:10.049,
8330,2025-04-21 23:43:00.038965+00,7573.75,65.45,8714,2025-04-21 23:42:58.479,
8329,2025-04-21 23:42:48.471477+00,7772.5,65.7,8713,2025-04-21 23:42:46.839,
8328,2025-04-21 23:42:36.836954+00,6993.75,65.33,8712,2025-04-21 23:42:35.209,
8327,2025-04-21 23:42:25.205774+00,7310,65.33,8711,2025-04-21 23:42:23.599,
8326,2025-04-21 23:42:13.59977+00,7037.5,65.58,8710,2025-04-21 23:42:12.009,
8325,2025-04-21 23:42:01.998088+00,6735,65.45,8709,2025-04-21 23:42:00.349,
8324,2025-04-21 23:41:50.346644+00,7681.25,65.21,8708,2025-04-21 23:41:48.769,
8323,2025-04-21 23:41:38.770221+00,7865,65.33,8707,2025-04-21 23:41:37.169,
8322,2025-04-21 23:41:27.153976+00,7963.75,65.33,8706,2025-04-21 23:41:25.579,
8321,2025-04-21 23:41:15.57227+00,7890,65.33,8705,2025-04-21 23:41:13.959,
8320,2025-04-21 23:41:03.95082+00,7842.5,65.33,8704,2025-04-21 23:41:02.389,
8319,2025-04-21 23:40:52.363024+00,7311.25,65.58,8703,2025-04-21 23:40:50.769,
8318,2025-04-21 23:40:40.759004+00,7652.5,65.33,8702,2025-04-21 23:40:39.149,
8317,2025-04-21 23:40:29.150014+00,7115,65.21,8701,2025-04-21 23:40:27.539,
8316,2025-04-21 23:40:17.533926+00,7577.5,65.45,8700,2025-04-21 23:40:15.925,
8315,2025-04-21 23:40:05.945111+00,7543.75,65.58,8699,2025-04-21 23:40:04.345,
8314,2025-04-21 23:39:54.33105+00,7230,65.45,8698,2025-04-21 23:39:52.705,
8313,2025-04-21 23:39:42.701586+00,7935,65.45,8697,2025-04-21 23:39:41.069,
8312,2025-04-21 23:39:31.080755+00,7757.5,65.7,8696,2025-04-21 23:39:29.455,
8311,2025-04-21 23:39:19.472235+00,7357.5,65.58,8695,2025-04-21 23:39:17.875,
8310,2025-04-21 23:39:07.890877+00,7370,65.7,8694,2025-04-21 23:39:06.275,
8309,2025-04-21 23:38:56.27579+00,7298.75,65.94,8693,2025-04-21 23:38:54.625,
8308,2025-04-21 23:38:44.640695+00,7433.75,65.58,8692,2025-04-21 23:38:43.015,
8307,2025-04-21 23:38:33.033428+00,6546.25,65.58,8691,2025-04-21 23:38:31.445,
8306,2025-04-21 23:38:21.446773+00,7951.25,65.7,8690,2025-04-21 23:38:19.825,
8305,2025-04-21 23:38:09.842117+00,7161.25,65.33,8689,2025-04-21 23:38:08.225,
8304,2025-04-21 23:37:58.246186+00,7450,65.33,8688,2025-04-21 23:37:56.615,
8303,2025-04-21 23:37:46.639467+00,6581.25,65.33,8687,2025-04-21 23:37:45.025,
8302,2025-04-21 23:37:35.04764+00,7082.5,65.45,8686,2025-04-21 23:37:33.425,
8301,2025-04-21 23:37:23.443079+00,8051.25,65.45,8685,2025-04-21 23:37:21.755,
8300,2025-04-21 23:37:11.766771+00,7306.25,65.58,8684,2025-04-21 23:37:10.135,
8299,2025-04-21 23:37:00.160704+00,8197.5,65.45,8683,2025-04-21 23:36:58.545,
8298,2025-04-21 23:36:48.568739+00,8063.75,65.45,8682,2025-04-21 23:36:46.914,
8297,2025-04-21 23:36:36.91742+00,7856.25,65.58,8681,2025-04-21 23:36:35.315,
8296,2025-04-21 23:36:25.322679+00,7187.5,65.58,8680,2025-04-21 23:36:23.705,
8295,2025-04-21 23:36:13.726718+00,7396.25,65.21,8679,2025-04-21 23:36:12.115,
8294,2025-04-21 23:36:02.130271+00,7812.5,65.21,8678,2025-04-21 23:36:00.495,
8293,2025-04-21 23:35:50.515214+00,7531.25,65.45,8677,2025-04-21 23:35:48.905,
8292,2025-04-21 23:35:38.916163+00,6458.75,65.33,8676,2025-04-21 23:35:37.245,
8291,2025-04-21 23:35:27.26074+00,7663.75,65.45,8675,2025-04-21 23:35:25.635,
8290,2025-04-21 23:35:15.645896+00,7845,65.45,8674,2025-04-21 23:35:13.985,
8289,2025-04-21 23:35:04.006913+00,7850,65.33,8673,2025-04-21 23:35:02.325,
8288,2025-04-21 23:34:52.323492+00,7628.75,65.21,8672,2025-04-21 23:34:50.715,
8287,2025-04-21 23:34:40.717168+00,7957.5,65.33,8671,2025-04-21 23:34:39.065,
8286,2025-04-21 23:34:29.079758+00,7112.5,65.21,8670,2025-04-21 23:34:27.445,
8285,2025-04-21 23:34:17.467716+00,7378.75,65.45,8669,2025-04-21 23:34:15.845,
8284,2025-04-21 23:34:05.858661+00,7485,65.33,8668,2025-04-21 23:34:04.245,
8283,2025-04-21 23:33:54.248366+00,7328.75,65.21,8667,2025-04-21 23:33:52.605,
8282,2025-04-21 23:33:42.621156+00,7937.5,65.21,8666,2025-04-21 23:33:40.995,
8281,2025-04-21 23:33:31.001051+00,7616.25,65.21,8665,2025-04-21 23:33:29.375,
8280,2025-04-21 23:33:19.397001+00,7167.5,65.21,8664,2025-04-21 23:33:17.705,
8279,2025-04-21 23:33:07.713622+00,6856.25,65.09,8663,2025-04-21 23:33:06.115,
8278,2025-04-21 23:32:56.139217+00,7358.75,65.21,8662,2025-04-21 23:32:54.535,
8277,2025-04-21 23:32:44.547018+00,7798.75,65.09,8661,2025-04-21 23:32:42.935,
8276,2025-04-21 23:32:32.952364+00,7882.5,65.33,8660,2025-04-21 23:32:31.345,
8275,2025-04-21 23:32:21.367283+00,6567.5,65.33,8659,2025-04-21 23:32:19.765,
8274,2025-04-21 23:32:09.779565+00,7497.5,65.21,8658,2025-04-21 23:32:08.085,
8273,2025-04-21 23:31:58.105561+00,7428.75,65.33,8657,2025-04-21 23:31:56.505,
8272,2025-04-21 23:31:46.516042+00,6590,65.45,8656,2025-04-21 23:31:44.895,
8271,2025-04-21 23:31:34.910224+00,7607.5,65.45,8655,2025-04-21 23:31:33.225,
8270,2025-04-21 23:31:23.192908+00,6558.75,65.21,8654,2025-04-21 23:31:21.555,
8269,2025-04-21 23:31:11.56936+00,7106.25,65.58,8653,2025-04-21 23:31:09.965,
8268,2025-04-21 23:30:59.979154+00,7635,65.33,8652,2025-04-21 23:30:58.375,
8267,2025-04-21 23:30:48.385124+00,7088.75,65.33,8651,2025-04-21 23:30:46.775,
8266,2025-04-21 23:30:36.792659+00,7240,65.58,8650,2025-04-21 23:30:35.165,
8265,2025-04-21 23:30:25.173395+00,7868.75,65.45,8649,2025-04-21 23:30:23.555,
8264,2025-04-21 23:30:13.571912+00,6626.25,65.45,8648,2025-04-21 23:30:11.965,
8263,2025-04-21 23:30:01.975147+00,7221.25,65.58,8647,2025-04-21 23:30:00.325,
8262,2025-04-21 23:29:50.34098+00,7472.5,65.45,8646,2025-04-21 23:29:48.665,
8261,2025-04-21 23:29:38.681563+00,7391.25,65.58,8645,2025-04-21 23:29:37.035,
8260,2025-04-21 23:29:27.045431+00,7165,65.21,8644,2025-04-21 23:29:25.435,
8259,2025-04-21 23:29:15.450955+00,7961.25,65.09,8643,2025-04-21 23:29:13.825,
8258,2025-04-21 23:29:03.839927+00,7368.75,65.33,8642,2025-04-21 23:29:02.185,
8257,2025-04-21 23:28:52.166907+00,7245,65.45,8641,2025-04-21 23:28:50.495,
8256,2025-04-21 23:28:40.511473+00,7390,65.21,8640,2025-04-21 23:28:38.855,
8255,2025-04-21 23:28:28.869815+00,8006.25,65.21,8639,2025-04-21 23:28:27.285,
8254,2025-04-21 23:28:17.300776+00,7516.25,65.58,8638,2025-04-21 23:28:15.635,
8253,2025-04-21 23:28:05.650885+00,7607.5,65.33,8637,2025-04-21 23:28:03.965,
8252,2025-04-21 23:27:53.957675+00,7880,65.33,8636,2025-04-21 23:27:52.335,
8251,2025-04-21 23:27:42.360942+00,7327.5,65.21,8635,2025-04-21 23:27:40.775,
8250,2025-04-21 23:27:30.794123+00,7498.75,65.33,8634,2025-04-21 23:27:29.115,
8249,2025-04-21 23:27:19.129769+00,7713.75,65.21,8633,2025-04-21 23:27:17.505,
8248,2025-04-21 23:27:07.520241+00,6827.5,65.33,8632,2025-04-21 23:27:05.915,
8247,2025-04-21 23:26:55.936974+00,7688.75,65.21,8631,2025-04-21 23:26:54.325,
8246,2025-04-21 23:26:44.329692+00,7475,64.97,8630,2025-04-21 23:26:42.725,
8245,2025-04-21 23:26:32.741764+00,7310,64.97,8629,2025-04-21 23:26:31.145,
8244,2025-04-21 23:26:21.157682+00,7593.75,64.97,8628,2025-04-21 23:26:19.425,
8243,2025-04-21 23:26:09.446535+00,7663.75,65.21,8627,2025-04-21 23:26:07.805,
8242,2025-04-21 23:25:57.815553+00,7423.75,65.33,8626,2025-04-21 23:25:56.205,
8241,2025-04-21 23:25:46.210763+00,7477.5,65.21,8625,2025-04-21 23:25:44.595,
8240,2025-04-21 23:25:34.609177+00,6847.5,65.21,8624,2025-04-21 23:25:32.985,
8239,2025-04-21 23:25:22.99717+00,7388.75,65.21,8623,2025-04-21 23:25:21.375,
8238,2025-04-21 23:25:11.390887+00,7307.5,64.97,8622,2025-04-21 23:25:09.775,
8237,2025-04-21 23:24:59.779158+00,7602.5,64.97,8621,2025-04-21 23:24:58.145,
8236,2025-04-21 23:24:48.150587+00,7435,64.73,8620,2025-04-21 23:24:46.555,
8235,2025-04-21 23:24:36.56434+00,7563.75,64.85,8619,2025-04-21 23:24:34.835,
8234,2025-04-21 23:24:24.850701+00,7480,64.97,8618,2025-04-21 23:24:23.255,
8233,2025-04-21 23:24:13.264884+00,7406.25,65.21,8617,2025-04-21 23:24:11.595,
8232,2025-04-21 23:24:01.604453+00,7063.75,65.09,8616,2025-04-21 23:23:59.985,
8231,2025-04-21 23:23:50.000987+00,7450,64.85,8615,2025-04-21 23:23:48.375,
8230,2025-04-21 23:23:38.390268+00,7977.5,64.97,8614,2025-04-21 23:23:36.765,
8229,2025-04-21 23:23:26.772965+00,7270,64.85,8613,2025-04-21 23:23:25.165,
8228,2025-04-21 23:23:15.102109+00,7265,64.85,8612,2025-04-21 23:23:13.425,
8227,2025-04-21 23:23:03.438487+00,7692.5,65.09,8611,2025-04-21 23:23:01.825,
8226,2025-04-21 23:22:51.841147+00,7660,64.97,8610,2025-04-21 23:22:50.155,
8225,2025-04-21 23:22:40.172146+00,7440,65.21,8609,2025-04-21 23:22:38.505,
8224,2025-04-21 23:22:28.526414+00,7663.75,65.09,8608,2025-04-21 23:22:26.915,
8223,2025-04-21 23:22:16.934088+00,7335,64.73,8607,2025-04-21 23:22:15.325,
8222,2025-04-21 23:22:05.340553+00,7592.5,64.97,8606,2025-04-21 23:22:03.735,
8221,2025-04-21 23:21:53.746555+00,7206.25,64.85,8605,2025-04-21 23:21:52.145,
8220,2025-04-21 23:21:42.159334+00,7056.25,64.97,8604,2025-04-21 23:21:40.525,
8219,2025-04-21 23:21:30.547245+00,7010,65.21,8603,2025-04-21 23:21:28.935,
8218,2025-04-21 23:21:18.947162+00,7806.25,65.09,8602,2025-04-21 23:21:17.335,
8217,2025-04-21 23:21:07.334774+00,7340,65.21,8601,2025-04-21 23:21:05.635,
8216,2025-04-21 23:20:55.656473+00,7528.75,65.21,8600,2025-04-21 23:20:54.005,
8215,2025-04-21 23:20:44.013115+00,7963.75,65.21,8599,2025-04-21 23:20:42.404,
8214,2025-04-21 23:20:32.39509+00,6770,65.33,8598,2025-04-21 23:20:30.775,
8213,2025-04-21 23:20:20.770256+00,7752.5,65.33,8597,2025-04-21 23:20:19.125,
8212,2025-04-21 23:20:09.137703+00,7566.25,65.09,8596,2025-04-21 23:20:07.515,
8211,2025-04-21 23:19:57.52758+00,8047.5,65.21,8595,2025-04-21 23:19:55.905,
8210,2025-04-21 23:19:45.917006+00,7141.25,65.09,8594,2025-04-21 23:19:44.315,
8209,2025-04-21 23:19:34.332969+00,8006.25,65.09,8593,2025-04-21 23:19:32.725,
8208,2025-04-21 23:19:22.743411+00,7137.5,64.97,8592,2025-04-21 23:19:20.955,
8207,2025-04-21 23:19:10.965968+00,7313.75,65.09,8591,2025-04-21 23:19:09.335,
8206,2025-04-21 23:18:59.356168+00,7908.75,65.09,8590,2025-04-21 23:18:57.725,
8205,2025-04-21 23:18:47.722477+00,7510,65.21,8589,2025-04-21 23:18:46.095,
8204,2025-04-21 23:18:36.106612+00,7442.5,65.33,8588,2025-04-21 23:18:34.445,
8203,2025-04-21 23:18:24.456747+00,7481.25,65.33,8587,2025-04-21 23:18:22.845,
8202,2025-04-21 23:18:12.846635+00,7170,64.85,8586,2025-04-21 23:18:11.235,
8201,2025-04-21 23:18:01.241153+00,7418.75,64.85,8585,2025-04-21 23:17:59.625,
8200,2025-04-21 23:17:49.634943+00,7460,65.33,8584,2025-04-21 23:17:48.025,
8199,2025-04-21 23:17:38.02627+00,7588.75,65.09,8583,2025-04-21 23:17:36.315,
8198,2025-04-21 23:17:26.331173+00,7362.5,65.21,8582,2025-04-21 23:17:24.695,
8197,2025-04-21 23:17:14.714629+00,7248.75,65.45,8581,2025-04-21 23:17:13.115,
8196,2025-04-21 23:17:03.134563+00,7358.75,65.09,8580,2025-04-21 23:17:01.555,
8195,2025-04-21 23:16:51.572035+00,7730,65.21,8579,2025-04-21 23:16:49.965,
8194,2025-04-21 23:16:39.971487+00,6646.25,65.21,8578,2025-04-21 23:16:38.355,
8193,2025-04-21 23:16:28.367517+00,7278.75,65.09,8577,2025-04-21 23:16:26.715,
8192,2025-04-21 23:16:16.721235+00,7260,65.09,8576,2025-04-21 23:16:15.105,
8191,2025-04-21 23:16:05.116439+00,7251.25,64.97,8575,2025-04-21 23:16:03.535,
8190,2025-04-21 23:15:53.547544+00,7147.5,65.09,8574,2025-04-21 23:15:51.875,
8189,2025-04-21 23:15:41.874871+00,7342.5,64.97,8573,2025-04-21 23:15:40.215,
8188,2025-04-21 23:15:30.223487+00,6933.75,65.09,8572,2025-04-21 23:15:28.585,
8187,2025-04-21 23:15:18.598481+00,7562.5,65.09,8571,2025-04-21 23:15:17.005,
8186,2025-04-21 23:15:07.014883+00,7543.75,65.21,8570,2025-04-21 23:15:05.404,
8185,2025-04-21 23:14:55.421506+00,7660,65.09,8569,2025-04-21 23:14:53.745,
8184,2025-04-21 23:14:43.736186+00,6707.5,64.97,8568,2025-04-21 23:14:42.135,
8183,2025-04-21 23:14:32.146631+00,7131.25,65.21,8567,2025-04-21 23:14:30.505,
8182,2025-04-21 23:14:20.51912+00,7535,65.09,8566,2025-04-21 23:14:18.905,
8181,2025-04-21 23:14:08.921147+00,7257.5,64.85,8565,2025-04-21 23:14:07.315,
8180,2025-04-21 23:13:57.329865+00,7020,64.97,8564,2025-04-21 23:13:55.695,
8179,2025-04-21 23:13:45.70564+00,7875,65.09,8563,2025-04-21 23:13:44.085,
8178,2025-04-21 23:13:34.085258+00,7367.5,65.33,8562,2025-04-21 23:13:32.495,
8177,2025-04-21 23:13:22.512745+00,6647.5,64.97,8561,2025-04-21 23:13:20.855,
8176,2025-04-21 23:13:10.86818+00,7098.75,65.09,8560,2025-04-21 23:13:09.235,
8175,2025-04-21 23:12:59.244009+00,7205,65.33,8559,2025-04-21 23:12:57.655,
8174,2025-04-21 23:12:47.665302+00,7435,65.33,8558,2025-04-21 23:12:46.064,
8173,2025-04-21 23:12:36.080993+00,7427.5,65.21,8557,2025-04-21 23:12:34.425,
8172,2025-04-21 23:12:24.435375+00,7832.5,65.21,8556,2025-04-21 23:12:22.705,
8171,2025-04-21 23:12:12.712793+00,7447.5,65.33,8555,2025-04-21 23:12:11.095,
8170,2025-04-21 23:12:01.083996+00,6648.75,65.21,8554,2025-04-21 23:11:59.435,
8169,2025-04-21 23:11:49.452522+00,7821.25,65.21,8553,2025-04-21 23:11:47.855,
8168,2025-04-21 23:11:37.865896+00,6928.75,65.21,8552,2025-04-21 23:11:36.255,
8167,2025-04-21 23:11:26.25635+00,7910,65.45,8551,2025-04-21 23:11:24.635,
8166,2025-04-21 23:11:14.633942+00,7283.75,65.58,8550,2025-04-21 23:11:12.975,
8165,2025-04-21 23:11:02.994087+00,7247.5,65.45,8549,2025-04-21 23:11:01.375,
8164,2025-04-21 23:10:51.387782+00,7215,65.45,8548,2025-04-21 23:10:49.765,
8163,2025-04-21 23:10:39.754955+00,7723.75,65.82,8547,2025-04-21 23:10:38.025,
8162,2025-04-21 23:10:28.040134+00,7968.75,65.58,8546,2025-04-21 23:10:26.395,
8161,2025-04-21 23:10:16.407284+00,7621.25,65.45,8545,2025-04-21 23:10:14.785,
8160,2025-04-21 23:10:04.795904+00,7408.75,65.7,8544,2025-04-21 23:10:03.184,
8159,2025-04-21 23:09:53.194871+00,7603.75,65.58,8543,2025-04-21 23:09:51.590,
8158,2025-04-21 23:09:41.594642+00,8112.5,65.7,8542,2025-04-21 23:09:39.975,
8157,2025-04-21 23:09:29.980942+00,6903.75,65.7,8541,2025-04-21 23:09:28.345,
8156,2025-04-21 23:09:18.351434+00,7366.25,65.58,8540,2025-04-21 23:09:16.765,
8155,2025-04-21 23:09:06.769299+00,7925,65.45,8539,2025-04-21 23:09:05.125,
8154,2025-04-21 23:08:55.140029+00,7270,65.58,8538,2025-04-21 23:08:53.445,
8153,2025-04-21 23:08:43.461696+00,7695,65.7,8537,2025-04-21 23:08:41.845,
8152,2025-04-21 23:08:31.847863+00,7575,65.33,8536,2025-04-21 23:08:30.205,
8151,2025-04-21 23:08:20.215551+00,7580,65.33,8535,2025-04-21 23:08:18.614,
8150,2025-04-21 23:08:08.617333+00,7213.75,65.7,8534,2025-04-21 23:08:06.975,
8149,2025-04-21 23:07:56.980333+00,7843.75,65.45,8533,2025-04-21 23:07:55.385,
8148,2025-04-21 23:07:45.400851+00,7863.75,65.58,8532,2025-04-21 23:07:43.825,
8147,2025-04-21 23:07:33.834886+00,7297.5,65.7,8531,2025-04-21 23:07:32.255,
8146,2025-04-21 23:07:22.268821+00,7596.25,65.45,8530,2025-04-21 23:07:20.675,
8145,2025-04-21 23:07:10.686042+00,7632.5,65.45,8529,2025-04-21 23:07:09.005,
8144,2025-04-21 23:06:59.004287+00,6921.25,65.33,8528,2025-04-21 23:06:57.405,
8143,2025-04-21 23:06:47.404735+00,7241.25,65.33,8527,2025-04-21 23:06:45.775,
8142,2025-04-21 23:06:35.778914+00,7597.5,65.33,8526,2025-04-21 23:06:34.165,
8141,2025-04-21 23:06:24.164943+00,7196.25,65.21,8525,2025-04-21 23:06:22.559,
8140,2025-04-21 23:06:12.562348+00,7141.25,64.98,8524,2025-04-21 23:06:10.950,
8139,2025-04-21 23:06:00.967725+00,7330,64.85,8523,2025-04-21 23:05:59.295,
8138,2025-04-21 23:05:49.304975+00,7522.5,65.21,8522,2025-04-21 23:05:47.685,
8137,2025-04-21 23:05:37.696835+00,7325,65.09,8521,2025-04-21 23:05:36.085,
8136,2025-04-21 23:05:26.088133+00,7676.25,64.85,8520,2025-04-21 23:05:24.375,
8135,2025-04-21 23:05:14.390309+00,7330,65.09,8519,2025-04-21 23:05:12.755,
8134,2025-04-21 23:05:02.753284+00,7651.25,65.21,8518,2025-04-21 23:05:01.145,
8133,2025-04-21 23:04:51.145925+00,7315,65.09,8517,2025-04-21 23:04:49.535,
8132,2025-04-21 23:04:39.540214+00,7278.75,65.21,8516,2025-04-21 23:04:37.925,
8131,2025-04-21 23:04:27.939587+00,7261.25,65.33,8515,2025-04-21 23:04:26.335,
8130,2025-04-21 23:04:16.32795+00,7311.25,64.85,8514,2025-04-21 23:04:14.695,
8129,2025-04-21 23:04:04.709585+00,7362.5,65.09,8513,2025-04-21 23:04:03.125,
8128,2025-04-21 23:03:53.139285+00,7191.25,65.21,8512,2025-04-21 23:03:51.545,
8127,2025-04-21 23:03:41.560789+00,7591.25,65.21,8511,2025-04-21 23:03:39.845,
8126,2025-04-21 23:03:29.845986+00,7213.75,64.97,8510,2025-04-21 23:03:28.225,
8125,2025-04-21 23:03:18.230051+00,7961.25,65.09,8509,2025-04-21 23:03:16.625,
8124,2025-04-21 23:03:06.635898+00,7866.25,65.21,8508,2025-04-21 23:03:05.035,
8123,2025-04-21 23:02:55.040092+00,6677.5,65.21,8507,2025-04-21 23:02:53.435,
8122,2025-04-21 23:02:43.426579+00,7451.25,65.09,8506,2025-04-21 23:02:41.765,
8121,2025-04-21 23:02:31.762232+00,7852.5,65.21,8505,2025-04-21 23:02:30.135,
8120,2025-04-21 23:02:20.142033+00,7937.5,65.33,8504,2025-04-21 23:02:18.495,
8119,2025-04-21 23:02:08.502037+00,7213.75,65.21,8503,2025-04-21 23:02:06.905,
8118,2025-04-21 23:01:56.898021+00,7031.25,64.97,8502,2025-04-21 23:01:55.215,
8117,2025-04-21 23:01:45.202106+00,7201.25,65.21,8501,2025-04-21 23:01:43.605,
8116,2025-04-21 23:01:33.614763+00,7547.5,65.21,8500,2025-04-21 23:01:32.025,
8115,2025-04-21 23:01:22.040357+00,7690,65.33,8499,2025-04-21 23:01:20.425,
8114,2025-04-21 23:01:10.430232+00,7796.25,65.09,8498,2025-04-21 23:01:08.805,
8113,2025-04-21 23:00:58.813504+00,7408.75,65.21,8497,2025-04-21 23:00:57.225,
8112,2025-04-21 23:00:47.225512+00,7588.75,65.21,8496,2025-04-21 23:00:45.635,
8111,2025-04-21 23:00:35.639272+00,7835,65.21,8495,2025-04-21 23:00:34.055,
8110,2025-04-21 23:00:24.05844+00,7507.5,65.09,8494,2025-04-21 23:00:22.455,
8109,2025-04-21 23:00:12.465345+00,7358.75,65.33,8493,2025-04-21 23:00:10.845,
8108,2025-04-21 23:00:00.852912+00,7598.75,65.33,8492,2025-04-21 22:59:59.225,
8107,2025-04-21 22:59:49.229696+00,7495,65.21,8491,2025-04-21 22:59:47.605,
8106,2025-04-21 22:59:37.604616+00,7885,65.21,8490,2025-04-21 22:59:35.995,
8105,2025-04-21 22:59:25.974655+00,7456.25,65.21,8489,2025-04-21 22:59:24.355,
8104,2025-04-21 22:59:14.368994+00,7657.5,65.21,8488,2025-04-21 22:59:12.705,
8103,2025-04-21 22:59:02.713894+00,7378.75,65.21,8487,2025-04-21 22:59:01.065,
8102,2025-04-21 22:58:51.07783+00,7040,64.97,8486,2025-04-21 22:58:49.465,
8101,2025-04-21 22:58:39.463288+00,7423.75,65.21,8485,2025-04-21 22:58:37.815,
8100,2025-04-21 22:58:27.824352+00,7130,64.97,8484,2025-04-21 22:58:26.115,
8099,2025-04-21 22:58:16.117282+00,7616.25,64.97,8483,2025-04-21 22:58:14.495,
8098,2025-04-21 22:58:04.503026+00,7427.5,65.09,8482,2025-04-21 22:58:02.885,
8097,2025-04-21 22:57:52.888018+00,7301.25,65.09,8481,2025-04-21 22:57:51.245,
8096,2025-04-21 22:57:41.248291+00,6943.75,65.33,8480,2025-04-21 22:57:39.565,
8095,2025-04-21 22:57:29.569528+00,7151.25,64.97,8479,2025-04-21 22:57:27.935,
8094,2025-04-21 22:57:17.92585+00,7512.5,65.09,8478,2025-04-21 22:57:16.335,
8093,2025-04-21 22:57:06.341258+00,7341.25,64.97,8477,2025-04-21 22:57:04.705,
8092,2025-04-21 22:56:54.709796+00,7876.25,64.85,8476,2025-04-21 22:56:53.085,
8091,2025-04-21 22:56:43.086971+00,7408.75,64.85,8475,2025-04-21 22:56:41.405,
8090,2025-04-21 22:56:31.414744+00,6863.75,64.73,8474,2025-04-21 22:56:29.805,
8089,2025-04-21 22:56:19.810246+00,7263.75,64.97,8473,2025-04-21 22:56:18.185,
8088,2025-04-21 22:56:08.18795+00,7166.25,64.85,8472,2025-04-21 22:56:06.575,
8087,2025-04-21 22:55:56.5741+00,7442.5,65.21,8471,2025-04-21 22:55:54.955,
8086,2025-04-21 22:55:44.967699+00,7218.75,65.09,8470,2025-04-21 22:55:43.365,
8085,2025-04-21 22:55:33.37299+00,7373.75,65.09,8469,2025-04-21 22:55:31.735,
8084,2025-04-21 22:55:21.707175+00,7271.25,64.97,8468,2025-04-21 22:55:20.095,
8083,2025-04-21 22:55:10.099148+00,7706.25,64.97,8467,2025-04-21 22:55:08.485,
8082,2025-04-21 22:54:58.490128+00,7796.25,65.09,8466,2025-04-21 22:54:56.745,
8081,2025-04-21 22:54:46.749038+00,7503.75,65.21,8465,2025-04-21 22:54:45.125,
8080,2025-04-21 22:54:35.129817+00,7188.75,65.33,8464,2025-04-21 22:54:33.545,
8079,2025-04-21 22:54:23.553953+00,7883.75,65.33,8463,2025-04-21 22:54:21.945,
8078,2025-04-21 22:54:11.950631+00,8171.25,65.45,8462,2025-04-21 22:54:10.285,
8077,2025-04-21 22:54:00.290297+00,7800,65.45,8461,2025-04-21 22:53:58.695,
8076,2025-04-21 22:53:48.690548+00,7208.75,65.33,8460,2025-04-21 22:53:47.055,
8075,2025-04-21 22:53:37.037798+00,7482.5,65.21,8459,2025-04-21 22:53:35.370,
8074,2025-04-21 22:53:25.374074+00,7722.5,65.21,8458,2025-04-21 22:53:23.755,
8073,2025-04-21 22:53:13.757323+00,7747.5,65.45,8457,2025-04-21 22:53:12.085,
8072,2025-04-21 22:53:02.077668+00,7913.75,65.33,8456,2025-04-21 22:53:00.445,
8071,2025-04-21 22:52:50.456466+00,7467.5,65.45,8455,2025-04-21 22:52:48.815,
8070,2025-04-21 22:52:38.819927+00,7126.25,65.21,8454,2025-04-21 22:52:37.245,
8069,2025-04-21 22:52:27.250964+00,7466.25,65.21,8453,2025-04-21 22:52:25.675,
8068,2025-04-21 22:52:15.67586+00,7950,65.45,8452,2025-04-21 22:52:14.075,
8067,2025-04-21 22:52:04.076085+00,7096.25,65.33,8451,2025-04-21 22:52:02.395,
8066,2025-04-21 22:51:52.38617+00,7562.5,65.33,8450,2025-04-21 22:51:50.775,
8065,2025-04-21 22:51:40.770463+00,7755,65.09,8449,2025-04-21 22:51:39.115,
8064,2025-04-21 22:51:29.106651+00,7513.75,64.97,8448,2025-04-21 22:51:27.405,
8063,2025-04-21 22:51:17.395496+00,7880,65.21,8447,2025-04-21 22:51:15.785,
8062,2025-04-21 22:51:05.791838+00,7427.5,65.45,8446,2025-04-21 22:51:04.195,
8061,2025-04-21 22:50:54.197287+00,7083.75,65.09,8445,2025-04-21 22:50:52.565,
8060,2025-04-21 22:50:42.553893+00,7166.25,65.33,8444,2025-04-21 22:50:40.945,
8059,2025-04-21 22:50:30.942359+00,7928.75,65.45,8443,2025-04-21 22:50:29.335,
8058,2025-04-21 22:50:19.340754+00,7397.5,65.33,8442,2025-04-21 22:50:17.755,
8057,2025-04-21 22:50:07.752806+00,7152.5,65.21,8441,2025-04-21 22:50:06.155,
8056,2025-04-21 22:49:56.16453+00,7316.25,65.33,8440,2025-04-21 22:49:54.445,
8055,2025-04-21 22:49:44.447151+00,7545,65.45,8439,2025-04-21 22:49:42.825,
8054,2025-04-21 22:49:32.826134+00,7343.75,65.33,8438,2025-04-21 22:49:31.205,
8053,2025-04-21 22:49:21.200757+00,7673.75,65.21,8437,2025-04-21 22:49:19.575,
8052,2025-04-21 22:49:09.579485+00,7442.5,65.45,8436,2025-04-21 22:49:07.985,
8051,2025-04-21 22:48:57.947747+00,7687.5,65.45,8435,2025-04-21 22:48:56.295,
8050,2025-04-21 22:48:46.289047+00,7496.25,65.33,8434,2025-04-21 22:48:44.705,
8049,2025-04-21 22:48:34.70725+00,7452.5,65.45,8433,2025-04-21 22:48:33.035,
8048,2025-04-21 22:48:23.03867+00,7726.25,65.45,8432,2025-04-21 22:48:21.405,
8047,2025-04-21 22:48:11.411435+00,7525,65.33,8431,2025-04-21 22:48:09.745,
8046,2025-04-21 22:47:59.731252+00,7437.5,65.33,8430,2025-04-21 22:47:58.025,
8045,2025-04-21 22:47:48.027367+00,7537.5,65.09,8429,2025-04-21 22:47:46.435,
8044,2025-04-21 22:47:36.438426+00,7646.25,65.09,8428,2025-04-21 22:47:34.845,
8043,2025-04-21 22:47:24.847459+00,7430,65.45,8427,2025-04-21 22:47:23.275,
8042,2025-04-21 22:47:13.256765+00,7580,65.45,8426,2025-04-21 22:47:11.635,
8041,2025-04-21 22:47:01.643119+00,6981.25,65.33,8425,2025-04-21 22:47:00.044,
8040,2025-04-21 22:46:50.046475+00,7220,65.21,8424,2025-04-21 22:46:48.445,
8039,2025-04-21 22:46:38.438445+00,7340,65.21,8423,2025-04-21 22:46:36.825,
8038,2025-04-21 22:46:26.801064+00,7913.75,65.21,8422,2025-04-21 22:46:25.165,
8037,2025-04-21 22:46:15.14091+00,7217.5,65.33,8421,2025-04-21 22:46:13.435,
8036,2025-04-21 22:46:03.444106+00,7158.75,65.45,8420,2025-04-21 22:46:01.865,
8035,2025-04-21 22:45:51.854841+00,7351.25,65.45,8419,2025-04-21 22:45:50.255,
8034,2025-04-21 22:45:40.260119+00,7070,65.33,8418,2025-04-21 22:45:38.615,
8033,2025-04-21 22:45:28.604813+00,7606.25,65.45,8417,2025-04-21 22:45:26.985,
8032,2025-04-21 22:45:16.98275+00,7865,65.7,8416,2025-04-21 22:45:15.385,
8031,2025-04-21 22:45:05.392454+00,8022.5,65.33,8415,2025-04-21 22:45:03.795,
8030,2025-04-21 22:44:53.795866+00,8160,65.45,8414,2025-04-21 22:44:52.195,
8029,2025-04-21 22:44:42.196184+00,7636.25,65.45,8413,2025-04-21 22:44:40.595,
8028,2025-04-21 22:44:30.599034+00,8023.75,65.7,8412,2025-04-21 22:44:28.915,
8027,2025-04-21 22:44:18.910347+00,7835,65.45,8411,2025-04-21 22:44:17.285,
8026,2025-04-21 22:44:07.282657+00,7272.5,65.21,8410,2025-04-21 22:44:05.645,
8025,2025-04-21 22:43:55.651416+00,7750,65.21,8409,2025-04-21 22:43:54.025,
8024,2025-04-21 22:43:44.029252+00,6688.75,65.33,8408,2025-04-21 22:43:42.325,
8023,2025-04-21 22:43:32.324361+00,6982.5,65.33,8407,2025-04-21 22:43:30.685,
8022,2025-04-21 22:43:20.688685+00,7607.5,65.45,8406,2025-04-21 22:43:19.115,
8021,2025-04-21 22:43:09.121312+00,7585,65.33,8405,2025-04-21 22:43:07.505,
8020,2025-04-21 22:42:57.508065+00,7236.25,65.45,8404,2025-04-21 22:42:55.905,
8019,2025-04-21 22:42:45.899617+00,7603.75,65.33,8403,2025-04-21 22:42:44.195,
8018,2025-04-21 22:42:34.198431+00,7823.75,65.21,8402,2025-04-21 22:42:32.615,
8017,2025-04-21 22:42:22.542112+00,7131.25,65.09,8401,2025-04-21 22:42:20.935,
8016,2025-04-21 22:42:10.942076+00,7450,64.97,8400,2025-04-21 22:42:09.225,
8015,2025-04-21 22:41:59.234116+00,7737.5,64.97,8399,2025-04-21 22:41:57.645,
8014,2025-04-21 22:41:47.651407+00,7502.5,64.97,8398,2025-04-21 22:41:46.045,
8013,2025-04-21 22:41:36.042873+00,7387.5,64.97,8397,2025-04-21 22:41:34.405,
8012,2025-04-21 22:41:24.394329+00,7951.25,65.09,8396,2025-04-21 22:41:22.605,
8011,2025-04-21 22:41:12.538572+00,7790,64.85,8395,2025-04-21 22:41:10.935,
8010,2025-04-21 22:41:00.935203+00,7623.75,64.85,8394,2025-04-21 22:40:59.265,
8009,2025-04-21 22:40:49.257059+00,7116.25,64.73,8393,2025-04-21 22:40:47.655,
8008,2025-04-21 22:40:37.650073+00,7388.75,64.73,8392,2025-04-21 22:40:36.065,
8007,2025-04-21 22:40:26.050213+00,7696.25,64.73,8391,2025-04-21 22:40:24.435,
8006,2025-04-21 22:40:14.431911+00,6983.75,64.48,8390,2025-04-21 22:40:12.681,
8005,2025-04-21 22:40:02.726988+00,7392.5,64.73,8389,2025-04-21 22:40:01.041,
8004,2025-04-21 22:39:51.099815+00,7005,64.48,8388,2025-04-21 22:39:49.451,
8003,2025-04-21 22:39:39.507495+00,7463.75,64.48,8387,2025-04-21 22:39:37.751,
8002,2025-04-21 22:39:27.804221+00,7390,64.36,8386,2025-04-21 22:39:26.171,
8001,2025-04-21 22:39:16.227397+00,7355,64.48,8385,2025-04-21 22:39:14.511,
8000,2025-04-21 22:39:04.569193+00,7222.5,64.73,8384,2025-04-21 22:39:02.941,
7999,2025-04-21 22:38:52.999255+00,7336.25,64.85,8383,2025-04-21 22:38:51.361,
7998,2025-04-21 22:38:41.412105+00,7057.5,64.85,8382,2025-04-21 22:38:39.761,
7997,2025-04-21 22:38:29.816855+00,6937.5,64.85,8381,2025-04-21 22:38:28.131,
7996,2025-04-21 22:38:18.182836+00,7398.75,64.73,8380,2025-04-21 22:38:16.501,
7995,2025-04-21 22:38:06.547634+00,8033.75,64.73,8379,2025-04-21 22:38:04.841,
7994,2025-04-21 22:37:54.873095+00,6812.5,64.85,8378,2025-04-21 22:37:53.151,
7993,2025-04-21 22:37:43.178822+00,7618.75,64.97,8377,2025-04-21 22:37:41.451,
7992,2025-04-21 22:37:31.5036+00,7876.25,64.97,8376,2025-04-21 22:37:29.751,
7991,2025-04-21 22:37:19.797645+00,7453.75,64.85,8375,2025-04-21 22:37:18.131,
7990,2025-04-21 22:37:08.178019+00,7757.5,65.09,8374,2025-04-21 22:37:06.521,
7989,2025-04-21 22:36:56.575725+00,6908.75,64.73,8373,2025-04-21 22:36:54.921,
7988,2025-04-21 22:36:44.947178+00,7753.75,64.85,8372,2025-04-21 22:36:43.271,
7987,2025-04-21 22:36:33.318362+00,8025,65.09,8371,2025-04-21 22:36:31.681,
7986,2025-04-21 22:36:21.714193+00,7177.5,64.73,8370,2025-04-21 22:36:20.051,
7985,2025-04-21 22:36:10.100053+00,7711.25,65.21,8369,2025-04-21 22:36:08.471,
7984,2025-04-21 22:35:58.436309+00,7146.25,65.09,8368,2025-04-21 22:35:56.761,
7983,2025-04-21 22:35:46.808571+00,7795,65.09,8367,2025-04-21 22:35:45.051,
7982,2025-04-21 22:35:35.057397+00,7167.5,65.09,8366,2025-04-21 22:35:33.401,
7981,2025-04-21 22:35:23.432234+00,7721.25,64.97,8365,2025-04-21 22:35:21.771,
7980,2025-04-21 22:35:11.809429+00,7440,65.21,8364,2025-04-21 22:35:10.141,
7979,2025-04-21 22:35:00.17452+00,7055,65.21,8363,2025-04-21 22:34:58.531,
7978,2025-04-21 22:34:48.581531+00,7206.25,65.21,8362,2025-04-21 22:34:46.891,
7977,2025-04-21 22:34:36.917907+00,7667.5,65.33,8361,2025-04-21 22:34:35.221,
7976,2025-04-21 22:34:25.261262+00,7282.5,65.33,8360,2025-04-21 22:34:23.551,
7975,2025-04-21 22:34:13.604018+00,7026.25,65.33,8359,2025-04-21 22:34:11.951,
7974,2025-04-21 22:34:01.982144+00,7527.5,65.21,8358,2025-04-21 22:34:00.221,
7973,2025-04-21 22:33:50.272317+00,7237.5,65.21,8357,2025-04-21 22:33:48.651,
7972,2025-04-21 22:33:38.698914+00,7803.75,65.09,8356,2025-04-21 22:33:37.031,
7971,2025-04-21 22:33:27.08117+00,7736.25,64.85,8355,2025-04-21 22:33:25.421,
7970,2025-04-21 22:33:15.463907+00,7451.25,65.21,8354,2025-04-21 22:33:13.811,
7969,2025-04-21 22:33:03.853169+00,7012.5,64.97,8353,2025-04-21 22:33:02.201,
7968,2025-04-21 22:32:52.252079+00,7386.25,65.45,8352,2025-04-21 22:32:50.591,
7967,2025-04-21 22:32:40.644163+00,7106.25,65.21,8351,2025-04-21 22:32:39.007,
7966,2025-04-21 22:32:29.043466+00,7586.25,65.21,8350,2025-04-21 22:32:27.381,
7965,2025-04-21 22:32:17.435935+00,6958.75,65.21,8349,2025-04-21 22:32:15.801,
7964,2025-04-21 22:32:05.857497+00,7682.5,65.33,8348,2025-04-21 22:32:04.201,
7963,2025-04-21 22:31:54.246495+00,7527.5,65.09,8347,2025-04-21 22:31:52.511,
7962,2025-04-21 22:31:42.539986+00,7535,65.33,8346,2025-04-21 22:31:40.891,
7961,2025-04-21 22:31:30.944253+00,7927.5,65.33,8345,2025-04-21 22:31:29.301,
7960,2025-04-21 22:31:19.350746+00,6978.75,65.21,8344,2025-04-21 22:31:17.691,
7959,2025-04-21 22:31:07.742131+00,7892.5,65.21,8343,2025-04-21 22:31:05.961,
7958,2025-04-21 22:30:56.01018+00,7541.25,65.33,8342,2025-04-21 22:30:54.361,
7957,2025-04-21 22:30:44.410087+00,7708.75,65.33,8341,2025-04-21 22:30:42.741,
7956,2025-04-21 22:30:32.786367+00,7862.5,65.23,8340,2025-04-21 22:30:31.001,
7955,2025-04-21 22:30:21.025237+00,7540,65.58,8339,2025-04-21 22:30:19.381,
7954,2025-04-21 22:30:09.435967+00,7922.5,65.33,8338,2025-04-21 22:30:07.761,
7953,2025-04-21 22:29:57.796767+00,7541.25,65.33,8337,2025-04-21 22:29:56.131,
7952,2025-04-21 22:29:46.177826+00,7501.25,65.33,8336,2025-04-21 22:29:44.511,
7951,2025-04-21 22:29:34.560415+00,7580,65.33,8335,2025-04-21 22:29:32.931,
7950,2025-04-21 22:29:22.963078+00,7725,65.33,8334,2025-04-21 22:29:21.291,
7949,2025-04-21 22:29:11.34328+00,7486.25,65.21,8333,2025-04-21 22:29:09.701,
7948,2025-04-21 22:28:59.752499+00,7976.25,65.45,8332,2025-04-21 22:28:58.111,
7947,2025-04-21 22:28:48.151337+00,7878.75,65.45,8331,2025-04-21 22:28:46.521,
7946,2025-04-21 22:28:36.571052+00,7560,65.33,8330,2025-04-21 22:28:34.921,
7945,2025-04-21 22:28:24.969334+00,7193.75,65.09,8329,2025-04-21 22:28:23.251,
7944,2025-04-21 22:28:13.291993+00,6818.75,65.21,8328,2025-04-21 22:28:11.651,
7943,2025-04-21 22:28:01.696029+00,7440,65.45,8327,2025-04-21 22:28:00.031,
7942,2025-04-21 22:27:50.079167+00,7786.25,65.45,8326,2025-04-21 22:27:48.411,
7941,2025-04-21 22:27:38.458549+00,7892.5,65.45,8325,2025-04-21 22:27:36.841,
7940,2025-04-21 22:27:26.890065+00,7505,65.45,8324,2025-04-21 22:27:25.221,
7939,2025-04-21 22:27:15.267549+00,7083.75,65.45,8323,2025-04-21 22:27:13.621,
7938,2025-04-21 22:27:03.675213+00,7340,65.45,8322,2025-04-21 22:27:01.971,
7937,2025-04-21 22:26:52.00902+00,7601.25,65.33,8321,2025-04-21 22:26:50.341,
7936,2025-04-21 22:26:40.386089+00,7712.5,65.45,8320,2025-04-21 22:26:38.761,
7935,2025-04-21 22:26:28.816968+00,7435,65.58,8319,2025-04-21 22:26:27.161,
7934,2025-04-21 22:26:17.202355+00,7487.5,65.58,8318,2025-04-21 22:26:15.561,
7933,2025-04-21 22:26:05.602644+00,7181.25,65.45,8317,2025-04-21 22:26:03.951,
7932,2025-04-21 22:25:53.997633+00,7631.25,65.33,8316,2025-04-21 22:25:52.371,
7931,2025-04-21 22:25:42.418557+00,7356.25,65.21,8315,2025-04-21 22:25:40.801,
7930,2025-04-21 22:25:30.850149+00,7691.25,65.21,8314,2025-04-21 22:25:29.141,
7929,2025-04-21 22:25:19.186957+00,7690,65.21,8313,2025-04-21 22:25:17.421,
7928,2025-04-21 22:25:07.460211+00,7453.75,65.21,8312,2025-04-21 22:25:05.791,
7927,2025-04-21 22:24:55.467794+00,7721.25,65.33,8311,2025-04-21 22:24:53.831,
7926,2025-04-21 22:24:43.877061+00,7872.5,65.33,8310,2025-04-21 22:24:42.241,
7925,2025-04-21 22:24:32.285664+00,7567.5,65.21,8309,2025-04-21 22:24:30.591,
7924,2025-04-21 22:24:20.631637+00,7373.75,65.33,8308,2025-04-21 22:24:18.971,
7923,2025-04-21 22:24:09.018373+00,7515,65.21,8307,2025-04-21 22:24:07.371,
7922,2025-04-21 22:23:57.409996+00,7841.25,65.33,8306,2025-04-21 22:23:55.781,
7921,2025-04-21 22:23:45.826222+00,7197.5,65.21,8305,2025-04-21 22:23:44.161,
7920,2025-04-21 22:23:34.196201+00,7202.5,65.21,8304,2025-04-21 22:23:32.451,
7919,2025-04-21 22:23:22.493397+00,7887.5,65.21,8303,2025-04-21 22:23:20.831,
7918,2025-04-21 22:23:10.870426+00,7747.5,65.33,8302,2025-04-21 22:23:09.171,
7917,2025-04-21 22:22:59.208567+00,7816.25,65.33,8301,2025-04-21 22:22:57.331,
7916,2025-04-21 22:22:47.362985+00,6752.5,65.33,8300,2025-04-21 22:22:45.661,
7915,2025-04-21 22:22:35.707525+00,8087.5,65.33,8299,2025-04-21 22:22:34.021,
7914,2025-04-21 22:22:24.070826+00,7323.75,65.21,8298,2025-04-21 22:22:22.421,
7913,2025-04-21 22:22:12.466551+00,7522.5,65.09,8297,2025-04-21 22:22:10.701,
7912,2025-04-21 22:22:00.648973+00,7581.25,65.7,8296,2025-04-21 22:21:58.941,
7911,2025-04-21 22:21:48.971768+00,7497.5,65.21,8295,2025-04-21 22:21:47.221,
7910,2025-04-21 22:21:37.257687+00,7485,65.45,8294,2025-04-21 22:21:35.621,
7909,2025-04-21 22:21:25.665536+00,7513.75,65.33,8293,2025-04-21 22:21:24.021,
7908,2025-04-21 22:21:14.048866+00,6818.75,65.45,8292,2025-04-21 22:21:12.391,
7907,2025-04-21 22:21:02.430563+00,7701.25,65.33,8291,2025-04-21 22:21:00.781,
7906,2025-04-21 22:20:50.811708+00,7150,65.45,8290,2025-04-21 22:20:49.151,
7905,2025-04-21 22:20:39.192259+00,7636.25,65.45,8289,2025-04-21 22:20:37.481,
7904,2025-04-21 22:20:27.519079+00,7750,65.58,8288,2025-04-21 22:20:25.851,
7903,2025-04-21 22:20:15.900194+00,7472.5,65.45,8287,2025-04-21 22:20:14.251,
7902,2025-04-21 22:20:04.298059+00,7676.25,65.58,8286,2025-04-21 22:20:02.571,
7901,2025-04-21 22:19:52.605049+00,7702.5,65.45,8285,2025-04-21 22:19:50.921,
7900,2025-04-21 22:19:40.969575+00,7596.25,65.58,8284,2025-04-21 22:19:39.361,
7899,2025-04-21 22:19:29.402033+00,7365,65.45,8283,2025-04-21 22:19:27.751,
7898,2025-04-21 22:19:17.65234+00,7066.25,65.47,8282,2025-04-21 22:19:16.001,
7897,2025-04-21 22:19:06.032924+00,7577.5,65.58,8281,2025-04-21 22:19:04.321,
7896,2025-04-21 22:18:54.345422+00,7755,65.7,8280,2025-04-21 22:18:52.691,
7895,2025-04-21 22:18:42.733173+00,8083.75,65.7,8279,2025-04-21 22:18:41.081,
7894,2025-04-21 22:18:31.114582+00,7708.75,65.58,8278,2025-04-21 22:18:29.391,
7893,2025-04-21 22:18:19.417612+00,7688.75,65.33,8277,2025-04-21 22:18:17.691,
7892,2025-04-21 22:18:07.727971+00,7635,65.58,8276,2025-04-21 22:18:06.081,
7891,2025-04-21 22:17:56.128706+00,7586.25,65.58,8275,2025-04-21 22:17:54.501,
7890,2025-04-21 22:17:44.536014+00,7860,65.58,8274,2025-04-21 22:17:42.911,
7889,2025-04-21 22:17:32.951118+00,8043.75,65.7,8273,2025-04-21 22:17:31.341,
7888,2025-04-21 22:17:21.382441+00,7685,65.45,8272,2025-04-21 22:17:19.731,
7887,2025-04-21 22:17:09.775167+00,7782.5,65.58,8271,2025-04-21 22:17:08.111,
7886,2025-04-21 22:16:58.144348+00,7731.25,65.45,8270,2025-04-21 22:16:56.471,
7885,2025-04-21 22:16:46.518242+00,7511.25,65.45,8269,2025-04-21 22:16:44.861,
7884,2025-04-21 22:16:34.894395+00,7731.25,65.45,8268,2025-04-21 22:16:33.161,
7883,2025-04-21 22:16:23.206106+00,6757.5,65.33,8267,2025-04-21 22:16:21.561,
7882,2025-04-21 22:16:11.592857+00,7543.75,65.33,8266,2025-04-21 22:16:09.961,
7881,2025-04-21 22:15:59.991379+00,7736.25,65.09,8265,2025-04-21 22:15:58.371,
7880,2025-04-21 22:15:48.410554+00,7242.5,64.85,8264,2025-04-21 22:15:46.801,
7879,2025-04-21 22:15:36.84214+00,7073.75,64.85,8263,2025-04-21 22:15:35.181,
7878,2025-04-21 22:15:25.087813+00,7517.5,65.21,8262,2025-04-21 22:15:23.411,
7877,2025-04-21 22:15:13.439183+00,7708.75,65.21,8261,2025-04-21 22:15:11.751,
7876,2025-04-21 22:15:01.787175+00,7471.25,65.33,8260,2025-04-21 22:15:00.131,
7875,2025-04-21 22:14:50.170684+00,7677.5,65.33,8259,2025-04-21 22:14:48.461,
7874,2025-04-21 22:14:38.505745+00,7625,65.58,8258,2025-04-21 22:14:36.861,
7873,2025-04-21 22:14:26.8999+00,7606.25,65.33,8257,2025-04-21 22:14:25.271,
7872,2025-04-21 22:14:15.303526+00,7621.25,65.21,8256,2025-04-21 22:14:13.671,
7871,2025-04-21 22:14:03.714642+00,7582.5,65.45,8255,2025-04-21 22:14:02.101,
7870,2025-04-21 22:13:52.146003+00,7645,65.33,8254,2025-04-21 22:13:50.501,
7869,2025-04-21 22:13:40.541309+00,7275,65.33,8253,2025-04-21 22:13:38.891,
7868,2025-04-21 22:13:28.892754+00,7670,65.58,8252,2025-04-21 22:13:27.221,
7867,2025-04-21 22:13:17.255293+00,7026.25,65.45,8251,2025-04-21 22:13:15.591,
7866,2025-04-21 22:13:05.633766+00,7382.5,65.58,8250,2025-04-21 22:13:03.931,
7865,2025-04-21 22:12:53.969765+00,7583.75,65.45,8249,2025-04-21 22:12:52.311,
7864,2025-04-21 22:12:42.352667+00,7892.5,65.45,8248,2025-04-21 22:12:40.691,
7863,2025-04-21 22:12:30.729686+00,7710,65.7,8247,2025-04-21 22:12:29.101,
7862,2025-04-21 22:12:19.144108+00,7192.5,65.7,8246,2025-04-21 22:12:17.511,
7861,2025-04-21 22:12:07.551884+00,7672.5,65.7,8245,2025-04-21 22:12:05.871,
7860,2025-04-21 22:11:55.916249+00,7726.25,65.59,8244,2025-04-21 22:11:54.291,
7859,2025-04-21 22:11:44.332316+00,8051.25,65.45,8243,2025-04-21 22:11:42.661,
7858,2025-04-21 22:11:32.674889+00,7417.5,65.58,8242,2025-04-21 22:11:31.001,
7857,2025-04-21 22:11:21.044452+00,7690,65.45,8241,2025-04-21 22:11:19.301,
7856,2025-04-21 22:11:09.330199+00,7423.75,65.45,8240,2025-04-21 22:11:07.691,
7855,2025-04-21 22:10:57.725381+00,7213.75,65.58,8239,2025-04-21 22:10:56.061,
7854,2025-04-21 22:10:46.080102+00,7553.75,65.45,8238,2025-04-21 22:10:44.441,
7853,2025-04-21 22:10:34.46921+00,7942.5,65.45,8237,2025-04-21 22:10:32.821,
7852,2025-04-21 22:10:22.827377+00,7236.25,65.45,8236,2025-04-21 22:10:21.181,
7851,2025-04-21 22:10:11.207665+00,7680,65.33,8235,2025-04-21 22:10:09.571,
7850,2025-04-21 22:09:59.59993+00,7256.25,65.21,8234,2025-04-21 22:09:57.981,
7849,2025-04-21 22:09:48.019987+00,7438.75,65.33,8233,2025-04-21 22:09:46.321,
7848,2025-04-21 22:09:36.354412+00,7500,65.45,8232,2025-04-21 22:09:34.621,
7847,2025-04-21 22:09:24.656538+00,7891.25,65.58,8231,2025-04-21 22:09:22.981,
7846,2025-04-21 22:09:13.014263+00,7761.25,65.58,8230,2025-04-21 22:09:11.311,
7845,2025-04-21 22:09:01.353805+00,7890,65.21,8229,2025-04-21 22:08:59.591,
7844,2025-04-21 22:08:49.612581+00,7513.75,65.45,8228,2025-04-21 22:08:47.971,
7843,2025-04-21 22:08:38.012913+00,8086.25,65.33,8227,2025-04-21 22:08:36.391,
7842,2025-04-21 22:08:26.42624+00,7318.75,65.21,8226,2025-04-21 22:08:24.791,
7841,2025-04-21 22:08:14.825435+00,7820,65.21,8225,2025-04-21 22:08:13.171,
7840,2025-04-21 22:08:03.189743+00,7466.25,65.33,8224,2025-04-21 22:08:01.541,
7839,2025-04-21 22:07:51.579825+00,7557.5,65.33,8223,2025-04-21 22:07:49.931,
7838,2025-04-21 22:07:39.962575+00,7626.25,65.21,8222,2025-04-21 22:07:38.321,
7837,2025-04-21 22:07:28.355822+00,7538.75,65.21,8221,2025-04-21 22:07:26.721,
7836,2025-04-21 22:07:16.764493+00,7585,65.09,8220,2025-04-21 22:07:15.141,
7835,2025-04-21 22:07:05.176278+00,7653.75,65.33,8219,2025-04-21 22:07:03.551,
7834,2025-04-21 22:06:53.582249+00,7686.25,65.33,8218,2025-04-21 22:06:51.941,
7833,2025-04-21 22:06:41.983677+00,7777.5,65.09,8217,2025-04-21 22:06:40.351,
7832,2025-04-21 22:06:30.383143+00,6987.5,65.09,8216,2025-04-21 22:06:28.761,
7831,2025-04-21 22:06:18.799185+00,7761.25,65.21,8215,2025-04-21 22:06:17.171,
7830,2025-04-21 22:06:07.201912+00,6991.25,65.33,8214,2025-04-21 22:06:05.521,
7829,2025-04-21 22:05:55.561453+00,7422.5,65.21,8213,2025-04-21 22:05:53.891,
7828,2025-04-21 22:05:43.933083+00,6871.25,65.45,8212,2025-04-21 22:05:42.311,
7827,2025-04-21 22:05:32.329574+00,7511.25,65.33,8211,2025-04-21 22:05:30.711,
7826,2025-04-21 22:05:20.746132+00,7445,65.21,8210,2025-04-21 22:05:19.011,
7825,2025-04-21 22:05:09.046126+00,7306.25,65.45,8209,2025-04-21 22:05:07.381,
7824,2025-04-21 22:04:57.416593+00,7435,65.33,8208,2025-04-21 22:04:55.771,
7823,2025-04-21 22:04:45.813906+00,7222.5,64.97,8207,2025-04-21 22:04:44.191,
7822,2025-04-21 22:04:34.192328+00,7567.5,65.09,8206,2025-04-21 22:04:32.531,
7821,2025-04-21 22:04:22.567681+00,7590,64.97,8205,2025-04-21 22:04:20.911,
7820,2025-04-21 22:04:10.929478+00,7492.5,64.97,8204,2025-04-21 22:04:09.291,
7819,2025-04-21 22:03:59.29468+00,6780,65.09,8203,2025-04-21 22:03:57.661,
7818,2025-04-21 22:03:47.695882+00,7691.25,64.85,8202,2025-04-21 22:03:46.047,
7817,2025-04-21 22:03:36.033156+00,7598.75,65.21,8201,2025-04-21 22:03:34.331,
7816,2025-04-21 22:03:24.362407+00,7326.25,65.33,8200,2025-04-21 22:03:22.741,
7815,2025-04-21 22:03:12.774404+00,7753.75,65.09,8199,2025-04-21 22:03:11.121,
7814,2025-04-21 22:03:01.144842+00,7402.5,65.33,8198,2025-04-21 22:02:59.511,
7813,2025-04-21 22:02:49.552156+00,7602.5,65.45,8197,2025-04-21 22:02:47.931,
7812,2025-04-21 22:02:37.966841+00,7623.75,65.09,8196,2025-04-21 22:02:36.321,
7811,2025-04-21 22:02:26.357722+00,7891.25,65.21,8195,2025-04-21 22:02:24.731,
7810,2025-04-21 22:02:14.77001+00,7440,65.58,8194,2025-04-21 22:02:13.141,
7809,2025-04-21 22:02:03.171452+00,7340,65.58,8193,2025-04-21 22:02:01.511,
7808,2025-04-21 22:01:51.545093+00,7728.75,65.33,8192,2025-04-21 22:01:49.931,
7807,2025-04-21 22:01:39.965264+00,7913.75,65.33,8191,2025-04-21 22:01:38.291,
7806,2025-04-21 22:01:28.323244+00,7257.5,65.21,8190,2025-04-21 22:01:26.611,
7805,2025-04-21 22:01:16.646667+00,7541.25,65.33,8189,2025-04-21 22:01:14.981,
7804,2025-04-21 22:01:05.015142+00,7303.75,65.45,8188,2025-04-21 22:01:03.351,
7803,2025-04-21 22:00:53.383133+00,7561.25,65.45,8187,2025-04-21 22:00:51.711,
7802,2025-04-21 22:00:41.742967+00,7367.5,65.21,8186,2025-04-21 22:00:40.001,
7801,2025-04-21 22:00:30.030249+00,7183.75,65.45,8185,2025-04-21 22:00:28.321,
7800,2025-04-21 22:00:18.34805+00,7386.25,65.21,8184,2025-04-21 22:00:16.701,
7799,2025-04-21 22:00:06.71828+00,8128.75,65.21,8183,2025-04-21 22:00:05.031,
7798,2025-04-21 21:59:55.068406+00,7748.75,65.33,8182,2025-04-21 21:59:53.461,
7797,2025-04-21 21:59:43.493908+00,7601.25,65.58,8181,2025-04-21 21:59:41.781,
7796,2025-04-21 21:59:31.793096+00,7093.75,65.21,8180,2025-04-21 21:59:30.161,
7795,2025-04-21 21:59:20.185172+00,7583.75,65.21,8179,2025-04-21 21:59:18.531,
7794,2025-04-21 21:59:08.561309+00,6886.25,65.45,8178,2025-04-21 21:59:06.751,
7793,2025-04-21 21:58:56.764266+00,7312.5,65.21,8177,2025-04-21 21:58:54.996,
7792,2025-04-21 21:58:44.664894+00,7508.75,65.58,8176,2025-04-21 21:58:42.631,
7791,2025-04-21 21:58:32.545785+00,7022.5,65.21,8175,2025-04-21 21:58:30.701,
7790,2025-04-21 21:58:20.744361+00,7663.75,65.33,8174,2025-04-21 21:58:19.081,
7789,2025-04-21 21:58:09.117512+00,7503.75,65.21,8173,2025-04-21 21:58:07.431,
7788,2025-04-21 21:57:57.463107+00,7217.5,65.45,8172,2025-04-21 21:57:55.811,
7787,2025-04-21 21:57:45.835325+00,7722.5,65.58,8171,2025-04-21 21:57:44.171,
7786,2025-04-21 21:57:34.203027+00,6957.5,65.33,8170,2025-04-21 21:57:32.571,
7785,2025-04-21 21:57:22.605449+00,7223.75,65.21,8169,2025-04-21 21:57:20.931,
7784,2025-04-21 21:57:10.974199+00,7837.5,65.21,8168,2025-04-21 21:57:09.291,
7783,2025-04-21 21:56:59.300895+00,7568.75,65.21,8167,2025-04-21 21:56:57.531,
7782,2025-04-21 21:56:47.556628+00,7307.5,65.21,8166,2025-04-21 21:56:45.901,
7781,2025-04-21 21:56:35.926385+00,7521.25,65.09,8165,2025-04-21 21:56:34.291,
7780,2025-04-21 21:56:24.321264+00,7780,64.97,8164,2025-04-21 21:56:22.601,
7779,2025-04-21 21:56:12.56494+00,7563.75,64.97,8163,2025-04-21 21:56:10.791,
7778,2025-04-21 21:56:00.815947+00,7468.75,65.21,8162,2025-04-21 21:55:59.121,
7777,2025-04-21 21:55:49.149429+00,7641.25,64.73,8161,2025-04-21 21:55:47.531,
7776,2025-04-21 21:55:37.56158+00,6925,64.97,8160,2025-04-21 21:55:35.771,
7775,2025-04-21 21:55:25.808841+00,7582.5,65.21,8159,2025-04-21 21:55:24.091,
7774,2025-04-21 21:55:14.036183+00,7791.25,65.21,8158,2025-04-21 21:55:12.046,
7773,2025-04-21 21:55:02.074962+00,7216.25,64.97,8157,2025-04-21 21:55:00.041,
7772,2025-04-21 21:54:50.079255+00,7732.5,65.21,8156,2025-04-21 21:54:48.421,
7771,2025-04-21 21:54:38.454611+00,7626.25,65.58,8155,2025-04-21 21:54:36.821,
7770,2025-04-21 21:54:26.852916+00,7612.5,65.21,8154,2025-04-21 21:54:25.111,
7769,2025-04-21 21:54:15.147636+00,7470,64.97,8153,2025-04-21 21:54:13.491,
7768,2025-04-21 21:54:03.517088+00,7378.75,65.09,8152,2025-04-21 21:54:01.851,
7767,2025-04-21 21:53:51.872532+00,7723.75,64.97,8151,2025-04-21 21:53:50.051,
7766,2025-04-21 21:53:40.083081+00,7513.75,64.97,8150,2025-04-21 21:53:38.401,
7765,2025-04-21 21:53:28.428145+00,7575,64.73,8149,2025-04-21 21:53:26.651,
7764,2025-04-21 21:53:16.675545+00,7611.25,65.09,8148,2025-04-21 21:53:14.951,
7763,2025-04-21 21:53:04.989801+00,7035,65.09,8147,2025-04-21 21:53:03.321,
7762,2025-04-21 21:52:53.353356+00,7373.75,65.09,8146,2025-04-21 21:52:50.201,
7761,2025-04-21 21:52:40.231845+00,6787.5,64.73,8145,2025-04-21 21:52:38.541,
7760,2025-04-21 21:52:28.56074+00,7471.25,64.85,8144,2025-04-21 21:52:26.891,
7759,2025-04-21 21:52:16.923239+00,7465,64.73,8143,2025-04-21 21:52:15.271,
7758,2025-04-21 21:52:05.287958+00,7866.25,65.09,8142,2025-04-21 21:52:03.471,
7757,2025-04-21 21:51:53.509123+00,7573.75,64.97,8141,2025-04-21 21:51:51.871,
7756,2025-04-21 21:51:41.888616+00,7560,65.21,8140,2025-04-21 21:51:40.251,
7755,2025-04-21 21:51:30.286354+00,7623.75,65.09,8139,2025-04-21 21:51:28.471,
7754,2025-04-21 21:51:18.498893+00,7593.75,65.09,8138,2025-04-21 21:51:16.811,
7753,2025-04-21 21:51:06.839575+00,6893.75,65.09,8137,2025-04-21 21:51:05.231,
7752,2025-04-21 21:50:55.265089+00,7318.75,65.09,8136,2025-04-21 21:50:53.581,
7751,2025-04-21 21:50:43.601265+00,7428.75,64.97,8135,2025-04-21 21:50:41.911,
7750,2025-04-21 21:50:31.944365+00,7736.25,65.09,8134,2025-04-21 21:50:30.281,
7749,2025-04-21 21:50:20.307492+00,7382.5,65.09,8133,2025-04-21 21:50:18.541,
7748,2025-04-21 21:50:08.564085+00,7838.75,65.21,8132,2025-04-21 21:50:06.841,
7747,2025-04-21 21:49:56.871247+00,6922.5,64.97,8131,2025-04-21 21:49:55.231,
7746,2025-04-21 21:49:45.263727+00,7155,65.09,8130,2025-04-21 21:49:43.451,
7745,2025-04-21 21:49:33.478416+00,7412.5,65.45,8129,2025-04-21 21:49:31.781,
7744,2025-04-21 21:49:21.81703+00,7541.25,65.33,8128,2025-04-21 21:49:20.171,
7743,2025-04-21 21:49:10.202556+00,7263.75,65.45,8127,2025-04-21 21:49:08.591,
7742,2025-04-21 21:48:58.623043+00,7073.75,65.21,8126,2025-04-21 21:48:56.951,
7741,2025-04-21 21:48:46.967687+00,7412.5,65.21,8125,2025-04-21 21:48:45.281,
7740,2025-04-21 21:48:35.306514+00,7478.75,65.33,8124,2025-04-21 21:48:33.561,
7739,2025-04-21 21:48:23.586396+00,7290,65.09,8123,2025-04-21 21:48:21.911,
7738,2025-04-21 21:48:11.942531+00,7615,65.21,8122,2025-04-21 21:48:10.271,
7737,2025-04-21 21:48:00.305391+00,7517.5,65.33,8121,2025-04-21 21:47:58.521,
7736,2025-04-21 21:47:48.551011+00,6986.25,65.58,8120,2025-04-21 21:47:46.911,
7735,2025-04-21 21:47:36.939807+00,7570,65.33,8119,2025-04-21 21:47:35.251,
7734,2025-04-21 21:47:25.260257+00,7330,65.45,8118,2025-04-21 21:47:23.631,
7733,2025-04-21 21:47:13.662994+00,7598.75,65.58,8117,2025-04-21 21:47:11.931,
7732,2025-04-21 21:47:01.963223+00,7601.25,65.45,8116,2025-04-21 21:47:00.341,
7731,2025-04-21 21:46:50.360644+00,7205,65.45,8115,2025-04-21 21:46:48.541,
7730,2025-04-21 21:46:38.57408+00,7232.5,65.33,8114,2025-04-21 21:46:36.901,
7729,2025-04-21 21:46:26.932031+00,7328.75,65.58,8113,2025-04-21 21:46:25.291,
7728,2025-04-21 21:46:15.328352+00,7643.75,65.58,8112,2025-04-21 21:46:13.491,
7727,2025-04-21 21:46:03.524318+00,7478.75,65.45,8111,2025-04-21 21:46:01.901,
7726,2025-04-21 21:45:51.934779+00,6886.25,65.45,8110,2025-04-21 21:45:50.301,
7725,2025-04-21 21:45:40.292065+00,7570,65.33,8109,2025-04-21 21:45:38.581,
7724,2025-04-21 21:45:28.612468+00,7087.5,65.45,8108,2025-04-21 21:45:26.991,
7723,2025-04-21 21:45:16.984059+00,6832.5,65.58,8107,2025-04-21 21:45:15.381,
7722,2025-04-21 21:45:05.41117+00,6788.75,65.45,8106,2025-04-21 21:45:03.631,
7721,2025-04-21 21:44:53.648629+00,7402.5,65.33,8105,2025-04-21 21:44:51.981,
7720,2025-04-21 21:44:42.005644+00,7052.5,65.45,8104,2025-04-21 21:44:40.371,
7719,2025-04-21 21:44:30.389042+00,7470,64.97,8103,2025-04-21 21:44:28.731,
7718,2025-04-21 21:44:18.760868+00,6975,65.45,8102,2025-04-21 21:44:17.081,
7717,2025-04-21 21:44:07.101045+00,7783.75,65.58,8101,2025-04-21 21:44:05.461,
7716,2025-04-21 21:43:55.488971+00,7648.75,65.33,8100,2025-04-21 21:43:53.731,
7715,2025-04-21 21:43:43.760296+00,7631.25,65.58,8099,2025-04-21 21:43:42.091,
7714,2025-04-21 21:43:32.124008+00,7577.5,65.58,8098,2025-04-21 21:43:30.471,
7713,2025-04-21 21:43:20.492215+00,7703.75,65.58,8097,2025-04-21 21:43:18.751,
7712,2025-04-21 21:43:08.777172+00,7645,65.82,8096,2025-04-21 21:43:07.081,
7711,2025-04-21 21:42:57.062614+00,7668.75,65.82,8095,2025-04-21 21:42:55.321,
7710,2025-04-21 21:42:45.358202+00,7500,65.58,8094,2025-04-21 21:42:43.671,
7709,2025-04-21 21:42:33.696266+00,7647.5,65.7,8093,2025-04-21 21:42:31.881,
7708,2025-04-21 21:42:21.90983+00,7558.75,65.7,8092,2025-04-21 21:42:20.271,
7707,2025-04-21 21:42:10.303889+00,7152.5,65.7,8091,2025-04-21 21:42:08.611,
7706,2025-04-21 21:41:58.613076+00,7060,65.82,8090,2025-04-21 21:41:56.961,
7705,2025-04-21 21:41:46.971329+00,7558.75,65.45,8089,2025-04-21 21:41:45.281,
7704,2025-04-21 21:41:35.315533+00,8035,65.58,8088,2025-04-21 21:41:33.581,
7703,2025-04-21 21:41:23.51346+00,7696.25,65.58,8087,2025-04-21 21:41:21.861,
7702,2025-04-21 21:41:11.884655+00,7458.75,65.7,8086,2025-04-21 21:41:10.191,
7701,2025-04-21 21:41:00.219333+00,7386.25,65.58,8085,2025-04-21 21:40:58.601,
7700,2025-04-21 21:40:48.630079+00,7583.75,65.58,8084,2025-04-21 21:40:47.011,
7699,2025-04-21 21:40:37.040102+00,7646.25,65.58,8083,2025-04-21 21:40:35.371,
7698,2025-04-21 21:40:25.40621+00,7571.25,65.82,8082,2025-04-21 21:40:23.741,
7697,2025-04-21 21:40:13.738789+00,7487.5,65.45,8081,2025-04-21 21:40:12.039,
7696,2025-04-21 21:40:02.041651+00,7742.5,65.7,8080,2025-04-21 21:40:00.369,
7695,2025-04-21 21:39:50.376701+00,7841.25,65.58,8079,2025-04-21 21:39:48.579,
7694,2025-04-21 21:39:38.593879+00,6833.75,65.58,8078,2025-04-21 21:39:36.949,
7693,2025-04-21 21:39:26.964269+00,7675,65.45,8077,2025-04-21 21:39:25.289,
7692,2025-04-21 21:39:15.298338+00,7421.25,65.21,8076,2025-04-21 21:39:13.669,
7691,2025-04-21 21:39:03.681564+00,7523.75,65.33,8075,2025-04-21 21:39:01.949,
7690,2025-04-21 21:38:51.953649+00,7671.25,65.45,8074,2025-04-21 21:38:50.219,
7689,2025-04-21 21:38:40.22872+00,7647.5,65.45,8073,2025-04-21 21:38:38.529,
7688,2025-04-21 21:38:28.530629+00,7832.5,65.09,8072,2025-04-21 21:38:26.909,
7687,2025-04-21 21:38:16.841254+00,7586.25,65.45,8071,2025-04-21 21:38:15.139,
7686,2025-04-21 21:38:05.139234+00,6876.25,65.45,8070,2025-04-21 21:38:03.249,
7685,2025-04-21 21:37:53.25617+00,7500,65.33,8069,2025-04-21 21:37:51.539,
7684,2025-04-21 21:37:41.548215+00,7501.25,65.33,8068,2025-04-21 21:37:39.909,
7683,2025-04-21 21:37:29.870326+00,7098.75,65.45,8067,2025-04-21 21:37:28.239,
7682,2025-04-21 21:37:18.193778+00,8006.25,65.45,8066,2025-04-21 21:37:16.499,
7681,2025-04-21 21:37:06.491129+00,7873.75,65.45,8065,2025-04-21 21:37:04.829,
7680,2025-04-21 21:36:54.825874+00,7958.75,65.45,8064,2025-04-21 21:36:53.019,
7679,2025-04-21 21:36:43.019882+00,7635,65.21,8063,2025-04-21 21:36:41.379,
7678,2025-04-21 21:36:31.36423+00,7440,65.33,8062,2025-04-21 21:36:29.579,
7677,2025-04-21 21:36:19.585566+00,7433.75,65.33,8061,2025-04-21 21:36:17.789,
7676,2025-04-21 21:36:07.802556+00,7342.5,65.21,8060,2025-04-21 21:36:06.069,
7675,2025-04-21 21:35:56.041376+00,7665,64.97,8059,2025-04-21 21:35:54.339,
7674,2025-04-21 21:35:44.351037+00,7713.75,65.09,8058,2025-04-21 21:35:42.669,
7673,2025-04-21 21:35:32.68101+00,7458.75,65.21,8057,2025-04-21 21:35:30.969,
7672,2025-04-21 21:35:20.962456+00,7791.25,65.09,8056,2025-04-21 21:35:19.309,
7671,2025-04-21 21:35:09.316085+00,7323.75,65.21,8055,2025-04-21 21:35:07.649,
7670,2025-04-21 21:34:57.655736+00,7302.5,65.09,8054,2025-04-21 21:34:55.969,
7669,2025-04-21 21:34:45.982812+00,7125,65.21,8053,2025-04-21 21:34:44.329,
7668,2025-04-21 21:34:34.341677+00,7260,65.21,8052,2025-04-21 21:34:32.639,
7667,2025-04-21 21:34:22.643982+00,7015,65.09,8051,2025-04-21 21:34:20.919,
7666,2025-04-21 21:34:10.933163+00,7357.5,65.21,8050,2025-04-21 21:34:09.209,
7665,2025-04-21 21:33:59.210399+00,7387.5,65.09,8049,2025-04-21 21:33:57.549,
7664,2025-04-21 21:33:47.552154+00,7321.25,65.45,8048,2025-04-21 21:33:45.949,
7663,2025-04-21 21:33:35.948552+00,7608.75,65.33,8047,2025-04-21 21:33:34.259,
7662,2025-04-21 21:33:24.256216+00,6795,65.33,8046,2025-04-21 21:33:22.589,
7661,2025-04-21 21:33:12.587887+00,7477.5,64.97,8045,2025-04-21 21:33:10.949,
7660,2025-04-21 21:33:00.960418+00,6738.75,65.45,8044,2025-04-21 21:32:59.224,
7659,2025-04-21 21:32:49.195107+00,7743.75,65.21,8043,2025-04-21 21:32:46.613,
7658,2025-04-21 21:32:36.619816+00,7336.25,65.33,8042,2025-04-21 21:32:34.999,
7657,2025-04-21 21:32:25.006123+00,7690,65.21,8041,2025-04-21 21:32:23.409,
7656,2025-04-21 21:32:13.421612+00,6967.5,65.33,8040,2025-04-21 21:32:11.839,
7655,2025-04-21 21:32:01.848807+00,6963.75,65.45,8039,2025-04-21 21:32:00.239,
7654,2025-04-21 21:31:50.248409+00,7577.5,65.33,8038,2025-04-21 21:31:48.599,
7653,2025-04-21 21:31:38.600325+00,7220,65.33,8037,2025-04-21 21:31:36.969,
7652,2025-04-21 21:31:26.965914+00,7300,64.97,8036,2025-04-21 21:31:25.329,
7651,2025-04-21 21:31:15.345751+00,7633.75,65.21,8035,2025-04-21 21:31:13.729,
7650,2025-04-21 21:31:03.732524+00,7062.5,65.09,8034,2025-04-21 21:31:01.999,
7649,2025-04-21 21:30:51.997612+00,7355,64.61,8033,2025-04-21 21:30:50.389,
7648,2025-04-21 21:30:40.396323+00,7348.75,65.09,8032,2025-04-21 21:30:38.719,
7647,2025-04-21 21:30:28.717146+00,7323.75,65.21,8031,2025-04-21 21:30:27.109,
7646,2025-04-21 21:30:17.108828+00,7252.5,64.97,8030,2025-04-21 21:30:15.519,
7645,2025-04-21 21:30:05.528553+00,7272.5,65.09,8029,2025-04-21 21:30:03.919,
7644,2025-04-21 21:29:53.888642+00,6990,65.09,8028,2025-04-21 21:29:52.239,
7643,2025-04-21 21:29:42.239107+00,7621.25,65.09,8027,2025-04-21 21:29:40.509,
7642,2025-04-21 21:29:30.511208+00,7552.5,65.09,8026,2025-04-21 21:29:28.899,
7641,2025-04-21 21:29:18.877354+00,7722.5,65.09,8025,2025-04-21 21:29:17.189,
7640,2025-04-21 21:29:07.202215+00,7871.25,65.21,8024,2025-04-21 21:29:05.589,
7639,2025-04-21 21:28:55.585178+00,7242.5,65.33,8023,2025-04-21 21:28:53.979,
7638,2025-04-21 21:28:43.978634+00,7302.5,65.09,8022,2025-04-21 21:28:42.369,
7637,2025-04-21 21:28:32.386746+00,7046.25,65.09,8021,2025-04-21 21:28:30.799,
7636,2025-04-21 21:28:20.800358+00,7627.5,64.97,8020,2025-04-21 21:28:19.189,
7635,2025-04-21 21:28:09.201225+00,7327.5,65.09,8019,2025-04-21 21:28:07.609,
7634,2025-04-21 21:27:57.620247+00,7160,65.09,8018,2025-04-21 21:27:56.039,
7633,2025-04-21 21:27:46.03875+00,7528.75,64.97,8017,2025-04-21 21:27:44.409,
7632,2025-04-21 21:27:34.408072+00,7622.5,65.09,8016,2025-04-21 21:27:32.739,
7631,2025-04-21 21:27:22.745806+00,6632.5,65.09,8015,2025-04-21 21:27:21.149,
7630,2025-04-21 21:27:11.163934+00,7616.25,65.21,8014,2025-04-21 21:27:09.569,
7629,2025-04-21 21:26:59.581708+00,7252.5,65.33,8013,2025-04-21 21:26:57.979,
7628,2025-04-21 21:26:47.984412+00,7850,64.97,8012,2025-04-21 21:26:46.409,
7627,2025-04-21 21:26:36.17501+00,7641.25,65.09,8011,2025-04-21 21:26:34.529,
7626,2025-04-21 21:26:24.53622+00,7558.75,65.21,8010,2025-04-21 21:26:22.919,
7625,2025-04-21 21:26:12.921185+00,7410,64.97,8009,2025-04-21 21:26:11.309,
7624,2025-04-21 21:26:01.308375+00,7777.5,64.85,8008,2025-04-21 21:25:59.669,
7623,2025-04-21 21:25:49.674063+00,7280,64.85,8007,2025-04-21 21:25:47.919,
7622,2025-04-21 21:25:37.920712+00,7453.75,65.09,8006,2025-04-21 21:25:36.309,
7621,2025-04-21 21:25:26.318076+00,7292.5,64.97,8005,2025-04-21 21:25:24.739,
7620,2025-04-21 21:25:14.747197+00,7200,65.09,8004,2025-04-21 21:25:13.089,
7619,2025-04-21 21:25:03.09472+00,7422.5,65.09,8003,2025-04-21 21:25:01.469,
7618,2025-04-21 21:24:51.47751+00,7937.5,65.09,8002,2025-04-21 21:24:49.789,
7617,2025-04-21 21:24:39.791136+00,6840,65.21,8001,2025-04-21 21:24:38.189,
7616,2025-04-21 21:24:28.201824+00,7112.5,65.09,8000,2025-04-21 21:24:26.599,
7615,2025-04-21 21:24:16.588642+00,6716.25,64.97,7999,2025-04-21 21:24:15.009,
7614,2025-04-21 21:24:05.017391+00,7655,64.97,7998,2025-04-21 21:24:03.339,
7613,2025-04-21 21:23:53.352628+00,7402.5,65.33,7997,2025-04-21 21:23:51.739,
7612,2025-04-21 21:23:41.744011+00,7718.75,65.09,7996,2025-04-21 21:23:40.119,
7611,2025-04-21 21:23:30.123055+00,7262.5,65.09,7995,2025-04-21 21:23:28.539,
7610,2025-04-21 21:23:18.542111+00,7578.75,65.21,7994,2025-04-21 21:23:16.939,
7609,2025-04-21 21:23:06.948224+00,7372.5,65.21,7993,2025-04-21 21:23:05.353,
7608,2025-04-21 21:22:55.296751+00,7653.75,65.33,7992,2025-04-21 21:22:53.609,
7607,2025-04-21 21:22:43.611491+00,7718.75,65.21,7991,2025-04-21 21:22:41.779,
7606,2025-04-21 21:22:31.789946+00,7265,65.45,7990,2025-04-21 21:22:30.139,
7605,2025-04-21 21:22:20.14529+00,7636.25,65.33,7989,2025-04-21 21:22:18.439,
7604,2025-04-21 21:22:08.445474+00,7918.75,65.33,7988,2025-04-21 21:22:06.809,
7603,2025-04-21 21:21:56.813406+00,7640,65.09,7987,2025-04-21 21:21:55.179,
7602,2025-04-21 21:21:45.188074+00,7322.5,65.33,7986,2025-04-21 21:21:43.569,
7601,2025-04-21 21:21:33.57776+00,7115,65.33,7985,2025-04-21 21:21:31.979,
7600,2025-04-21 21:21:21.989616+00,7123.75,64.85,7984,2025-04-21 21:21:20.379,
7599,2025-04-21 21:21:10.383176+00,7126.25,65.33,7983,2025-04-21 21:21:08.759,
7598,2025-04-21 21:20:58.764666+00,7592.5,65.09,7982,2025-04-21 21:20:57.169,
7597,2025-04-21 21:20:47.177561+00,7726.25,65.33,7981,2025-04-21 21:20:45.559,
7596,2025-04-21 21:20:35.549341+00,7647.5,65.21,7980,2025-04-21 21:20:33.859,
7595,2025-04-21 21:20:23.863188+00,7226.25,65.58,7979,2025-04-21 21:20:22.219,
7594,2025-04-21 21:20:12.225414+00,6893.75,65.21,7978,2025-04-21 21:20:10.619,
7593,2025-04-21 21:20:00.628364+00,7436.25,65.45,7977,2025-04-21 21:19:59.019,
7592,2025-04-21 21:19:49.023492+00,7477.5,65.21,7976,2025-04-21 21:19:47.423,
7591,2025-04-21 21:19:37.420566+00,7636.25,65.21,7975,2025-04-21 21:19:35.809,
7590,2025-04-21 21:19:25.800368+00,7836.25,65.21,7974,2025-04-21 21:19:24.129,
7589,2025-04-21 21:19:14.12748+00,7917.5,65.21,7973,2025-04-21 21:19:12.529,
7588,2025-04-21 21:19:02.530328+00,7687.5,65.21,7972,2025-04-21 21:19:00.909,
7587,2025-04-21 21:18:50.917179+00,7391.25,65.21,7971,2025-04-21 21:18:49.239,
7586,2025-04-21 21:18:39.240308+00,7401.25,65.21,7970,2025-04-21 21:18:37.639,
7585,2025-04-21 21:18:27.628604+00,7817.5,65.21,7969,2025-04-21 21:18:25.989,
7584,2025-04-21 21:18:15.992841+00,7105,65.09,7968,2025-04-21 21:18:14.409,
7583,2025-04-21 21:18:04.384404+00,7358.75,64.97,7967,2025-04-21 21:18:02.789,
7582,2025-04-21 21:17:52.797224+00,7328.75,64.97,7966,2025-04-21 21:17:51.189,
7581,2025-04-21 21:17:41.195802+00,7750,65.09,7965,2025-04-21 21:17:39.559,
7580,2025-04-21 21:17:29.557483+00,7248.75,65.09,7964,2025-04-21 21:17:27.949,
7579,2025-04-21 21:17:17.943109+00,7762.5,65.09,7963,2025-04-21 21:17:16.359,
7578,2025-04-21 21:17:06.360357+00,6950,64.97,7962,2025-04-21 21:17:04.619,
7577,2025-04-21 21:16:54.623415+00,7857.5,65.21,7961,2025-04-21 21:16:52.949,
7576,2025-04-21 21:16:42.960719+00,7250,65.21,7960,2025-04-21 21:16:41.289,
7575,2025-04-21 21:16:31.129783+00,7086.25,65.09,7959,2025-04-21 21:16:29.469,
7574,2025-04-21 21:16:19.468753+00,6968.75,64.85,7958,2025-04-21 21:16:17.769,
7573,2025-04-21 21:16:07.779949+00,6593.75,64.85,7957,2025-04-21 21:16:06.129,
7572,2025-04-21 21:15:56.139799+00,7503.75,65.21,7956,2025-04-21 21:15:54.509,
7571,2025-04-21 21:15:44.521532+00,7213.75,65.09,7955,2025-04-21 21:15:42.719,
7570,2025-04-21 21:15:32.730108+00,7920,65.09,7954,2025-04-21 21:15:31.119,
7569,2025-04-21 21:15:21.110323+00,7238.75,65.33,7953,2025-04-21 21:15:19.459,
7568,2025-04-21 21:15:09.466534+00,7858.75,65.09,7952,2025-04-21 21:15:07.889,
7567,2025-04-21 21:14:57.894027+00,6766.25,65.09,7951,2025-04-21 21:14:56.289,
7566,2025-04-21 21:14:46.297927+00,7283.75,65.09,7950,2025-04-21 21:14:44.699,
7565,2025-04-21 21:14:34.710183+00,7791.25,64.97,7949,2025-04-21 21:14:33.109,
7564,2025-04-21 21:14:23.104903+00,7878.75,64.85,7948,2025-04-21 21:14:21.459,
7563,2025-04-21 21:14:11.468827+00,7948.75,65.09,7947,2025-04-21 21:14:09.879,
7562,2025-04-21 21:13:59.884623+00,7701.25,64.97,7946,2025-04-21 21:13:58.209,
7561,2025-04-21 21:13:48.220999+00,7653.75,65.21,7945,2025-04-21 21:13:46.639,
7560,2025-04-21 21:13:36.64488+00,7646.25,65.09,7944,2025-04-21 21:13:35.049,
7559,2025-04-21 21:13:25.039525+00,7435,65.33,7943,2025-04-21 21:13:23.419,
7558,2025-04-21 21:13:13.404368+00,7227.5,65.09,7942,2025-04-21 21:13:11.809,
7557,2025-04-21 21:13:01.799384+00,7281.25,65.45,7941,2025-04-21 21:13:00.199,
7556,2025-04-21 21:12:50.196446+00,7797.5,65.45,7940,2025-04-21 21:12:48.509,
7555,2025-04-21 21:12:38.514233+00,7920,65.21,7939,2025-04-21 21:12:36.909,
7554,2025-04-21 21:12:26.88081+00,6811.25,65.21,7938,2025-04-21 21:12:25.239,
7553,2025-04-21 21:12:15.239719+00,8148.75,65.33,7937,2025-04-21 21:12:13.659,
7552,2025-04-21 21:12:03.663744+00,7576.25,65.21,7936,2025-04-21 21:12:02.019,
7551,2025-04-21 21:11:52.015448+00,7058.75,65.33,7935,2025-04-21 21:11:50.389,
7550,2025-04-21 21:11:40.397683+00,7130,65.45,7934,2025-04-21 21:11:38.779,
7549,2025-04-21 21:11:28.783061+00,7821.25,65.33,7933,2025-04-21 21:11:27.179,
7548,2025-04-21 21:11:17.175783+00,7152.5,65.45,7932,2025-04-21 21:11:15.559,
7547,2025-04-21 21:11:05.568565+00,6908.75,65.45,7931,2025-04-21 21:11:03.969,
7546,2025-04-21 21:10:53.965155+00,7636.25,65.33,7930,2025-04-21 21:10:52.329,
7545,2025-04-21 21:10:42.323304+00,7468.75,65.33,7929,2025-04-21 21:10:40.699,
7544,2025-04-21 21:10:30.703296+00,8083.75,65.58,7928,2025-04-21 21:10:29.099,
7543,2025-04-21 21:10:19.089397+00,7792.5,65.33,7927,2025-04-21 21:10:17.489,
7542,2025-04-21 21:10:07.491118+00,7681.25,65.45,7926,2025-04-21 21:10:05.909,
7541,2025-04-21 21:09:55.918762+00,8007.5,65.33,7925,2025-04-21 21:09:54.309,
7540,2025-04-21 21:09:44.318107+00,7050,65.58,7924,2025-04-21 21:09:42.689,
7539,2025-04-21 21:09:32.688431+00,6865,65.21,7923,2025-04-21 21:09:31.069,
7538,2025-04-21 21:09:21.074556+00,6813.75,65.21,7922,2025-04-21 21:09:19.439,
7537,2025-04-21 21:09:09.451795+00,7840,65.21,7921,2025-04-21 21:09:07.829,
7536,2025-04-21 21:08:57.828288+00,7078.75,65.21,7920,2025-04-21 21:08:56.229,
7535,2025-04-21 21:08:46.193597+00,7528.75,65.21,7919,2025-04-21 21:08:44.579,
7534,2025-04-21 21:08:34.580889+00,7662.5,64.97,7918,2025-04-21 21:08:32.719,
7533,2025-04-21 21:08:22.724437+00,7025,66.67,7917,2025-04-21 21:08:21.139,
7532,2025-04-21 21:08:11.145215+00,7073.75,66.67,7916,2025-04-21 21:08:09.499,
7531,2025-04-21 21:07:59.503228+00,7958.75,66.67,7915,2025-04-21 21:07:57.889,
7530,2025-04-21 21:07:47.898548+00,8121.25,66.79,7914,2025-04-21 21:07:46.289,
7529,2025-04-21 21:07:36.271504+00,7123.75,66.67,7913,2025-04-21 21:07:34.599,
7528,2025-04-21 21:07:24.600522+00,7588.75,66.67,7912,2025-04-21 21:07:22.989,
7527,2025-04-21 21:07:12.989823+00,7528.75,66.55,7911,2025-04-21 21:07:11.369,
7526,2025-04-21 21:07:01.370672+00,7343.75,66.55,7910,2025-04-21 21:06:59.719,
7525,2025-04-21 21:06:49.726275+00,6970,66.42,7909,2025-04-21 21:06:48.089,
7524,2025-04-21 21:06:38.095511+00,7811.25,66.55,7908,2025-04-21 21:06:36.499,
7523,2025-04-21 21:06:26.507873+00,7788.75,66.55,7907,2025-04-21 21:06:24.869,
7522,2025-04-21 21:06:14.880098+00,8156.25,66.55,7906,2025-04-21 21:06:13.239,
7521,2025-04-21 21:06:03.255327+00,6913.75,66.67,7905,2025-04-21 21:06:01.629,
7520,2025-04-21 21:05:51.623344+00,6997.5,66.55,7904,2025-04-21 21:05:49.979,
7519,2025-04-21 21:05:39.985089+00,6747.5,66.67,7903,2025-04-21 21:05:38.394,
7518,2025-04-21 21:05:28.386752+00,7037.5,66.55,7902,2025-04-21 21:05:26.749,
7517,2025-04-21 21:05:16.748371+00,7435,66.79,7901,2025-04-21 21:05:15.139,
7516,2025-04-21 21:05:05.143816+00,7911.25,66.67,7900,2025-04-21 21:05:03.569,
7515,2025-04-21 21:04:53.576827+00,7416.25,66.79,7899,2025-04-21 21:04:51.919,
7514,2025-04-21 21:04:41.919419+00,7713.75,66.67,7898,2025-04-21 21:04:40.319,
7513,2025-04-21 21:04:30.316881+00,7618.75,66.55,7897,2025-04-21 21:04:28.709,
7512,2025-04-21 21:04:18.66056+00,7786.25,66.55,7896,2025-04-21 21:04:17.039,
7511,2025-04-21 21:04:07.045876+00,7755,66.55,7895,2025-04-21 21:04:05.449,
7510,2025-04-21 21:03:55.461125+00,7468.75,66.67,7894,2025-04-21 21:03:53.839,
7509,2025-04-21 21:03:43.845661+00,7272.5,66.67,7893,2025-04-21 21:03:42.269,
7508,2025-04-21 21:03:32.269353+00,7981.25,66.55,7892,2025-04-21 21:03:30.649,
7507,2025-04-21 21:03:20.650564+00,7150,66.42,7891,2025-04-21 21:03:19.039,
7506,2025-04-21 21:03:09.045552+00,6952.5,66.3,7890,2025-04-21 21:03:07.369,
7505,2025-04-21 21:02:57.373993+00,7721.25,66.79,7889,2025-04-21 21:02:55.769,
7504,2025-04-21 21:02:45.771905+00,7165,66.55,7888,2025-04-21 21:02:44.159,
7503,2025-04-21 21:02:34.164155+00,8048.75,66.79,7887,2025-04-21 21:02:32.529,
7502,2025-04-21 21:02:22.519766+00,7138.75,66.55,7886,2025-04-21 21:02:20.829,
7501,2025-04-21 21:02:10.833693+00,7557.5,66.67,7885,2025-04-21 21:02:09.149,
7500,2025-04-21 21:01:59.157507+00,7967.5,66.79,7884,2025-04-21 21:01:57.509,
7499,2025-04-21 21:01:47.503505+00,7511.25,66.79,7883,2025-04-21 21:01:45.909,
7498,2025-04-21 21:01:35.91416+00,6860,66.67,7882,2025-04-21 21:01:34.309,
7497,2025-04-21 21:01:24.318317+00,7375,66.67,7881,2025-04-21 21:01:22.619,
7496,2025-04-21 21:01:12.627207+00,7913.75,66.79,7880,2025-04-21 21:01:11.009,
7495,2025-04-21 21:01:01.010425+00,7383.75,66.91,7879,2025-04-21 21:00:59.399,
7494,2025-04-21 21:00:49.410028+00,7763.75,66.79,7878,2025-04-21 21:00:47.779,
7493,2025-04-21 21:00:37.747396+00,7180,66.67,7877,2025-04-21 21:00:36.129,
7492,2025-04-21 21:00:26.128937+00,7367.5,66.91,7876,2025-04-21 21:00:24.509,
7491,2025-04-21 21:00:14.514579+00,7730,66.91,7875,2025-04-21 21:00:12.849,
7490,2025-04-21 21:00:02.835189+00,7003.75,66.79,7874,2025-04-21 21:00:01.219,
7489,2025-04-21 20:59:51.226845+00,7635,66.79,7873,2025-04-21 20:59:49.589,
7488,2025-04-21 20:59:39.593867+00,7596.25,66.3,7872,2025-04-21 20:59:37.869,
7487,2025-04-21 20:59:27.868504+00,7480,66.55,7871,2025-04-21 20:59:26.269,
7486,2025-04-21 20:59:16.272585+00,6953.75,66.42,7870,2025-04-21 20:59:14.659,
7485,2025-04-21 20:59:04.665361+00,7038.75,66.67,7869,2025-04-21 20:59:03.049,
7484,2025-04-21 20:58:53.048868+00,7598.75,66.67,7868,2025-04-21 20:58:51.429,
7483,2025-04-21 20:58:41.43145+00,7720,66.55,7867,2025-04-21 20:58:39.769,
7482,2025-04-21 20:58:29.770138+00,7472.5,66.3,7866,2025-04-21 20:58:28.149,
7481,2025-04-21 20:58:18.156701+00,7215,66.42,7865,2025-04-21 20:58:16.569,
7480,2025-04-21 20:58:06.578054+00,7737.5,66.67,7864,2025-04-21 20:58:04.859,
7479,2025-04-21 20:57:54.868071+00,7332.5,66.55,7863,2025-04-21 20:57:53.189,
7478,2025-04-21 20:57:43.169504+00,7768.75,66.79,7862,2025-04-21 20:57:41.489,
7477,2025-04-21 20:57:31.492792+00,7728.75,66.91,7861,2025-04-21 20:57:29.839,
7476,2025-04-21 20:57:19.847636+00,8025,66.67,7860,2025-04-21 20:57:18.239,
7475,2025-04-21 20:57:08.242832+00,6862.5,66.91,7859,2025-04-21 20:57:06.619,
7474,2025-04-21 20:56:56.627944+00,7593.75,66.67,7858,2025-04-21 20:56:55.019,
7473,2025-04-21 20:56:45.008893+00,6915,66.79,7857,2025-04-21 20:56:43.399,
7472,2025-04-21 20:56:33.400027+00,7886.25,67.03,7856,2025-04-21 20:56:31.769,
7471,2025-04-21 20:56:21.777897+00,7508.75,66.79,7855,2025-04-21 20:56:20.149,
7470,2025-04-21 20:56:10.152482+00,7938.75,66.79,7854,2025-04-21 20:56:08.449,
7469,2025-04-21 20:55:58.452859+00,7721.25,66.67,7853,2025-04-21 20:55:56.879,
7468,2025-04-21 20:55:46.877889+00,6948.75,66.55,7852,2025-04-21 20:55:45.229,
7467,2025-04-21 20:55:35.207808+00,7006.25,66.55,7851,2025-04-21 20:55:33.609,
7466,2025-04-21 20:55:23.579285+00,7030,66.67,7850,2025-04-21 20:55:21.939,
7465,2025-04-21 20:55:11.891993+00,7390,66.91,7849,2025-04-21 20:55:10.169,
7464,2025-04-21 20:55:00.171452+00,7967.5,66.67,7848,2025-04-21 20:54:58.589,
7463,2025-04-21 20:54:48.596934+00,6885,66.79,7847,2025-04-21 20:54:46.989,
7462,2025-04-21 20:54:36.996833+00,7132.5,66.91,7846,2025-04-21 20:54:35.419,
7461,2025-04-21 20:54:25.421064+00,7518.75,66.79,7845,2025-04-21 20:54:23.799,
7460,2025-04-21 20:54:13.762742+00,7765,67.03,7844,2025-04-21 20:54:12.129,
7459,2025-04-21 20:54:02.129076+00,6887.5,66.55,7843,2025-04-21 20:54:00.529,
7458,2025-04-21 20:53:50.530102+00,7107.5,66.91,7842,2025-04-21 20:53:48.919,
7457,2025-04-21 20:53:38.921897+00,7102.5,66.91,7841,2025-04-21 20:53:37.319,
7456,2025-04-21 20:53:27.308994+00,7397.5,66.79,7840,2025-04-21 20:53:25.679,
7455,2025-04-21 20:53:15.681934+00,7350,66.67,7839,2025-04-21 20:53:14.059,
7454,2025-04-21 20:53:04.059024+00,7615,66.91,7838,2025-04-21 20:53:02.409,
7453,2025-04-21 20:52:52.408397+00,6858.75,66.67,7837,2025-04-21 20:52:50.829,
7452,2025-04-21 20:52:40.837483+00,7607.5,66.67,7836,2025-04-21 20:52:39.159,
7451,2025-04-21 20:52:29.143273+00,7000,66.79,7835,2025-04-21 20:52:27.509,
7450,2025-04-21 20:52:17.510803+00,7567.5,66.67,7834,2025-04-21 20:52:15.939,
7449,2025-04-21 20:52:05.938093+00,7673.75,66.67,7833,2025-04-21 20:52:04.309,
7448,2025-04-21 20:51:54.300596+00,7212.5,66.91,7832,2025-04-21 20:51:52.630,
7447,2025-04-21 20:51:42.617055+00,7800,66.79,7831,2025-04-21 20:51:41.029,
7446,2025-04-21 20:51:31.024216+00,7548.75,66.67,7830,2025-04-21 20:51:29.449,
7445,2025-04-21 20:51:19.450384+00,7627.5,66.55,7829,2025-04-21 20:51:17.809,
7444,2025-04-21 20:51:07.784321+00,7627.5,66.67,7828,2025-04-21 20:51:06.189,
7443,2025-04-21 20:50:56.189486+00,7358.75,66.91,7827,2025-04-21 20:50:54.523,
7442,2025-04-21 20:50:44.522167+00,7191.25,66.67,7826,2025-04-21 20:50:42.909,
7441,2025-04-21 20:50:32.911333+00,7358.75,66.55,7825,2025-04-21 20:50:31.299,
7440,2025-04-21 20:50:21.299891+00,6697.5,66.42,7824,2025-04-21 20:50:19.689,
7439,2025-04-21 20:50:09.686662+00,7473.75,66.55,7823,2025-04-21 20:50:08.079,
7438,2025-04-21 20:49:58.068736+00,7282.5,66.3,7822,2025-04-21 20:49:56.479,
7437,2025-04-21 20:49:46.471234+00,7376.25,66.55,7821,2025-04-21 20:49:44.889,
7436,2025-04-21 20:49:34.894913+00,7365,66.55,7820,2025-04-21 20:49:33.189,
7435,2025-04-21 20:49:23.182596+00,7553.75,66.3,7819,2025-04-21 20:49:21.599,
7434,2025-04-21 20:49:11.592478+00,7551.25,66.67,7818,2025-04-21 20:49:09.849,
7433,2025-04-21 20:48:59.846705+00,7035,66.67,7817,2025-04-21 20:48:58.219,
7432,2025-04-21 20:48:48.226691+00,7805,66.67,7816,2025-04-21 20:48:46.569,
7431,2025-04-21 20:48:36.566423+00,7725,66.79,7815,2025-04-21 20:48:34.929,
7430,2025-04-21 20:48:24.93127+00,7745,66.79,7814,2025-04-21 20:48:23.339,
7429,2025-04-21 20:48:13.343948+00,7737.5,66.55,7813,2025-04-21 20:48:11.759,
7428,2025-04-21 20:48:01.749978+00,7298.75,66.55,7812,2025-04-21 20:48:00.149,
7427,2025-04-21 20:47:50.150724+00,7538.75,66.67,7811,2025-04-21 20:47:48.549,
7426,2025-04-21 20:47:38.53478+00,7697.5,67.15,7810,2025-04-21 20:47:36.919,
7425,2025-04-21 20:47:26.908439+00,7553.75,67.03,7809,2025-04-21 20:47:25.169,
7424,2025-04-21 20:47:15.160715+00,6786.25,67.15,7808,2025-04-21 20:47:13.469,
7423,2025-04-21 20:47:03.471407+00,7616.25,66.79,7807,2025-04-21 20:47:01.879,
7422,2025-04-21 20:46:51.873672+00,7560,66.67,7806,2025-04-21 20:46:50.309,
7421,2025-04-21 20:46:40.304244+00,7493.75,66.79,7805,2025-04-21 20:46:38.719,
7420,2025-04-21 20:46:28.719496+00,7350,66.67,7804,2025-04-21 20:46:27.129,
7419,2025-04-21 20:46:17.124251+00,7116.25,66.67,7803,2025-04-21 20:46:15.529,
7418,2025-04-21 20:46:05.515246+00,7616.25,66.67,7802,2025-04-21 20:46:03.909,
7417,2025-04-21 20:45:53.906099+00,6931.25,66.55,7801,2025-04-21 20:45:52.339,
7416,2025-04-21 20:45:42.334473+00,7608.75,66.55,7800,2025-04-21 20:45:40.659,
7415,2025-04-21 20:45:30.652564+00,7693.75,66.55,7799,2025-04-21 20:45:29.049,
7414,2025-04-21 20:45:19.019381+00,7096.25,65.94,7798,2025-04-21 20:45:17.099,
7413,2025-04-21 20:45:07.095183+00,6630,66.42,7797,2025-04-21 20:45:05.509,
7412,2025-04-21 20:44:55.512751+00,7552.5,66.67,7796,2025-04-21 20:44:53.919,
7411,2025-04-21 20:44:43.913125+00,7020,66.42,7795,2025-04-21 20:44:42.319,
7410,2025-04-21 20:44:32.3087+00,7428.75,66.42,7794,2025-04-21 20:44:30.679,
7409,2025-04-21 20:44:20.652122+00,7315,66.42,7793,2025-04-21 20:44:19.069,
7408,2025-04-21 20:44:09.056577+00,7228.75,66.67,7792,2025-04-21 20:44:07.439,
7407,2025-04-21 20:43:57.431376+00,7518.75,66.55,7791,2025-04-21 20:43:55.769,
7406,2025-04-21 20:43:45.743736+00,7242.5,66.18,7790,2025-04-21 20:43:44.159,
7405,2025-04-21 20:43:34.15858+00,7631.25,66.55,7789,2025-04-21 20:43:32.559,
7404,2025-04-21 20:43:22.555074+00,7330,66.3,7788,2025-04-21 20:43:20.969,
7403,2025-04-21 20:43:10.960286+00,7372.5,66.3,7787,2025-04-21 20:43:09.379,
7402,2025-04-21 20:42:59.368662+00,7498.75,66.3,7786,2025-04-21 20:42:57.769,
7401,2025-04-21 20:42:47.7624+00,7407.5,66.67,7785,2025-04-21 20:42:46.139,
7400,2025-04-21 20:42:36.137921+00,7525,66.42,7784,2025-04-21 20:42:34.569,
7399,2025-04-21 20:42:24.536053+00,7530,66.55,7783,2025-04-21 20:42:22.929,
7398,2025-04-21 20:42:12.922497+00,7661.25,66.67,7782,2025-04-21 20:42:11.339,
7397,2025-04-21 20:42:01.324882+00,6755,66.55,7781,2025-04-21 20:41:59.729,
7396,2025-04-21 20:41:49.724103+00,7572.5,66.55,7780,2025-04-21 20:41:48.139,
7395,2025-04-21 20:41:38.132487+00,7721.25,66.42,7779,2025-04-21 20:41:36.569,
7394,2025-04-21 20:41:26.565035+00,7448.75,66.55,7778,2025-04-21 20:41:24.959,
7393,2025-04-21 20:41:14.947922+00,7568.75,66.42,7777,2025-04-21 20:41:13.379,
7392,2025-04-21 20:41:03.353605+00,7763.75,66.67,7776,2025-04-21 20:41:01.759,
7391,2025-04-21 20:40:51.756948+00,7428.75,66.55,7775,2025-04-21 20:40:50.179,
7390,2025-04-21 20:40:40.167342+00,8033.75,66.67,7774,2025-04-21 20:40:38.599,
7389,2025-04-21 20:40:28.599712+00,7580,66.55,7773,2025-04-21 20:40:27.039,
7388,2025-04-21 20:40:17.029765+00,7826.25,66.67,7772,2025-04-21 20:40:15.444,
7387,2025-04-21 20:40:05.43245+00,7741.25,66.79,7771,2025-04-21 20:40:03.824,
7386,2025-04-21 20:39:53.805747+00,7721.25,66.67,7770,2025-04-21 20:39:52.214,
7385,2025-04-21 20:39:42.202493+00,6962.5,66.79,7769,2025-04-21 20:39:40.634,
7384,2025-04-21 20:39:30.622307+00,7626.25,66.91,7768,2025-04-21 20:39:29.034,
7383,2025-04-21 20:39:19.021626+00,7267.5,66.67,7767,2025-04-21 20:39:17.454,
7382,2025-04-21 20:39:07.435852+00,6858.75,66.67,7766,2025-04-21 20:39:05.834,
7381,2025-04-21 20:38:55.815757+00,7712.5,66.67,7765,2025-04-21 20:38:54.174,
7380,2025-04-21 20:38:44.15226+00,7657.5,66.67,7764,2025-04-21 20:38:42.484,
7379,2025-04-21 20:38:32.466941+00,6922.5,66.67,7763,2025-04-21 20:38:30.864,
7378,2025-04-21 20:38:20.851673+00,7576.25,66.55,7762,2025-04-21 20:38:19.284,
7377,2025-04-21 20:38:09.241188+00,7196.25,66.91,7761,2025-04-21 20:38:07.674,
7376,2025-04-21 20:37:57.66206+00,7476.25,66.42,7760,2025-04-21 20:37:56.104,
7375,2025-04-21 20:37:46.082275+00,7070,66.67,7759,2025-04-21 20:37:44.505,
7374,2025-04-21 20:37:34.470544+00,6765,66.55,7758,2025-04-21 20:37:32.864,
7373,2025-04-21 20:37:22.848679+00,7173.75,66.67,7757,2025-04-21 20:37:21.264,
7372,2025-04-21 20:37:11.253863+00,7680,66.79,7756,2025-04-21 20:37:09.674,
7371,2025-04-21 20:36:59.656141+00,7187.5,66.79,7755,2025-04-21 20:36:57.944,
7370,2025-04-21 20:36:47.930262+00,7217.5,66.79,7754,2025-04-21 20:36:46.364,
7369,2025-04-21 20:36:36.354755+00,7760,66.67,7753,2025-04-21 20:36:34.804,
7368,2025-04-21 20:36:24.762352+00,7168.75,64.73,7752,2025-04-21 20:36:23.134,
7367,2025-04-21 20:36:13.089792+00,7422.5,66.67,7751,2025-04-21 20:36:11.514,
7366,2025-04-21 20:36:01.488139+00,7380,66.55,7750,2025-04-21 20:35:59.874,
7365,2025-04-21 20:35:49.856789+00,6770,66.67,7749,2025-04-21 20:35:48.294,
7364,2025-04-21 20:35:38.233893+00,7873.75,66.67,7748,2025-04-21 20:35:36.484,
7363,2025-04-21 20:35:26.463809+00,6912.5,66.42,7747,2025-04-21 20:35:24.894,
7362,2025-04-21 20:35:14.877225+00,7086.25,66.67,7746,2025-04-21 20:35:13.194,
7361,2025-04-21 20:35:03.175189+00,7007.5,66.67,7745,2025-04-21 20:35:01.528,
7360,2025-04-21 20:34:51.478549+00,7638.75,66.79,7744,2025-04-21 20:34:49.814,
7359,2025-04-21 20:34:39.792109+00,7250,66.79,7743,2025-04-21 20:34:38.164,
7358,2025-04-21 20:34:28.140565+00,7530,66.79,7742,2025-04-21 20:34:26.444,
7357,2025-04-21 20:34:16.411855+00,7781.25,66.79,7741,2025-04-21 20:34:14.614,
7356,2025-04-21 20:34:04.582812+00,7381.25,66.67,7740,2025-04-21 20:34:03.024,
7355,2025-04-21 20:33:52.948286+00,7107.5,66.55,7739,2025-04-21 20:33:51.364,
7354,2025-04-21 20:33:41.332756+00,7042.5,66.67,7738,2025-04-21 20:33:39.744,
7353,2025-04-21 20:33:29.705427+00,7887.5,66.55,7737,2025-04-21 20:33:27.874,
7352,2025-04-21 20:33:17.835953+00,7665,66.42,7736,2025-04-21 20:33:16.204,
7351,2025-04-21 20:33:06.18186+00,7466.25,66.42,7735,2025-04-21 20:33:04.614,
7350,2025-04-21 20:32:54.560458+00,6712.5,66.42,7734,2025-04-21 20:32:52.964,
7349,2025-04-21 20:32:42.946655+00,7658.75,66.3,7733,2025-04-21 20:32:41.354,
7348,2025-04-21 20:32:31.326684+00,6910,66.3,7732,2025-04-21 20:32:29.685,
7347,2025-04-21 20:32:19.647465+00,7720,66.3,7731,2025-04-21 20:32:18.054,
7346,2025-04-21 20:32:08.021653+00,7475,66.42,7730,2025-04-21 20:32:06.394,
7345,2025-04-21 20:31:56.372559+00,6743.75,66.42,7729,2025-04-21 20:31:54.804,
7344,2025-04-21 20:31:44.776246+00,7283.75,66.3,7728,2025-04-21 20:31:43.114,
7343,2025-04-21 20:31:33.083518+00,7570,66.18,7727,2025-04-21 20:31:31.484,
7342,2025-04-21 20:31:21.461576+00,6801.25,66.06,7726,2025-04-21 20:31:19.904,
7341,2025-04-21 20:31:09.873327+00,7907.5,66.3,7725,2025-04-21 20:31:08.304,
7340,2025-04-21 20:30:58.278102+00,7028.75,66.42,7724,2025-04-21 20:30:56.684,
7339,2025-04-21 20:30:46.662929+00,7713.75,66.42,7723,2025-04-21 20:30:44.944,
7338,2025-04-21 20:30:34.898434+00,6912.5,66.06,7722,2025-04-21 20:30:33.264,
7337,2025-04-21 20:30:23.235893+00,7230,66.18,7721,2025-04-21 20:30:21.604,
7336,2025-04-21 20:30:11.559716+00,7567.5,66.42,7720,2025-04-21 20:30:09.954,
7335,2025-04-21 20:29:59.932707+00,7837.5,66.42,7719,2025-04-21 20:29:58.264,
7334,2025-04-21 20:29:48.242349+00,6910,66.67,7718,2025-04-21 20:29:46.674,
7333,2025-04-21 20:29:36.62971+00,6808.75,66.42,7717,2025-04-21 20:29:35.074,
7332,2025-04-21 20:29:25.047886+00,7051.25,66.91,7716,2025-04-21 20:29:23.344,
7331,2025-04-21 20:29:13.325612+00,7661.25,66.55,7715,2025-04-21 20:29:11.764,
7330,2025-04-21 20:29:01.724919+00,7187.5,66.79,7714,2025-04-21 20:29:00.134,
7329,2025-04-21 20:28:50.102279+00,7701.25,66.55,7713,2025-04-21 20:28:48.544,
7328,2025-04-21 20:28:38.519517+00,6997.5,66.42,7712,2025-04-21 20:28:36.944,
7327,2025-04-21 20:28:26.895114+00,7745,66.55,7711,2025-04-21 20:28:25.294,
7326,2025-04-21 20:28:15.276308+00,7440,66.55,7710,2025-04-21 20:28:13.724,
7325,2025-04-21 20:28:03.708153+00,7365,66.67,7709,2025-04-21 20:28:02.174,
7324,2025-04-21 20:27:52.152476+00,7392.5,66.55,7708,2025-04-21 20:27:50.584,
7323,2025-04-21 20:27:40.551871+00,6726.25,66.18,7707,2025-04-21 20:27:38.984,
7322,2025-04-21 20:27:28.962516+00,6957.5,66.42,7706,2025-04-21 20:27:27.364,
7321,2025-04-21 20:27:17.335084+00,7336.25,66.42,7705,2025-04-21 20:27:15.764,
7320,2025-04-21 20:27:05.739769+00,7406.25,66.55,7704,2025-04-21 20:27:04.194,
7319,2025-04-21 20:26:54.144006+00,7396.25,66.42,7703,2025-04-21 20:26:52.534,
7318,2025-04-21 20:26:42.513831+00,7397.5,66.55,7702,2025-04-21 20:26:40.904,
7317,2025-04-21 20:26:30.870336+00,7578.75,66.55,7701,2025-04-21 20:26:29.244,
7316,2025-04-21 20:26:19.221126+00,7222.5,66.91,7700,2025-04-21 20:26:17.654,
7315,2025-04-21 20:26:07.617444+00,7077.5,66.67,7699,2025-04-21 20:26:06.064,
7314,2025-04-21 20:25:55.934424+00,6832.5,66.42,7698,2025-04-21 20:25:54.324,
7313,2025-04-21 20:25:44.298086+00,7770,66.55,7697,2025-04-21 20:25:42.594,
7312,2025-04-21 20:25:32.56811+00,7283.75,66.67,7696,2025-04-21 20:25:30.994,
7311,2025-04-21 20:25:20.963576+00,7578.75,66.42,7695,2025-04-21 20:25:19.394,
7310,2025-04-21 20:25:09.373876+00,7561.25,66.3,7694,2025-04-21 20:25:07.694,
7309,2025-04-21 20:24:57.669345+00,7227.5,66.55,7693,2025-04-21 20:24:56.124,
7308,2025-04-21 20:24:46.106305+00,7920,66.67,7692,2025-04-21 20:24:44.564,
7307,2025-04-21 20:24:34.536201+00,7677.5,66.91,7691,2025-04-21 20:24:32.924,
7306,2025-04-21 20:24:22.861704+00,7220,66.67,7690,2025-04-21 20:24:21.234,
7305,2025-04-21 20:24:11.209699+00,7098.75,66.67,7689,2025-04-21 20:24:09.574,
7304,2025-04-21 20:23:59.526732+00,7425,66.42,7688,2025-04-21 20:23:57.759,
7303,2025-04-21 20:23:47.728575+00,7187.5,66.67,7687,2025-04-21 20:23:46.009,
7302,2025-04-21 20:23:35.961077+00,7082.5,66.79,7686,2025-04-21 20:23:33.914,
7301,2025-04-21 20:23:23.886495+00,7643.75,66.67,7685,2025-04-21 20:23:22.324,
7300,2025-04-21 20:23:12.305088+00,7717.5,66.42,7684,2025-04-21 20:23:10.729,
7299,2025-04-21 20:23:00.691974+00,7601.25,66.3,7683,2025-04-21 20:22:58.754,
7298,2025-04-21 20:22:48.738114+00,7725,66.55,7682,2025-04-21 20:22:47.164,
7297,2025-04-21 20:22:37.141096+00,7446.25,66.55,7681,2025-04-21 20:22:35.564,
7296,2025-04-21 20:22:25.090493+00,7747.5,66.55,7680,2025-04-21 20:22:21.409,
7295,2025-04-21 20:22:11.229932+00,7477.5,66.55,7679,2025-04-21 20:22:09.384,
7294,2025-04-21 20:21:59.359282+00,7353.75,66.55,7678,2025-04-21 20:21:57.770,
7293,2025-04-21 20:21:47.727665+00,7370,66.67,7677,2025-04-21 20:21:46.054,
7292,2025-04-21 20:21:36.029988+00,7261.25,66.55,7676,2025-04-21 20:21:34.354,
7291,2025-04-21 20:21:24.326277+00,6976.25,66.79,7675,2025-04-21 20:21:22.634,
7290,2025-04-21 20:21:12.605443+00,7253.75,66.79,7674,2025-04-21 20:21:10.944,
7289,2025-04-21 20:21:00.921294+00,7360,67.03,7673,2025-04-21 20:20:59.274,
7288,2025-04-21 20:20:49.252889+00,7627.5,66.79,7672,2025-04-21 20:20:47.644,
7287,2025-04-21 20:20:37.623585+00,7596.25,66.79,7671,2025-04-21 20:20:36.024,
7286,2025-04-21 20:20:25.999145+00,7933.75,66.42,7670,2025-04-21 20:20:24.384,
7285,2025-04-21 20:20:14.366052+00,6930,66.42,7669,2025-04-21 20:20:12.784,
7284,2025-04-21 20:20:02.759713+00,7313.75,66.42,7668,2025-04-21 20:20:01.164,
7283,2025-04-21 20:19:51.139255+00,7051.25,66.55,7667,2025-04-21 20:19:49.554,
7282,2025-04-21 20:19:39.535023+00,7715,66.3,7666,2025-04-21 20:19:37.944,
7281,2025-04-21 20:19:27.915171+00,6962.5,66.3,7665,2025-04-21 20:19:26.194,
7280,2025-04-21 20:19:16.174014+00,7083.75,66.3,7664,2025-04-21 20:19:14.584,
7279,2025-04-21 20:19:04.557007+00,6212.5,66.18,7663,2025-04-21 20:19:02.974,
7278,2025-04-21 20:18:52.955785+00,7441.25,66.42,7662,2025-04-21 20:18:51.364,
7277,2025-04-21 20:18:41.333417+00,6823.75,66.42,7661,2025-04-21 20:18:39.764,
7276,2025-04-21 20:18:29.68703+00,6731.25,66.42,7660,2025-04-21 20:18:28.124,
7275,2025-04-21 20:18:18.104234+00,7106.25,66.42,7659,2025-04-21 20:18:16.564,
7274,2025-04-21 20:18:06.538424+00,7150,66.3,7658,2025-04-21 20:18:04.954,
7273,2025-04-21 20:17:54.923894+00,7401.25,66.18,7657,2025-04-21 20:17:53.284,
7272,2025-04-21 20:17:43.26153+00,7097.5,66.3,7656,2025-04-21 20:17:41.624,
7271,2025-04-21 20:17:31.599384+00,7592.5,66.42,7655,2025-04-21 20:17:30.014,
7270,2025-04-21 20:17:19.989622+00,7161.25,66.42,7654,2025-04-21 20:17:18.404,
7269,2025-04-21 20:17:08.38675+00,7281.25,66.55,7653,2025-04-21 20:17:06.764,
7268,2025-04-21 20:16:56.730759+00,6936.25,66.55,7652,2025-04-21 20:16:55.144,
7267,2025-04-21 20:16:45.122373+00,7266.25,66.55,7651,2025-04-21 20:16:43.544,
7266,2025-04-21 20:16:33.523207+00,6926.25,66.55,7650,2025-04-21 20:16:31.974,
7265,2025-04-21 20:16:21.95463+00,7173.75,66.55,7649,2025-04-21 20:16:20.384,
7264,2025-04-21 20:16:10.324584+00,7266.25,66.67,7648,2025-04-21 20:16:08.745,
7263,2025-04-21 20:15:58.718588+00,7402.5,66.67,7647,2025-04-21 20:15:57.024,
7262,2025-04-21 20:15:46.995015+00,7836.25,66.67,7646,2025-04-21 20:15:45.374,
7261,2025-04-21 20:15:35.331492+00,7547.5,66.79,7645,2025-04-21 20:15:33.774,
7260,2025-04-21 20:15:23.749432+00,7585,66.67,7644,2025-04-21 20:15:22.164,
7259,2025-04-21 20:15:12.140664+00,7102.5,66.55,7643,2025-04-21 20:15:10.564,
7258,2025-04-21 20:15:00.531606+00,7377.5,66.91,7642,2025-04-21 20:14:58.974,
7257,2025-04-21 20:14:48.915778+00,7607.5,66.79,7641,2025-04-21 20:14:47.284,
7256,2025-04-21 20:14:37.261307+00,7665,66.91,7640,2025-04-21 20:14:35.684,
7255,2025-04-21 20:14:25.661886+00,7198.75,66.79,7639,2025-04-21 20:14:24.054,
7254,2025-04-21 20:14:14.005218+00,7440,66.67,7638,2025-04-21 20:14:12.304,
7253,2025-04-21 20:14:02.279109+00,7900,66.67,7637,2025-04-21 20:14:00.704,
7252,2025-04-21 20:13:50.674551+00,7340,66.42,7636,2025-04-21 20:13:49.024,
7251,2025-04-21 20:13:38.990074+00,7528.75,66.55,7635,2025-04-21 20:13:37.434,
7250,2025-04-21 20:13:27.391561+00,7456.25,66.67,7634,2025-04-21 20:13:25.554,
7249,2025-04-21 20:13:15.529739+00,7346.25,66.91,7633,2025-04-21 20:13:13.954,
7248,2025-04-21 20:13:03.931383+00,6822.5,66.67,7632,2025-04-21 20:13:02.384,
7247,2025-04-21 20:12:52.361812+00,7823.75,66.67,7631,2025-04-21 20:12:50.784,
7246,2025-04-21 20:12:40.750377+00,7667.5,66.67,7630,2025-04-21 20:12:39.184,
7245,2025-04-21 20:12:29.162177+00,6930,66.55,7629,2025-04-21 20:12:27.474,
7244,2025-04-21 20:12:17.457505+00,7845,66.67,7628,2025-04-21 20:12:15.874,
7243,2025-04-21 20:12:05.853074+00,7667.5,66.91,7627,2025-04-21 20:12:04.264,
7242,2025-04-21 20:11:54.238139+00,7412.5,66.67,7626,2025-04-21 20:11:52.674,
7241,2025-04-21 20:11:42.649699+00,7863.75,66.55,7625,2025-04-21 20:11:41.074,
7240,2025-04-21 20:11:31.035313+00,7727.5,66.79,7624,2025-04-21 20:11:29.425,
7239,2025-04-21 20:11:19.404228+00,7641.25,66.79,7623,2025-04-21 20:11:17.804,
7238,2025-04-21 20:11:07.771015+00,7115,66.79,7622,2025-04-21 20:11:06.184,
7237,2025-04-21 20:10:56.146291+00,6983.75,66.67,7621,2025-04-21 20:10:54.554,
7236,2025-04-21 20:10:44.537385+00,7203.75,66.79,7620,2025-04-21 20:10:42.864,
7235,2025-04-21 20:10:32.842942+00,7578.75,66.67,7619,2025-04-21 20:10:31.284,
7234,2025-04-21 20:10:21.259815+00,8016.25,66.79,7618,2025-04-21 20:10:19.624,
7233,2025-04-21 20:10:09.604176+00,7733.75,66.67,7617,2025-04-21 20:10:07.744,
7232,2025-04-21 20:09:57.71666+00,7101.25,66.55,7616,2025-04-21 20:09:56.124,
7231,2025-04-21 20:09:46.10834+00,7451.25,66.55,7615,2025-04-21 20:09:44.524,
7230,2025-04-21 20:09:34.505151+00,7932.5,66.55,7614,2025-04-21 20:09:32.924,
7229,2025-04-21 20:09:22.891293+00,7775,66.67,7613,2025-04-21 20:09:21.324,
7228,2025-04-21 20:09:11.300682+00,7183.75,66.91,7612,2025-04-21 20:09:09.724,
7227,2025-04-21 20:08:59.679583+00,7597.5,66.67,7611,2025-04-21 20:08:58.024,
7226,2025-04-21 20:08:48.001199+00,7825,66.79,7610,2025-04-21 20:08:46.434,
7225,2025-04-21 20:08:36.396633+00,7533.75,66.67,7609,2025-04-21 20:08:34.814,
7224,2025-04-21 20:08:24.778258+00,7485,66.79,7608,2025-04-21 20:08:23.175,
7223,2025-04-21 20:08:13.151302+00,7735,66.55,7607,2025-04-21 20:08:11.554,
7222,2025-04-21 20:08:01.532902+00,7632.5,67.03,7606,2025-04-21 20:07:59.914,
7221,2025-04-21 20:07:49.897798+00,7852.5,66.79,7605,2025-04-21 20:07:48.304,
7220,2025-04-21 20:07:38.281728+00,7706.25,66.67,7604,2025-04-21 20:07:36.714,
7219,2025-04-21 20:07:26.693917+00,7711.25,66.67,7603,2025-04-21 20:07:25.134,
7218,2025-04-21 20:07:15.112582+00,6867.5,66.79,7602,2025-04-21 20:07:13.434,
7217,2025-04-21 20:07:03.408506+00,7758.75,66.55,7601,2025-04-21 20:07:01.814,
7216,2025-04-21 20:06:51.796723+00,7801.25,66.67,7600,2025-04-21 20:06:50.234,
7215,2025-04-21 20:06:40.180571+00,7401.25,66.67,7599,2025-04-21 20:06:38.564,
7214,2025-04-21 20:06:28.529884+00,7065,66.55,7598,2025-04-21 20:06:26.944,
7213,2025-04-21 20:06:16.913361+00,7420,66.79,7597,2025-04-21 20:06:15.284,
7212,2025-04-21 20:06:05.264613+00,7481.25,66.55,7596,2025-04-21 20:06:03.694,
7211,2025-04-21 20:05:53.674755+00,7696.25,66.42,7595,2025-04-21 20:05:52.114,
7210,2025-04-21 20:05:42.100012+00,7680,66.67,7594,2025-04-21 20:05:40.524,
7209,2025-04-21 20:05:30.503958+00,6945,66.67,7593,2025-04-21 20:05:28.840,
7208,2025-04-21 20:05:18.802771+00,7481.25,66.55,7592,2025-04-21 20:05:17.224,
7207,2025-04-21 20:05:07.202767+00,7422.5,66.55,7591,2025-04-21 20:05:05.614,
7206,2025-04-21 20:04:55.597905+00,7013.75,66.67,7590,2025-04-21 20:04:54.014,
7205,2025-04-21 20:04:43.998169+00,7321.25,66.67,7589,2025-04-21 20:04:42.424,
7204,2025-04-21 20:04:32.35276+00,7562.5,66.79,7588,2025-04-21 20:04:30.804,
7203,2025-04-21 20:04:20.782265+00,7638.75,66.79,7587,2025-04-21 20:04:19.204,
7202,2025-04-21 20:04:09.174721+00,7525,66.91,7586,2025-04-21 20:04:07.574,
7201,2025-04-21 20:03:57.553326+00,7508.75,66.67,7585,2025-04-21 20:03:55.974,
7200,2025-04-21 20:03:45.957669+00,7820,66.79,7584,2025-04-21 20:03:44.364,
7199,2025-04-21 20:03:34.346939+00,7576.25,66.67,7583,2025-04-21 20:03:32.764,
7198,2025-04-21 20:03:22.73538+00,7607.5,66.79,7582,2025-04-21 20:03:21.134,
7197,2025-04-21 20:03:11.114837+00,7491.25,66.91,7581,2025-04-21 20:03:09.574,
7196,2025-04-21 20:02:59.551004+00,7776.25,66.79,7580,2025-04-21 20:02:57.948,
7195,2025-04-21 20:02:47.925734+00,7538.75,66.67,7579,2025-04-21 20:02:46.334,
7194,2025-04-21 20:02:36.318361+00,7308.75,66.91,7578,2025-04-21 20:02:34.734,
7193,2025-04-21 20:02:24.707764+00,7661.25,67.03,7577,2025-04-21 20:02:23.124,
7192,2025-04-21 20:02:13.109121+00,7251.25,67.03,7576,2025-04-21 20:02:11.554,
7191,2025-04-21 20:02:01.536074+00,7545,66.91,7575,2025-04-21 20:01:59.964,
7190,2025-04-21 20:01:49.945274+00,7022.5,66.42,7574,2025-04-21 20:01:48.384,
7189,2025-04-21 20:01:38.327976+00,7358.75,66.67,7573,2025-04-21 20:01:36.694,
7188,2025-04-21 20:01:26.678243+00,7511.25,66.67,7572,2025-04-21 20:01:25.094,
7187,2025-04-21 20:01:15.047136+00,7590,66.79,7571,2025-04-21 20:01:13.484,
7186,2025-04-21 20:01:03.464899+00,7465,66.67,7570,2025-04-21 20:01:01.884,
7185,2025-04-21 20:00:51.859743+00,7645,66.79,7569,2025-04-21 20:00:50.254,
7184,2025-04-21 20:00:40.24069+00,7008.75,66.42,7568,2025-04-21 20:00:38.664,
7183,2025-04-21 20:00:28.644386+00,7390,66.67,7567,2025-04-21 20:00:27.074,
7182,2025-04-21 20:00:17.052346+00,7526.25,66.55,7566,2025-04-21 20:00:15.474,
7181,2025-04-21 20:00:05.451967+00,7451.25,66.67,7565,2025-04-21 20:00:03.854,
7180,2025-04-21 19:59:53.837574+00,7818.75,66.55,7564,2025-04-21 19:59:52.244,
7179,2025-04-21 19:59:42.226564+00,7536.25,66.3,7563,2025-04-21 19:59:40.664,
7178,2025-04-21 19:59:30.632742+00,6703.75,66.42,7562,2025-04-21 19:59:29.034,
7177,2025-04-21 19:59:18.986843+00,7707.5,66.3,7561,2025-04-21 19:59:17.404,
7176,2025-04-21 19:59:07.380339+00,7522.5,66.42,7560,2025-04-21 19:59:05.724,
7175,2025-04-21 19:58:55.70471+00,7905,66.42,7559,2025-04-21 19:58:54.094,
7174,2025-04-21 19:58:44.065621+00,7018.75,66.55,7558,2025-04-21 19:58:42.494,
7173,2025-04-21 19:58:32.45722+00,6730,66.3,7557,2025-04-21 19:58:30.884,
7172,2025-04-21 19:58:20.864421+00,7168.75,66.18,7556,2025-04-21 19:58:19.214,
7171,2025-04-21 19:58:09.199307+00,7165,66.42,7555,2025-04-21 19:58:07.654,
7170,2025-04-21 19:57:57.63275+00,7308.75,66.3,7554,2025-04-21 19:57:56.048,
7169,2025-04-21 19:57:46.035322+00,7480,66.42,7553,2025-04-21 19:57:44.434,
7168,2025-04-21 19:57:34.416887+00,7095,66.42,7552,2025-04-21 19:57:32.844,
7167,2025-04-21 19:57:22.83321+00,7543.75,66.3,7551,2025-04-21 19:57:21.224,
7166,2025-04-21 19:57:11.156198+00,7557.5,66.42,7550,2025-04-21 19:57:09.564,
7165,2025-04-21 19:56:59.547112+00,6738.75,66.42,7549,2025-04-21 19:56:57.964,
7164,2025-04-21 19:56:47.946505+00,7516.25,66.55,7548,2025-04-21 19:56:46.384,
7163,2025-04-21 19:56:36.3612+00,6920,66.3,7547,2025-04-21 19:56:34.764,
7162,2025-04-21 19:56:24.751853+00,6743.75,66.06,7546,2025-04-21 19:56:23.184,
7161,2025-04-21 19:56:13.167081+00,7660,66.42,7545,2025-04-21 19:56:11.564,
7160,2025-04-21 19:56:01.546093+00,7196.25,66.42,7544,2025-04-21 19:55:59.954,
7159,2025-04-21 19:55:49.922306+00,7600,66.18,7543,2025-04-21 19:55:48.344,
7158,2025-04-21 19:55:38.313908+00,7176.25,66.55,7542,2025-04-21 19:55:36.664,
7157,2025-04-21 19:55:26.653497+00,7577.5,66.42,7541,2025-04-21 19:55:25.074,
7156,2025-04-21 19:55:15.052866+00,7615,66.42,7540,2025-04-21 19:55:13.464,
7155,2025-04-21 19:55:03.44856+00,6897.5,66.3,7539,2025-04-21 19:55:01.874,
7154,2025-04-21 19:54:51.861348+00,7552.5,66.55,7538,2025-04-21 19:54:50.294,
7153,2025-04-21 19:54:40.275609+00,7593.75,66.42,7537,2025-04-21 19:54:38.704,
7152,2025-04-21 19:54:28.682895+00,7172.5,66.18,7536,2025-04-21 19:54:27.084,
7151,2025-04-21 19:54:17.05936+00,7493.75,66.55,7535,2025-04-21 19:54:15.484,
7150,2025-04-21 19:54:05.462767+00,7455,66.3,7534,2025-04-21 19:54:03.864,
7149,2025-04-21 19:53:53.824162+00,6991.25,66.3,7533,2025-04-21 19:53:52.254,
7148,2025-04-21 19:53:42.233735+00,7167.5,66.42,7532,2025-04-21 19:53:40.634,
7147,2025-04-21 19:53:30.619409+00,7211.25,66.55,7531,2025-04-21 19:53:29.054,
7146,2025-04-21 19:53:19.034777+00,7757.5,66.42,7530,2025-04-21 19:53:17.444,
7145,2025-04-21 19:53:07.427851+00,7452.5,66.3,7529,2025-04-21 19:53:05.834,
7144,2025-04-21 19:52:55.807049+00,7345,66.55,7528,2025-04-21 19:52:54.200,
7143,2025-04-21 19:52:44.179315+00,7383.75,66.42,7527,2025-04-21 19:52:42.524,
7142,2025-04-21 19:52:32.503755+00,7461.25,66.42,7526,2025-04-21 19:52:30.944,
7141,2025-04-21 19:52:20.921696+00,7761.25,66.67,7525,2025-04-21 19:52:19.284,
7140,2025-04-21 19:52:09.269756+00,7500,66.42,7524,2025-04-21 19:52:07.704,
7139,2025-04-21 19:51:57.677894+00,7867.5,66.42,7523,2025-04-21 19:51:56.005,
7138,2025-04-21 19:51:45.98199+00,7713.75,66.55,7522,2025-04-21 19:51:44.354,
7137,2025-04-21 19:51:34.344795+00,7383.75,66.67,7521,2025-04-21 19:51:32.724,
7136,2025-04-21 19:51:22.70398+00,7293.75,66.42,7520,2025-04-21 19:51:21.054,
7135,2025-04-21 19:51:11.032917+00,7421.25,66.55,7519,2025-04-21 19:51:09.474,
7134,2025-04-21 19:50:59.453675+00,7583.75,66.55,7518,2025-04-21 19:50:57.854,
7133,2025-04-21 19:50:47.839641+00,7665,66.42,7517,2025-04-21 19:50:46.254,
7132,2025-04-21 19:50:36.236487+00,7181.25,66.55,7516,2025-04-21 19:50:34.514,
7131,2025-04-21 19:50:24.480218+00,7123.75,66.67,7515,2025-04-21 19:50:22.854,
7130,2025-04-21 19:50:12.836359+00,7631.25,66.67,7514,2025-04-21 19:50:11.274,
7129,2025-04-21 19:50:01.254248+00,7620,66.79,7513,2025-04-21 19:49:59.634,
7128,2025-04-21 19:49:49.611228+00,7825,66.67,7512,2025-04-21 19:49:48.034,
7127,2025-04-21 19:49:38.017766+00,7398.75,66.67,7511,2025-04-21 19:49:36.434,
7126,2025-04-21 19:49:26.416551+00,7343.75,66.67,7510,2025-04-21 19:49:24.754,
7125,2025-04-21 19:49:14.731082+00,7478.75,66.55,7509,2025-04-21 19:49:13.114,
7124,2025-04-21 19:49:03.089589+00,7246.25,66.55,7508,2025-04-21 19:49:01.514,
7123,2025-04-21 19:48:51.496881+00,7891.25,66.55,7507,2025-04-21 19:48:49.924,
7122,2025-04-21 19:48:39.909232+00,7521.25,66.67,7506,2025-04-21 19:48:38.334,
7121,2025-04-21 19:48:28.321228+00,7466.25,66.42,7505,2025-04-21 19:48:26.734,
7120,2025-04-21 19:48:16.703664+00,7808.75,66.67,7504,2025-04-21 19:48:13.604,
7119,2025-04-21 19:48:03.585787+00,7458.75,66.55,7503,2025-04-21 19:48:01.974,
7118,2025-04-21 19:47:51.954319+00,7802.5,66.42,7502,2025-04-21 19:47:50.314,
7117,2025-04-21 19:47:40.280718+00,7566.25,66.42,7501,2025-04-21 19:47:38.664,
7116,2025-04-21 19:47:28.634687+00,7373.75,66.55,7500,2025-04-21 19:47:27.034,
7115,2025-04-21 19:47:17.021126+00,7256.25,66.67,7499,2025-04-21 19:47:15.454,
7114,2025-04-21 19:47:05.4253+00,7248.75,66.55,7498,2025-04-21 19:47:03.824,
7113,2025-04-21 19:46:53.775969+00,7447.5,66.18,7497,2025-04-21 19:46:52.175,
7112,2025-04-21 19:46:42.143605+00,7538.75,66.55,7496,2025-04-21 19:46:40.584,
7111,2025-04-21 19:46:30.566828+00,7258.75,66.18,7495,2025-04-21 19:46:29.014,
7110,2025-04-21 19:46:18.995582+00,6777.5,66.42,7494,2025-04-21 19:46:17.395,
7109,2025-04-21 19:46:07.367376+00,7473.75,66.42,7493,2025-04-21 19:46:05.794,
7108,2025-04-21 19:45:55.774766+00,7447.5,66.42,7492,2025-04-21 19:45:54.164,
7107,2025-04-21 19:45:44.143896+00,7042.5,66.3,7491,2025-04-21 19:45:42.564,
7106,2025-04-21 19:45:32.542439+00,7343.75,66.55,7490,2025-04-21 19:45:30.984,
7105,2025-04-21 19:45:20.969962+00,7506.25,66.42,7489,2025-04-21 19:45:19.374,
7104,2025-04-21 19:45:09.350184+00,7511.25,66.42,7488,2025-04-21 19:45:07.764,
7103,2025-04-21 19:44:57.743526+00,7268.75,66.42,7487,2025-04-21 19:44:56.204,
7102,2025-04-21 19:44:46.183895+00,7205,66.55,7486,2025-04-21 19:44:44.614,
7101,2025-04-21 19:44:34.594944+00,7300,66.42,7485,2025-04-21 19:44:33.034,
7100,2025-04-21 19:44:23.015248+00,7648.75,66.3,7484,2025-04-21 19:44:21.464,
7099,2025-04-21 19:44:11.451052+00,7187.5,66.55,7483,2025-04-21 19:44:09.874,
7098,2025-04-21 19:43:59.844886+00,7133.75,66.55,7482,2025-04-21 19:43:58.294,
7097,2025-04-21 19:43:48.275195+00,7566.25,66.3,7481,2025-04-21 19:43:46.704,
7096,2025-04-21 19:43:36.689281+00,7146.25,66.42,7480,2025-04-21 19:43:35.124,
7095,2025-04-21 19:43:25.101914+00,7688.75,66.67,7479,2025-04-21 19:43:23.524,
7094,2025-04-21 19:43:13.502709+00,6770,66.42,7478,2025-04-21 19:43:11.884,
7093,2025-04-21 19:43:01.843475+00,7512.5,66.42,7477,2025-04-21 19:43:00.264,
7092,2025-04-21 19:42:50.237931+00,6712.5,66.67,7476,2025-04-21 19:42:48.634,
7091,2025-04-21 19:42:38.615054+00,7523.75,66.55,7475,2025-04-21 19:42:37.070,
7090,2025-04-21 19:42:27.043442+00,6597.5,66.67,7474,2025-04-21 19:42:25.454,
7089,2025-04-21 19:42:15.437257+00,6665,66.67,7473,2025-04-21 19:42:13.844,
7088,2025-04-21 19:42:03.822011+00,7735,66.67,7472,2025-04-21 19:42:02.224,
7087,2025-04-21 19:41:52.20827+00,7257.5,66.67,7471,2025-04-21 19:41:50.624,
7086,2025-04-21 19:41:40.601503+00,7091.25,66.67,7470,2025-04-21 19:41:39.024,
7085,2025-04-21 19:41:29.006833+00,7042.5,66.42,7469,2025-04-21 19:41:27.444,
7084,2025-04-21 19:41:17.418875+00,7610,66.79,7468,2025-04-21 19:41:15.834,
7083,2025-04-21 19:41:05.812392+00,6945,66.79,7467,2025-04-21 19:41:04.154,
7082,2025-04-21 19:40:54.142957+00,7515,66.67,7466,2025-04-21 19:40:52.574,
7081,2025-04-21 19:40:42.560422+00,7565,66.79,7465,2025-04-21 19:40:41.004,
7080,2025-04-21 19:40:30.987745+00,7515,66.79,7464,2025-04-21 19:40:29.294,
7079,2025-04-21 19:40:19.277473+00,7533.75,66.55,7463,2025-04-21 19:40:17.677,
7078,2025-04-21 19:40:07.685081+00,6888.75,66.67,7462,2025-04-21 19:40:06.088,
7077,2025-04-21 19:39:56.100911+00,7075,66.55,7461,2025-04-21 19:39:54.488,
7076,2025-04-21 19:39:44.500096+00,7267.5,66.67,7460,2025-04-21 19:39:42.878,
7075,2025-04-21 19:39:32.890465+00,6900,66.55,7459,2025-04-21 19:39:31.268,
7074,2025-04-21 19:39:21.279821+00,7217.5,66.67,7458,2025-04-21 19:39:19.558,
7073,2025-04-21 19:39:09.575691+00,7596.25,66.55,7457,2025-04-21 19:39:07.988,
7072,2025-04-21 19:38:57.992312+00,7192.5,66.67,7456,2025-04-21 19:38:56.387,
7071,2025-04-21 19:38:46.394141+00,6943.75,66.67,7455,2025-04-21 19:38:44.778,
7070,2025-04-21 19:38:34.800476+00,6817.5,66.67,7454,2025-04-21 19:38:33.148,
7069,2025-04-21 19:38:23.160385+00,6920,66.42,7453,2025-04-21 19:38:21.558,
7068,2025-04-21 19:38:11.571207+00,7256.25,66.55,7452,2025-04-21 19:38:09.948,
7067,2025-04-21 19:37:59.953749+00,7027.5,66.55,7451,2025-04-21 19:37:58.338,
7066,2025-04-21 19:37:48.349277+00,7281.25,66.67,7450,2025-04-21 19:37:46.718,
7065,2025-04-21 19:37:36.719621+00,7491.25,66.55,7449,2025-04-21 19:37:35.027,
7064,2025-04-21 19:37:25.025854+00,7526.25,66.67,7448,2025-04-21 19:37:23.328,
7063,2025-04-21 19:37:13.347401+00,7176.25,66.42,7447,2025-04-21 19:37:11.748,
7062,2025-04-21 19:37:01.76014+00,7645,66.3,7446,2025-04-21 19:37:00.157,
7061,2025-04-21 19:36:50.104362+00,7170,66.67,7445,2025-04-21 19:36:48.467,
7060,2025-04-21 19:36:38.474557+00,7562.5,66.42,7444,2025-04-21 19:36:36.848,
7059,2025-04-21 19:36:26.855207+00,7560,66.55,7443,2025-04-21 19:36:25.242,
7058,2025-04-21 19:36:15.263324+00,7435,66.79,7442,2025-04-21 19:36:13.628,
7057,2025-04-21 19:36:03.642667+00,7613.75,66.79,7441,2025-04-21 19:36:02.032,
7056,2025-04-21 19:35:52.037402+00,7865,66.67,7440,2025-04-21 19:35:50.417,
7055,2025-04-21 19:35:40.432549+00,6898.75,66.91,7439,2025-04-21 19:35:38.848,
7054,2025-04-21 19:35:28.856514+00,7325,66.67,7438,2025-04-21 19:35:27.228,
7053,2025-04-21 19:35:17.240921+00,7595,66.55,7437,2025-04-21 19:35:15.588,
7052,2025-04-21 19:35:05.600907+00,7402.5,66.67,7436,2025-04-21 19:35:04.007,
7051,2025-04-21 19:34:54.011336+00,7345,66.67,7435,2025-04-21 19:34:52.368,
7050,2025-04-21 19:34:42.205835+00,7491.25,66.55,7434,2025-04-21 19:34:40.617,
7049,2025-04-21 19:34:30.632738+00,7261.25,66.42,7433,2025-04-21 19:34:29.008,
7048,2025-04-21 19:34:19.027516+00,7306.25,66.42,7432,2025-04-21 19:34:17.398,
7047,2025-04-21 19:34:07.410637+00,7196.25,66.42,7431,2025-04-21 19:34:05.708,
7046,2025-04-21 19:33:55.722976+00,7750,66.79,7430,2025-04-21 19:33:54.098,
7045,2025-04-21 19:33:44.104331+00,7035,66.79,7429,2025-04-21 19:33:42.478,
7044,2025-04-21 19:33:32.479314+00,7671.25,66.79,7428,2025-04-21 19:33:30.858,
7043,2025-04-21 19:33:20.878392+00,7546.25,66.79,7427,2025-04-21 19:33:19.227,
7042,2025-04-21 19:33:09.235189+00,7021.25,66.79,7426,2025-04-21 19:33:07.598,
7041,2025-04-21 19:32:57.604242+00,6906.25,66.79,7425,2025-04-21 19:32:56.007,
7040,2025-04-21 19:32:46.021909+00,7181.25,66.67,7424,2025-04-21 19:32:44.388,
7039,2025-04-21 19:32:34.398716+00,6898.75,66.91,7423,2025-04-21 19:32:32.797,
7038,2025-04-21 19:32:22.81301+00,7451.25,67.03,7422,2025-04-21 19:32:21.098,
7037,2025-04-21 19:32:11.113957+00,7352.5,67.03,7421,2025-04-21 19:32:09.458,
7036,2025-04-21 19:31:59.472965+00,7403.75,66.79,7420,2025-04-21 19:31:57.868,
7035,2025-04-21 19:31:47.876462+00,7372.5,66.91,7419,2025-04-21 19:31:46.207,
7034,2025-04-21 19:31:36.214396+00,7096.25,66.91,7418,2025-04-21 19:31:34.608,
7033,2025-04-21 19:31:24.624782+00,7760,66.79,7417,2025-04-21 19:31:23.008,
7032,2025-04-21 19:31:13.029404+00,7040,66.55,7416,2025-04-21 19:31:11.438,
7031,2025-04-21 19:31:01.442344+00,7596.25,66.91,7415,2025-04-21 19:30:59.828,
7030,2025-04-21 19:30:49.843485+00,7813.75,67.15,7414,2025-04-21 19:30:48.238,
7029,2025-04-21 19:30:38.242246+00,6967.5,66.91,7413,2025-04-21 19:30:36.558,
7028,2025-04-21 19:30:26.571978+00,7638.75,66.79,7412,2025-04-21 19:30:24.948,
7027,2025-04-21 19:30:14.962493+00,7631.25,66.67,7411,2025-04-21 19:30:13.347,
7026,2025-04-21 19:30:03.362421+00,7593.75,66.91,7410,2025-04-21 19:30:01.698,
7025,2025-04-21 19:29:51.708471+00,7226.25,67.03,7409,2025-04-21 19:29:50.057,
7024,2025-04-21 19:29:40.060523+00,7640,67.03,7408,2025-04-21 19:29:38.438,
7023,2025-04-21 19:29:28.451772+00,7110,66.79,7407,2025-04-21 19:29:26.817,
7022,2025-04-21 19:29:16.833333+00,7261.25,66.91,7406,2025-04-21 19:29:15.247,
7021,2025-04-21 19:29:05.257539+00,7462.5,66.91,7405,2025-04-21 19:29:03.628,
7020,2025-04-21 19:28:53.639406+00,7363.75,66.91,7404,2025-04-21 19:28:51.948,
7019,2025-04-21 19:28:41.956727+00,7082.5,66.91,7403,2025-04-21 19:28:40.348,
7018,2025-04-21 19:28:30.359572+00,7413.75,66.91,7402,2025-04-21 19:28:28.638,
7017,2025-04-21 19:28:18.644934+00,7810,67.03,7401,2025-04-21 19:28:17.027,
7016,2025-04-21 19:28:07.04472+00,7393.75,67.03,7400,2025-04-21 19:28:05.412,
7015,2025-04-21 19:27:55.420071+00,7031.25,66.79,7399,2025-04-21 19:27:53.763,
7014,2025-04-21 19:27:43.781718+00,7876.25,66.91,7398,2025-04-21 19:27:39.598,
7013,2025-04-21 19:27:29.614566+00,7758.75,66.67,7397,2025-04-21 19:27:28.008,
7012,2025-04-21 19:27:18.018808+00,7876.25,67.03,7396,2025-04-21 19:27:16.408,
7011,2025-04-21 19:27:06.415247+00,7547.5,66.91,7395,2025-04-21 19:27:04.738,
7010,2025-04-21 19:26:54.742891+00,7605,66.79,7394,2025-04-21 19:26:53.107,
7009,2025-04-21 19:26:43.109428+00,7236.25,67.03,7393,2025-04-21 19:26:41.447,
7008,2025-04-21 19:26:31.454634+00,7588.75,66.91,7392,2025-04-21 19:26:29.827,
7007,2025-04-21 19:26:19.820123+00,6998.75,66.79,7391,2025-04-21 19:26:18.187,
7006,2025-04-21 19:26:08.181489+00,7380,66.79,7390,2025-04-21 19:26:06.528,
7005,2025-04-21 19:25:56.530349+00,7448.75,66.67,7389,2025-04-21 19:25:54.948,
7004,2025-04-21 19:25:44.957768+00,7307.5,66.67,7388,2025-04-21 19:25:43.348,
7003,2025-04-21 19:25:33.346407+00,7631.25,66.67,7387,2025-04-21 19:25:31.757,
7002,2025-04-21 19:25:21.762328+00,6492.5,66.91,7386,2025-04-21 19:25:20.047,
7001,2025-04-21 19:25:10.056263+00,7628.75,66.91,7385,2025-04-21 19:25:08.428,
7000,2025-04-21 19:24:58.442274+00,7090,67.03,7384,2025-04-21 19:24:56.807,
6999,2025-04-21 19:24:46.812751+00,6798.75,67.03,7383,2025-04-21 19:24:45.167,
6998,2025-04-21 19:24:35.176428+00,7618.75,66.91,7382,2025-04-21 19:24:33.538,
6997,2025-04-21 19:24:23.533564+00,7291.25,66.91,7381,2025-04-21 19:24:21.938,
6996,2025-04-21 19:24:11.954904+00,7213.75,66.91,7380,2025-04-21 19:24:10.318,
6995,2025-04-21 19:24:00.326756+00,6587.5,67.03,7379,2025-04-21 19:23:58.717,
6994,2025-04-21 19:23:48.709223+00,7536.25,66.91,7378,2025-04-21 19:23:47.088,
6993,2025-04-21 19:23:37.102086+00,6785,66.91,7377,2025-04-21 19:23:35.398,
6992,2025-04-21 19:23:25.411645+00,6943.75,67.03,7376,2025-04-21 19:23:23.798,
6991,2025-04-21 19:23:13.794466+00,6725,67.15,7375,2025-04-21 19:23:12.187,
6990,2025-04-21 19:23:02.202049+00,7497.5,67.03,7374,2025-04-21 19:23:00.588,
6989,2025-04-21 19:22:50.59654+00,7537.5,67.15,7373,2025-04-21 19:22:48.987,
6988,2025-04-21 19:22:38.996738+00,7786.25,67.03,7372,2025-04-21 19:22:37.378,
6987,2025-04-21 19:22:27.387957+00,7390,67.15,7371,2025-04-21 19:22:25.787,
6986,2025-04-21 19:22:15.790331+00,7938.75,67.39,7370,2025-04-21 19:22:14.148,
6985,2025-04-21 19:22:04.12327+00,7860,67.27,7369,2025-04-21 19:22:02.477,
6984,2025-04-21 19:21:52.473291+00,7883.75,67.27,7368,2025-04-21 19:21:50.768,
6983,2025-04-21 19:21:40.777725+00,7591.25,67.27,7367,2025-04-21 19:21:39.108,
6982,2025-04-21 19:21:29.124983+00,7485,67.15,7366,2025-04-21 19:21:27.538,
6981,2025-04-21 19:21:17.55257+00,7646.25,67.03,7365,2025-04-21 19:21:15.968,
6980,2025-04-21 19:21:05.98092+00,7353.75,67.27,7364,2025-04-21 19:21:04.378,
6979,2025-04-21 19:20:54.388375+00,7537.5,67.27,7363,2025-04-21 19:20:52.818,
6978,2025-04-21 19:20:42.828991+00,7983.75,67.27,7362,2025-04-21 19:20:41.188,
6977,2025-04-21 19:20:31.193668+00,7137.5,66.91,7361,2025-04-21 19:20:29.588,
6976,2025-04-21 19:20:19.596643+00,6625,67.03,7360,2025-04-21 19:20:17.958,
6975,2025-04-21 19:20:07.953977+00,7767.5,67.15,7359,2025-04-21 19:20:06.238,
6974,2025-04-21 19:19:56.240115+00,7650,66.79,7358,2025-04-21 19:19:54.628,
6973,2025-04-21 19:19:44.632175+00,7612.5,67.15,7357,2025-04-21 19:19:43.028,
6972,2025-04-21 19:19:33.027988+00,7772.5,67.15,7356,2025-04-21 19:19:31.398,
6971,2025-04-21 19:19:21.407903+00,7720,66.91,7355,2025-04-21 19:19:19.788,
6970,2025-04-21 19:19:09.789659+00,7597.5,67.15,7354,2025-04-21 19:19:08.068,
6969,2025-04-21 19:18:58.076566+00,7677.5,66.91,7353,2025-04-21 19:18:56.467,
6968,2025-04-21 19:18:46.477861+00,7345,67.15,7352,2025-04-21 19:18:44.888,
6967,2025-04-21 19:18:34.900074+00,7643.75,67.15,7351,2025-04-21 19:18:33.297,
6966,2025-04-21 19:18:23.300824+00,7447.5,67.15,7350,2025-04-21 19:18:21.598,
6965,2025-04-21 19:18:11.608818+00,7515,67.03,7349,2025-04-21 19:18:10.007,
6964,2025-04-21 19:18:00.015266+00,7491.25,67.03,7348,2025-04-21 19:17:58.418,
6963,2025-04-21 19:17:48.432433+00,7266.25,66.79,7347,2025-04-21 19:17:46.808,
6962,2025-04-21 19:17:36.813464+00,7061.25,67.03,7346,2025-04-21 19:17:35.168,
6961,2025-04-21 19:17:25.148828+00,7716.25,67.03,7345,2025-04-21 19:17:23.488,
6960,2025-04-21 19:17:13.501871+00,6975,66.79,7344,2025-04-21 19:17:11.917,
6959,2025-04-21 19:17:01.921999+00,7317.5,67.03,7343,2025-04-21 19:17:00.307,
6958,2025-04-21 19:16:50.307274+00,7428.75,67.27,7342,2025-04-21 19:16:48.667,
6957,2025-04-21 19:16:38.665494+00,7521.25,67.27,7341,2025-04-21 19:16:36.858,
6956,2025-04-21 19:16:26.863736+00,7021.25,67.15,7340,2025-04-21 19:16:25.267,
6955,2025-04-21 19:16:15.249579+00,7091.25,67.03,7339,2025-04-21 19:16:13.588,
6954,2025-04-21 19:16:03.59244+00,7911.25,67.15,7338,2025-04-21 19:16:01.978,
6953,2025-04-21 19:15:51.9882+00,7823.75,67.15,7337,2025-04-21 19:15:50.398,
6952,2025-04-21 19:15:40.404969+00,7287.5,66.91,7336,2025-04-21 19:15:38.788,
6951,2025-04-21 19:15:28.765137+00,7247.5,67.03,7335,2025-04-21 19:15:27.157,
6950,2025-04-21 19:15:17.162291+00,7777.5,67.03,7334,2025-04-21 19:15:15.527,
6949,2025-04-21 19:15:05.539243+00,7830,67.15,7333,2025-04-21 19:15:03.897,
6948,2025-04-21 19:14:53.904476+00,7651.25,66.91,7332,2025-04-21 19:14:52.288,
6947,2025-04-21 19:14:42.296247+00,7517.5,66.91,7331,2025-04-21 19:14:40.707,
6946,2025-04-21 19:14:30.713927+00,7703.75,67.15,7330,2025-04-21 19:14:29.137,
6945,2025-04-21 19:14:19.140385+00,7283.75,67.15,7329,2025-04-21 19:14:17.537,
6944,2025-04-21 19:14:07.54331+00,7373.75,67.03,7328,2025-04-21 19:14:05.948,
6943,2025-04-21 19:13:55.939447+00,7375,67.03,7327,2025-04-21 19:13:54.278,
6942,2025-04-21 19:13:44.28601+00,7705,66.91,7326,2025-04-21 19:13:42.698,
6941,2025-04-21 19:13:32.677421+00,7678.75,66.91,7325,2025-04-21 19:13:31.057,
6940,2025-04-21 19:13:21.06268+00,7570,67.15,7324,2025-04-21 19:13:19.437,
6939,2025-04-21 19:13:09.435096+00,7432.5,66.91,7323,2025-04-21 19:13:07.822,
6938,2025-04-21 19:12:57.816883+00,7586.25,66.79,7322,2025-04-21 19:12:56.207,
6937,2025-04-21 19:12:46.212763+00,6737.5,66.67,7321,2025-04-21 19:12:44.588,
6936,2025-04-21 19:12:34.596445+00,7800,66.91,7320,2025-04-21 19:12:32.987,
6935,2025-04-21 19:12:22.990676+00,7718.75,66.79,7319,2025-04-21 19:12:21.408,
6934,2025-04-21 19:12:11.413443+00,7575,66.79,7318,2025-04-21 19:12:09.838,
6933,2025-04-21 19:11:59.845809+00,7781.25,66.91,7317,2025-04-21 19:11:58.248,
6932,2025-04-21 19:11:48.260405+00,7738.75,67.03,7316,2025-04-21 19:11:46.678,
6931,2025-04-21 19:11:36.684406+00,7121.25,66.91,7315,2025-04-21 19:11:35.058,
6930,2025-04-21 19:11:25.057766+00,6846.25,66.91,7314,2025-04-21 19:11:23.338,
6929,2025-04-21 19:11:13.351062+00,7252.5,67.03,7313,2025-04-21 19:11:11.757,
6928,2025-04-21 19:11:01.712588+00,7623.75,66.79,7312,2025-04-21 19:11:00.127,
6927,2025-04-21 19:10:50.126046+00,6911.25,66.91,7311,2025-04-21 19:10:48.467,
6926,2025-04-21 19:10:38.471698+00,7618.75,66.79,7310,2025-04-21 19:10:36.878,
6925,2025-04-21 19:10:26.882841+00,7526.25,66.91,7309,2025-04-21 19:10:25.277,
6924,2025-04-21 19:10:15.286588+00,7787.5,67.03,7308,2025-04-21 19:10:13.697,
6923,2025-04-21 19:10:03.693021+00,7343.75,67.03,7307,2025-04-21 19:10:02.067,
6922,2025-04-21 19:09:52.075383+00,6957.5,67.15,7306,2025-04-21 19:09:50.308,
6921,2025-04-21 19:09:40.314123+00,7821.25,67.39,7305,2025-04-21 19:09:38.628,
6920,2025-04-21 19:09:28.634067+00,7326.25,67.03,7304,2025-04-21 19:09:27.047,
6919,2025-04-21 19:09:17.052287+00,7663.75,67.15,7303,2025-04-21 19:09:15.428,
6918,2025-04-21 19:09:05.396747+00,7591.25,67.03,7302,2025-04-21 19:09:03.798,
6917,2025-04-21 19:08:53.803885+00,6923.75,67.27,7301,2025-04-21 19:08:52.188,
6916,2025-04-21 19:08:42.198828+00,7130,67.03,7300,2025-04-21 19:08:40.618,
6915,2025-04-21 19:08:30.594643+00,7392.5,67.03,7299,2025-04-21 19:08:29.008,
6914,2025-04-21 19:08:19.014065+00,7533.75,67.03,7298,2025-04-21 19:08:17.427,
6913,2025-04-21 19:08:07.433926+00,7290,66.91,7297,2025-04-21 19:08:05.818,
6912,2025-04-21 19:07:55.813245+00,6852.5,66.91,7296,2025-04-21 19:07:54.108,
6911,2025-04-21 19:07:44.094737+00,7788.75,67.03,7295,2025-04-21 19:07:42.498,
6910,2025-04-21 19:07:32.505427+00,7556.25,67.03,7294,2025-04-21 19:07:30.917,
6909,2025-04-21 19:07:20.922256+00,7501.25,67.03,7293,2025-04-21 19:07:19.308,
6908,2025-04-21 19:07:09.30549+00,6936.25,67.03,7292,2025-04-21 19:07:07.688,
6907,2025-04-21 19:06:57.695478+00,7050,66.91,7291,2025-04-21 19:06:56.107,
6906,2025-04-21 19:06:46.102656+00,7863.75,67.03,7290,2025-04-21 19:06:44.497,
6905,2025-04-21 19:06:34.504629+00,7587.5,67.15,7289,2025-04-21 19:06:32.878,
6904,2025-04-21 19:06:22.890445+00,7245,67.15,7288,2025-04-21 19:06:21.258,
6903,2025-04-21 19:06:11.262111+00,7632.5,66.79,7287,2025-04-21 19:06:09.588,
6902,2025-04-21 19:05:59.59431+00,7190,66.79,7286,2025-04-21 19:05:57.968,
6901,2025-04-21 19:05:47.976045+00,7292.5,67.15,7285,2025-04-21 19:05:46.397,
6900,2025-04-21 19:05:36.408513+00,7242.5,67.03,7284,2025-04-21 19:05:34.798,
6899,2025-04-21 19:05:24.796245+00,7457.5,67.03,7283,2025-04-21 19:05:23.208,
6898,2025-04-21 19:05:13.210209+00,7031.25,66.91,7282,2025-04-21 19:05:11.588,
6897,2025-04-21 19:05:01.581401+00,7418.75,67.03,7281,2025-04-21 19:04:59.957,
6896,2025-04-21 19:04:49.964987+00,7800,67.15,7280,2025-04-21 19:04:48.337,
6895,2025-04-21 19:04:38.328389+00,7353.75,67.39,7279,2025-04-21 19:04:36.718,
6894,2025-04-21 19:04:26.70939+00,7360,67.15,7278,2025-04-21 19:04:25.027,
6893,2025-04-21 19:04:15.030925+00,7628.75,67.15,7277,2025-04-21 19:04:13.398,
6892,2025-04-21 19:04:03.399793+00,7550,67.03,7276,2025-04-21 19:04:01.777,
6891,2025-04-21 19:03:51.784251+00,7303.75,66.79,7275,2025-04-21 19:03:50.128,
6890,2025-04-21 19:03:40.129004+00,7627.5,67.15,7274,2025-04-21 19:03:38.538,
6889,2025-04-21 19:03:28.523819+00,7082.5,67.03,7273,2025-04-21 19:03:26.927,
6888,2025-04-21 19:03:16.930503+00,7750,66.91,7272,2025-04-21 19:03:15.288,
6887,2025-04-21 19:03:05.279367+00,7497.5,67.39,7271,2025-04-21 19:03:03.698,
6886,2025-04-21 19:02:53.703408+00,7775,67.15,7270,2025-04-21 19:02:52.108,
6885,2025-04-21 19:02:42.114906+00,7536.25,67.03,7269,2025-04-21 19:02:40.437,
6884,2025-04-21 19:02:30.436927+00,7250,67.03,7268,2025-04-21 19:02:28.857,
6883,2025-04-21 19:02:18.869363+00,7647.5,66.91,7267,2025-04-21 19:02:17.268,
6882,2025-04-21 19:02:07.273073+00,7315,67.15,7266,2025-04-21 19:02:05.648,
6881,2025-04-21 19:01:55.645117+00,7651.25,66.91,7265,2025-04-21 19:01:54.018,
6880,2025-04-21 19:01:44.024205+00,7686.25,67.03,7264,2025-04-21 19:01:42.398,
6879,2025-04-21 19:01:32.408575+00,7646.25,66.91,7263,2025-04-21 19:01:30.788,
6878,2025-04-21 19:01:20.7943+00,7617.5,67.03,7262,2025-04-21 19:01:19.178,
6877,2025-04-21 19:01:09.181617+00,6965,66.91,7261,2025-04-21 19:01:07.568,
6876,2025-04-21 19:00:57.575398+00,7683.75,66.79,7260,2025-04-21 19:00:55.828,
6875,2025-04-21 19:00:45.813459+00,7896.25,66.67,7259,2025-04-21 19:00:44.217,
6874,2025-04-21 19:00:34.222321+00,7547.5,66.91,7258,2025-04-21 19:00:32.627,
6873,2025-04-21 19:00:22.627097+00,7207.5,66.91,7257,2025-04-21 19:00:20.988,
6872,2025-04-21 19:00:10.984527+00,7721.25,66.91,7256,2025-04-21 19:00:09.358,
6871,2025-04-21 18:59:59.351083+00,6541.25,66.79,7255,2025-04-21 18:59:57.738,
6870,2025-04-21 18:59:47.741507+00,7731.25,66.79,7254,2025-04-21 18:59:46.157,
6869,2025-04-21 18:59:36.155485+00,7023.75,66.91,7253,2025-04-21 18:59:34.547,
6868,2025-04-21 18:59:24.550483+00,7638.75,64.48,7252,2025-04-21 18:59:22.958,
6867,2025-04-21 18:59:12.969112+00,7621.25,66.79,7251,2025-04-21 18:59:11.368,
6866,2025-04-21 18:59:01.352913+00,7236.25,66.79,7250,2025-04-21 18:58:59.768,
6865,2025-04-21 18:58:49.77503+00,7412.5,66.55,7249,2025-04-21 18:58:48.128,
6864,2025-04-21 18:58:38.112812+00,7135,66.42,7248,2025-04-21 18:58:36.508,
6863,2025-04-21 18:58:26.511642+00,7623.75,66.55,7247,2025-04-21 18:58:24.837,
6862,2025-04-21 18:58:14.829371+00,7473.75,66.79,7246,2025-04-21 18:58:13.188,
6861,2025-04-21 18:58:03.189505+00,6901.25,66.79,7245,2025-04-21 18:58:01.527,
6860,2025-04-21 18:57:51.52475+00,7737.5,66.79,7244,2025-04-21 18:57:49.888,
6859,2025-04-21 18:57:39.890287+00,7372.5,66.67,7243,2025-04-21 18:57:38.288,
6858,2025-04-21 18:57:28.266657+00,7396.25,66.79,7242,2025-04-21 18:57:26.568,
6857,2025-04-21 18:57:16.571915+00,7085,66.91,7241,2025-04-21 18:57:14.918,
6856,2025-04-21 18:57:04.912969+00,7702.5,66.79,7240,2025-04-21 18:57:03.278,
6855,2025-04-21 18:56:53.261752+00,6777.5,66.91,7239,2025-04-21 18:56:51.618,
6854,2025-04-21 18:56:41.537108+00,7006.25,66.67,7238,2025-04-21 18:56:39.938,
6853,2025-04-21 18:56:29.915549+00,7000,66.55,7237,2025-04-21 18:56:28.298,
6852,2025-04-21 18:56:18.299795+00,7181.25,66.55,7236,2025-04-21 18:56:16.658,
6851,2025-04-21 18:56:06.662309+00,7671.25,66.79,7235,2025-04-21 18:56:04.948,
6850,2025-04-21 18:55:54.959482+00,7708.75,66.67,7234,2025-04-21 18:55:53.368,
6849,2025-04-21 18:55:43.361462+00,7718.75,66.79,7233,2025-04-21 18:55:41.737,
6848,2025-04-21 18:55:31.737211+00,7562.5,66.55,7232,2025-04-21 18:55:30.108,
6847,2025-04-21 18:55:20.082211+00,7191.25,66.67,7231,2025-04-21 18:55:18.487,
6846,2025-04-21 18:55:08.481394+00,7127.5,66.55,7230,2025-04-21 18:55:06.858,
6845,2025-04-21 18:54:56.857804+00,7348.75,66.55,7229,2025-04-21 18:54:55.258,
6844,2025-04-21 18:54:45.250065+00,7603.75,66.79,7228,2025-04-21 18:54:43.663,
6843,2025-04-21 18:54:33.658507+00,7653.75,67.03,7227,2025-04-21 18:54:32.048,
6842,2025-04-21 18:54:22.057321+00,7723.75,66.79,7226,2025-04-21 18:54:20.308,
6841,2025-04-21 18:54:10.310096+00,7650,66.79,7225,2025-04-21 18:54:08.698,
6840,2025-04-21 18:53:58.697109+00,7848.75,66.55,7224,2025-04-21 18:53:56.968,
6839,2025-04-21 18:53:46.971771+00,7538.75,66.55,7223,2025-04-21 18:53:45.367,
6838,2025-04-21 18:53:35.372705+00,7740,66.55,7222,2025-04-21 18:53:33.743,
6837,2025-04-21 18:53:23.743473+00,7058.75,66.79,7221,2025-04-21 18:53:22.128,
6836,2025-04-21 18:53:12.127447+00,6900,66.67,7220,2025-04-21 18:53:10.517,
6835,2025-04-21 18:53:00.519514+00,6966.25,66.91,7219,2025-04-21 18:52:58.948,
6834,2025-04-21 18:52:48.949028+00,7537.5,67.03,7218,2025-04-21 18:52:47.348,
6833,2025-04-21 18:52:37.344129+00,7591.25,67.03,7217,2025-04-21 18:52:35.678,
6832,2025-04-21 18:52:25.682481+00,7743.75,67.15,7216,2025-04-21 18:52:24.038,
6831,2025-04-21 18:52:14.049028+00,7397.5,67.03,7215,2025-04-21 18:52:12.408,
6830,2025-04-21 18:52:02.407031+00,7122.5,67.15,7214,2025-04-21 18:52:00.758,
6829,2025-04-21 18:51:50.742798+00,7911.25,67.03,7213,2025-04-21 18:51:49.137,
6828,2025-04-21 18:51:39.137896+00,7353.75,67.15,7212,2025-04-21 18:51:37.288,
6827,2025-04-21 18:51:27.272176+00,7175,67.03,7211,2025-04-21 18:51:25.378,
6826,2025-04-21 18:51:15.382622+00,7888.75,67.15,7210,2025-04-21 18:51:13.757,
6825,2025-04-21 18:51:03.76083+00,7902.5,67.15,7209,2025-04-21 18:51:02.157,
6824,2025-04-21 18:50:52.095877+00,7467.5,67.27,7208,2025-04-21 18:50:50.488,
6823,2025-04-21 18:50:40.494013+00,7021.25,67.03,7207,2025-04-21 18:50:38.918,
6822,2025-04-21 18:50:28.925473+00,7591.25,67.03,7206,2025-04-21 18:50:27.318,
6821,2025-04-21 18:50:17.325937+00,7500,67.03,7205,2025-04-21 18:50:15.758,
6820,2025-04-21 18:50:05.758209+00,7965,67.15,7204,2025-04-21 18:50:04.147,
6819,2025-04-21 18:49:54.138868+00,7365,67.15,7203,2025-04-21 18:49:52.547,
6818,2025-04-21 18:49:42.554886+00,7711.25,67.27,7202,2025-04-21 18:49:40.947,
6817,2025-04-21 18:49:30.931793+00,7518.75,67.52,7201,2025-04-21 18:49:29.307,
6816,2025-04-21 18:49:19.313943+00,7397.5,67.27,7200,2025-04-21 18:49:17.707,
6815,2025-04-21 18:49:07.70685+00,7440,67.27,7199,2025-04-21 18:49:06.088,
6814,2025-04-21 18:48:56.079484+00,7620,67.15,7198,2025-04-21 18:48:54.468,
6813,2025-04-21 18:48:44.468665+00,7015,66.91,7197,2025-04-21 18:48:42.878,
6812,2025-04-21 18:48:32.875638+00,6943.75,67.03,7196,2025-04-21 18:48:31.228,
6811,2025-04-21 18:48:21.237186+00,7701.25,67.15,7195,2025-04-21 18:48:19.638,
6810,2025-04-21 18:48:09.622528+00,7875,67.27,7194,2025-04-21 18:48:08.018,
6809,2025-04-21 18:47:58.013295+00,7140,67.27,7193,2025-04-21 18:47:56.348,
6808,2025-04-21 18:47:46.343637+00,7686.25,67.27,7192,2025-04-21 18:47:44.697,
6807,2025-04-21 18:47:34.707584+00,7480,67.27,7191,2025-04-21 18:47:33.147,
6806,2025-04-21 18:47:23.153853+00,7813.75,67.39,7190,2025-04-21 18:47:21.538,
6805,2025-04-21 18:47:11.520129+00,7252.5,67.27,7189,2025-04-21 18:47:09.908,
6804,2025-04-21 18:46:59.911118+00,7791.25,67.15,7188,2025-04-21 18:46:58.208,
6803,2025-04-21 18:46:48.2028+00,7398.75,67.39,7187,2025-04-21 18:46:46.617,
6802,2025-04-21 18:46:36.619179+00,7932.5,67.27,7186,2025-04-21 18:46:34.958,
6801,2025-04-21 18:46:24.942637+00,7516.25,67.39,7185,2025-04-21 18:46:23.288,
6800,2025-04-21 18:46:13.288957+00,7736.25,67.27,7184,2025-04-21 18:46:11.678,
6799,2025-04-21 18:46:01.67511+00,7672.5,67.39,7183,2025-04-21 18:45:59.938,
6798,2025-04-21 18:45:49.940481+00,7160,67.15,7182,2025-04-21 18:45:48.347,
6797,2025-04-21 18:45:38.348413+00,7922.5,67.15,7181,2025-04-21 18:45:36.747,
6796,2025-04-21 18:45:26.754367+00,7768.75,67.27,7180,2025-04-21 18:45:25.178,
6795,2025-04-21 18:45:15.184566+00,7393.75,67.39,7179,2025-04-21 18:45:13.517,
6794,2025-04-21 18:45:03.52112+00,7311.25,67.39,7178,2025-04-21 18:45:01.887,
6793,2025-04-21 18:44:51.893895+00,7307.5,67.27,7177,2025-04-21 18:44:50.307,
6792,2025-04-21 18:44:40.299706+00,7501.25,67.27,7176,2025-04-21 18:44:38.707,
6791,2025-04-21 18:44:28.700126+00,7112.5,67.15,7175,2025-04-21 18:44:27.097,
6790,2025-04-21 18:44:17.069278+00,7535,67.52,7174,2025-04-21 18:44:15.468,
6789,2025-04-21 18:44:05.423291+00,7773.75,67.03,7173,2025-04-21 18:44:03.837,
6788,2025-04-21 18:43:53.841296+00,7507.5,67.15,7172,2025-04-21 18:43:52.257,
6787,2025-04-21 18:43:42.258188+00,7438.75,67.03,7171,2025-04-21 18:43:40.657,
6786,2025-04-21 18:43:30.655029+00,7342.5,67.27,7170,2025-04-21 18:43:28.957,
6785,2025-04-21 18:43:18.961725+00,7005,67.15,7169,2025-04-21 18:43:17.387,
6784,2025-04-21 18:43:07.389074+00,7667.5,66.91,7168,2025-04-21 18:43:05.788,
6783,2025-04-21 18:42:55.756214+00,7222.5,67.15,7167,2025-04-21 18:42:54.163,
6782,2025-04-21 18:42:44.16789+00,7402.5,66.79,7166,2025-04-21 18:42:42.587,
6781,2025-04-21 18:42:32.57174+00,7746.25,67.03,7165,2025-04-21 18:42:30.968,
6780,2025-04-21 18:42:20.968046+00,7955,67.03,7164,2025-04-21 18:42:19.377,
6779,2025-04-21 18:42:09.355232+00,7862.5,67.03,7163,2025-04-21 18:42:07.777,
6778,2025-04-21 18:41:57.778416+00,7496.25,67.15,7162,2025-04-21 18:41:56.188,
6777,2025-04-21 18:41:46.108616+00,7777.5,66.91,7161,2025-04-21 18:41:44.407,
6776,2025-04-21 18:41:34.41117+00,7456.25,67.03,7160,2025-04-21 18:41:32.828,
6775,2025-04-21 18:41:22.821145+00,7525,67.03,7159,2025-04-21 18:41:21.197,
6774,2025-04-21 18:41:11.190116+00,6855,67.03,7158,2025-04-21 18:41:09.578,
6773,2025-04-21 18:40:59.576852+00,7226.25,67.15,7157,2025-04-21 18:40:58.017,
6772,2025-04-21 18:40:48.009116+00,7510,67.27,7156,2025-04-21 18:40:46.417,
6771,2025-04-21 18:40:36.425984+00,7561.25,67.15,7155,2025-04-21 18:40:34.847,
6770,2025-04-21 18:40:24.851557+00,7115,67.03,7154,2025-04-21 18:40:23.258,
6769,2025-04-21 18:40:13.264564+00,6883.75,67.27,7153,2025-04-21 18:40:11.687,
6768,2025-04-21 18:40:01.651885+00,7706.25,67.15,7152,2025-04-21 18:39:59.917,
6767,2025-04-21 18:39:49.923474+00,7513.75,66.91,7151,2025-04-21 18:39:48.348,
6766,2025-04-21 18:39:38.344909+00,7437.5,67.03,7150,2025-04-21 18:39:36.768,
6765,2025-04-21 18:39:26.772562+00,7728.75,67.15,7149,2025-04-21 18:39:25.167,
6764,2025-04-21 18:39:15.17251+00,7355,67.03,7148,2025-04-21 18:39:13.587,
6763,2025-04-21 18:39:03.584026+00,7485,67.39,7147,2025-04-21 18:39:01.927,
6762,2025-04-21 18:38:51.912506+00,7507.5,67.39,7146,2025-04-21 18:38:50.288,
6761,2025-04-21 18:38:40.270166+00,7248.75,67.15,7145,2025-04-21 18:38:38.647,
6760,2025-04-21 18:38:28.619605+00,7786.25,66.91,7144,2025-04-21 18:38:26.977,
6759,2025-04-21 18:38:16.934021+00,7818.75,67.15,7143,2025-04-21 18:38:15.178,
6758,2025-04-21 18:38:05.184363+00,7595,67.03,7142,2025-04-21 18:38:03.598,
6757,2025-04-21 18:37:53.599634+00,7336.25,67.15,7141,2025-04-21 18:37:52.027,
6756,2025-04-21 18:37:42.031248+00,7470,67.27,7140,2025-04-21 18:37:40.438,
6755,2025-04-21 18:37:30.430063+00,7236.25,67.15,7139,2025-04-21 18:37:28.847,
6754,2025-04-21 18:37:18.845081+00,7385,66.91,7138,2025-04-21 18:37:17.278,
6753,2025-04-21 18:37:07.274034+00,7853.75,67.03,7137,2025-04-21 18:37:05.667,
6752,2025-04-21 18:36:55.672249+00,7476.25,67.03,7136,2025-04-21 18:36:54.058,
6751,2025-04-21 18:36:44.054497+00,7698.75,66.91,7135,2025-04-21 18:36:42.458,
6750,2025-04-21 18:36:32.459106+00,7502.5,67.03,7134,2025-04-21 18:36:30.848,
6749,2025-04-21 18:36:20.851778+00,7201.25,67.15,7133,2025-04-21 18:36:19.267,
6748,2025-04-21 18:36:09.267776+00,7617.5,67.15,7132,2025-04-21 18:36:07.667,
6747,2025-04-21 18:35:57.674783+00,7746.25,67.15,7131,2025-04-21 18:35:56.078,
6746,2025-04-21 18:35:46.074904+00,7025,67.39,7130,2025-04-21 18:35:44.478,
6745,2025-04-21 18:35:34.478901+00,6901.25,67.27,7129,2025-04-21 18:35:32.868,
6744,2025-04-21 18:35:22.853814+00,7412.5,67.39,7128,2025-04-21 18:35:21.243,
6743,2025-04-21 18:35:11.239302+00,7430,67.27,7127,2025-04-21 18:35:09.618,
6742,2025-04-21 18:34:59.623194+00,6818.75,67.52,7126,2025-04-21 18:34:58.027,
6741,2025-04-21 18:34:48.019206+00,7720,67.52,7125,2025-04-21 18:34:46.347,
6740,2025-04-21 18:34:36.340997+00,7273.75,67.39,7124,2025-04-21 18:34:34.757,
6739,2025-04-21 18:34:24.754374+00,7287.5,67.52,7123,2025-04-21 18:34:23.128,
6738,2025-04-21 18:34:13.127643+00,7761.25,67.39,7122,2025-04-21 18:34:11.558,
6737,2025-04-21 18:34:01.558866+00,7782.5,67.52,7121,2025-04-21 18:33:59.938,
6736,2025-04-21 18:33:49.933345+00,7761.25,67.39,7120,2025-04-21 18:33:48.368,
6735,2025-04-21 18:33:38.367584+00,7615,67.52,7119,2025-04-21 18:33:36.718,
6734,2025-04-21 18:33:26.714225+00,7401.25,67.39,7118,2025-04-21 18:33:25.147,
6733,2025-04-21 18:33:15.143731+00,7412.5,67.27,7117,2025-04-21 18:33:13.558,
6732,2025-04-21 18:33:03.550911+00,7657.5,67.27,7116,2025-04-21 18:33:01.748,
6731,2025-04-21 18:32:51.750085+00,7435,67.27,7115,2025-04-21 18:32:50.108,
6730,2025-04-21 18:32:40.09838+00,7268.75,67.27,7114,2025-04-21 18:32:38.448,
6729,2025-04-21 18:32:28.442614+00,7478.75,67.27,7113,2025-04-21 18:32:26.818,
6728,2025-04-21 18:32:16.771252+00,7040,67.27,7112,2025-04-21 18:32:15.168,
6727,2025-04-21 18:32:05.168929+00,7627.5,67.52,7111,2025-04-21 18:32:03.538,
6726,2025-04-21 18:31:53.539667+00,7380,67.27,7110,2025-04-21 18:31:51.898,
6725,2025-04-21 18:31:41.898037+00,7695,67.27,7109,2025-04-21 18:31:40.267,
6724,2025-04-21 18:31:30.271255+00,7307.5,67.27,7108,2025-04-21 18:31:28.628,
6723,2025-04-21 18:31:18.631903+00,7623.75,67.15,7107,2025-04-21 18:31:16.858,
6722,2025-04-21 18:31:06.862789+00,7461.25,67.15,7106,2025-04-21 18:31:05.277,
6721,2025-04-21 18:30:55.28354+00,7090,67.15,7105,2025-04-21 18:30:53.697,
6720,2025-04-21 18:30:43.699856+00,7176.25,67.15,7104,2025-04-21 18:30:42.097,
6719,2025-04-21 18:30:32.088903+00,7443.75,67.15,7103,2025-04-21 18:30:30.487,
6718,2025-04-21 18:30:20.483135+00,7808.75,67.15,7102,2025-04-21 18:30:18.888,
6717,2025-04-21 18:30:08.885799+00,7195,67.15,7101,2025-04-21 18:30:07.288,
6716,2025-04-21 18:29:57.288784+00,7630,67.15,7100,2025-04-21 18:29:55.717,
6715,2025-04-21 18:29:45.708401+00,6902.5,67.03,7099,2025-04-21 18:29:44.098,
6714,2025-04-21 18:29:34.093743+00,7186.25,67.27,7098,2025-04-21 18:29:32.478,
6713,2025-04-21 18:29:22.478675+00,7260,67.15,7097,2025-04-21 18:29:20.897,
6712,2025-04-21 18:29:10.902982+00,7618.75,67.15,7096,2025-04-21 18:29:09.328,
6711,2025-04-21 18:28:59.327115+00,7202.5,66.91,7095,2025-04-21 18:28:57.747,
6710,2025-04-21 18:28:47.741409+00,7553.75,67.03,7094,2025-04-21 18:28:46.147,
6709,2025-04-21 18:28:36.148664+00,7753.75,66.67,7093,2025-04-21 18:28:34.567,
6708,2025-04-21 18:28:24.554139+00,7795,67.03,7092,2025-04-21 18:28:22.968,
6707,2025-04-21 18:28:12.967157+00,7392.5,67.15,7091,2025-04-21 18:28:11.332,
6706,2025-04-21 18:27:44.854078+00,7665,67.15,7089,2025-04-21 18:27:43.207,
6705,2025-04-21 18:27:33.205205+00,7600,67.03,7088,2025-04-21 18:27:31.627,
6704,2025-04-21 18:27:21.626428+00,7956.25,67.15,7087,2025-04-21 18:27:20.038,
6703,2025-04-21 18:27:10.029901+00,7633.75,67.03,7086,2025-04-21 18:27:08.427,
6702,2025-04-21 18:26:58.425325+00,7641.25,67.15,7085,2025-04-21 18:26:56.837,
6701,2025-04-21 18:26:46.819369+00,7557.5,67.03,7084,2025-04-21 18:26:45.247,
6700,2025-04-21 18:26:35.24628+00,7028.75,67.03,7083,2025-04-21 18:26:33.677,
6699,2025-04-21 18:26:23.682089+00,7650,66.91,7082,2025-04-21 18:26:22.127,
6698,2025-04-21 18:26:12.121033+00,7222.5,67.15,7081,2025-04-21 18:26:10.527,
6697,2025-04-21 18:26:00.520587+00,7480,67.03,7080,2025-04-21 18:25:58.937,
6696,2025-04-21 18:25:48.942276+00,7586.25,66.91,7079,2025-04-21 18:25:47.367,
6695,2025-04-21 18:25:37.368815+00,7515,67.15,7078,2025-04-21 18:25:35.807,
6694,2025-04-21 18:25:25.802751+00,7338.75,67.03,7077,2025-04-21 18:25:24.217,
6693,2025-04-21 18:25:14.213764+00,7395,67.03,7076,2025-04-21 18:25:12.637,
6692,2025-04-21 18:25:02.633657+00,7603.75,67.15,7075,2025-04-21 18:25:01.057,
6691,2025-04-21 18:24:51.052359+00,7466.25,67.03,7074,2025-04-21 18:24:49.478,
6690,2025-04-21 18:24:39.474087+00,7050,66.91,7073,2025-04-21 18:24:37.907,
6689,2025-04-21 18:24:27.912384+00,7830,66.91,7072,2025-04-21 18:24:26.347,
6688,2025-04-21 18:24:16.343842+00,7206.25,66.91,7071,2025-04-21 18:24:14.787,
6687,2025-04-21 18:24:04.789212+00,7733.75,66.91,7070,2025-04-21 18:24:03.217,
6686,2025-04-21 18:23:53.203985+00,7560,66.91,7069,2025-04-21 18:23:51.628,
6685,2025-04-21 18:23:41.622949+00,7262.5,66.91,7068,2025-04-21 18:23:40.028,
6684,2025-04-21 18:23:30.030264+00,7817.5,66.79,7067,2025-04-21 18:23:28.408,
6683,2025-04-21 18:23:18.407883+00,7722.5,67.03,7066,2025-04-21 18:23:16.837,
6682,2025-04-21 18:23:06.837896+00,7420,67.15,7065,2025-04-21 18:23:05.267,
6681,2025-04-21 18:22:55.272717+00,7552.5,67.15,7064,2025-04-21 18:22:53.677,
6680,2025-04-21 18:22:43.681881+00,7453.75,67.15,7063,2025-04-21 18:22:42.097,
6679,2025-04-21 18:22:32.094097+00,7406.25,67.15,7062,2025-04-21 18:22:30.507,
6678,2025-04-21 18:22:20.507648+00,7325,67.15,7061,2025-04-21 18:22:18.937,
6677,2025-04-21 18:22:08.928724+00,7566.25,66.91,7060,2025-04-21 18:22:07.358,
6676,2025-04-21 18:21:57.350524+00,6751.25,66.79,7059,2025-04-21 18:21:55.777,
6675,2025-04-21 18:21:45.75578+00,7662.5,67.03,7058,2025-04-21 18:21:44.157,
6674,2025-04-21 18:21:34.15641+00,7701.25,67.15,7057,2025-04-21 18:21:32.587,
6673,2025-04-21 18:21:22.586476+00,7387.5,67.03,7056,2025-04-21 18:21:20.987,
6672,2025-04-21 18:21:10.984062+00,6890,67.27,7055,2025-04-21 18:21:09.418,
6671,2025-04-21 18:20:59.422261+00,7448.75,67.27,7054,2025-04-21 18:20:57.837,
6670,2025-04-21 18:20:47.827124+00,7280,67.03,7053,2025-04-21 18:20:46.257,
6669,2025-04-21 18:20:36.253687+00,7875,67.15,7052,2025-04-21 18:20:34.667,
6668,2025-04-21 18:20:24.664654+00,7561.25,67.03,7051,2025-04-21 18:20:23.087,
6667,2025-04-21 18:20:13.081683+00,7310,67.03,7050,2025-04-21 18:20:11.517,
6666,2025-04-21 18:20:01.51294+00,7220,67.03,7049,2025-04-21 18:19:59.927,
6665,2025-04-21 18:19:49.928421+00,8138.75,67.15,7048,2025-04-21 18:19:48.357,
6664,2025-04-21 18:19:38.352453+00,7921.25,67.15,7047,2025-04-21 18:19:36.767,
6663,2025-04-21 18:19:26.761452+00,7958.75,67.15,7046,2025-04-21 18:19:25.198,
6662,2025-04-21 18:19:15.102269+00,7907.5,67.15,7045,2025-04-21 18:19:13.517,
6661,2025-04-21 18:19:03.516701+00,7465,67.03,7044,2025-04-21 18:19:01.937,
6660,2025-04-21 18:18:51.932959+00,7261.25,67.03,7043,2025-04-21 18:18:50.327,
6659,2025-04-21 18:18:40.325613+00,6805,66.79,7042,2025-04-21 18:18:38.727,
6658,2025-04-21 18:18:28.723486+00,7858.75,66.91,7041,2025-04-21 18:18:27.158,
6657,2025-04-21 18:18:17.155095+00,7930,66.91,7040,2025-04-21 18:18:15.577,
6656,2025-04-21 18:18:05.579344+00,7227.5,67.03,7039,2025-04-21 18:18:03.987,
6655,2025-04-21 18:17:53.984385+00,7081.25,66.91,7038,2025-04-21 18:17:52.427,
6654,2025-04-21 18:17:42.424284+00,6735,67.03,7037,2025-04-21 18:17:40.858,
6653,2025-04-21 18:17:30.860451+00,6948.75,67.03,7036,2025-04-21 18:17:29.297,
6652,2025-04-21 18:17:19.291064+00,7210,67.03,7035,2025-04-21 18:17:17.717,
6651,2025-04-21 18:17:07.721259+00,6958.75,67.03,7034,2025-04-21 18:17:06.127,
6650,2025-04-21 18:16:56.123491+00,7858.75,66.91,7033,2025-04-21 18:16:54.548,
6649,2025-04-21 18:16:44.54021+00,7502.5,66.91,7032,2025-04-21 18:16:42.968,
6648,2025-04-21 18:16:32.971977+00,7728.75,66.79,7031,2025-04-21 18:16:31.347,
6647,2025-04-21 18:16:21.344751+00,7315,66.91,7030,2025-04-21 18:16:19.767,
6646,2025-04-21 18:16:09.761904+00,7305,67.03,7029,2025-04-21 18:16:08.187,
6645,2025-04-21 18:15:58.183029+00,7422.5,67.15,7028,2025-04-21 18:15:56.617,
6644,2025-04-21 18:15:46.60749+00,7270,67.03,7027,2025-04-21 18:15:44.998,
6643,2025-04-21 18:15:34.978133+00,7485,66.91,7026,2025-04-21 18:15:33.388,
6642,2025-04-21 18:15:23.391296+00,7216.25,67.03,7025,2025-04-21 18:15:21.817,
6641,2025-04-21 18:15:11.815183+00,7643.75,67.27,7024,2025-04-21 18:15:10.247,
6640,2025-04-21 18:15:00.239822+00,7216.25,67.03,7023,2025-04-21 18:14:58.627,
6639,2025-04-21 18:14:48.630053+00,7371.25,67.27,7022,2025-04-21 18:14:47.037,
6638,2025-04-21 18:14:37.0297+00,7060,67.27,7021,2025-04-21 18:14:35.477,
6637,2025-04-21 18:14:25.473477+00,7383.75,67.27,7020,2025-04-21 18:14:23.907,
6636,2025-04-21 18:14:13.894773+00,7037.5,67.03,7019,2025-04-21 18:14:12.307,
6635,2025-04-21 18:14:02.299782+00,7565,67.27,7018,2025-04-21 18:14:00.707,
6634,2025-04-21 18:13:50.696425+00,7793.75,67.39,7017,2025-04-21 18:13:49.127,
6633,2025-04-21 18:13:39.117836+00,7170,67.03,7016,2025-04-21 18:13:37.497,
6632,2025-04-21 18:13:27.487392+00,7583.75,67.15,7015,2025-04-21 18:13:25.907,
6631,2025-04-21 18:13:15.909321+00,7680,66.79,7014,2025-04-21 18:13:14.328,
6630,2025-04-21 18:13:04.330532+00,7550,67.03,7013,2025-04-21 18:13:02.727,
6629,2025-04-21 18:12:52.717834+00,7547.5,66.91,7012,2025-04-21 18:12:51.127,
6628,2025-04-21 18:12:41.11484+00,7162.5,66.91,7011,2025-04-21 18:12:39.527,
6627,2025-04-21 18:12:29.521345+00,7637.5,66.91,7010,2025-04-21 18:12:27.927,
6626,2025-04-21 18:12:17.926355+00,7332.5,66.91,7009,2025-04-21 18:12:16.357,
6625,2025-04-21 18:12:06.353752+00,7376.25,67.15,7008,2025-04-21 18:12:04.697,
6624,2025-04-21 18:11:54.690959+00,7670,66.91,7007,2025-04-21 18:11:53.097,
6623,2025-04-21 18:11:43.086621+00,7143.75,66.67,7006,2025-04-21 18:11:41.507,
6622,2025-04-21 18:11:31.506327+00,7093.75,66.67,7005,2025-04-21 18:11:29.917,
6621,2025-04-21 18:11:19.915834+00,7152.5,66.79,7004,2025-04-21 18:11:18.347,
6620,2025-04-21 18:11:08.328464+00,7577.5,66.91,7003,2025-04-21 18:11:06.687,
6619,2025-04-21 18:10:56.678343+00,7537.5,66.79,7002,2025-04-21 18:10:55.107,
6618,2025-04-21 18:10:45.104307+00,7212.5,66.79,7001,2025-04-21 18:10:43.527,
6617,2025-04-21 18:10:33.519225+00,6700,66.67,7000,2025-04-21 18:10:31.817,
6616,2025-04-21 18:10:21.809957+00,7611.25,66.67,6999,2025-04-21 18:10:20.127,
6615,2025-04-21 18:10:10.116026+00,7435,66.79,6998,2025-04-21 18:10:08.527,
6614,2025-04-21 18:09:58.527193+00,7330,66.79,6997,2025-04-21 18:09:56.947,
6613,2025-04-21 18:09:46.936618+00,7612.5,67.03,6996,2025-04-21 18:09:45.358,
6612,2025-04-21 18:09:35.351507+00,6971.25,67.03,6995,2025-04-21 18:09:33.747,
6611,2025-04-21 18:09:23.729268+00,7501.25,66.79,6994,2025-04-21 18:09:22.157,
6610,2025-04-21 18:09:12.155742+00,7362.5,66.91,6993,2025-04-21 18:09:10.557,
6609,2025-04-21 18:09:00.54961+00,7506.25,66.91,6992,2025-04-21 18:08:58.977,
6608,2025-04-21 18:08:48.948882+00,6827.5,67.03,6991,2025-04-21 18:08:47.377,
6607,2025-04-21 18:08:37.371744+00,7615,66.91,6990,2025-04-21 18:08:35.707,
6606,2025-04-21 18:08:25.70957+00,7823.75,66.91,6989,2025-04-21 18:08:24.147,
6605,2025-04-21 18:08:14.138623+00,7610,66.91,6988,2025-04-21 18:08:12.578,
6604,2025-04-21 18:08:02.568557+00,7001.25,66.91,6987,2025-04-21 18:08:00.987,
6603,2025-04-21 18:07:50.986829+00,7431.25,67.15,6986,2025-04-21 18:07:49.427,
6602,2025-04-21 18:07:39.421939+00,6860,66.91,6985,2025-04-21 18:07:37.837,
6601,2025-04-21 18:07:27.836768+00,7412.5,66.79,6984,2025-04-21 18:07:26.277,
6600,2025-04-21 18:07:16.270514+00,7386.25,67.03,6983,2025-04-21 18:07:14.697,
6599,2025-04-21 18:07:04.694559+00,7798.75,66.91,6982,2025-04-21 18:07:03.087,
6598,2025-04-21 18:06:53.083985+00,7341.25,66.79,6981,2025-04-21 18:06:51.387,
6597,2025-04-21 18:06:41.360954+00,7151.25,66.79,6980,2025-04-21 18:06:39.797,
6596,2025-04-21 18:06:29.789755+00,7302.5,66.79,6979,2025-04-21 18:06:28.207,
6595,2025-04-21 18:06:18.207856+00,7675,66.67,6978,2025-04-21 18:06:16.647,
6594,2025-04-21 18:06:06.647888+00,7502.5,66.67,6977,2025-04-21 18:06:05.057,
6593,2025-04-21 18:05:55.054951+00,7655,66.67,6976,2025-04-21 18:05:53.487,
6592,2025-04-21 18:05:43.48293+00,7276.25,66.91,6975,2025-04-21 18:05:41.908,
6591,2025-04-21 18:05:31.896595+00,7317.5,66.91,6974,2025-04-21 18:05:30.317,
6590,2025-04-21 18:05:20.307805+00,7085,66.79,6973,2025-04-21 18:05:18.717,
6589,2025-04-21 18:05:08.699317+00,7772.5,66.91,6972,2025-04-21 18:05:07.047,
6588,2025-04-21 18:04:57.037572+00,7655,67.03,6971,2025-04-21 18:04:55.478,
6587,2025-04-21 18:04:45.468413+00,7787.5,66.79,6970,2025-04-21 18:04:43.907,
6586,2025-04-21 18:04:33.907676+00,7060,66.91,6969,2025-04-21 18:04:32.297,
6585,2025-04-21 18:04:22.292536+00,7341.25,67.03,6968,2025-04-21 18:04:20.717,
6584,2025-04-21 18:04:10.716423+00,7410,66.79,6967,2025-04-21 18:04:09.147,
6583,2025-04-21 18:03:59.143287+00,7630,67.03,6966,2025-04-21 18:03:57.587,
6582,2025-04-21 18:03:47.585504+00,7800,66.79,6965,2025-04-21 18:03:46.027,
6581,2025-04-21 18:03:36.02069+00,7570,66.91,6964,2025-04-21 18:03:34.457,
6580,2025-04-21 18:03:24.448925+00,7625,66.79,6963,2025-04-21 18:03:22.777,
6579,2025-04-21 18:03:12.769983+00,6852.5,66.91,6962,2025-04-21 18:03:11.187,
6578,2025-04-21 18:03:01.182438+00,7598.75,67.03,6961,2025-04-21 18:02:59.627,
6577,2025-04-21 18:02:49.616339+00,7518.75,67.15,6960,2025-04-21 18:02:48.027,
6576,2025-04-21 18:02:38.015522+00,7053.75,67.15,6959,2025-04-21 18:02:36.437,
6575,2025-04-21 18:02:26.433118+00,7673.75,66.91,6958,2025-04-21 18:02:24.837,
6574,2025-04-21 18:02:14.826348+00,7318.75,66.79,6957,2025-04-21 18:02:13.237,
6573,2025-04-21 18:02:03.221143+00,7671.25,66.79,6956,2025-04-21 18:02:01.667,
6572,2025-04-21 18:01:51.660857+00,7580,66.67,6955,2025-04-21 18:01:50.077,
6571,2025-04-21 18:01:40.065455+00,7026.25,66.67,6954,2025-04-21 18:01:38.407,
6570,2025-04-21 18:01:28.392832+00,7603.75,66.55,6953,2025-04-21 18:01:26.817,
6569,2025-04-21 18:01:16.804313+00,6786.25,66.67,6952,2025-04-21 18:01:15.238,
6568,2025-04-21 18:01:05.22852+00,7246.25,66.79,6951,2025-04-21 18:01:03.617,
6567,2025-04-21 18:00:53.607313+00,7561.25,66.79,6950,2025-04-21 18:00:52.028,
6566,2025-04-21 18:00:42.003524+00,7381.25,67.15,6949,2025-04-21 18:00:40.438,
6565,2025-04-21 18:00:30.427612+00,7213.75,67.15,6948,2025-04-21 18:00:28.837,
6564,2025-04-21 18:00:18.829959+00,7692.5,67.15,6947,2025-04-21 18:00:17.253,
6563,2025-04-21 18:00:07.238739+00,7092.5,67.03,6946,2025-04-21 18:00:05.637,
6562,2025-04-21 17:59:55.625634+00,7773.75,67.27,6945,2025-04-21 17:59:53.927,
6561,2025-04-21 17:59:43.923583+00,7655,67.03,6944,2025-04-21 17:59:42.347,
6560,2025-04-21 17:59:32.345103+00,7568.75,67.27,6943,2025-04-21 17:59:30.747,
6559,2025-04-21 17:59:20.740281+00,7356.25,67.27,6942,2025-04-21 17:59:19.167,
6558,2025-04-21 17:59:09.164394+00,7176.25,66.91,6941,2025-04-21 17:59:07.587,
6557,2025-04-21 17:58:57.577426+00,7752.5,67.39,6940,2025-04-21 17:58:56.017,
6556,2025-04-21 17:58:46.014695+00,7126.25,67.15,6939,2025-04-21 17:58:44.447,
6555,2025-04-21 17:58:34.43847+00,7035,67.39,6938,2025-04-21 17:58:32.877,
6554,2025-04-21 17:58:22.871205+00,7643.75,67.39,6937,2025-04-21 17:58:21.307,
6553,2025-04-21 17:58:11.300139+00,7592.5,67.27,6936,2025-04-21 17:58:09.668,
6552,2025-04-21 17:57:59.635874+00,6743.75,67.15,6935,2025-04-21 17:57:58.057,
6551,2025-04-21 17:57:48.048792+00,7683.75,67.15,6934,2025-04-21 17:57:46.477,
6550,2025-04-21 17:57:36.47213+00,7655,67.27,6933,2025-04-21 17:57:34.887,
6549,2025-04-21 17:57:24.881525+00,8000,67.15,6932,2025-04-21 17:57:23.317,
6548,2025-04-21 17:57:13.304919+00,6841.25,67.27,6931,2025-04-21 17:57:11.727,
6547,2025-04-21 17:57:01.720572+00,7130,67.15,6930,2025-04-21 17:57:00.137,
6546,2025-04-21 17:56:50.128759+00,7486.25,67.52,6929,2025-04-21 17:56:48.567,
6545,2025-04-21 17:56:38.562943+00,7588.75,67.15,6928,2025-04-21 17:56:36.987,
6544,2025-04-21 17:56:26.980921+00,7625,67.39,6927,2025-04-21 17:56:25.337,
6543,2025-04-21 17:56:15.299058+00,7320,67.15,6926,2025-04-21 17:56:13.747,
6542,2025-04-21 17:56:03.732683+00,7737.5,67.39,6925,2025-04-21 17:56:02.107,
6541,2025-04-21 17:55:52.092834+00,6943.75,67.52,6924,2025-04-21 17:55:50.517,
6540,2025-04-21 17:55:40.506115+00,7623.75,67.15,6923,2025-04-21 17:55:38.938,
6539,2025-04-21 17:55:28.930837+00,7751.25,67.15,6922,2025-04-21 17:55:27.367,
6538,2025-04-21 17:55:17.34793+00,6827.5,67.27,6921,2025-04-21 17:55:15.767,
6537,2025-04-21 17:55:05.757025+00,7866.25,67.39,6920,2025-04-21 17:55:04.158,
6536,2025-04-21 17:54:54.149647+00,7753.75,67.15,6919,2025-04-21 17:54:52.587,
6535,2025-04-21 17:54:42.576591+00,7321.25,67.15,6918,2025-04-21 17:54:41.007,
6534,2025-04-21 17:54:30.999993+00,7556.25,67.15,6917,2025-04-21 17:54:29.438,
6533,2025-04-21 17:54:19.420496+00,7866.25,67.39,6916,2025-04-21 17:54:17.847,
6532,2025-04-21 17:54:07.836661+00,7543.75,67.39,6915,2025-04-21 17:54:06.247,
6531,2025-04-21 17:53:56.232095+00,7042.5,67.39,6914,2025-04-21 17:53:54.658,
6530,2025-04-21 17:53:44.654747+00,6665,67.52,6913,2025-04-21 17:53:43.087,
6529,2025-04-21 17:53:33.077164+00,7391.25,67.52,6912,2025-04-21 17:53:31.507,
6528,2025-04-21 17:53:21.499536+00,7503.75,67.27,6911,2025-04-21 17:53:19.937,
6527,2025-04-21 17:53:09.924118+00,7983.75,67.52,6910,2025-04-21 17:53:08.348,
6526,2025-04-21 17:52:58.340596+00,7712.5,67.64,6909,2025-04-21 17:52:56.657,
6525,2025-04-21 17:52:46.642008+00,7457.5,67.64,6908,2025-04-21 17:52:45.077,
6524,2025-04-21 17:52:35.0714+00,7735,67.38,6907,2025-04-21 17:52:33.507,
6523,2025-04-21 17:52:23.497167+00,7652.5,67.39,6906,2025-04-21 17:52:21.907,
6522,2025-04-21 17:52:11.892028+00,7456.25,67.27,6905,2025-04-21 17:52:10.317,
6521,2025-04-21 17:52:00.307576+00,7862.5,67.39,6904,2025-04-21 17:51:58.732,
6520,2025-04-21 17:51:48.712245+00,7595,67.27,6903,2025-04-21 17:51:47.117,
6519,2025-04-21 17:51:37.101358+00,7736.25,67.15,6902,2025-04-21 17:51:35.527,
6518,2025-04-21 17:51:25.483856+00,7570,67.27,6901,2025-04-21 17:51:23.918,
6517,2025-04-21 17:51:13.905749+00,6906.25,67.27,6900,2025-04-21 17:51:12.237,
6516,2025-04-21 17:51:02.227758+00,7635,67.15,6899,2025-04-21 17:51:00.637,
6515,2025-04-21 17:50:50.621306+00,7026.25,67.15,6898,2025-04-21 17:50:49.057,
6514,2025-04-21 17:50:39.050386+00,7147.5,67.15,6897,2025-04-21 17:50:37.487,
6513,2025-04-21 17:50:27.479034+00,7582.5,67.52,6896,2025-04-21 17:50:25.877,
6512,2025-04-21 17:50:15.861277+00,7656.25,67.15,6895,2025-04-21 17:50:14.307,
6511,2025-04-21 17:50:04.298628+00,7726.25,67.15,6894,2025-04-21 17:50:02.737,
6510,2025-04-21 17:49:52.725191+00,7377.5,67.15,6893,2025-04-21 17:49:51.128,
6509,2025-04-21 17:49:41.105223+00,7671.25,67.15,6892,2025-04-21 17:49:39.523,
6508,2025-04-21 17:49:29.502038+00,7520,67.27,6891,2025-04-21 17:49:27.777,
6507,2025-04-21 17:49:17.761499+00,7925,66.91,6890,2025-04-21 17:49:16.187,
6506,2025-04-21 17:49:06.176808+00,7382.5,67.27,6889,2025-04-21 17:49:04.588,
6505,2025-04-21 17:48:54.564253+00,7640,67.27,6888,2025-04-21 17:48:52.957,
6504,2025-04-21 17:48:42.945509+00,7367.5,67.15,6887,2025-04-21 17:48:41.367,
6503,2025-04-21 17:48:31.358581+00,7518.75,67.15,6886,2025-04-21 17:48:29.798,
6502,2025-04-21 17:48:19.783238+00,7715,66.91,6885,2025-04-21 17:48:18.198,
6501,2025-04-21 17:48:08.179176+00,7382.5,67.15,6884,2025-04-21 17:48:06.608,
6500,2025-04-21 17:47:56.602578+00,7397.5,67.03,6883,2025-04-21 17:47:55.017,
6499,2025-04-21 17:47:45.000132+00,7808.75,67.15,6882,2025-04-21 17:47:43.297,
6498,2025-04-21 17:47:33.288878+00,7058.75,67.03,6881,2025-04-21 17:47:31.727,
6497,2025-04-21 17:47:21.718558+00,7655,66.91,6880,2025-04-21 17:47:20.128,
6496,2025-04-21 17:47:10.121507+00,7341.25,66.91,6879,2025-04-21 17:47:08.537,
6495,2025-04-21 17:46:58.53388+00,7031.25,67.03,6878,2025-04-21 17:46:56.987,
6494,2025-04-21 17:46:46.976759+00,7600,67.03,6877,2025-04-21 17:46:45.387,
6493,2025-04-21 17:46:35.379684+00,7097.5,66.91,6876,2025-04-21 17:46:33.807,
6492,2025-04-21 17:46:23.787874+00,7195,67.15,6875,2025-04-21 17:46:22.197,
6491,2025-04-21 17:46:12.193248+00,7096.25,67.15,6874,2025-04-21 17:46:10.607,
6490,2025-04-21 17:46:00.58743+00,7617.5,67.15,6873,2025-04-21 17:45:58.917,
6489,2025-04-21 17:45:48.905795+00,7436.25,67.15,6872,2025-04-21 17:45:47.343,
6488,2025-04-21 17:45:37.30835+00,6892.5,67.27,6871,2025-04-21 17:45:35.728,
6487,2025-04-21 17:45:25.72047+00,6968.75,67.27,6870,2025-04-21 17:45:24.167,
6486,2025-04-21 17:45:14.160187+00,7167.5,67.03,6869,2025-04-21 17:45:12.597,
6485,2025-04-21 17:45:02.564773+00,7686.25,67.15,6868,2025-04-21 17:45:00.957,
6484,2025-04-21 17:44:50.948733+00,7681.25,67.27,6867,2025-04-21 17:44:49.387,
6483,2025-04-21 17:44:39.37036+00,7650,67.15,6866,2025-04-21 17:44:37.797,
6482,2025-04-21 17:44:27.787042+00,6796.25,66.91,6865,2025-04-21 17:44:26.237,
6481,2025-04-21 17:44:16.221343+00,7621.25,66.91,6864,2025-04-21 17:44:14.557,
6480,2025-04-21 17:44:04.548796+00,7490,67.15,6863,2025-04-21 17:44:02.957,
6479,2025-04-21 17:43:52.942976+00,7397.5,67.15,6862,2025-04-21 17:43:51.387,
6478,2025-04-21 17:43:41.377742+00,6997.5,66.91,6861,2025-04-21 17:43:39.787,
6477,2025-04-21 17:43:29.779523+00,7777.5,67.15,6860,2025-04-21 17:43:28.197,
6476,2025-04-21 17:43:18.188192+00,7363.75,67.27,6859,2025-04-21 17:43:16.617,
6475,2025-04-21 17:43:06.587624+00,7627.5,67.27,6858,2025-04-21 17:43:04.968,
6474,2025-04-21 17:42:54.96093+00,7048.75,67.03,6857,2025-04-21 17:42:53.387,
6473,2025-04-21 17:42:43.379414+00,7017.5,67.15,6856,2025-04-21 17:42:41.807,
6472,2025-04-21 17:42:31.789827+00,7601.25,67.27,6855,2025-04-21 17:42:30.207,
6471,2025-04-21 17:42:20.190182+00,7776.25,67.27,6854,2025-04-21 17:42:18.617,
6470,2025-04-21 17:42:08.611075+00,7287.5,67.15,6853,2025-04-21 17:42:07.017,
6469,2025-04-21 17:41:56.994119+00,7330,67.15,6852,2025-04-21 17:41:55.417,
6468,2025-04-21 17:41:45.396063+00,6945,67.03,6851,2025-04-21 17:41:43.827,
6467,2025-04-21 17:41:33.813314+00,7382.5,67.39,6850,2025-04-21 17:41:32.237,
6466,2025-04-21 17:41:22.230354+00,7242.5,67.27,6849,2025-04-21 17:41:20.657,
6465,2025-04-21 17:41:10.64382+00,7481.25,67.03,6848,2025-04-21 17:41:09.047,
6464,2025-04-21 17:40:59.034833+00,7617.5,67.27,6847,2025-04-21 17:40:57.467,
6463,2025-04-21 17:40:47.453924+00,7801.25,67.03,6846,2025-04-21 17:40:45.867,
6462,2025-04-21 17:40:35.856285+00,7596.25,67.03,6845,2025-04-21 17:40:34.298,
6461,2025-04-21 17:40:24.282949+00,7416.25,67.15,6844,2025-04-21 17:40:22.708,
6460,2025-04-21 17:40:12.697668+00,7432.5,67.15,6843,2025-04-21 17:40:11.116,
6459,2025-04-21 17:40:01.095858+00,7215,67.15,6842,2025-04-21 17:39:59.516,
6458,2025-04-21 17:39:49.513494+00,7705,66.79,6841,2025-04-21 17:39:47.926,
6457,2025-04-21 17:39:37.922736+00,7543.75,66.91,6840,2025-04-21 17:39:36.336,
6456,2025-04-21 17:39:26.339964+00,7817.5,67.15,6839,2025-04-21 17:39:24.776,
6455,2025-04-21 17:39:14.765349+00,7438.75,67.15,6838,2025-04-21 17:39:13.196,
6454,2025-04-21 17:39:03.193567+00,7751.25,67.03,6837,2025-04-21 17:39:01.606,
6453,2025-04-21 17:38:51.593912+00,7267.5,66.79,6836,2025-04-21 17:38:50.026,
6452,2025-04-21 17:38:40.02512+00,7217.5,66.79,6835,2025-04-21 17:38:38.466,
6451,2025-04-21 17:38:28.465308+00,7566.25,66.91,6834,2025-04-21 17:38:26.866,
6450,2025-04-21 17:38:16.856924+00,7492.5,67.03,6833,2025-04-21 17:38:15.266,
6449,2025-04-21 17:38:05.27006+00,7667.5,67.03,6832,2025-04-21 17:38:03.696,
6448,2025-04-21 17:37:53.662801+00,7217.5,66.91,6831,2025-04-21 17:37:52.071,
6447,2025-04-21 17:37:42.067988+00,7161.25,66.91,6830,2025-04-21 17:37:40.456,
6446,2025-04-21 17:37:30.445888+00,7473.75,66.79,6829,2025-04-21 17:37:28.866,
6445,2025-04-21 17:37:18.858831+00,6760,66.79,6828,2025-04-21 17:37:17.246,
6444,2025-04-21 17:37:07.239492+00,7290,66.67,6827,2025-04-21 17:37:05.636,
6443,2025-04-21 17:36:55.627892+00,7657.5,66.55,6826,2025-04-21 17:36:54.026,
6442,2025-04-21 17:36:44.022859+00,7650,66.79,6825,2025-04-21 17:36:42.416,
6441,2025-04-21 17:36:32.409164+00,7420,67.03,6824,2025-04-21 17:36:30.806,
6440,2025-04-21 17:36:20.802994+00,7458.75,67.03,6823,2025-04-21 17:36:19.216,
6439,2025-04-21 17:36:09.21507+00,7282.5,67.03,6822,2025-04-21 17:36:07.636,
6438,2025-04-21 17:35:57.640522+00,7703.75,66.79,6821,2025-04-21 17:35:56.046,
6437,2025-04-21 17:35:46.05048+00,7772.5,66.79,6820,2025-04-21 17:35:44.456,
6436,2025-04-21 17:35:34.457923+00,7106.25,67.15,6819,2025-04-21 17:35:32.816,
6435,2025-04-21 17:35:22.811084+00,7441.25,66.91,6818,2025-04-21 17:35:21.246,
6434,2025-04-21 17:35:11.221385+00,6875,66.91,6817,2025-04-21 17:35:09.656,
6433,2025-04-21 17:34:59.652259+00,7046.25,66.79,6816,2025-04-21 17:34:58.086,
6432,2025-04-21 17:34:48.08125+00,6896.25,66.79,6815,2025-04-21 17:34:46.506,
6431,2025-04-21 17:34:36.506698+00,7410,67.03,6814,2025-04-21 17:34:34.936,
6430,2025-04-21 17:34:24.932568+00,7836.25,66.91,6813,2025-04-21 17:34:23.356,
6429,2025-04-21 17:34:13.361244+00,7615,66.79,6812,2025-04-21 17:34:11.766,
6428,2025-04-21 17:34:01.767756+00,7297.5,66.79,6811,2025-04-21 17:34:00.196,
6427,2025-04-21 17:33:50.1823+00,7466.25,66.91,6810,2025-04-21 17:33:48.536,
6426,2025-04-21 17:33:38.534411+00,7876.25,66.91,6809,2025-04-21 17:33:36.966,
6425,2025-04-21 17:33:26.962277+00,7820,66.91,6808,2025-04-21 17:33:25.406,
6424,2025-04-21 17:33:15.41048+00,7057.5,66.91,6807,2025-04-21 17:33:13.836,
6423,2025-04-21 17:33:03.830527+00,7672.5,66.91,6806,2025-04-21 17:33:02.246,
6422,2025-04-21 17:32:52.248505+00,7210,67.03,6805,2025-04-21 17:32:50.686,
6421,2025-04-21 17:32:40.690067+00,7013.75,66.91,6804,2025-04-21 17:32:39.116,
6420,2025-04-21 17:32:29.107171+00,7585,66.91,6803,2025-04-21 17:32:27.526,
6419,2025-04-21 17:32:17.52143+00,7138.75,67.03,6802,2025-04-21 17:32:15.946,
6418,2025-04-21 17:32:05.943273+00,7146.25,66.79,6801,2025-04-21 17:32:04.256,
6417,2025-04-21 17:31:54.252358+00,7607.5,66.79,6800,2025-04-21 17:31:52.696,
6416,2025-04-21 17:31:42.687455+00,7536.25,66.79,6799,2025-04-21 17:31:41.086,
6415,2025-04-21 17:31:31.088703+00,7142.5,66.91,6798,2025-04-21 17:31:29.516,
6414,2025-04-21 17:31:19.511578+00,7402.5,67.03,6797,2025-04-21 17:31:17.956,
6413,2025-04-21 17:31:07.95184+00,7548.75,66.79,6796,2025-04-21 17:31:06.376,
6412,2025-04-21 17:30:56.374234+00,7608.75,66.79,6795,2025-04-21 17:30:54.766,
6411,2025-04-21 17:30:44.757187+00,7285,67.15,6794,2025-04-21 17:30:43.186,
6410,2025-04-21 17:30:33.187462+00,7733.75,66.79,6793,2025-04-21 17:30:31.616,
6409,2025-04-21 17:30:21.610022+00,7338.75,66.79,6792,2025-04-21 17:30:19.946,
6408,2025-04-21 17:30:09.935693+00,7595,66.79,6791,2025-04-21 17:30:08.356,
6407,2025-04-21 17:29:58.347856+00,7356.25,66.79,6790,2025-04-21 17:29:56.776,
6406,2025-04-21 17:29:46.770965+00,7297.5,66.79,6789,2025-04-21 17:29:45.196,
6405,2025-04-21 17:29:35.193206+00,7463.75,66.55,6788,2025-04-21 17:29:33.616,
6404,2025-04-21 17:29:23.603835+00,7672.5,66.79,6787,2025-04-21 17:29:21.986,
6403,2025-04-21 17:29:11.961819+00,7530,66.79,6786,2025-04-21 17:29:10.386,
6402,2025-04-21 17:29:00.38257+00,7496.25,66.79,6785,2025-04-21 17:28:58.806,
6401,2025-04-21 17:28:48.797891+00,7391.25,66.67,6784,2025-04-21 17:28:47.206,
6400,2025-04-21 17:28:37.204096+00,7223.75,66.67,6783,2025-04-21 17:28:35.526,
6399,2025-04-21 17:28:25.51517+00,7760,66.79,6782,2025-04-21 17:28:23.936,
6398,2025-04-21 17:28:13.932223+00,7191.25,67.03,6781,2025-04-21 17:28:12.346,
6397,2025-04-21 17:28:02.341344+00,7432.5,66.91,6780,2025-04-21 17:28:00.746,
6396,2025-04-21 17:27:50.741727+00,7406.25,67.03,6779,2025-04-21 17:27:49.166,
6395,2025-04-21 17:27:39.158451+00,7563.75,66.79,6778,2025-04-21 17:27:37.596,
6394,2025-04-21 17:27:27.582959+00,6837.5,66.91,6777,2025-04-21 17:27:26.006,
6393,2025-04-21 17:27:16.005433+00,7515,66.91,6776,2025-04-21 17:27:14.426,
6392,2025-04-21 17:27:04.423201+00,7646.25,66.79,6775,2025-04-21 17:27:02.856,
6391,2025-04-21 17:26:52.851377+00,7540,66.79,6774,2025-04-21 17:26:51.196,
6390,2025-04-21 17:26:41.190332+00,7565,66.91,6773,2025-04-21 17:26:39.616,
6389,2025-04-21 17:26:29.61416+00,7871.25,66.91,6772,2025-04-21 17:26:28.056,
6388,2025-04-21 17:26:18.05314+00,7296.25,66.67,6771,2025-04-21 17:26:16.476,
6387,2025-04-21 17:26:06.451535+00,7508.75,66.67,6770,2025-04-21 17:26:04.856,
6386,2025-04-21 17:25:54.711064+00,7697.5,66.91,6769,2025-04-21 17:25:53.126,
6385,2025-04-21 17:25:43.127265+00,7243.75,66.79,6768,2025-04-21 17:25:41.546,
6384,2025-04-21 17:25:31.537942+00,7088.75,66.79,6767,2025-04-21 17:25:29.976,
6383,2025-04-21 17:25:19.974645+00,7735,66.91,6766,2025-04-21 17:25:18.356,
6382,2025-04-21 17:25:08.345505+00,7376.25,67.03,6765,2025-04-21 17:25:06.506,
6381,2025-04-21 17:24:56.501567+00,7800,66.91,6764,2025-04-21 17:24:54.926,
6380,2025-04-21 17:24:44.918582+00,7357.5,66.79,6763,2025-04-21 17:24:43.336,
6379,2025-04-21 17:24:33.332671+00,7255,66.91,6762,2025-04-21 17:24:31.746,
6378,2025-04-21 17:24:21.734742+00,7600,67.03,6761,2025-04-21 17:24:20.146,
6377,2025-04-21 17:24:10.130712+00,7447.5,66.91,6760,2025-04-21 17:24:08.526,
6376,2025-04-21 17:23:58.51654+00,7596.25,66.67,6759,2025-04-21 17:23:56.936,
6375,2025-04-21 17:23:46.927266+00,7125,66.79,6758,2025-04-21 17:23:45.356,
6374,2025-04-21 17:23:35.344585+00,7306.25,66.79,6757,2025-04-21 17:23:33.746,
6373,2025-04-21 17:23:23.743742+00,7317.5,66.55,6756,2025-04-21 17:23:22.076,
6372,2025-04-21 17:23:12.070823+00,7467.5,66.67,6755,2025-04-21 17:23:10.486,
6371,2025-04-21 17:23:00.479761+00,7345,66.79,6754,2025-04-21 17:22:58.916,
6370,2025-04-21 17:22:48.913999+00,7466.25,66.67,6753,2025-04-21 17:22:47.336,
6369,2025-04-21 17:22:37.33321+00,7667.5,66.91,6752,2025-04-21 17:22:35.776,
6368,2025-04-21 17:22:25.761724+00,7152.5,66.91,6751,2025-04-21 17:22:24.176,
6367,2025-04-21 17:22:14.165492+00,7590,66.91,6750,2025-04-21 17:22:12.556,
6366,2025-04-21 17:22:02.53897+00,7530,66.91,6749,2025-04-21 17:22:00.966,
6365,2025-04-21 17:21:50.945469+00,6815,66.67,6748,2025-04-21 17:21:49.376,
6364,2025-04-21 17:21:39.37685+00,7345,66.55,6747,2025-04-21 17:21:37.686,
6363,2025-04-21 17:21:27.680216+00,7656.25,66.79,6746,2025-04-21 17:21:26.096,
6362,2025-04-21 17:21:16.089581+00,7393.75,66.91,6745,2025-04-21 17:21:14.536,
6361,2025-04-21 17:21:04.530105+00,7293.75,66.55,6744,2025-04-21 17:21:02.966,
6360,2025-04-21 17:20:52.953515+00,7256.25,66.42,6743,2025-04-21 17:20:51.336,
6359,2025-04-21 17:20:41.327314+00,7361.25,66.79,6742,2025-04-21 17:20:39.756,
6358,2025-04-21 17:20:29.752522+00,7288.75,66.91,6741,2025-04-21 17:20:28.156,
6357,2025-04-21 17:20:18.150047+00,7487.5,66.67,6740,2025-04-21 17:20:16.566,
6356,2025-04-21 17:20:06.551471+00,6748.75,66.67,6739,2025-04-21 17:20:04.966,
6355,2025-04-21 17:19:54.955284+00,7493.75,66.67,6738,2025-04-21 17:19:53.266,
6354,2025-04-21 17:19:43.260954+00,6875,66.55,6737,2025-04-21 17:19:41.666,
6353,2025-04-21 17:19:31.662416+00,7553.75,66.79,6736,2025-04-21 17:19:30.076,
6352,2025-04-21 17:19:20.06322+00,7855,66.91,6735,2025-04-21 17:19:18.496,
6351,2025-04-21 17:19:08.448666+00,7717.5,66.67,6734,2025-04-21 17:19:06.716,
6350,2025-04-21 17:18:56.709035+00,7275,66.79,6733,2025-04-21 17:18:55.076,
6349,2025-04-21 17:18:45.072635+00,6858.75,66.79,6732,2025-04-21 17:18:43.496,
6348,2025-04-21 17:18:33.493449+00,7288.75,66.91,6731,2025-04-21 17:18:31.916,
6347,2025-04-21 17:18:21.894927+00,7606.25,66.79,6730,2025-04-21 17:18:20.316,
6346,2025-04-21 17:18:10.307389+00,7332.5,66.67,6729,2025-04-21 17:18:08.596,
6345,2025-04-21 17:17:58.591289+00,7277.5,66.91,6728,2025-04-21 17:17:56.986,
6344,2025-04-21 17:17:46.984923+00,6802.5,66.79,6727,2025-04-21 17:17:45.426,
6343,2025-04-21 17:17:35.424114+00,7373.75,66.67,6726,2025-04-21 17:17:33.866,
6342,2025-04-21 17:17:23.861087+00,6886.25,66.91,6725,2025-04-21 17:17:22.256,
6341,2025-04-21 17:17:12.244489+00,6850,66.79,6724,2025-04-21 17:17:10.676,
6340,2025-04-21 17:17:00.672317+00,7380,66.79,6723,2025-04-21 17:16:59.066,
6339,2025-04-21 17:16:49.058388+00,7273.75,66.79,6722,2025-04-21 17:16:47.490,
6338,2025-04-21 17:16:37.474801+00,7591.25,66.91,6721,2025-04-21 17:16:35.876,
6337,2025-04-21 17:16:25.866609+00,7641.25,66.79,6720,2025-04-21 17:16:24.186,
6336,2025-04-21 17:16:14.18687+00,7185,66.67,6719,2025-04-21 17:16:12.626,
6335,2025-04-21 17:16:02.587928+00,6913.75,66.67,6718,2025-04-21 17:16:01.006,
6334,2025-04-21 17:15:50.995379+00,7281.25,66.67,6717,2025-04-21 17:15:49.406,
6333,2025-04-21 17:15:39.402767+00,7145,66.91,6716,2025-04-21 17:15:37.846,
6332,2025-04-21 17:15:27.835742+00,7605,67.03,6715,2025-04-21 17:15:26.266,
6331,2025-04-21 17:15:16.26234+00,7572.5,66.67,6714,2025-04-21 17:15:14.686,
6330,2025-04-21 17:15:04.684429+00,7411.25,66.67,6713,2025-04-21 17:15:03.096,
6329,2025-04-21 17:14:53.094364+00,7480,66.79,6712,2025-04-21 17:14:51.516,
6328,2025-04-21 17:14:41.508138+00,7715,67.03,6711,2025-04-21 17:14:39.836,
6327,2025-04-21 17:14:29.827566+00,7091.25,66.67,6710,2025-04-21 17:14:28.226,
6326,2025-04-21 17:14:18.211307+00,7306.25,66.67,6709,2025-04-21 17:14:16.646,
6325,2025-04-21 17:14:06.634527+00,6915,66.43,6708,2025-04-21 17:14:05.066,
6324,2025-04-21 17:13:55.058614+00,7251.25,66.79,6707,2025-04-21 17:13:53.476,
6323,2025-04-21 17:13:43.466104+00,7206.25,66.91,6706,2025-04-21 17:13:41.886,
6322,2025-04-21 17:13:31.864106+00,7672.5,66.79,6705,2025-04-21 17:13:30.296,
6321,2025-04-21 17:13:20.285525+00,7036.25,66.79,6704,2025-04-21 17:13:18.706,
6320,2025-04-21 17:13:08.69397+00,7568.75,66.79,6703,2025-04-21 17:13:07.126,
6319,2025-04-21 17:12:57.114219+00,7563.75,66.91,6702,2025-04-21 17:12:55.426,
6318,2025-04-21 17:12:45.419046+00,7436.25,66.79,6701,2025-04-21 17:12:43.836,
6317,2025-04-21 17:12:33.817589+00,7368.75,66.67,6700,2025-04-21 17:12:32.216,
6316,2025-04-21 17:12:22.162881+00,7741.25,66.79,6699,2025-04-21 17:12:20.556,
6315,2025-04-21 17:12:10.55332+00,7573.75,66.79,6698,2025-04-21 17:12:08.976,
6314,2025-04-21 17:11:58.973189+00,7511.25,66.67,6697,2025-04-21 17:11:57.406,
6313,2025-04-21 17:11:47.399265+00,7291.25,66.67,6696,2025-04-21 17:11:45.836,
6312,2025-04-21 17:11:35.826769+00,7335,66.67,6695,2025-04-21 17:11:34.246,
6311,2025-04-21 17:11:24.230392+00,7808.75,66.79,6694,2025-04-21 17:11:22.636,
6310,2025-04-21 17:11:12.634926+00,6747.5,66.55,6693,2025-04-21 17:11:10.956,
6309,2025-04-21 17:11:00.940065+00,7447.5,66.55,6692,2025-04-21 17:10:59.366,
6308,2025-04-21 17:10:49.360154+00,7401.25,66.3,6691,2025-04-21 17:10:47.766,
6307,2025-04-21 17:10:37.760764+00,7715,66.79,6690,2025-04-21 17:10:36.166,
6306,2025-04-21 17:10:26.16316+00,7358.75,66.79,6689,2025-04-21 17:10:24.576,
6305,2025-04-21 17:10:14.576517+00,7643.75,66.79,6688,2025-04-21 17:10:13.006,
6304,2025-04-21 17:10:03.00106+00,7220,66.79,6687,2025-04-21 17:10:01.436,
6303,2025-04-21 17:09:51.425542+00,7412.5,66.42,6686,2025-04-21 17:09:49.846,
6302,2025-04-21 17:09:39.836047+00,7423.75,66.42,6685,2025-04-21 17:09:38.246,
6301,2025-04-21 17:09:28.233432+00,7167.5,66.67,6684,2025-04-21 17:09:26.658,
6300,2025-04-21 17:09:16.653684+00,6618.75,66.55,6683,2025-04-21 17:09:15.096,
6299,2025-04-21 17:09:05.089892+00,7416.25,66.67,6682,2025-04-21 17:09:03.506,
6298,2025-04-21 17:08:53.493349+00,7846.25,66.55,6681,2025-04-21 17:08:51.906,
6297,2025-04-21 17:08:41.89748+00,7592.5,66.55,6680,2025-04-21 17:08:40.336,
6296,2025-04-21 17:08:30.330909+00,7671.25,66.67,6679,2025-04-21 17:08:28.756,
6295,2025-04-21 17:08:18.747065+00,7603.75,66.67,6678,2025-04-21 17:08:17.176,
6294,2025-04-21 17:08:07.170217+00,7495,66.79,6677,2025-04-21 17:08:05.606,
6293,2025-04-21 17:07:55.604895+00,7487.5,66.55,6676,2025-04-21 17:07:54.016,
6292,2025-04-21 17:07:43.986823+00,7351.25,66.67,6675,2025-04-21 17:07:42.406,
6291,2025-04-21 17:07:32.398681+00,7450,66.67,6674,2025-04-21 17:07:30.816,
6290,2025-04-21 17:07:20.808563+00,7781.25,66.67,6673,2025-04-21 17:07:19.236,
6289,2025-04-21 17:07:09.224373+00,7971.25,66.67,6672,2025-04-21 17:07:07.626,
6288,2025-04-21 17:06:57.628649+00,6810,66.67,6671,2025-04-21 17:06:56.066,
6287,2025-04-21 17:06:46.06036+00,7668.75,66.67,6670,2025-04-21 17:06:44.496,
6286,2025-04-21 17:06:34.492879+00,7700,66.79,6669,2025-04-21 17:06:32.916,
6285,2025-04-21 17:06:22.915293+00,7450,67.03,6668,2025-04-21 17:06:21.356,
6284,2025-04-21 17:06:11.350905+00,6898.75,67.03,6667,2025-04-21 17:06:09.796,
6283,2025-04-21 17:05:59.792521+00,7871.25,67.03,6666,2025-04-21 17:05:58.236,
6282,2025-04-21 17:05:48.222458+00,7566.25,66.91,6665,2025-04-21 17:05:46.626,
6281,2025-04-21 17:05:36.617643+00,7575,67.15,6664,2025-04-21 17:05:35.046,
6280,2025-04-21 17:05:25.020059+00,7102.5,67.03,6663,2025-04-21 17:05:23.436,
6279,2025-04-21 17:05:13.428875+00,7352.5,66.91,6662,2025-04-21 17:05:11.866,
6278,2025-04-21 17:05:01.83943+00,7028.75,67.15,6661,2025-04-21 17:05:00.256,
6277,2025-04-21 17:04:50.249475+00,7116.25,66.67,6660,2025-04-21 17:04:48.686,
6276,2025-04-21 17:04:38.674173+00,6905,66.79,6659,2025-04-21 17:04:37.086,
6275,2025-04-21 17:04:27.077323+00,7405,66.91,6658,2025-04-21 17:04:25.526,
6274,2025-04-21 17:04:15.511016+00,7522.5,66.91,6657,2025-04-21 17:04:13.946,
6273,2025-04-21 17:04:03.938773+00,7693.75,66.79,6656,2025-04-21 17:04:02.376,
6272,2025-04-21 17:03:52.363854+00,7750,67.03,6655,2025-04-21 17:03:50.796,
6271,2025-04-21 17:03:40.779206+00,6867.5,66.79,6654,2025-04-21 17:03:39.206,
6270,2025-04-21 17:03:29.20011+00,7787.5,67.03,6653,2025-04-21 17:03:27.616,
6269,2025-04-21 17:03:17.608258+00,7472.5,67.03,6652,2025-04-21 17:03:16.036,
6268,2025-04-21 17:03:06.01729+00,7270,65.35,6651,2025-04-21 17:03:04.446,
6267,2025-04-21 17:02:54.436977+00,7553.75,66.91,6650,2025-04-21 17:02:52.846,
6266,2025-04-21 17:02:42.824075+00,7382.5,66.91,6649,2025-04-21 17:02:41.256,
6265,2025-04-21 17:02:31.245415+00,6982.5,66.91,6648,2025-04-21 17:02:29.666,
6264,2025-04-21 17:02:19.65726+00,7002.5,66.91,6647,2025-04-21 17:02:18.096,
6263,2025-04-21 17:02:08.080298+00,7545,67.03,6646,2025-04-21 17:02:06.486,
6262,2025-04-21 17:01:56.477527+00,7582.5,66.91,6645,2025-04-21 17:01:54.886,
6261,2025-04-21 17:01:44.864422+00,7407.5,66.91,6644,2025-04-21 17:01:43.276,
6260,2025-04-21 17:01:33.266218+00,7891.25,67.15,6643,2025-04-21 17:01:31.696,
6259,2025-04-21 17:01:21.684495+00,7237.5,67.15,6642,2025-04-21 17:01:20.076,
6258,2025-04-21 17:01:10.07513+00,7671.25,66.91,6641,2025-04-21 17:01:08.466,
6257,2025-04-21 17:00:58.454025+00,7670,67.03,6640,2025-04-21 17:00:56.886,
6256,2025-04-21 17:00:46.872062+00,7391.25,66.91,6639,2025-04-21 17:00:45.176,
6255,2025-04-21 17:00:35.17403+00,7421.25,66.79,6638,2025-04-21 17:00:33.616,
6254,2025-04-21 17:00:23.605013+00,7648.75,66.79,6637,2025-04-21 17:00:22.046,
6253,2025-04-21 17:00:12.029009+00,7191.25,66.79,6636,2025-04-21 17:00:10.446,
6252,2025-04-21 17:00:00.443224+00,7793.75,66.91,6635,2025-04-21 16:59:58.856,
6251,2025-04-21 16:59:48.849907+00,7276.25,66.91,6634,2025-04-21 16:59:47.286,
6250,2025-04-21 16:59:37.275093+00,7181.25,66.79,6633,2025-04-21 16:59:35.706,
6249,2025-04-21 16:59:25.697549+00,7707.5,67.03,6632,2025-04-21 16:59:24.126,
6248,2025-04-21 16:59:14.125392+00,7726.25,66.67,6631,2025-04-21 16:59:12.536,
6247,2025-04-21 16:59:02.515775+00,7160,66.91,6630,2025-04-21 16:59:00.846,
6246,2025-04-21 16:58:50.841094+00,7143.75,66.79,6629,2025-04-21 16:58:49.276,
6245,2025-04-21 16:58:39.268811+00,7486.25,66.91,6628,2025-04-21 16:58:37.676,
6244,2025-04-21 16:58:27.671451+00,7505,66.91,6627,2025-04-21 16:58:26.126,
6243,2025-04-21 16:58:16.106167+00,6747.5,66.91,6626,2025-04-21 16:58:14.526,
6242,2025-04-21 16:58:04.512675+00,7280,66.55,6625,2025-04-21 16:58:02.936,
6241,2025-04-21 16:57:52.928591+00,7481.25,66.67,6624,2025-04-21 16:57:51.356,
6240,2025-04-21 16:57:41.353556+00,7451.25,66.79,6623,2025-04-21 16:57:39.786,
6239,2025-04-21 16:57:29.771238+00,7472.5,66.42,6622,2025-04-21 16:57:28.216,
6238,2025-04-21 16:57:18.198195+00,7211.25,66.42,6621,2025-04-21 16:57:16.536,
6237,2025-04-21 16:57:06.524454+00,7305,66.55,6620,2025-04-21 16:57:04.976,
6236,2025-04-21 16:56:54.967947+00,7276.25,66.55,6619,2025-04-21 16:56:53.396,
6235,2025-04-21 16:56:43.391208+00,7531.25,66.67,6618,2025-04-21 16:56:41.816,
6234,2025-04-21 16:56:31.805493+00,7317.5,66.3,6617,2025-04-21 16:56:30.246,
6233,2025-04-21 16:56:20.231567+00,7705,66.67,6616,2025-04-21 16:56:18.636,
6232,2025-04-21 16:56:08.622338+00,7105,66.79,6615,2025-04-21 16:56:07.066,
6231,2025-04-21 16:55:57.052545+00,7495,66.42,6614,2025-04-21 16:55:55.446,
6230,2025-04-21 16:55:45.433296+00,7378.75,66.3,6613,2025-04-21 16:55:43.806,
6229,2025-04-21 16:55:33.795695+00,7513.75,66.67,6612,2025-04-21 16:55:32.136,
6228,2025-04-21 16:55:22.127608+00,7445,66.55,6611,2025-04-21 16:55:20.576,
6227,2025-04-21 16:55:10.572157+00,7220,66.79,6610,2025-04-21 16:55:08.986,
6226,2025-04-21 16:54:58.975116+00,7565,66.79,6609,2025-04-21 16:54:57.416,
6225,2025-04-21 16:54:47.406016+00,6948.75,66.42,6608,2025-04-21 16:54:45.846,
6224,2025-04-21 16:54:35.833914+00,6871.25,66.3,6607,2025-04-21 16:54:34.276,
6223,2025-04-21 16:54:24.252843+00,6910,66.55,6606,2025-04-21 16:54:22.686,
6222,2025-04-21 16:54:12.665055+00,7072.5,66.42,6605,2025-04-21 16:54:11.096,
6221,2025-04-21 16:54:01.074368+00,7541.25,66.55,6604,2025-04-21 16:53:59.516,
6220,2025-04-21 16:53:49.506789+00,7395,66.42,6603,2025-04-21 16:53:47.836,
6219,2025-04-21 16:53:37.819561+00,7441.25,66.55,6602,2025-04-21 16:53:36.236,
6218,2025-04-21 16:53:26.226158+00,7467.5,66.3,6601,2025-04-21 16:53:24.676,
6217,2025-04-21 16:53:14.662401+00,7402.5,66.67,6600,2025-04-21 16:53:13.096,
6216,2025-04-21 16:53:03.072545+00,7565,66.55,6599,2025-04-21 16:53:01.506,
6215,2025-04-21 16:52:51.493573+00,7242.5,66.55,6598,2025-04-21 16:52:49.916,
6214,2025-04-21 16:52:39.899638+00,7591.25,66.55,6597,2025-04-21 16:52:38.336,
6213,2025-04-21 16:52:28.323091+00,7205,66.55,6596,2025-04-21 16:52:26.760,
6212,2025-04-21 16:52:16.741612+00,7476.25,66.3,6595,2025-04-21 16:52:15.146,
6211,2025-04-21 16:52:05.125603+00,7530,66.42,6594,2025-04-21 16:52:03.466,
6210,2025-04-21 16:51:53.453693+00,6983.75,66.55,6593,2025-04-21 16:51:51.906,
6209,2025-04-21 16:51:41.896653+00,7422.5,66.42,6592,2025-04-21 16:51:40.336,
6208,2025-04-21 16:51:30.329284+00,7551.25,66.42,6591,2025-04-21 16:51:28.756,
6207,2025-04-21 16:51:18.727139+00,7326.25,66.42,6590,2025-04-21 16:51:17.146,
6206,2025-04-21 16:51:07.138036+00,7507.5,66.55,6589,2025-04-21 16:51:05.556,
6205,2025-04-21 16:50:55.54103+00,7267.5,66.67,6588,2025-04-21 16:50:53.956,
6204,2025-04-21 16:50:43.938649+00,6930,66.67,6587,2025-04-21 16:50:42.346,
6203,2025-04-21 16:50:32.330447+00,7483.75,66.42,6586,2025-04-21 16:50:30.756,
6202,2025-04-21 16:50:20.743965+00,7161.25,65.45,6585,2025-04-21 16:50:19.076,
6201,2025-04-21 16:50:09.058519+00,7427.5,65.58,6584,2025-04-21 16:50:07.486,
6200,2025-04-21 16:49:57.474776+00,7621.25,65.7,6583,2025-04-21 16:49:55.896,
6199,2025-04-21 16:49:45.883998+00,7456.25,65.58,6582,2025-04-21 16:49:44.316,
6198,2025-04-21 16:49:34.29868+00,7511.25,65.7,6581,2025-04-21 16:49:32.726,
6197,2025-04-21 16:49:22.711387+00,7376.25,65.58,6580,2025-04-21 16:49:21.136,
6196,2025-04-21 16:49:11.117866+00,6936.25,65.58,6579,2025-04-21 16:49:09.566,
6195,2025-04-21 16:48:59.558113+00,7043.75,65.58,6578,2025-04-21 16:48:58.016,
6194,2025-04-21 16:48:47.98349+00,7380,65.7,6577,2025-04-21 16:48:46.426,
6193,2025-04-21 16:48:36.401681+00,7518.75,65.58,6576,2025-04-21 16:48:34.716,
6192,2025-04-21 16:48:24.695454+00,7572.5,65.58,6575,2025-04-21 16:48:23.106,
6191,2025-04-21 16:48:13.095769+00,7545,65.82,6574,2025-04-21 16:48:11.516,
6190,2025-04-21 16:48:01.495453+00,7357.5,65.58,6573,2025-04-21 16:47:59.936,
6189,2025-04-21 16:47:49.92445+00,7281.25,65.58,6572,2025-04-21 16:47:48.366,
6188,2025-04-21 16:47:38.324331+00,7001.25,65.82,6571,2025-04-21 16:47:36.746,
6187,2025-04-21 16:47:26.728406+00,7008.75,65.58,6570,2025-04-21 16:47:25.166,
6186,2025-04-21 16:47:15.149841+00,6991.25,65.7,6569,2025-04-21 16:47:13.596,
6185,2025-04-21 16:47:03.578993+00,7412.5,65.7,6568,2025-04-21 16:47:02.006,
6184,2025-04-21 16:46:51.982895+00,7635,65.59,6567,2025-04-21 16:46:50.346,
6183,2025-04-21 16:46:40.316997+00,7512.5,65.58,6566,2025-04-21 16:46:38.756,
6182,2025-04-21 16:46:28.739112+00,7030,65.45,6565,2025-04-21 16:46:27.186,
6181,2025-04-21 16:46:17.168345+00,7528.75,65.58,6564,2025-04-21 16:46:15.586,
6180,2025-04-21 16:46:05.565471+00,7377.5,65.7,6563,2025-04-21 16:46:03.966,
6179,2025-04-21 16:45:53.949895+00,7390,65.33,6562,2025-04-21 16:45:52.366,
6178,2025-04-21 16:45:42.348725+00,7443.75,65.58,6561,2025-04-21 16:45:40.736,
6177,2025-04-21 16:45:30.714044+00,7277.5,65.58,6560,2025-04-21 16:45:29.116,
6176,2025-04-21 16:45:19.102797+00,7241.25,65.45,6559,2025-04-21 16:45:17.556,
6175,2025-04-21 16:45:07.532499+00,7527.5,65.58,6558,2025-04-21 16:45:05.896,
6174,2025-04-21 16:44:55.877928+00,7325,65.45,6557,2025-04-21 16:44:54.316,
6173,2025-04-21 16:44:44.298284+00,7182.5,65.33,6556,2025-04-21 16:44:42.706,
6172,2025-04-21 16:44:32.683176+00,7306.25,65.45,6555,2025-04-21 16:44:31.116,
6171,2025-04-21 16:44:21.100354+00,7312.5,65.58,6554,2025-04-21 16:44:19.526,
6170,2025-04-21 16:44:09.505133+00,7371.25,65.71,6553,2025-04-21 16:44:07.936,
6169,2025-04-21 16:43:57.916562+00,7401.25,65.58,6552,2025-04-21 16:43:56.376,
6168,2025-04-21 16:43:46.344696+00,7678.75,65.58,6551,2025-04-21 16:43:44.786,
6167,2025-04-21 16:43:34.769579+00,7588.75,65.7,6550,2025-04-21 16:43:33.216,
6166,2025-04-21 16:43:23.199056+00,7685,65.45,6549,2025-04-21 16:43:21.546,
6165,2025-04-21 16:43:11.527526+00,7373.75,65.33,6548,2025-04-21 16:43:09.946,
6164,2025-04-21 16:42:59.927627+00,6677.5,65.45,6547,2025-04-21 16:42:58.366,
6163,2025-04-21 16:42:48.342221+00,7732.5,65.33,6546,2025-04-21 16:42:46.806,
6162,2025-04-21 16:42:36.782252+00,7322.5,65.45,6545,2025-04-21 16:42:35.216,
6161,2025-04-21 16:42:25.190269+00,6925,65.45,6544,2025-04-21 16:42:23.656,
6160,2025-04-21 16:42:13.628316+00,6991.25,65.45,6543,2025-04-21 16:42:12.076,
6159,2025-04-21 16:42:02.050839+00,7561.25,65.33,6542,2025-04-21 16:42:00.456,
6158,2025-04-21 16:41:50.433928+00,7148.75,65.09,6541,2025-04-21 16:41:48.876,
6157,2025-04-21 16:41:38.856071+00,7216.25,65.21,6540,2025-04-21 16:41:37.236,
6156,2025-04-21 16:41:27.21605+00,7583.75,65.45,6539,2025-04-21 16:41:25.666,
6155,2025-04-21 16:41:15.641132+00,7413.75,65.33,6538,2025-04-21 16:41:14.076,
6154,2025-04-21 16:41:04.055649+00,6806.25,65.58,6537,2025-04-21 16:41:02.506,
6153,2025-04-21 16:40:52.476011+00,7381.25,65.21,6536,2025-04-21 16:40:50.936,
6152,2025-04-21 16:40:40.908473+00,7398.75,65.45,6535,2025-04-21 16:40:39.301,
6151,2025-04-21 16:40:29.281556+00,7390,65.45,6534,2025-04-21 16:40:26.636,
6150,2025-04-21 16:40:16.587194+00,7448.75,65.58,6533,2025-04-21 16:40:15.013,
6149,2025-04-21 16:40:04.962193+00,6987.5,65.45,6532,2025-04-21 16:40:03.283,
6148,2025-04-21 16:39:53.251944+00,7201.25,65.45,6531,2025-04-21 16:39:51.303,
6147,2025-04-21 16:39:41.271767+00,7393.75,65.58,6530,2025-04-21 16:39:39.692,
6146,2025-04-21 16:39:29.669154+00,7175,65.58,6529,2025-04-21 16:39:28.113,
6145,2025-04-21 16:39:18.093033+00,7471.25,65.21,6528,2025-04-21 16:39:16.563,
6144,2025-04-21 16:39:06.537937+00,7451.25,65.58,6527,2025-04-21 16:39:04.993,
6143,2025-04-21 16:38:54.964288+00,7225,65.45,6526,2025-04-21 16:38:53.413,
6142,2025-04-21 16:38:43.388173+00,7506.25,65.7,6525,2025-04-21 16:38:41.813,
6141,2025-04-21 16:38:31.782049+00,7377.5,65.58,6524,2025-04-21 16:38:30.203,
6140,2025-04-21 16:38:20.181351+00,7503.75,65.58,6523,2025-04-21 16:38:18.643,
6139,2025-04-21 16:38:08.623684+00,7462.5,65.58,6522,2025-04-21 16:38:06.993,
6138,2025-04-21 16:37:56.972053+00,7102.5,65.58,6521,2025-04-21 16:37:55.383,
6137,2025-04-21 16:37:45.363301+00,7705,65.7,6520,2025-04-21 16:37:43.803,
6136,2025-04-21 16:37:33.775708+00,6987.5,65.58,6519,2025-04-21 16:37:32.203,
6135,2025-04-21 16:37:22.177253+00,7345,65.33,6518,2025-04-21 16:37:20.563,
6134,2025-04-21 16:37:10.539853+00,7530,65.45,6517,2025-04-21 16:37:08.993,
6133,2025-04-21 16:36:58.964624+00,7147.5,65.58,6516,2025-04-21 16:36:57.403,
6132,2025-04-21 16:36:47.373901+00,7655,65.7,6515,2025-04-21 16:36:45.753,
6131,2025-04-21 16:36:35.719835+00,6825,65.45,6514,2025-04-21 16:36:34.123,
6130,2025-04-21 16:36:24.084836+00,7335,65.45,6513,2025-04-21 16:36:22.413,
6129,2025-04-21 16:36:12.380015+00,7388.75,65.58,6512,2025-04-21 16:36:10.772,
6128,2025-04-21 16:36:00.738486+00,7331.25,65.58,6511,2025-04-21 16:35:59.193,
6127,2025-04-21 16:35:49.156518+00,7545,65.58,6510,2025-04-21 16:35:47.553,
6126,2025-04-21 16:35:37.520685+00,7185,65.7,6509,2025-04-21 16:35:35.912,
6125,2025-04-21 16:35:25.884802+00,7387.5,65.58,6508,2025-04-21 16:35:24.303,
6124,2025-04-21 16:35:14.263505+00,7483.75,65.7,6507,2025-04-21 16:35:12.663,
6123,2025-04-21 16:35:02.633856+00,7431.25,65.58,6506,2025-04-21 16:35:01.043,
6122,2025-04-21 16:34:51.00861+00,7416.25,65.45,6505,2025-04-21 16:34:49.342,
6121,2025-04-21 16:34:39.308349+00,7551.25,65.7,6504,2025-04-21 16:34:37.603,
6120,2025-04-21 16:34:27.565717+00,7195,65.7,6503,2025-04-21 16:34:25.962,
6119,2025-04-21 16:34:15.908377+00,6825,65.58,6502,2025-04-21 16:34:14.332,
6118,2025-04-21 16:34:04.287702+00,7218.75,65.58,6501,2025-04-21 16:34:02.713,
6117,2025-04-21 16:33:52.678027+00,7077.5,65.33,6500,2025-04-21 16:33:51.072,
6116,2025-04-21 16:33:41.040797+00,7305,65.7,6499,2025-04-21 16:33:39.462,
6115,2025-04-21 16:33:29.43067+00,7185,65.7,6498,2025-04-21 16:33:27.837,
6114,2025-04-21 16:33:17.797148+00,7213.75,65.58,6497,2025-04-21 16:33:16.222,
6113,2025-04-21 16:33:06.188093+00,7518.75,65.82,6496,2025-04-21 16:33:04.553,
6112,2025-04-21 16:32:54.512557+00,7502.5,65.58,6495,2025-04-21 16:32:52.872,
6111,2025-04-21 16:32:42.823901+00,7393.75,65.45,6494,2025-04-21 16:32:41.143,
6110,2025-04-21 16:32:31.110485+00,7183.75,65.58,6493,2025-04-21 16:32:29.523,
6109,2025-04-21 16:32:19.477484+00,7411.25,65.45,6492,2025-04-21 16:32:17.883,
6108,2025-04-21 16:32:07.833359+00,7293.75,65.45,6491,2025-04-21 16:32:06.223,
6107,2025-04-21 16:31:56.184771+00,7067.5,65.45,6490,2025-04-21 16:31:54.573,
6106,2025-04-21 16:31:44.5329+00,6986.25,65.58,6489,2025-04-21 16:31:42.943,
6105,2025-04-21 16:31:32.912386+00,7286.25,65.7,6488,2025-04-21 16:31:31.343,
6104,2025-04-21 16:31:21.287432+00,7272.5,65.7,6487,2025-04-21 16:31:19.702,
6103,2025-04-21 16:31:09.663495+00,7572.5,65.7,6486,2025-04-21 16:31:07.953,
6102,2025-04-21 16:30:57.921583+00,7138.75,65.58,6485,2025-04-21 16:30:56.342,
6101,2025-04-21 16:30:46.312923+00,7321.25,65.21,6484,2025-04-21 16:30:44.733,
6100,2025-04-21 16:30:34.700778+00,7091.25,65.45,6483,2025-04-21 16:30:33.073,
6099,2025-04-21 16:30:23.026926+00,7141.25,65.45,6482,2025-04-21 16:30:21.422,
6098,2025-04-21 16:30:11.372057+00,7536.25,65.45,6481,2025-04-21 16:30:09.763,
6097,2025-04-21 16:29:59.732172+00,7308.75,65.58,6480,2025-04-21 16:29:58.113,
6096,2025-04-21 16:29:48.079849+00,7420,65.33,6479,2025-04-21 16:29:46.483,
6095,2025-04-21 16:29:36.436971+00,6652.5,65.45,6478,2025-04-21 16:29:34.867,
6094,2025-04-21 16:29:24.823777+00,7308.75,65.45,6477,2025-04-21 16:29:23.142,
6093,2025-04-21 16:29:13.100911+00,6858.75,65.45,6476,2025-04-21 16:29:11.492,
6092,2025-04-21 16:29:01.461745+00,7378.75,65.45,6475,2025-04-21 16:28:59.862,
6091,2025-04-21 16:28:49.831431+00,7057.5,65.58,6474,2025-04-21 16:28:48.282,
6090,2025-04-21 16:28:38.233378+00,7660,65.58,6473,2025-04-21 16:28:36.622,
6089,2025-04-21 16:28:26.583073+00,7506.25,65.45,6472,2025-04-21 16:28:24.953,
6088,2025-04-21 16:28:14.89986+00,7151.25,65.45,6471,2025-04-21 16:28:13.293,
6087,2025-04-21 16:28:03.248884+00,7073.75,65.7,6470,2025-04-21 16:28:01.693,
6086,2025-04-21 16:27:51.648281+00,7213.75,65.33,6469,2025-04-21 16:27:50.062,
6085,2025-04-21 16:27:40.021035+00,7545,65.45,6468,2025-04-21 16:27:38.353,
6084,2025-04-21 16:27:28.311516+00,7182.5,65.82,6467,2025-04-21 16:27:26.743,
6083,2025-04-21 16:27:16.70742+00,7270,65.58,6466,2025-04-21 16:27:15.122,
6082,2025-04-21 16:27:05.084486+00,7523.75,65.7,6465,2025-04-21 16:27:03.493,
6081,2025-04-21 16:26:53.456119+00,7163.75,65.7,6464,2025-04-21 16:26:51.853,
6080,2025-04-21 16:26:41.81649+00,7392.5,65.7,6463,2025-04-21 16:26:40.213,
6079,2025-04-21 16:26:30.167528+00,7241.25,65.7,6462,2025-04-21 16:26:28.563,
6078,2025-04-21 16:26:18.524784+00,6760,65.94,6461,2025-04-21 16:26:16.942,
6077,2025-04-21 16:26:06.906919+00,7327.5,65.7,6460,2025-04-21 16:26:05.312,
6076,2025-04-21 16:25:55.248915+00,7043.75,65.7,6459,2025-04-21 16:25:51.303,
6075,2025-04-21 16:25:41.262843+00,6945,65.58,6458,2025-04-21 16:25:39.642,
6074,2025-04-21 16:25:29.594892+00,7785,65.58,6457,2025-04-21 16:25:27.953,
6073,2025-04-21 16:25:17.907831+00,7051.25,65.82,6456,2025-04-21 16:25:16.323,
6072,2025-04-21 16:25:06.278092+00,7137.5,65.7,6455,2025-04-21 16:25:04.652,
6071,2025-04-21 16:24:54.619468+00,7471.25,65.82,6454,2025-04-21 16:24:53.033,
6070,2025-04-21 16:24:42.994484+00,7412.5,65.45,6453,2025-04-21 16:24:41.393,
6069,2025-04-21 16:24:31.345194+00,7448.75,65.58,6452,2025-04-21 16:24:29.713,
6068,2025-04-21 16:24:19.679588+00,7455,65.58,6451,2025-04-21 16:24:18.083,
6067,2025-04-21 16:24:08.038717+00,7511.25,65.45,6450,2025-04-21 16:24:06.372,
6066,2025-04-21 16:23:56.341652+00,7191.25,65.45,6449,2025-04-21 16:23:54.763,
6065,2025-04-21 16:23:44.715292+00,7615,65.58,6448,2025-04-21 16:23:43.142,
6064,2025-04-21 16:23:33.108461+00,7371.25,65.45,6447,2025-04-21 16:23:31.532,
6063,2025-04-21 16:23:21.493431+00,7510,65.7,6446,2025-04-21 16:23:19.923,
6062,2025-04-21 16:23:09.87921+00,7535,65.94,6445,2025-04-21 16:23:08.313,
6061,2025-04-21 16:22:58.275254+00,7482.5,65.58,6444,2025-04-21 16:22:56.713,
6060,2025-04-21 16:22:46.67716+00,7377.5,65.7,6443,2025-04-21 16:22:45.093,
6059,2025-04-21 16:22:35.053369+00,6948.75,65.82,6442,2025-04-21 16:22:33.462,
6058,2025-04-21 16:22:23.430121+00,7562.5,65.7,6441,2025-04-21 16:22:21.763,
6057,2025-04-21 16:22:11.712574+00,7645,65.94,6440,2025-04-21 16:22:10.163,
6056,2025-04-21 16:22:00.127281+00,7565,65.7,6439,2025-04-21 16:21:58.532,
6055,2025-04-21 16:21:48.499602+00,7285,65.82,6438,2025-04-21 16:21:46.943,
6054,2025-04-21 16:21:36.903748+00,7455,65.94,6437,2025-04-21 16:21:35.282,
6053,2025-04-21 16:21:25.249334+00,7730,65.7,6436,2025-04-21 16:21:23.663,
6052,2025-04-21 16:21:13.625386+00,7302.5,65.82,6435,2025-04-21 16:21:12.032,
6051,2025-04-21 16:21:01.988959+00,7213.75,66.18,6434,2025-04-21 16:21:00.413,
6050,2025-04-21 16:20:50.383366+00,7401.25,66.06,6433,2025-04-21 16:20:48.803,
6049,2025-04-21 16:20:38.749883+00,6897.5,65.82,6432,2025-04-21 16:20:37.083,
6048,2025-04-21 16:20:27.044744+00,7023.75,65.7,6431,2025-04-21 16:20:25.403,
6047,2025-04-21 16:20:15.352611+00,7650,65.7,6430,2025-04-21 16:20:13.763,
6046,2025-04-21 16:20:03.730279+00,6823.75,65.58,6429,2025-04-21 16:20:02.152,
6045,2025-04-21 16:19:52.114711+00,7421.25,65.33,6428,2025-04-21 16:19:48.792,
6044,2025-04-21 16:19:38.732087+00,7428.75,65.45,6427,2025-04-21 16:19:37.003,
6043,2025-04-21 16:19:26.939714+00,7440,65.7,6426,2025-04-21 16:19:25.352,
6042,2025-04-21 16:19:15.313029+00,7192.5,65.58,6425,2025-04-21 16:19:13.772,
6041,2025-04-21 16:19:03.741767+00,7392.5,65.21,6424,2025-04-21 16:19:02.173,
6040,2025-04-21 16:18:52.127585+00,7388.75,65.58,6423,2025-04-21 16:18:50.493,
6039,2025-04-21 16:18:40.443566+00,7605,65.82,6422,2025-04-21 16:18:38.843,
6038,2025-04-21 16:18:28.799457+00,7635,65.7,6421,2025-04-21 16:18:27.222,
6037,2025-04-21 16:18:17.18922+00,7446.25,65.82,6420,2025-04-21 16:18:15.602,
6036,2025-04-21 16:18:05.568988+00,7206.25,65.58,6419,2025-04-21 16:18:04.023,
6035,2025-04-21 16:17:53.992816+00,7241.25,65.7,6418,2025-04-21 16:17:52.433,
6034,2025-04-21 16:17:42.391822+00,7181.25,65.45,6417,2025-04-21 16:17:40.852,
6033,2025-04-21 16:17:30.812385+00,6771.25,65.94,6416,2025-04-21 16:17:29.197,
6032,2025-04-21 16:17:19.163345+00,7268.75,65.7,6415,2025-04-21 16:17:17.597,
6031,2025-04-21 16:16:27.075097+00,6977.5,65.58,6411,2025-04-21 16:16:25.543,
6030,2025-04-21 16:16:15.472091+00,7377.5,65.45,6410,2025-04-21 16:16:13.903,
6029,2025-04-21 16:16:03.857586+00,6772.5,65.7,6409,2025-04-21 16:16:02.303,
6028,2025-04-21 16:15:52.264873+00,7247.5,65.82,6408,2025-04-21 16:15:50.722,
6027,2025-04-21 16:15:40.675196+00,7533.75,65.7,6407,2025-04-21 16:15:39.133,
6026,2025-04-21 16:15:29.068303+00,7598.75,65.7,6406,2025-04-21 16:15:27.522,
6025,2025-04-21 16:15:17.482275+00,7577.5,65.7,6405,2025-04-21 16:15:15.862,
6024,2025-04-21 16:15:05.834004+00,7751.25,65.7,6404,2025-04-21 16:15:04.263,
6023,2025-04-21 16:14:54.220995+00,7428.75,65.58,6403,2025-04-21 16:14:52.572,
6022,2025-04-21 16:14:42.537337+00,7286.25,65.7,6402,2025-04-21 16:14:41.002,
6021,2025-04-21 16:14:30.965871+00,7238.75,65.7,6401,2025-04-21 16:14:29.413,
6020,2025-04-21 16:14:19.376111+00,7580,65.45,6400,2025-04-21 16:14:17.803,
6019,2025-04-21 16:14:07.759075+00,7557.5,65.45,6399,2025-04-21 16:14:06.172,
6018,2025-04-21 16:13:56.131932+00,7481.25,65.58,6398,2025-04-21 16:13:54.583,
6017,2025-04-21 16:13:44.553668+00,7178.75,65.58,6397,2025-04-21 16:13:42.998,
6016,2025-04-21 16:13:32.94544+00,7327.5,65.45,6396,2025-04-21 16:13:31.383,
6015,2025-04-21 16:13:21.341654+00,7283.75,65.33,6395,2025-04-21 16:13:19.722,
6014,2025-04-21 16:13:09.691796+00,7476.25,65.45,6394,2025-04-21 16:13:08.053,
6013,2025-04-21 16:12:58.019505+00,7335,65.45,6393,2025-04-21 16:12:56.473,
6012,2025-04-21 16:12:46.431795+00,7340,65.33,6392,2025-04-21 16:12:44.872,
6011,2025-04-21 16:12:34.835779+00,7281.25,65.58,6391,2025-04-21 16:12:33.263,
6010,2025-04-21 16:12:23.217618+00,7541.25,65.45,6390,2025-04-21 16:12:21.662,
6009,2025-04-21 16:12:11.625973+00,7468.75,65.7,6389,2025-04-21 16:12:10.053,
6008,2025-04-21 16:11:59.977191+00,7573.75,65.7,6388,2025-04-21 16:11:58.422,
6007,2025-04-21 16:11:48.383613+00,7462.5,65.58,6387,2025-04-21 16:11:46.852,
6006,2025-04-21 16:11:36.811169+00,7407.5,65.58,6386,2025-04-21 16:11:35.283,
6005,2025-04-21 16:11:25.247624+00,7378.75,65.7,6385,2025-04-21 16:11:23.602,
6004,2025-04-21 16:11:13.566122+00,7351.25,65.58,6384,2025-04-21 16:11:12.022,
6003,2025-04-21 16:11:01.983522+00,7336.25,65.7,6383,2025-04-21 16:11:00.443,
6002,2025-04-21 16:10:50.411817+00,7092.5,65.82,6382,2025-04-21 16:10:48.842,
6001,2025-04-21 16:10:38.805624+00,7392.5,65.82,6381,2025-04-21 16:10:37.233,
6000,2025-04-21 16:10:27.185261+00,7443.75,65.7,6380,2025-04-21 16:10:25.602,
5999,2025-04-21 16:10:15.564481+00,7370,65.7,6379,2025-04-21 16:10:13.982,
5998,2025-04-21 16:10:03.950674+00,7605,65.58,6378,2025-04-21 16:10:02.403,
5997,2025-04-21 16:09:52.360439+00,7316.25,65.58,6377,2025-04-21 16:09:50.792,
5996,2025-04-21 16:09:40.750598+00,7195,65.33,6376,2025-04-21 16:09:39.092,
5995,2025-04-21 16:09:29.054037+00,7415,65.7,6375,2025-04-21 16:09:27.502,
5994,2025-04-21 16:09:17.456745+00,7465,65.7,6374,2025-04-21 16:09:15.912,
5993,2025-04-21 16:09:05.879224+00,7337.5,65.82,6373,2025-04-21 16:09:04.327,
5992,2025-04-21 16:08:54.295187+00,7465,65.58,6372,2025-04-21 16:08:52.727,
5991,2025-04-21 16:08:42.637886+00,7386.25,65.7,6371,2025-04-21 16:08:38.682,
5990,2025-04-21 16:08:28.628488+00,7662.5,65.82,6370,2025-04-21 16:08:27.082,
5989,2025-04-21 16:08:16.991726+00,7200,65.94,6369,2025-04-21 16:08:15.403,
5988,2025-04-21 16:08:05.362957+00,7538.75,65.7,6368,2025-04-21 16:08:03.803,
5987,2025-04-21 16:07:53.766063+00,7191.25,65.58,6367,2025-04-21 16:07:52.142,
5986,2025-04-21 16:07:42.104964+00,7293.75,65.58,6366,2025-04-21 16:07:40.542,
5985,2025-04-21 16:07:30.47781+00,7387.5,65.58,6365,2025-04-21 16:07:28.923,
5984,2025-04-21 16:07:18.886646+00,7468.75,65.58,6364,2025-04-21 16:07:17.342,
5983,2025-04-21 16:07:07.304224+00,7322.5,65.58,6363,2025-04-21 16:07:05.772,
5982,2025-04-21 16:06:55.728609+00,7313.75,65.45,6362,2025-04-21 16:06:54.193,
5981,2025-04-21 16:06:44.159059+00,7260,65.7,6361,2025-04-21 16:06:42.612,
5980,2025-04-21 16:06:32.580172+00,7091.25,65.21,6360,2025-04-21 16:06:31.043,
5979,2025-04-21 16:06:20.996995+00,7476.25,65.45,6359,2025-04-21 16:06:19.422,
5978,2025-04-21 16:06:09.356564+00,7247.5,65.7,6358,2025-04-21 16:06:07.712,
5977,2025-04-21 16:05:57.678627+00,7178.75,65.82,6357,2025-04-21 16:05:56.133,
5976,2025-04-21 16:05:46.09577+00,7363.75,65.7,6356,2025-04-21 16:05:44.533,
5975,2025-04-21 16:05:34.487263+00,7646.25,65.58,6355,2025-04-21 16:05:32.932,
5974,2025-04-21 16:05:22.885856+00,7397.5,65.58,6354,2025-04-21 16:05:21.303,
5973,2025-04-21 16:05:11.24697+00,7393.75,65.58,6353,2025-04-21 16:05:09.613,
5972,2025-04-21 16:04:59.576428+00,7222.5,65.58,6352,2025-04-21 16:04:58.023,
5971,2025-04-21 16:04:47.987816+00,7151.25,65.7,6351,2025-04-21 16:04:46.402,
5970,2025-04-21 16:04:36.359146+00,7267.5,65.58,6350,2025-04-21 16:04:34.822,
5969,2025-04-21 16:04:24.78918+00,7302.5,65.45,6349,2025-04-21 16:04:23.112,
5968,2025-04-21 16:04:13.079866+00,7152.5,65.58,6348,2025-04-21 16:04:11.483,
5967,2025-04-21 16:04:01.443217+00,7295,65.58,6347,2025-04-21 16:03:59.852,
5966,2025-04-21 16:03:49.814675+00,7440,65.7,6346,2025-04-21 16:03:48.142,
5965,2025-04-21 16:03:38.098618+00,7208.75,65.58,6345,2025-04-21 16:03:36.563,
5964,2025-04-21 16:03:26.526841+00,7432.5,65.7,6344,2025-04-21 16:03:24.953,
5963,2025-04-21 16:03:14.910663+00,7228.75,65.45,6343,2025-04-21 16:03:13.343,
5962,2025-04-21 16:03:03.301015+00,7412.5,65.33,6342,2025-04-21 16:03:01.703,
5961,2025-04-21 16:02:51.655696+00,7430,65.45,6341,2025-04-21 16:02:50.083,
5960,2025-04-21 16:02:40.047652+00,7361.25,65.58,6340,2025-04-21 16:02:38.312,
5959,2025-04-21 16:02:28.263295+00,7283.75,65.33,6339,2025-04-21 16:02:26.698,
5958,2025-04-21 16:02:16.648273+00,6886.25,65.45,6338,2025-04-21 16:02:15.083,
5957,2025-04-21 16:02:05.029448+00,6995,65.45,6337,2025-04-21 16:02:03.432,
5956,2025-04-21 16:01:53.382904+00,6920,65.33,6336,2025-04-21 16:01:51.792,
5955,2025-04-21 16:01:41.757207+00,7238.75,65.21,6335,2025-04-21 16:01:40.172,
5954,2025-04-21 16:01:30.115182+00,7331.25,65.33,6334,2025-04-21 16:01:28.562,
5953,2025-04-21 16:01:18.524952+00,7173.75,65.33,6333,2025-04-21 16:01:16.972,
5952,2025-04-21 16:01:06.936927+00,7062.5,65.58,6332,2025-04-21 16:01:05.372,
5951,2025-04-21 16:00:55.334449+00,7355,65.09,6331,2025-04-21 16:00:53.687,
5950,2025-04-21 16:00:43.643878+00,7381.25,65.21,6330,2025-04-21 16:00:42.073,
5949,2025-04-21 16:00:32.031085+00,7295,65.94,6329,2025-04-21 16:00:30.483,
5948,2025-04-21 16:00:20.448011+00,7246.25,65.33,6328,2025-04-21 16:00:18.892,
5947,2025-04-21 16:00:08.858181+00,7236.25,65.21,6327,2025-04-21 16:00:07.292,
5946,2025-04-21 15:59:57.253752+00,6940,65.21,6326,2025-04-21 15:59:55.723,
5945,2025-04-21 15:59:45.683254+00,7445,65.33,6325,2025-04-21 15:59:44.142,
5944,2025-04-21 15:59:34.102382+00,7311.25,65.33,6324,2025-04-21 15:59:32.533,
5943,2025-04-21 15:59:22.498382+00,7087.5,65.33,6323,2025-04-21 15:59:20.943,
5942,2025-04-21 15:59:10.903083+00,7110,65.21,6322,2025-04-21 15:59:09.262,
5941,2025-04-21 15:58:59.222773+00,7308.75,65.33,6321,2025-04-21 15:58:57.672,
5940,2025-04-21 15:58:47.632612+00,7097.5,65.33,6320,2025-04-21 15:58:46.102,
5939,2025-04-21 15:58:36.058186+00,7242.5,65.33,6319,2025-04-21 15:58:34.522,
5938,2025-04-21 15:58:24.487743+00,7366.25,65.33,6318,2025-04-21 15:58:22.942,
5937,2025-04-21 15:58:12.908655+00,7380,65.45,6317,2025-04-21 15:58:11.363,
5936,2025-04-21 15:58:01.327375+00,7352.5,65.33,6316,2025-04-21 15:57:59.793,
5935,2025-04-21 15:57:49.751279+00,7322.5,65.09,6315,2025-04-21 15:57:48.193,
5934,2025-04-21 15:57:38.155201+00,7335,65.21,6314,2025-04-21 15:57:36.593,
5933,2025-04-21 15:57:26.55176+00,7453.75,65.33,6313,2025-04-21 15:57:24.933,
5932,2025-04-21 15:57:14.891829+00,6877.5,65.33,6312,2025-04-21 15:57:13.353,
5931,2025-04-21 15:57:03.319622+00,7500,65.45,6311,2025-04-21 15:57:01.772,
5930,2025-04-21 15:56:51.737682+00,7320,65.45,6310,2025-04-21 15:56:50.183,
5929,2025-04-21 15:56:40.149332+00,6948.75,65.33,6309,2025-04-21 15:56:38.602,
5928,2025-04-21 15:56:28.568691+00,7392.5,65.33,6308,2025-04-21 15:56:27.012,
5927,2025-04-21 15:56:16.97587+00,7492.5,65.09,6307,2025-04-21 15:56:15.432,
5926,2025-04-21 15:56:05.397192+00,7163.75,65.21,6306,2025-04-21 15:56:03.842,
5925,2025-04-21 15:55:53.804603+00,7471.25,65.33,6305,2025-04-21 15:55:52.263,
5924,2025-04-21 15:55:42.224599+00,7401.25,65.09,6304,2025-04-21 15:55:40.683,
5923,2025-04-21 15:55:30.642519+00,7232.5,65.33,6303,2025-04-21 15:55:29.102,
5922,2025-04-21 15:55:19.067324+00,7365,65.33,6302,2025-04-21 15:55:17.503,
5921,2025-04-21 15:55:07.457659+00,7451.25,65.33,6301,2025-04-21 15:55:05.912,
5920,2025-04-21 15:54:55.869168+00,7325,65.35,6300,2025-04-21 15:54:54.293,
5919,2025-04-21 15:54:44.232017+00,7210,65.33,6299,2025-04-21 15:54:42.652,
5918,2025-04-21 15:54:32.608101+00,7440,65.33,6298,2025-04-21 15:54:31.042,
5917,2025-04-21 15:54:21.005698+00,6838.75,65.45,6297,2025-04-21 15:54:19.412,
5916,2025-04-21 15:54:09.373511+00,6953.75,65.09,6296,2025-04-21 15:54:07.822,
5915,2025-04-21 15:53:57.78405+00,6805,65.21,6295,2025-04-21 15:53:56.213,
5914,2025-04-21 15:53:46.146893+00,7326.25,65.21,6294,2025-04-21 15:53:44.573,
5913,2025-04-21 15:53:34.538331+00,7357.5,64.85,6293,2025-04-21 15:53:32.983,
5912,2025-04-21 15:53:22.941787+00,7213.75,65.21,6292,2025-04-21 15:53:21.393,
5911,2025-04-21 15:53:11.349677+00,7383.75,65.09,6291,2025-04-21 15:53:09.782,
5910,2025-04-21 15:52:59.746471+00,7097.5,65.33,6290,2025-04-21 15:52:58.202,
5909,2025-04-21 15:52:48.167319+00,7201.25,65.21,6289,2025-04-21 15:52:46.632,
5908,2025-04-21 15:52:36.599131+00,6933.75,65.21,6288,2025-04-21 15:52:35.063,
5907,2025-04-21 15:52:25.026067+00,6917.5,65.21,6287,2025-04-21 15:52:23.492,
5906,2025-04-21 15:52:13.446211+00,7157.5,65.21,6286,2025-04-21 15:52:11.922,
5905,2025-04-21 15:52:01.880424+00,7291.25,65.33,6285,2025-04-21 15:52:00.313,
5904,2025-04-21 15:51:50.276533+00,7266.25,65.09,6284,2025-04-21 15:51:48.742,
5903,2025-04-21 15:51:38.683668+00,7220,65.09,6283,2025-04-21 15:51:37.133,
5902,2025-04-21 15:51:27.087862+00,7678.75,65.09,6282,2025-04-21 15:51:25.553,
5901,2025-04-21 15:51:15.519069+00,6861.25,64.97,6281,2025-04-21 15:51:13.953,
5900,2025-04-21 15:51:03.917092+00,7365,64.85,6280,2025-04-21 15:51:02.363,
5899,2025-04-21 15:50:52.321594+00,7412.5,65.21,6279,2025-04-21 15:50:50.772,
5898,2025-04-21 15:50:40.730458+00,6871.25,64.97,6278,2025-04-21 15:50:39.182,
5897,2025-04-21 15:50:29.146163+00,6963.75,65.21,6277,2025-04-21 15:50:27.612,
5896,2025-04-21 15:50:17.567405+00,7370,65.09,6276,2025-04-21 15:50:16.022,
5895,2025-04-21 15:50:05.981955+00,6965,65.09,6275,2025-04-21 15:50:04.432,
5894,2025-04-21 15:49:54.377878+00,7441.25,65.09,6274,2025-04-21 15:49:52.823,
5893,2025-04-21 15:49:42.775952+00,6860,64.85,6273,2025-04-21 15:49:41.222,
5892,2025-04-21 15:49:31.174626+00,7341.25,64.97,6272,2025-04-21 15:49:29.593,
5891,2025-04-21 15:49:19.549591+00,7402.5,64.85,6271,2025-04-21 15:49:18.002,
5890,2025-04-21 15:49:07.971117+00,7391.25,65.09,6270,2025-04-21 15:49:06.432,
5889,2025-04-21 15:48:56.395702+00,6978.75,65.09,6269,2025-04-21 15:48:54.813,
5888,2025-04-21 15:48:44.771333+00,6888.75,64.97,6268,2025-04-21 15:48:43.162,
5887,2025-04-21 15:48:33.122011+00,7345,65.21,6267,2025-04-21 15:48:31.593,
5886,2025-04-21 15:48:21.546724+00,7430,65.09,6266,2025-04-21 15:48:19.987,
5885,2025-04-21 15:48:09.941469+00,7178.75,65.21,6265,2025-04-21 15:48:08.373,
5884,2025-04-21 15:47:58.332893+00,7057.5,65.11,6264,2025-04-21 15:47:56.793,
5883,2025-04-21 15:47:46.75746+00,7508.75,65.33,6263,2025-04-21 15:47:45.233,
5882,2025-04-21 15:47:35.188972+00,7512.5,65.09,6262,2025-04-21 15:47:33.652,
5881,2025-04-21 15:47:23.603842+00,7350,65.33,6261,2025-04-21 15:47:21.992,
5880,2025-04-21 15:47:11.952116+00,7078.75,65.21,6260,2025-04-21 15:47:10.383,
5879,2025-04-21 15:47:00.34039+00,7107.5,65.45,6259,2025-04-21 15:46:58.782,
5878,2025-04-21 15:46:48.745719+00,7192.5,65.33,6258,2025-04-21 15:46:47.192,
5877,2025-04-21 15:46:37.158451+00,7191.25,65.21,6257,2025-04-21 15:46:35.613,
5876,2025-04-21 15:46:25.575476+00,6995,65.21,6256,2025-04-21 15:46:24.012,
5875,2025-04-21 15:46:13.979014+00,7370,65.33,6255,2025-04-21 15:46:12.432,
5874,2025-04-21 15:46:02.383841+00,7052.5,64.85,6254,2025-04-21 15:46:00.818,
5873,2025-04-21 15:45:50.767884+00,7383.75,65.09,6253,2025-04-21 15:45:49.203,
5872,2025-04-21 15:45:39.138876+00,7558.75,65.09,6252,2025-04-21 15:45:37.602,
5871,2025-04-21 15:45:27.570656+00,7522.5,65.09,6251,2025-04-21 15:45:26.032,
5870,2025-04-21 15:45:15.996893+00,7442.5,65.33,6250,2025-04-21 15:45:14.453,
5869,2025-04-21 15:45:04.409905+00,7428.75,65.09,6249,2025-04-21 15:45:02.848,
5868,2025-04-21 15:44:52.804368+00,7101.25,65.09,6248,2025-04-21 15:44:51.232,
5867,2025-04-21 15:44:41.194602+00,7521.25,65.09,6247,2025-04-21 15:44:39.653,
5866,2025-04-21 15:44:29.613474+00,7356.25,65.09,6246,2025-04-21 15:44:28.072,
5865,2025-04-21 15:44:18.036885+00,7551.25,64.97,6245,2025-04-21 15:44:16.503,
5864,2025-04-21 15:44:06.468354+00,7471.25,65.09,6244,2025-04-21 15:44:04.912,
5863,2025-04-21 15:43:54.873061+00,6985,65.09,6243,2025-04-21 15:43:53.332,
5862,2025-04-21 15:43:43.291436+00,7446.25,65.09,6242,2025-04-21 15:43:41.743,
5861,2025-04-21 15:43:31.703491+00,7132.5,64.97,6241,2025-04-21 15:43:30.173,
5860,2025-04-21 15:43:20.134088+00,6897.5,65.21,6240,2025-04-21 15:43:18.593,
5859,2025-04-21 15:43:08.554671+00,6961.25,65.09,6239,2025-04-21 15:43:06.972,
5858,2025-04-21 15:42:56.923914+00,7261.25,65.09,6238,2025-04-21 15:42:55.383,
5857,2025-04-21 15:42:45.337024+00,7067.5,64.97,6237,2025-04-21 15:42:43.773,
5856,2025-04-21 15:42:33.730281+00,7462.5,64.97,6236,2025-04-21 15:42:30.693,
5855,2025-04-21 15:42:20.65711+00,7443.75,65.33,6235,2025-04-21 15:42:19.112,
5854,2025-04-21 15:42:09.071413+00,7410,65.09,6234,2025-04-21 15:42:07.533,
5853,2025-04-21 15:41:57.501032+00,7343.75,65.33,6233,2025-04-21 15:41:55.943,
5852,2025-04-21 15:41:45.899934+00,7526.25,65.35,6232,2025-04-21 15:41:44.262,
5851,2025-04-21 15:41:34.209741+00,7385,64.97,6231,2025-04-21 15:41:32.682,
5850,2025-04-21 15:41:22.639985+00,6837.5,65.21,6230,2025-04-21 15:41:21.113,
5849,2025-04-21 15:41:11.07675+00,7371.25,65.21,6229,2025-04-21 15:41:09.532,
5848,2025-04-21 15:40:59.487937+00,7365,65.21,6228,2025-04-21 15:40:57.953,
5847,2025-04-21 15:40:47.91193+00,7315,65.09,6227,2025-04-21 15:40:46.362,
5846,2025-04-21 15:40:36.316538+00,7200,65.09,6226,2025-04-21 15:40:34.772,
5845,2025-04-21 15:40:24.727449+00,7463.75,65.45,6225,2025-04-21 15:40:23.173,
5844,2025-04-21 15:40:13.13943+00,7007.5,65.33,6224,2025-04-21 15:40:11.561,
5843,2025-04-21 15:40:01.552988+00,7460,65.09,6223,2025-04-21 15:39:59.831,
5842,2025-04-21 15:39:49.833879+00,7418.75,65.21,6222,2025-04-21 15:39:48.261,
5841,2025-04-21 15:39:38.262416+00,7353.75,65.33,6221,2025-04-21 15:39:36.691,
5840,2025-04-21 15:39:26.697963+00,7402.5,65.21,6220,2025-04-21 15:39:25.121,
5839,2025-04-21 15:39:15.121635+00,7358.75,65.33,6219,2025-04-21 15:39:13.521,
5838,2025-04-21 15:39:03.526301+00,7378.75,65.09,6218,2025-04-21 15:39:01.931,
5837,2025-04-21 15:38:51.929805+00,7043.75,65.45,6217,2025-04-21 15:38:50.341,
5836,2025-04-21 15:38:40.349891+00,7565,65.21,6216,2025-04-21 15:38:38.791,
5835,2025-04-21 15:38:28.794729+00,7196.25,65.45,6215,2025-04-21 15:38:27.211,
5834,2025-04-21 15:38:17.22094+00,7062.5,65.33,6214,2025-04-21 15:38:15.531,
5833,2025-04-21 15:38:05.534719+00,7477.5,65.58,6213,2025-04-21 15:38:03.961,
5832,2025-04-21 15:37:53.971506+00,7160,65.33,6212,2025-04-21 15:37:52.371,
5831,2025-04-21 15:37:42.378086+00,7493.75,65.33,6211,2025-04-21 15:37:40.771,
5830,2025-04-21 15:37:30.757767+00,7506.25,65.33,6210,2025-04-21 15:37:29.181,
5829,2025-04-21 15:37:19.18311+00,7067.5,65.33,6209,2025-04-21 15:37:17.461,
5828,2025-04-21 15:37:07.458612+00,6882.5,65.33,6208,2025-04-21 15:37:05.871,
5827,2025-04-21 15:36:55.86255+00,7026.25,65.33,6207,2025-04-21 15:36:54.281,
5826,2025-04-21 15:36:44.279578+00,7143.75,65.45,6206,2025-04-21 15:36:42.691,
5825,2025-04-21 15:36:32.699109+00,7420,65.58,6205,2025-04-21 15:36:31.021,
5824,2025-04-21 15:36:21.020817+00,7293.75,65.33,6204,2025-04-21 15:36:19.431,
5823,2025-04-21 15:36:09.428431+00,7103.75,65.33,6203,2025-04-21 15:36:07.851,
5822,2025-04-21 15:35:57.855957+00,7173.75,65.58,6202,2025-04-21 15:35:56.271,
5821,2025-04-21 15:35:46.244195+00,6856.25,65.33,6201,2025-04-21 15:35:44.631,
5820,2025-04-21 15:35:34.637116+00,7746.25,65.21,6200,2025-04-21 15:35:33.041,
5819,2025-04-21 15:35:23.047571+00,7053.75,65.21,6199,2025-04-21 15:35:21.451,
5818,2025-04-21 15:35:11.459257+00,7463.75,65.45,6198,2025-04-21 15:35:09.861,
5817,2025-04-21 15:34:59.861542+00,7387.5,65.33,6197,2025-04-21 15:34:58.271,
5816,2025-04-21 15:34:48.278443+00,7070,65.33,6196,2025-04-21 15:34:46.621,
5815,2025-04-21 15:34:36.628684+00,7407.5,65.21,6195,2025-04-21 15:34:35.061,
5814,2025-04-21 15:34:25.062731+00,7003.75,65.09,6194,2025-04-21 15:34:23.461,
5813,2025-04-21 15:34:13.472911+00,7476.25,65.33,6193,2025-04-21 15:34:11.871,
5812,2025-04-21 15:34:01.874773+00,7443.75,65.21,6192,2025-04-21 15:34:00.291,
5811,2025-04-21 15:33:50.294391+00,7421.25,65.45,6191,2025-04-21 15:33:48.711,
5810,2025-04-21 15:33:38.714847+00,7393.75,65.33,6190,2025-04-21 15:33:37.111,
5809,2025-04-21 15:33:27.118334+00,7620,65.33,6189,2025-04-21 15:33:25.521,
5808,2025-04-21 15:33:15.528108+00,7343.75,65.45,6188,2025-04-21 15:33:13.961,
5807,2025-04-21 15:33:03.970642+00,6855,65.21,6187,2025-04-21 15:33:02.401,
5806,2025-04-21 15:32:52.410266+00,7151.25,65.33,6186,2025-04-21 15:32:50.831,
5805,2025-04-21 15:32:40.842554+00,7097.5,65.21,6185,2025-04-21 15:32:39.251,
5804,2025-04-21 15:32:29.197061+00,7265,65.7,6184,2025-04-21 15:32:27.541,
5803,2025-04-21 15:32:17.546009+00,7435,65.45,6183,2025-04-21 15:32:15.961,
5802,2025-04-21 15:32:05.969018+00,7043.75,65.33,6182,2025-04-21 15:32:04.361,
5801,2025-04-21 15:31:54.361064+00,7358.75,65.33,6181,2025-04-21 15:31:52.781,
5800,2025-04-21 15:31:42.787528+00,7122.5,65.45,6180,2025-04-21 15:31:41.201,
5799,2025-04-21 15:31:31.201836+00,7370,65.45,6179,2025-04-21 15:31:29.621,
5798,2025-04-21 15:31:19.626624+00,7040,65.58,6178,2025-04-21 15:31:18.021,
5797,2025-04-21 15:31:08.021167+00,7422.5,65.58,6177,2025-04-21 15:31:06.431,
5796,2025-04-21 15:30:56.442255+00,7463.75,65.33,6176,2025-04-21 15:30:54.861,
5795,2025-04-21 15:30:44.867975+00,7353.75,65.45,6175,2025-04-21 15:30:43.281,
5794,2025-04-21 15:30:33.284783+00,7401.25,65.21,6174,2025-04-21 15:30:31.421,
5793,2025-04-21 15:30:21.428681+00,7528.75,65.58,6173,2025-04-21 15:30:19.851,
5792,2025-04-21 15:30:09.855132+00,7426.25,65.47,6172,2025-04-21 15:30:08.211,
5791,2025-04-21 15:29:58.222867+00,7313.75,65.45,6171,2025-04-21 15:29:56.631,
5790,2025-04-21 15:29:46.633927+00,7730,65.33,6170,2025-04-21 15:29:45.061,
5789,2025-04-21 15:29:35.065583+00,7351.25,65.45,6169,2025-04-21 15:29:33.471,
5788,2025-04-21 15:29:23.473571+00,7610,65.45,6168,2025-04-21 15:29:21.861,
5787,2025-04-21 15:29:11.871383+00,7576.25,65.33,6167,2025-04-21 15:29:10.291,
5786,2025-04-21 15:29:00.296753+00,7466.25,65.33,6166,2025-04-21 15:28:58.671,
5785,2025-04-21 15:28:48.675191+00,7370,65.45,6165,2025-04-21 15:28:47.091,
5784,2025-04-21 15:28:37.09462+00,7583.75,65.45,6164,2025-04-21 15:28:35.481,
5783,2025-04-21 15:28:25.489+00,7071.25,65.45,6163,2025-04-21 15:28:23.901,
5782,2025-04-21 15:28:13.911429+00,7121.25,65.45,6162,2025-04-21 15:28:12.301,
5781,2025-04-21 15:28:02.309751+00,7107.5,65.33,6161,2025-04-21 15:28:00.731,
5780,2025-04-21 15:27:50.737992+00,7356.25,65.33,6160,2025-04-21 15:27:49.151,
5779,2025-04-21 15:27:39.158325+00,7447.5,65.33,6159,2025-04-21 15:27:37.571,
5778,2025-04-21 15:27:27.57547+00,7248.75,65.58,6158,2025-04-21 15:27:25.981,
5777,2025-04-21 15:27:15.985168+00,7508.75,65.7,6157,2025-04-21 15:27:14.391,
5776,2025-04-21 15:27:04.396288+00,7358.75,65.7,6156,2025-04-21 15:27:02.781,
5775,2025-04-21 15:26:52.787485+00,7352.5,65.7,6155,2025-04-21 15:26:51.191,
5774,2025-04-21 15:26:41.193248+00,7080,65.82,6154,2025-04-21 15:26:39.601,
5773,2025-04-21 15:26:29.614951+00,7470,65.58,6153,2025-04-21 15:26:28.001,
5772,2025-04-21 15:26:18.005087+00,7411.25,65.7,6152,2025-04-21 15:26:16.381,
5771,2025-04-21 15:26:06.384594+00,7500,65.7,6151,2025-04-21 15:26:04.721,
5770,2025-04-21 15:25:54.729282+00,7348.75,65.58,6150,2025-04-21 15:25:53.146,
5769,2025-04-21 15:25:43.146283+00,6945,65.45,6149,2025-04-21 15:25:41.531,
5768,2025-04-21 15:25:31.538498+00,7541.25,65.7,6148,2025-04-21 15:25:29.901,
5767,2025-04-21 15:25:19.911425+00,7251.25,65.45,6147,2025-04-21 15:25:18.311,
5766,2025-04-21 15:25:08.321689+00,7298.75,65.33,6146,2025-04-21 15:25:06.711,
5765,2025-04-21 15:24:56.719419+00,7337.5,65.45,6145,2025-04-21 15:24:55.131,
5764,2025-04-21 15:24:45.145124+00,7261.25,65.33,6144,2025-04-21 15:24:43.531,
5763,2025-04-21 15:24:33.534875+00,7086.25,65.45,6143,2025-04-21 15:24:31.931,
5762,2025-04-21 15:24:21.935632+00,7305,65.45,6142,2025-04-21 15:24:20.351,
5761,2025-04-21 15:24:10.352274+00,7545,65.33,6141,2025-04-21 15:24:08.761,
5760,2025-04-21 15:23:58.773537+00,7153.75,65.45,6140,2025-04-21 15:23:57.171,
5759,2025-04-21 15:23:47.187014+00,7331.25,65.33,6139,2025-04-21 15:23:45.561,
5758,2025-04-21 15:23:35.569984+00,7237.5,65.21,6138,2025-04-21 15:23:34.001,
5757,2025-04-21 15:23:24.013262+00,7615,65.33,6137,2025-04-21 15:23:22.421,
5756,2025-04-21 15:23:12.420686+00,7260,65.45,6136,2025-04-21 15:23:10.831,
5755,2025-04-21 15:23:00.844332+00,7340,65.45,6135,2025-04-21 15:22:59.251,
5754,2025-04-21 15:22:49.259218+00,7351.25,65.45,6134,2025-04-21 15:22:47.651,
5753,2025-04-21 15:22:37.664396+00,7513.75,65.7,6133,2025-04-21 15:22:36.051,
5752,2025-04-21 15:22:26.062936+00,7427.5,65.7,6132,2025-04-21 15:22:24.491,
5751,2025-04-21 15:22:14.499866+00,7516.25,65.82,6131,2025-04-21 15:22:12.901,
5750,2025-04-21 15:22:02.906186+00,7267.5,65.58,6130,2025-04-21 15:22:01.321,
5749,2025-04-21 15:21:51.319201+00,7386.25,65.58,6129,2025-04-21 15:21:49.741,
5748,2025-04-21 15:21:39.753362+00,7221.25,65.45,6128,2025-04-21 15:21:38.161,
5747,2025-04-21 15:21:28.168189+00,7193.75,65.58,6127,2025-04-21 15:21:26.581,
5746,2025-04-21 15:21:16.587565+00,7326.25,65.58,6126,2025-04-21 15:21:14.971,
5745,2025-04-21 15:21:04.976819+00,7358.75,65.21,6125,2025-04-21 15:21:03.381,
5744,2025-04-21 15:20:53.392684+00,7531.25,65.33,6124,2025-04-21 15:20:51.781,
5743,2025-04-21 15:20:41.787741+00,7382.5,65.58,6123,2025-04-21 15:20:40.201,
5742,2025-04-21 15:20:30.206107+00,6932.5,65.58,6122,2025-04-21 15:20:28.591,
5741,2025-04-21 15:20:18.603262+00,7077.5,65.45,6121,2025-04-21 15:20:16.991,
5740,2025-04-21 15:20:06.999103+00,7038.75,65.33,6120,2025-04-21 15:20:05.381,
5739,2025-04-21 15:19:55.384027+00,7277.5,65.33,6119,2025-04-21 15:19:53.731,
5738,2025-04-21 15:19:43.73714+00,7183.75,65.58,6118,2025-04-21 15:19:42.161,
5737,2025-04-21 15:19:32.168098+00,7160,65.33,6117,2025-04-21 15:19:30.581,
5736,2025-04-21 15:19:20.590314+00,7641.25,65.7,6116,2025-04-21 15:19:18.971,
5735,2025-04-21 15:19:08.975812+00,7235,65.58,6115,2025-04-21 15:19:07.361,
5734,2025-04-21 15:18:57.37049+00,7555,65.7,6114,2025-04-21 15:18:55.781,
5733,2025-04-21 15:18:45.791294+00,7417.5,65.58,6113,2025-04-21 15:18:44.181,
5732,2025-04-21 15:18:34.174253+00,7006.25,65.45,6112,2025-04-21 15:18:32.551,
5731,2025-04-21 15:18:22.55175+00,7523.75,65.33,6111,2025-04-21 15:18:20.951,
5730,2025-04-21 15:18:10.958397+00,7370,65.7,6110,2025-04-21 15:18:09.361,
5729,2025-04-21 15:17:59.374838+00,7083.75,65.58,6109,2025-04-21 15:17:57.791,
5728,2025-04-21 15:17:47.795583+00,7248.75,65.33,6108,2025-04-21 15:17:46.181,
5727,2025-04-21 15:17:36.187186+00,7292.5,65.58,6107,2025-04-21 15:17:34.441,
5726,2025-04-21 15:17:24.450814+00,7017.5,65.58,6106,2025-04-21 15:17:22.871,
5725,2025-04-21 15:17:12.880515+00,7348.75,65.45,6105,2025-04-21 15:17:11.281,
5724,2025-04-21 15:17:01.285934+00,7310,65.58,6104,2025-04-21 15:16:59.701,
5723,2025-04-21 15:16:49.715271+00,7031.25,65.45,6103,2025-04-21 15:16:48.101,
5722,2025-04-21 15:16:38.103634+00,6901.25,65.33,6102,2025-04-21 15:16:36.481,
5721,2025-04-21 15:16:26.487717+00,7035,65.58,6101,2025-04-21 15:16:24.901,
5720,2025-04-21 15:16:14.91541+00,7627.5,65.45,6100,2025-04-21 15:16:13.311,
5719,2025-04-21 15:16:03.316528+00,7173.75,65.45,6099,2025-04-21 15:16:01.711,
5718,2025-04-21 15:15:51.714992+00,7376.25,65.33,6098,2025-04-21 15:15:50.091,
5717,2025-04-21 15:15:40.092643+00,7510,65.45,6097,2025-04-21 15:15:38.471,
5716,2025-04-21 15:15:28.473027+00,7318.75,65.45,6096,2025-04-21 15:15:26.891,
5715,2025-04-21 15:15:16.898614+00,7223.75,65.58,6095,2025-04-21 15:15:15.301,
5714,2025-04-21 15:15:05.310038+00,7118.75,65.45,6094,2025-04-21 15:15:03.691,
5713,2025-04-21 15:14:53.688923+00,7478.75,65.33,6093,2025-04-21 15:14:52.091,
5712,2025-04-21 15:14:42.093451+00,7077.5,65.45,6092,2025-04-21 15:14:40.491,
5711,2025-04-21 15:14:30.504201+00,7367.5,65.45,6091,2025-04-21 15:14:28.901,
5710,2025-04-21 15:14:18.908005+00,7323.75,65.33,6090,2025-04-21 15:14:17.321,
5709,2025-04-21 15:14:07.322229+00,6915,65.45,6089,2025-04-21 15:14:05.706,
5708,2025-04-21 15:13:55.716827+00,7503.75,65.45,6088,2025-04-21 15:13:54.116,
5707,2025-04-21 15:13:44.131185+00,7205,65.21,6087,2025-04-21 15:13:38.011,
5706,2025-04-21 15:13:28.017134+00,7006.25,65.33,6086,2025-04-21 15:13:26.431,
5705,2025-04-21 15:13:16.441014+00,7443.75,65.33,6085,2025-04-21 15:13:14.831,
5704,2025-04-21 15:13:04.84374+00,7092.5,65.45,6084,2025-04-21 15:13:03.251,
5703,2025-04-21 15:12:53.256745+00,7568.75,65.33,6083,2025-04-21 15:12:51.681,
5702,2025-04-21 15:12:41.690089+00,7398.75,65.21,6082,2025-04-21 15:12:40.081,
5701,2025-04-21 15:12:30.088883+00,7017.5,65.23,6081,2025-04-21 15:12:28.491,
5700,2025-04-21 15:12:18.491628+00,7142.5,65.58,6080,2025-04-21 15:12:16.891,
5699,2025-04-21 15:12:06.891631+00,7307.5,65.45,6079,2025-04-21 15:12:05.191,
5698,2025-04-21 15:11:55.192633+00,7097.5,65.33,6078,2025-04-21 15:11:53.571,
5697,2025-04-21 15:11:43.576743+00,7417.5,65.33,6077,2025-04-21 15:11:41.991,
5696,2025-04-21 15:11:32.002087+00,7341.25,65.33,6076,2025-04-21 15:11:30.381,
5695,2025-04-21 15:11:20.380686+00,6876.25,65.09,6075,2025-04-21 15:11:18.801,
5694,2025-04-21 15:11:08.796911+00,7215,65.45,6074,2025-04-21 15:11:07.201,
5693,2025-04-21 15:10:57.200755+00,7603.75,65.7,6073,2025-04-21 15:10:55.631,
5692,2025-04-21 15:10:45.633321+00,7361.25,65.58,6072,2025-04-21 15:10:44.051,
5691,2025-04-21 15:10:34.05428+00,7151.25,65.33,6071,2025-04-21 15:10:32.481,
5690,2025-04-21 15:10:22.481777+00,6927.5,65.58,6070,2025-04-21 15:10:20.811,
5689,2025-04-21 15:10:10.811494+00,7305,65.58,6069,2025-04-21 15:10:09.241,
5688,2025-04-21 15:09:59.247794+00,7513.75,65.33,6068,2025-04-21 15:09:57.641,
5687,2025-04-21 15:09:47.638067+00,7638.75,65.45,6067,2025-04-21 15:09:46.021,
5686,2025-04-21 15:09:36.01342+00,7235,65.58,6066,2025-04-21 15:09:34.421,
5685,2025-04-21 15:09:24.427803+00,7353.75,65.45,6065,2025-04-21 15:09:22.831,
5684,2025-04-21 15:09:12.838173+00,7302.5,65.45,6064,2025-04-21 15:09:11.241,
5683,2025-04-21 15:09:01.243039+00,7528.75,65.58,6063,2025-04-21 15:08:59.641,
5682,2025-04-21 15:08:49.651841+00,7190,65.45,6062,2025-04-21 15:08:48.081,
5681,2025-04-21 15:08:38.081261+00,7180,65.33,6061,2025-04-21 15:08:36.421,
5680,2025-04-21 15:08:26.414656+00,7258.75,65.21,6060,2025-04-21 15:08:24.791,
5679,2025-04-21 15:08:14.790732+00,7290,65.21,6059,2025-04-21 15:08:13.201,
5678,2025-04-21 15:08:03.196912+00,7281.25,65.45,6058,2025-04-21 15:08:01.601,
5677,2025-04-21 15:07:51.605679+00,6967.5,63.52,6057,2025-04-21 15:07:50.011,
5676,2025-04-21 15:07:40.022769+00,7325,65.45,6056,2025-04-21 15:07:38.411,
5675,2025-04-21 15:07:28.416118+00,7495,65.58,6055,2025-04-21 15:07:26.841,
5674,2025-04-21 15:07:16.838229+00,7262.5,65.21,6054,2025-04-21 15:07:15.251,
5673,2025-04-21 15:07:05.255692+00,7242.5,65.58,6053,2025-04-21 15:07:03.661,
5672,2025-04-21 15:06:53.671057+00,7175,65.45,6052,2025-04-21 15:06:51.991,
5671,2025-04-21 15:06:41.991872+00,7491.25,65.33,6051,2025-04-21 15:06:40.421,
5670,2025-04-21 15:06:30.407625+00,7060,65.33,6050,2025-04-21 15:06:28.801,
5669,2025-04-21 15:06:18.805922+00,7128.75,65.94,6049,2025-04-21 15:06:17.211,
5668,2025-04-21 15:06:07.223108+00,7103.75,65.7,6048,2025-04-21 15:06:05.631,
5667,2025-04-21 15:05:55.633179+00,7371.25,65.58,6047,2025-04-21 15:05:54.001,
5666,2025-04-21 15:05:43.99758+00,7371.25,65.82,6046,2025-04-21 15:05:42.371,
5665,2025-04-21 15:05:32.376764+00,7298.75,65.94,6045,2025-04-21 15:05:30.791,
5664,2025-04-21 15:05:20.797849+00,7376.25,65.94,6044,2025-04-21 15:05:19.221,
5663,2025-04-21 15:05:09.225691+00,7475,65.82,6043,2025-04-21 15:05:07.561,
5662,2025-04-21 15:04:57.56831+00,7215,66.06,6042,2025-04-21 15:04:55.981,
5661,2025-04-21 15:04:45.987101+00,7355,65.94,6041,2025-04-21 15:04:44.361,
5660,2025-04-21 15:04:34.365006+00,7491.25,65.82,6040,2025-04-21 15:04:32.651,
5659,2025-04-21 15:04:22.655573+00,7506.25,65.82,6039,2025-04-21 15:04:21.031,
5658,2025-04-21 15:04:11.034041+00,7541.25,65.94,6038,2025-04-21 15:04:09.411,
5657,2025-04-21 15:03:59.414919+00,7293.75,65.94,6037,2025-04-21 15:03:57.821,
5656,2025-04-21 15:03:47.828325+00,7300,65.7,6036,2025-04-21 15:03:46.231,
5655,2025-04-21 15:03:36.235707+00,7510,65.82,6035,2025-04-21 15:03:34.611,
5654,2025-04-21 15:03:24.611253+00,6836.25,65.94,6034,2025-04-21 15:03:22.941,
5653,2025-04-21 15:03:12.950733+00,7456.25,65.94,6033,2025-04-21 15:03:11.361,
5652,2025-04-21 15:03:01.368254+00,6970,66.06,6032,2025-04-21 15:02:59.781,
5651,2025-04-21 15:02:49.78355+00,7390,65.94,6031,2025-04-21 15:02:48.171,
5650,2025-04-21 15:02:38.168442+00,7186.25,65.94,6030,2025-04-21 15:02:36.571,
5649,2025-04-21 15:02:26.573767+00,7210,65.82,6029,2025-04-21 15:02:24.986,
5648,2025-04-21 15:02:14.984256+00,7576.25,66.06,6028,2025-04-21 15:02:13.371,
5647,2025-04-21 15:02:03.375836+00,7492.5,65.94,6027,2025-04-21 15:02:01.761,
5646,2025-04-21 15:01:51.754991+00,7322.5,65.94,6026,2025-04-21 15:01:50.171,
5645,2025-04-21 15:01:40.172506+00,7531.25,65.82,6025,2025-04-21 15:01:38.501,
5644,2025-04-21 15:01:28.507969+00,7240,65.82,6024,2025-04-21 15:01:26.871,
5643,2025-04-21 15:01:16.871427+00,7311.25,65.7,6023,2025-04-21 15:01:15.261,
5642,2025-04-21 15:01:05.265276+00,7187.5,65.82,6022,2025-04-21 15:01:01.871,
5641,2025-04-21 15:00:51.871994+00,7177.5,65.82,6021,2025-04-21 15:00:50.281,
5640,2025-04-21 15:00:40.279781+00,7378.75,66.06,6020,2025-04-21 15:00:38.701,
5639,2025-04-21 15:00:28.706622+00,7375,66.06,6019,2025-04-21 15:00:27.111,
5638,2025-04-21 15:00:17.118021+00,7243.75,65.94,6018,2025-04-21 15:00:15.501,
5637,2025-04-21 15:00:05.505701+00,7480,65.7,6017,2025-04-21 15:00:03.921,
5636,2025-04-21 14:59:53.928374+00,7336.25,65.7,6016,2025-04-21 14:59:52.251,
5635,2025-04-21 14:59:42.253473+00,7367.5,66.06,6015,2025-04-21 14:59:40.651,
5634,2025-04-21 14:59:30.643136+00,7285,65.82,6014,2025-04-21 14:59:29.021,
5633,2025-04-21 14:59:19.017555+00,7427.5,65.94,6013,2025-04-21 14:59:17.421,
5632,2025-04-21 14:59:07.409253+00,7258.75,65.7,6012,2025-04-21 14:59:05.841,
5631,2025-04-21 14:58:55.840786+00,7512.5,65.82,6011,2025-04-21 14:58:54.241,
5630,2025-04-21 14:58:44.244603+00,6961.25,65.82,6010,2025-04-21 14:58:42.651,
5629,2025-04-21 14:58:32.643996+00,7532.5,65.82,6009,2025-04-21 14:58:31.051,
5628,2025-04-21 14:58:21.050381+00,7437.5,65.82,6008,2025-04-21 14:58:19.471,
5627,2025-04-21 14:58:09.479882+00,7113.75,65.82,6007,2025-04-21 14:58:07.795,
5626,2025-04-21 14:57:57.789097+00,7377.5,65.7,6006,2025-04-21 14:57:56.181,
5625,2025-04-21 14:57:46.189055+00,7220,65.58,6005,2025-04-21 14:57:44.611,
5624,2025-04-21 14:57:34.618999+00,7112.5,65.7,6004,2025-04-21 14:57:33.051,
5623,2025-04-21 14:57:23.05903+00,7490,65.7,6003,2025-04-21 14:57:21.471,
5622,2025-04-21 14:57:11.468154+00,7098.75,65.7,6002,2025-04-21 14:57:09.891,
5621,2025-04-21 14:56:59.894509+00,7251.25,65.58,6001,2025-04-21 14:56:58.301,
5620,2025-04-21 14:56:48.307228+00,7220,65.82,6000,2025-04-21 14:56:46.721,
5619,2025-04-21 14:56:36.721907+00,7065,65.82,5999,2025-04-21 14:56:35.131,
5618,2025-04-21 14:56:25.074317+00,7496.25,65.82,5998,2025-04-21 14:56:23.421,
5617,2025-04-21 14:56:13.416421+00,7308.75,65.94,5997,2025-04-21 14:56:11.851,
5616,2025-04-21 14:56:01.84307+00,7505,65.94,5996,2025-04-21 14:56:00.231,
5615,2025-04-21 14:55:50.225221+00,7403.75,65.82,5995,2025-04-21 14:55:48.651,
5614,2025-04-21 14:55:38.655189+00,7207.5,65.82,5994,2025-04-21 14:55:37.091,
5613,2025-04-21 14:55:27.074166+00,7115,65.82,5993,2025-04-21 14:55:25.461,
5612,2025-04-21 14:55:15.466417+00,7153.75,65.7,5992,2025-04-21 14:55:13.861,
5611,2025-04-21 14:55:03.865797+00,7056.25,65.82,5991,2025-04-21 14:55:02.281,
5610,2025-04-21 14:54:52.283007+00,7523.75,65.94,5990,2025-04-21 14:54:50.681,
5609,2025-04-21 14:54:40.682154+00,7015,65.82,5989,2025-04-21 14:54:38.971,
5608,2025-04-21 14:54:28.968026+00,7237.5,65.71,5988,2025-04-21 14:54:27.411,
5607,2025-04-21 14:54:17.402195+00,7076.25,65.7,5987,2025-04-21 14:54:15.811,
5606,2025-04-21 14:54:05.812949+00,7291.25,65.82,5986,2025-04-21 14:54:04.221,
5605,2025-04-21 14:53:54.216506+00,7180,65.7,5985,2025-04-21 14:53:52.621,
5604,2025-04-21 14:53:42.616625+00,6863.75,65.58,5984,2025-04-21 14:53:41.041,
5603,2025-04-21 14:53:31.049105+00,7336.25,65.7,5983,2025-04-21 14:53:29.421,
5602,2025-04-21 14:53:19.424105+00,7150,65.7,5982,2025-04-21 14:53:17.851,
5601,2025-04-21 14:53:07.855068+00,6910,65.82,5981,2025-04-21 14:53:06.261,
5600,2025-04-21 14:52:56.252392+00,7262.5,65.58,5980,2025-04-21 14:52:54.561,
5599,2025-04-21 14:52:44.565869+00,6987.5,65.58,5979,2025-04-21 14:52:42.981,
5598,2025-04-21 14:52:32.978423+00,7286.25,65.94,5978,2025-04-21 14:52:31.401,
5597,2025-04-21 14:52:21.407277+00,7565,65.7,5977,2025-04-21 14:52:19.831,
5596,2025-04-21 14:52:09.832694+00,7322.5,65.7,5976,2025-04-21 14:52:08.231,
5595,2025-04-21 14:51:58.230521+00,7012.5,65.7,5975,2025-04-21 14:51:56.651,
5594,2025-04-21 14:51:46.651389+00,7535,65.82,5974,2025-04-21 14:51:45.021,
5593,2025-04-21 14:51:35.018594+00,7457.5,65.7,5973,2025-04-21 14:51:33.421,
5592,2025-04-21 14:51:23.42361+00,7431.25,65.58,5972,2025-04-21 14:51:21.841,
5591,2025-04-21 14:51:11.842186+00,7021.25,65.94,5971,2025-04-21 14:51:10.191,
5590,2025-04-21 14:51:00.199528+00,7200,65.82,5970,2025-04-21 14:50:58.611,
5589,2025-04-21 14:50:48.614455+00,7125,65.7,5969,2025-04-21 14:50:47.031,
5588,2025-04-21 14:50:37.02783+00,7240,65.58,5968,2025-04-21 14:50:35.411,
5587,2025-04-21 14:50:25.418825+00,7330,65.94,5967,2025-04-21 14:50:23.841,
5586,2025-04-21 14:50:13.834418+00,7380,65.82,5966,2025-04-21 14:50:12.241,
5585,2025-04-21 14:50:02.245092+00,7022.5,65.82,5965,2025-04-21 14:50:00.671,
5584,2025-04-21 14:49:50.667198+00,7100,65.94,5964,2025-04-21 14:49:49.061,
5583,2025-04-21 14:49:39.069935+00,7662.5,65.82,5963,2025-04-21 14:49:37.481,
5582,2025-04-21 14:49:27.486082+00,7348.75,65.82,5962,2025-04-21 14:49:25.821,
5581,2025-04-21 14:49:15.819608+00,7180,65.94,5961,2025-04-21 14:49:14.191,
5580,2025-04-21 14:49:04.18684+00,7565,65.82,5960,2025-04-21 14:49:02.581,
5579,2025-04-21 14:48:52.587648+00,7226.25,65.7,5959,2025-04-21 14:48:51.001,
5578,2025-04-21 14:48:41.007717+00,7007.5,65.58,5958,2025-04-21 14:48:39.411,
5577,2025-04-21 14:48:29.408853+00,7191.25,65.7,5957,2025-04-21 14:48:27.831,
5576,2025-04-21 14:48:17.835606+00,7441.25,65.58,5956,2025-04-21 14:48:16.251,
5575,2025-04-21 14:48:06.25179+00,7205,65.82,5955,2025-04-21 14:48:04.661,
5574,2025-04-21 14:47:54.659368+00,7433.75,65.7,5954,2025-04-21 14:47:53.091,
5573,2025-04-21 14:47:43.094774+00,7361.25,65.7,5953,2025-04-21 14:47:41.431,
5572,2025-04-21 14:47:31.432374+00,7461.25,65.58,5952,2025-04-21 14:47:29.771,
5571,2025-04-21 14:47:19.776029+00,7142.5,65.58,5951,2025-04-21 14:47:18.191,
5570,2025-04-21 14:47:08.178279+00,7361.25,65.7,5950,2025-04-21 14:47:06.531,
5569,2025-04-21 14:46:56.537164+00,7567.5,65.58,5949,2025-04-21 14:46:54.951,
5568,2025-04-21 14:46:44.95467+00,7141.25,65.7,5948,2025-04-21 14:46:43.391,
5567,2025-04-21 14:46:33.388008+00,7511.25,65.82,5947,2025-04-21 14:46:31.811,
5566,2025-04-21 14:46:21.810426+00,7253.75,66.06,5946,2025-04-21 14:46:20.211,
5565,2025-04-21 14:46:10.213058+00,7367.5,65.82,5945,2025-04-21 14:46:08.601,
5564,2025-04-21 14:45:58.600525+00,7511.25,65.82,5944,2025-04-21 14:45:56.931,
5563,2025-04-21 14:45:46.932877+00,6806.25,65.82,5943,2025-04-21 14:45:45.341,
5562,2025-04-21 14:45:35.337238+00,7346.25,65.82,5942,2025-04-21 14:45:33.641,
5561,2025-04-21 14:45:23.611314+00,6910,65.82,5941,2025-04-21 14:45:22.021,
5560,2025-04-21 14:45:12.019388+00,7345,65.82,5940,2025-04-21 14:45:10.441,
5559,2025-04-21 14:45:00.439883+00,7212.5,65.82,5939,2025-04-21 14:44:58.841,
5558,2025-04-21 14:44:48.846156+00,7210,65.7,5938,2025-04-21 14:44:47.271,
5557,2025-04-21 14:44:37.267738+00,7093.75,65.7,5937,2025-04-21 14:44:35.661,
5556,2025-04-21 14:44:25.641827+00,7428.75,65.7,5936,2025-04-21 14:44:24.041,
5555,2025-04-21 14:44:14.034365+00,7355,65.7,5935,2025-04-21 14:44:12.321,
5554,2025-04-21 14:44:02.321366+00,7277.5,65.82,5934,2025-04-21 14:44:00.721,
5553,2025-04-21 14:43:50.72617+00,7403.75,65.82,5933,2025-04-21 14:43:49.151,
5552,2025-04-21 14:43:39.149799+00,7316.25,65.94,5932,2025-04-21 14:43:37.531,
5551,2025-04-21 14:43:27.529134+00,7397.5,66.06,5931,2025-04-21 14:43:25.931,
5550,2025-04-21 14:43:15.937039+00,7732.5,65.82,5930,2025-04-21 14:43:14.371,
5549,2025-04-21 14:43:04.367328+00,7238.75,65.82,5929,2025-04-21 14:43:02.721,
5548,2025-04-21 14:42:52.71946+00,7453.75,65.94,5928,2025-04-21 14:42:51.141,
5547,2025-04-21 14:42:41.140173+00,7161.25,65.58,5927,2025-04-21 14:42:39.511,
5546,2025-04-21 14:42:29.516426+00,7357.5,65.82,5926,2025-04-21 14:42:27.841,
5545,2025-04-21 14:42:17.840046+00,7038.75,65.82,5925,2025-04-21 14:42:16.251,
5544,2025-04-21 14:42:06.255232+00,7443.75,65.94,5924,2025-04-21 14:42:04.681,
5543,2025-04-21 14:41:54.682037+00,7397.5,66.06,5923,2025-04-21 14:41:53.101,
5542,2025-04-21 14:41:43.092687+00,7436.25,65.94,5922,2025-04-21 14:41:41.461,
5541,2025-04-21 14:41:31.409293+00,7121.25,65.7,5921,2025-04-21 14:41:29.811,
5540,2025-04-21 14:41:19.80191+00,7035,65.82,5920,2025-04-21 14:41:18.211,
5539,2025-04-21 14:41:08.214311+00,7142.5,65.82,5919,2025-04-21 14:41:06.631,
5538,2025-04-21 14:40:56.623884+00,7435,65.94,5918,2025-04-21 14:40:55.021,
5537,2025-04-21 14:40:45.025129+00,7472.5,65.7,5917,2025-04-21 14:40:43.361,
5536,2025-04-21 14:40:33.36458+00,7188.75,65.82,5916,2025-04-21 14:40:31.791,
5535,2025-04-21 14:40:21.790247+00,7175,65.82,5915,2025-04-21 14:40:20.182,
5534,2025-04-21 14:40:10.184301+00,7166.25,65.82,5914,2025-04-21 14:40:08.582,
5533,2025-04-21 14:39:58.586155+00,7358.75,65.82,5913,2025-04-21 14:39:57.012,
5532,2025-04-21 14:39:47.016423+00,7143.75,65.82,5912,2025-04-21 14:39:45.432,
5531,2025-04-21 14:39:35.43685+00,7562.5,65.82,5911,2025-04-21 14:39:33.822,
5530,2025-04-21 14:39:23.820644+00,7261.25,65.82,5910,2025-04-21 14:39:22.222,
5529,2025-04-21 14:39:12.216473+00,7383.75,65.82,5909,2025-04-21 14:39:10.632,
5528,2025-04-21 14:39:00.629787+00,6792.5,65.7,5908,2025-04-21 14:38:58.882,
5527,2025-04-21 14:38:48.885949+00,7802.5,65.45,5907,2025-04-21 14:38:47.292,
5526,2025-04-21 14:38:37.307162+00,6958.75,65.82,5906,2025-04-21 14:38:35.692,
5525,2025-04-21 14:38:25.696573+00,7675,65.82,5905,2025-04-21 14:38:24.102,
5524,2025-04-21 14:38:14.09796+00,7552.5,65.7,5904,2025-04-21 14:38:12.502,
5523,2025-04-21 14:38:02.511097+00,7156.25,65.45,5903,2025-04-21 14:38:00.902,
5522,2025-04-21 14:37:50.909567+00,7400,65.58,5902,2025-04-21 14:37:49.302,
5521,2025-04-21 14:37:39.309336+00,7398.75,65.7,5901,2025-04-21 14:37:37.742,
5520,2025-04-21 14:37:27.754642+00,7461.25,65.58,5900,2025-04-21 14:37:26.172,
5519,2025-04-21 14:37:16.184485+00,7217.5,65.58,5899,2025-04-21 14:37:14.492,
5518,2025-04-21 14:37:04.499401+00,7362.5,65.83,5898,2025-04-21 14:37:02.898,
5517,2025-04-21 14:36:52.900412+00,6835,65.7,5897,2025-04-21 14:36:51.282,
5516,2025-04-21 14:36:41.288255+00,7112.5,65.58,5896,2025-04-21 14:36:39.662,
5515,2025-04-21 14:36:29.666118+00,7025,65.58,5895,2025-04-21 14:36:28.092,
5514,2025-04-21 14:36:18.10555+00,6773.75,65.45,5894,2025-04-21 14:36:16.512,
5513,2025-04-21 14:36:06.517068+00,7238.75,65.82,5893,2025-04-21 14:36:04.762,
5512,2025-04-21 14:35:54.763317+00,7446.25,65.45,5892,2025-04-21 14:35:53.152,
5511,2025-04-21 14:35:43.156376+00,7293.75,65.45,5891,2025-04-21 14:35:41.572,
5510,2025-04-21 14:35:31.577256+00,7280,65.7,5890,2025-04-21 14:35:30.002,
5509,2025-04-21 14:35:20.009593+00,7031.25,65.58,5889,2025-04-21 14:35:18.442,
5508,2025-04-21 14:35:08.443068+00,7353.75,65.58,5888,2025-04-21 14:35:06.862,
5507,2025-04-21 14:34:56.867752+00,6853.75,65.45,5887,2025-04-21 14:34:55.302,
5506,2025-04-21 14:34:45.312302+00,7172.5,65.45,5886,2025-04-21 14:34:43.722,
5505,2025-04-21 14:34:33.710992+00,7451.25,65.21,5885,2025-04-21 14:34:32.122,
5504,2025-04-21 14:34:22.126888+00,7456.25,65.7,5884,2025-04-21 14:34:20.522,
5503,2025-04-21 14:34:10.532645+00,7038.75,65.58,5883,2025-04-21 14:34:08.572,
5502,2025-04-21 14:33:58.583226+00,7410,65.58,5882,2025-04-21 14:33:56.982,
5501,2025-04-21 14:33:46.989654+00,7592.5,65.45,5881,2025-04-21 14:33:45.412,
5500,2025-04-21 14:33:35.414229+00,7015,65.82,5880,2025-04-21 14:33:33.822,
5499,2025-04-21 14:33:23.835203+00,6761.25,65.58,5879,2025-04-21 14:33:22.252,
5498,2025-04-21 14:33:12.258041+00,7375,65.45,5878,2025-04-21 14:33:10.672,
5497,2025-04-21 14:33:00.677539+00,6997.5,65.45,5877,2025-04-21 14:32:59.082,
5496,2025-04-21 14:32:49.08371+00,6911.25,65.58,5876,2025-04-21 14:32:47.492,
5495,2025-04-21 14:32:37.503498+00,6707.5,65.21,5875,2025-04-21 14:32:35.892,
5494,2025-04-21 14:32:25.90041+00,7412.5,65.45,5874,2025-04-21 14:32:24.312,
5493,2025-04-21 14:32:14.315674+00,7691.25,65.58,5873,2025-04-21 14:32:12.718,
5492,2025-04-21 14:32:02.715848+00,7370,65.7,5872,2025-04-21 14:32:01.102,
5491,2025-04-21 14:31:51.106602+00,7461.25,65.47,5871,2025-04-21 14:31:49.502,
5490,2025-04-21 14:31:39.509155+00,6966.25,65.58,5870,2025-04-21 14:31:37.922,
5489,2025-04-21 14:31:27.929478+00,7363.75,65.58,5869,2025-04-21 14:31:26.352,
5488,2025-04-21 14:31:16.35016+00,7156.25,65.33,5868,2025-04-21 14:31:14.772,
5487,2025-04-21 14:31:04.777582+00,7568.75,65.45,5867,2025-04-21 14:31:03.192,
5486,2025-04-21 14:30:53.198043+00,7367.5,65.7,5866,2025-04-21 14:30:51.622,
5485,2025-04-21 14:30:41.629558+00,7247.5,65.33,5865,2025-04-21 14:30:40.022,
5484,2025-04-21 14:30:30.00464+00,7235,65.7,5864,2025-04-21 14:30:28.382,
5483,2025-04-21 14:30:18.387655+00,7287.5,65.45,5863,2025-04-21 14:30:16.787,
5482,2025-04-21 14:30:06.799811+00,7001.25,65.33,5862,2025-04-21 14:30:04.202,
5481,2025-04-21 14:29:54.191416+00,7186.25,65.33,5861,2025-04-21 14:29:52.622,
5480,2025-04-21 14:29:42.624987+00,6828.75,65.33,5860,2025-04-21 14:29:41.052,
5479,2025-04-21 14:29:31.054396+00,7326.25,65.33,5859,2025-04-21 14:29:29.432,
5478,2025-04-21 14:29:19.431127+00,7265,65.45,5858,2025-04-21 14:29:17.852,
5477,2025-04-21 14:29:07.855214+00,7401.25,65.45,5857,2025-04-21 14:29:06.272,
5476,2025-04-21 14:28:56.272825+00,6955,65.33,5856,2025-04-21 14:28:54.672,
5475,2025-04-21 14:28:44.672969+00,7468.75,65.7,5855,2025-04-21 14:28:43.082,
5474,2025-04-21 14:28:33.091087+00,6971.25,65.58,5854,2025-04-21 14:28:31.422,
5473,2025-04-21 14:28:21.431891+00,6820,65.82,5853,2025-04-21 14:28:19.852,
5472,2025-04-21 14:28:09.855281+00,7182.5,65.94,5852,2025-04-21 14:28:08.242,
5471,2025-04-21 14:27:58.249768+00,7488.75,65.7,5851,2025-04-21 14:27:56.672,
5470,2025-04-21 14:27:46.676137+00,7202.5,65.58,5850,2025-04-21 14:27:45.082,
5469,2025-04-21 14:27:35.082235+00,7156.25,65.58,5849,2025-04-21 14:27:33.502,
5468,2025-04-21 14:27:23.507104+00,6973.75,65.7,5848,2025-04-21 14:27:21.922,
5467,2025-04-21 14:27:11.925623+00,7115,65.58,5847,2025-04-21 14:27:10.342,
5466,2025-04-21 14:27:00.337538+00,7333.75,65.82,5846,2025-04-21 14:26:58.742,
5465,2025-04-21 14:26:48.742919+00,7065,65.58,5845,2025-04-21 14:26:47.062,
5464,2025-04-21 14:26:37.060312+00,7186.25,65.58,5844,2025-04-21 14:26:35.492,
5463,2025-04-21 14:26:25.492751+00,7448.75,65.7,5843,2025-04-21 14:26:23.902,
5462,2025-04-21 14:26:13.902372+00,7602.5,65.45,5842,2025-04-21 14:26:12.322,
5461,2025-04-21 14:26:02.33023+00,6917.5,65.21,5841,2025-04-21 14:26:00.742,
5460,2025-04-21 14:25:50.745079+00,6810,65.21,5840,2025-04-21 14:25:49.152,
5459,2025-04-21 14:25:39.156773+00,7160,65.21,5839,2025-04-21 14:25:37.532,
5458,2025-04-21 14:25:27.536617+00,7253.75,65.21,5838,2025-04-21 14:25:25.932,
5457,2025-04-21 14:25:15.927162+00,7017.5,65.58,5837,2025-04-21 14:25:14.352,
5456,2025-04-21 14:25:04.337849+00,7415,65.33,5836,2025-04-21 14:25:02.672,
5455,2025-04-21 14:24:52.657025+00,7527.5,65.33,5835,2025-04-21 14:24:51.042,
5454,2025-04-21 14:24:41.045844+00,6991.25,65.58,5834,2025-04-21 14:24:39.472,
5453,2025-04-21 14:24:29.477972+00,6865,65.58,5833,2025-04-21 14:24:27.882,
5452,2025-04-21 14:24:17.88111+00,7341.25,65.7,5832,2025-04-21 14:24:16.302,
5451,2025-04-21 14:24:06.307735+00,7092.5,65.58,5831,2025-04-21 14:24:04.702,
5450,2025-04-21 14:23:54.696578+00,7056.25,65.7,5830,2025-04-21 14:23:53.082,
5449,2025-04-21 14:23:43.087491+00,6926.25,65.59,5829,2025-04-21 14:23:41.502,
5448,2025-04-21 14:23:31.50731+00,7403.75,65.7,5828,2025-04-21 14:23:29.932,
5447,2025-04-21 14:23:19.940989+00,6870,65.45,5827,2025-04-21 14:23:18.282,
5446,2025-04-21 14:23:08.28067+00,7286.25,65.45,5826,2025-04-21 14:23:06.682,
5445,2025-04-21 14:22:56.688471+00,7458.75,65.58,5825,2025-04-21 14:22:55.092,
5444,2025-04-21 14:22:45.094478+00,7037.5,65.58,5824,2025-04-21 14:22:43.512,
5443,2025-04-21 14:22:33.511297+00,7325,65.45,5823,2025-04-21 14:22:31.932,
5442,2025-04-21 14:22:21.93007+00,7396.25,65.58,5822,2025-04-21 14:22:20.332,
5441,2025-04-21 14:22:10.332026+00,7526.25,65.7,5821,2025-04-21 14:22:08.732,
5440,2025-04-21 14:21:58.730271+00,7303.75,65.58,5820,2025-04-21 14:21:57.122,
5439,2025-04-21 14:21:47.127547+00,7355,65.45,5819,2025-04-21 14:21:45.562,
5438,2025-04-21 14:21:35.568492+00,7011.25,65.45,5818,2025-04-21 14:21:33.892,
5437,2025-04-21 14:21:23.897163+00,7732.5,65.45,5817,2025-04-21 14:21:22.302,
5436,2025-04-21 14:21:12.310517+00,7232.5,65.7,5816,2025-04-21 14:21:10.732,
5435,2025-04-21 14:21:00.717195+00,7363.75,65.7,5815,2025-04-21 14:20:59.122,
5434,2025-04-21 14:20:49.118514+00,7547.5,65.7,5814,2025-04-21 14:20:47.542,
5433,2025-04-21 14:20:37.54772+00,7463.75,65.58,5813,2025-04-21 14:20:35.982,
5432,2025-04-21 14:20:25.982521+00,7247.5,65.7,5812,2025-04-21 14:20:24.402,
5431,2025-04-21 14:20:14.404636+00,7335,65.58,5811,2025-04-21 14:20:12.832,
5430,2025-04-21 14:20:02.835076+00,7401.25,65.82,5810,2025-04-21 14:20:01.282,
5429,2025-04-21 14:19:51.27948+00,7050,65.58,5809,2025-04-21 14:19:49.702,
5428,2025-04-21 14:19:39.701543+00,7193.75,65.7,5808,2025-04-21 14:19:38.122,
5427,2025-04-21 14:19:28.126984+00,7388.75,65.58,5807,2025-04-21 14:19:26.532,
5426,2025-04-21 14:19:16.536527+00,7436.25,65.58,5806,2025-04-21 14:19:14.952,
5425,2025-04-21 14:19:04.947204+00,7272.5,65.82,5805,2025-04-21 14:19:03.382,
5424,2025-04-21 14:18:53.386901+00,7360,65.7,5804,2025-04-21 14:18:51.802,
5423,2025-04-21 14:18:41.803375+00,7222.5,65.58,5803,2025-04-21 14:18:40.232,
5422,2025-04-21 14:18:30.235118+00,7298.75,65.58,5802,2025-04-21 14:18:28.682,
5421,2025-04-21 14:18:18.672433+00,7433.75,65.58,5801,2025-04-21 14:18:17.092,
5420,2025-04-21 14:18:07.088393+00,7400,65.58,5800,2025-04-21 14:18:05.472,
5419,2025-04-21 14:17:55.468733+00,7582.5,65.7,5799,2025-04-21 14:17:53.892,
5418,2025-04-21 14:17:43.897217+00,7031.25,65.7,5798,2025-04-21 14:17:42.322,
5417,2025-04-21 14:17:32.321641+00,7182.5,65.45,5797,2025-04-21 14:17:30.682,
5416,2025-04-21 14:17:20.680846+00,7135,65.58,5796,2025-04-21 14:17:19.082,
5415,2025-04-21 14:17:09.075363+00,7097.5,65.7,5795,2025-04-21 14:17:07.522,
5414,2025-04-21 14:16:57.518497+00,7231.25,65.58,5794,2025-04-21 14:16:55.912,
5413,2025-04-21 14:16:45.906566+00,6957.5,65.45,5793,2025-04-21 14:16:44.332,
5412,2025-04-21 14:16:34.326183+00,6832.5,65.58,5792,2025-04-21 14:16:32.752,
5411,2025-04-21 14:16:22.741229+00,7543.75,65.58,5791,2025-04-21 14:16:21.142,
5410,2025-04-21 14:16:11.140872+00,7702.5,65.7,5790,2025-04-21 14:16:09.542,
5409,2025-04-21 14:15:59.540563+00,7327.5,65.82,5789,2025-04-21 14:15:57.982,
5408,2025-04-21 14:15:47.98393+00,7420,65.94,5788,2025-04-21 14:15:46.422,
5407,2025-04-21 14:15:36.421292+00,7416.25,65.94,5787,2025-04-21 14:15:34.842,
5406,2025-04-21 14:15:24.836005+00,7452.5,65.7,5786,2025-04-21 14:15:23.252,
5405,2025-04-21 14:15:13.250674+00,7398.75,65.58,5785,2025-04-21 14:15:11.632,
5404,2025-04-21 14:15:01.626736+00,7615,65.45,5784,2025-04-21 14:15:00.052,
5403,2025-04-21 14:14:50.045496+00,7302.5,65.7,5783,2025-04-21 14:14:48.452,
5402,2025-04-21 14:14:38.450247+00,7507.5,65.7,5782,2025-04-21 14:14:36.862,
5401,2025-04-21 14:14:26.86373+00,7510,65.45,5781,2025-04-21 14:14:25.292,
5400,2025-04-21 14:14:15.251643+00,7117.5,65.7,5780,2025-04-21 14:14:13.602,
5399,2025-04-21 14:14:03.600774+00,7530,65.7,5779,2025-04-21 14:14:02.008,
5398,2025-04-21 14:13:52.004699+00,7391.25,65.58,5778,2025-04-21 14:13:50.392,
5397,2025-04-21 14:13:40.38993+00,7187.5,65.7,5777,2025-04-21 14:13:38.802,
5396,2025-04-21 14:13:28.797378+00,7001.25,65.58,5776,2025-04-21 14:13:27.202,
5395,2025-04-21 14:13:17.19413+00,7083.75,65.58,5775,2025-04-21 14:13:15.622,
5394,2025-04-21 14:13:05.620551+00,7258.75,65.58,5774,2025-04-21 14:13:04.042,
5393,2025-04-21 14:12:54.039586+00,7185,65.33,5773,2025-04-21 14:12:52.482,
5392,2025-04-21 14:12:42.481241+00,7395,65.58,5772,2025-04-21 14:12:40.902,
5391,2025-04-21 14:12:30.887069+00,7517.5,65.45,5771,2025-04-21 14:12:29.322,
5390,2025-04-21 14:12:19.31537+00,6963.75,65.33,5770,2025-04-21 14:12:17.732,
5389,2025-04-21 14:12:07.71854+00,7520,65.33,5769,2025-04-21 14:12:06.152,
5388,2025-04-21 14:11:56.136267+00,7517.5,65.58,5768,2025-04-21 14:11:54.542,
5387,2025-04-21 14:11:44.538929+00,6913.75,65.35,5767,2025-04-21 14:11:42.962,
5386,2025-04-21 14:11:32.958479+00,7490,65.21,5766,2025-04-21 14:11:31.372,
5385,2025-04-21 14:11:21.369761+00,7253.75,65.45,5765,2025-04-21 14:11:19.762,
5384,2025-04-21 14:11:09.757511+00,7676.25,65.33,5764,2025-04-21 14:11:08.082,
5383,2025-04-21 14:10:58.083636+00,7522.5,65.45,5763,2025-04-21 14:10:56.502,
5382,2025-04-21 14:10:46.501434+00,7551.25,65.33,5762,2025-04-21 14:10:44.912,
5381,2025-04-21 14:10:34.915233+00,7071.25,65.45,5761,2025-04-21 14:10:33.332,
5380,2025-04-21 14:10:23.318149+00,7250,65.45,5760,2025-04-21 14:10:21.732,
5379,2025-04-21 14:10:11.732324+00,7031.25,65.7,5759,2025-04-21 14:10:10.142,
5378,2025-04-21 14:10:00.137609+00,7515,65.58,5758,2025-04-21 14:09:58.542,
5377,2025-04-21 14:09:48.539881+00,7568.75,65.58,5757,2025-04-21 14:09:46.942,
5376,2025-04-21 14:09:36.941851+00,7317.5,65.45,5756,2025-04-21 14:09:35.372,
5375,2025-04-21 14:09:25.369134+00,7346.25,65.58,5755,2025-04-21 14:09:23.672,
5374,2025-04-21 14:09:13.663344+00,7402.5,65.45,5754,2025-04-21 14:09:12.052,
5373,2025-04-21 14:09:02.057622+00,7297.5,65.45,5753,2025-04-21 14:09:00.462,
5372,2025-04-21 14:08:50.454475+00,7078.75,65.33,5752,2025-04-21 14:08:48.832,
5371,2025-04-21 14:08:38.818496+00,7078.75,65.45,5751,2025-04-21 14:08:37.232,
5370,2025-04-21 14:08:27.237837+00,7607.5,65.33,5750,2025-04-21 14:08:25.652,
5369,2025-04-21 14:08:15.650066+00,7456.25,65.33,5749,2025-04-21 14:08:14.062,
5368,2025-04-21 14:08:04.064552+00,7595,65.33,5748,2025-04-21 14:08:02.482,
5367,2025-04-21 14:07:52.482104+00,7236.25,65.33,5747,2025-04-21 14:07:50.922,
5366,2025-04-21 14:07:40.927637+00,7450,65.45,5746,2025-04-21 14:07:39.272,
5365,2025-04-21 14:07:29.239369+00,7192.5,65.33,5745,2025-04-21 14:07:27.642,
5364,2025-04-21 14:07:17.632922+00,7402.5,65.21,5744,2025-04-21 14:07:16.002,
5363,2025-04-21 14:07:06.001882+00,6710,65.09,5743,2025-04-21 14:07:04.432,
5362,2025-04-21 14:06:54.434801+00,7176.25,65.21,5742,2025-04-21 14:06:52.832,
5361,2025-04-21 14:06:42.832912+00,7116.25,65.21,5741,2025-04-21 14:06:41.242,
5360,2025-04-21 14:06:31.236102+00,7320,65.33,5740,2025-04-21 14:06:29.672,
5359,2025-04-21 14:06:19.669558+00,7535,65.09,5739,2025-04-21 14:06:18.102,
5358,2025-04-21 14:06:08.099709+00,7080,65.33,5738,2025-04-21 14:06:06.492,
5357,2025-04-21 14:05:56.48175+00,7367.5,64.97,5737,2025-04-21 14:05:54.792,
5356,2025-04-21 14:05:44.787507+00,7685,65.09,5736,2025-04-21 14:05:43.192,
5355,2025-04-21 14:05:33.190579+00,7070,65.09,5735,2025-04-21 14:05:31.612,
5354,2025-04-21 14:05:21.612243+00,6886.25,65.09,5734,2025-04-21 14:05:20.042,
5353,2025-04-21 14:05:10.02667+00,7423.75,65.33,5733,2025-04-21 14:05:08.442,
5352,2025-04-21 14:04:58.446308+00,7150,65.21,5732,2025-04-21 14:04:56.642,
5351,2025-04-21 14:04:46.639549+00,6977.5,65.33,5731,2025-04-21 14:04:45.062,
5350,2025-04-21 14:04:35.052252+00,7286.25,65.33,5730,2025-04-21 14:04:33.452,
5349,2025-04-21 14:04:23.428103+00,7275,65.58,5729,2025-04-21 14:04:21.862,
5348,2025-04-21 14:04:11.855734+00,7357.5,65.33,5728,2025-04-21 14:04:10.122,
5347,2025-04-21 14:04:00.125476+00,7402.5,65.33,5727,2025-04-21 14:03:58.522,
5346,2025-04-21 14:03:48.516185+00,6793.75,65.33,5726,2025-04-21 14:03:46.942,
5345,2025-04-21 14:03:36.937766+00,7527.5,65.21,5725,2025-04-21 14:03:35.312,
5344,2025-04-21 14:03:25.3095+00,6933.75,65.21,5724,2025-04-21 14:03:23.726,
5343,2025-04-21 14:03:13.715236+00,6876.25,65.33,5723,2025-04-21 14:03:12.112,
5342,2025-04-21 14:03:02.115383+00,7403.75,65.21,5722,2025-04-21 14:03:00.542,
5341,2025-04-21 14:02:50.541373+00,7105,65.45,5721,2025-04-21 14:02:48.912,
5340,2025-04-21 14:02:38.904666+00,7307.5,65.7,5720,2025-04-21 14:02:37.302,
5339,2025-04-21 14:02:27.289941+00,7002.5,65.7,5719,2025-04-21 14:02:25.602,
5338,2025-04-21 14:02:15.599528+00,7252.5,65.58,5718,2025-04-21 14:02:14.002,
5337,2025-04-21 14:02:04.000514+00,7460,65.45,5717,2025-04-21 14:02:02.402,
5336,2025-04-21 14:01:52.397422+00,7116.25,65.45,5716,2025-04-21 14:01:50.812,
5335,2025-04-21 14:01:40.807477+00,7191.25,65.45,5715,2025-04-21 14:01:39.232,
5334,2025-04-21 14:01:29.235181+00,7031.25,65.45,5714,2025-04-21 14:01:27.592,
5333,2025-04-21 14:01:17.577533+00,7346.25,65.33,5713,2025-04-21 14:01:15.992,
5332,2025-04-21 14:01:05.993036+00,7417.5,65.58,5712,2025-04-21 14:01:04.402,
5331,2025-04-21 14:00:54.392478+00,7426.25,65.33,5711,2025-04-21 14:00:52.822,
5330,2025-04-21 14:00:42.820968+00,7313.75,65.33,5710,2025-04-21 14:00:41.122,
5329,2025-04-21 14:00:31.121216+00,7617.5,65.45,5709,2025-04-21 14:00:29.542,
5328,2025-04-21 14:00:19.534529+00,7405,65.45,5708,2025-04-21 14:00:17.952,
5327,2025-04-21 14:00:07.942444+00,7225,65.45,5707,2025-04-21 14:00:06.352,
5326,2025-04-21 13:59:56.352118+00,7606.25,65.58,5706,2025-04-21 13:59:54.752,
5325,2025-04-21 13:59:44.753117+00,7296.25,65.58,5705,2025-04-21 13:59:43.152,
5324,2025-04-21 13:59:33.146773+00,7341.25,65.33,5704,2025-04-21 13:59:31.572,
5323,2025-04-21 13:59:21.565174+00,7345,65.21,5703,2025-04-21 13:59:20.002,
5322,2025-04-21 13:59:09.989885+00,7388.75,65.45,5702,2025-04-21 13:59:08.382,
5321,2025-04-21 13:58:58.377489+00,7247.5,65.45,5701,2025-04-21 13:58:56.702,
5320,2025-04-21 13:58:46.697676+00,7131.25,65.33,5700,2025-04-21 13:58:45.112,
5319,2025-04-21 13:58:35.082306+00,7132.5,65.33,5699,2025-04-21 13:58:33.482,
5318,2025-04-21 13:58:23.479748+00,7042.5,65.33,5698,2025-04-21 13:58:21.872,
5317,2025-04-21 13:58:11.872159+00,7418.75,65.45,5697,2025-04-21 13:58:10.292,
5316,2025-04-21 13:58:00.287938+00,7061.25,65.45,5696,2025-04-21 13:57:58.722,
5315,2025-04-21 13:57:48.717833+00,7506.25,65.45,5695,2025-04-21 13:57:47.142,
5314,2025-04-21 13:57:37.141842+00,7678.75,65.7,5694,2025-04-21 13:57:35.538,
5313,2025-04-21 13:57:25.526806+00,6992.5,65.33,5693,2025-04-21 13:57:23.922,
5312,2025-04-21 13:57:13.923722+00,7277.5,65.7,5692,2025-04-21 13:57:12.272,
5311,2025-04-21 13:57:02.276998+00,7408.75,65.7,5691,2025-04-21 13:57:00.672,
5310,2025-04-21 13:56:50.668804+00,7216.25,65.45,5690,2025-04-21 13:56:49.072,
5309,2025-04-21 13:56:39.072383+00,7313.75,65.58,5689,2025-04-21 13:56:37.472,
5308,2025-04-21 13:56:27.472145+00,7335,65.45,5688,2025-04-21 13:56:25.882,
5307,2025-04-21 13:56:15.881103+00,7248.75,65.7,5687,2025-04-21 13:56:14.302,
5306,2025-04-21 13:56:04.299131+00,7440,65.45,5686,2025-04-21 13:56:02.712,
5305,2025-04-21 13:55:52.706995+00,7312.5,65.33,5685,2025-04-21 13:55:49.642,
5304,2025-04-21 13:55:39.632694+00,7065,65.58,5684,2025-04-21 13:55:38.062,
5303,2025-04-21 13:55:28.056442+00,7292.5,65.58,5683,2025-04-21 13:55:26.382,
5302,2025-04-21 13:55:16.324976+00,7448.75,65.45,5682,2025-04-21 13:55:14.732,
5301,2025-04-21 13:55:04.727689+00,7203.75,65.45,5681,2025-04-21 13:55:03.132,
5300,2025-04-21 13:54:53.127816+00,7455,65.45,5680,2025-04-21 13:54:51.512,
5299,2025-04-21 13:54:41.508412+00,7465,65.58,5679,2025-04-21 13:54:39.922,
5298,2025-04-21 13:54:29.921669+00,7485,65.7,5678,2025-04-21 13:54:28.362,
5297,2025-04-21 13:54:18.349294+00,7330,65.58,5677,2025-04-21 13:54:16.782,
5296,2025-04-21 13:54:06.783609+00,6925,65.58,5676,2025-04-21 13:54:05.172,
5295,2025-04-21 13:53:55.164473+00,7443.75,65.58,5675,2025-04-21 13:53:53.542,
5294,2025-04-21 13:53:43.53534+00,7266.25,65.58,5674,2025-04-21 13:53:41.872,
5293,2025-04-21 13:53:31.865052+00,7513.75,65.58,5673,2025-04-21 13:53:30.292,
5292,2025-04-21 13:53:20.289298+00,7187.5,65.7,5672,2025-04-21 13:53:18.682,
5291,2025-04-21 13:53:08.684656+00,7263.75,65.7,5671,2025-04-21 13:53:07.102,
5290,2025-04-21 13:52:57.097698+00,7310,65.7,5670,2025-04-21 13:52:55.542,
5289,2025-04-21 13:52:45.538005+00,7326.25,65.58,5669,2025-04-21 13:52:43.932,
5288,2025-04-21 13:52:33.923976+00,7703.75,65.58,5668,2025-04-21 13:52:32.372,
5287,2025-04-21 13:52:22.376153+00,7008.75,65.82,5667,2025-04-21 13:52:20.782,
5286,2025-04-21 13:52:10.776381+00,7805,65.71,5666,2025-04-21 13:52:09.202,
5285,2025-04-21 13:51:59.198577+00,7052.5,65.45,5665,2025-04-21 13:51:57.542,
5284,2025-04-21 13:51:47.541555+00,7598.75,65.7,5664,2025-04-21 13:51:45.962,
5283,2025-04-21 13:51:35.963128+00,7140,65.45,5663,2025-04-21 13:51:34.372,
5282,2025-04-21 13:51:24.366633+00,7636.25,65.58,5662,2025-04-21 13:51:22.782,
5281,2025-04-21 13:51:12.78501+00,7516.25,65.7,5661,2025-04-21 13:51:11.222,
5280,2025-04-21 13:51:01.224063+00,7573.75,65.7,5660,2025-04-21 13:50:59.662,
5279,2025-04-21 13:50:49.662213+00,7532.5,65.58,5659,2025-04-21 13:50:48.082,
5278,2025-04-21 13:50:38.086031+00,7427.5,65.58,5658,2025-04-21 13:50:36.502,
5277,2025-04-21 13:50:26.492873+00,7617.5,65.58,5657,2025-04-21 13:50:24.872,
5276,2025-04-21 13:50:14.868212+00,7260,65.7,5656,2025-04-21 13:50:13.202,
5275,2025-04-21 13:50:03.198749+00,6855,65.94,5655,2025-04-21 13:50:01.632,
5274,2025-04-21 13:49:51.63296+00,7895,65.82,5654,2025-04-21 13:49:50.062,
5273,2025-04-21 13:49:40.05843+00,7576.25,65.82,5653,2025-04-21 13:49:38.512,
5272,2025-04-21 13:49:28.511444+00,7610,65.94,5652,2025-04-21 13:49:26.942,
5271,2025-04-21 13:49:16.93611+00,7432.5,65.82,5651,2025-04-21 13:49:15.352,
5270,2025-04-21 13:49:05.350396+00,7343.75,65.7,5650,2025-04-21 13:49:03.712,
5269,2025-04-21 13:48:53.715229+00,7591.25,65.59,5649,2025-04-21 13:48:52.152,
5268,2025-04-21 13:48:42.146914+00,7253.75,65.82,5648,2025-04-21 13:48:40.572,
5267,2025-04-21 13:48:30.554255+00,7508.75,65.82,5647,2025-04-21 13:48:28.842,
5266,2025-04-21 13:48:18.838895+00,7508.75,65.82,5646,2025-04-21 13:48:17.232,
5265,2025-04-21 13:48:07.230766+00,7210,65.58,5645,2025-04-21 13:48:05.642,
5264,2025-04-21 13:47:55.642275+00,7256.25,65.58,5644,2025-04-21 13:47:54.032,
5263,2025-04-21 13:47:44.028139+00,7177.5,65.7,5643,2025-04-21 13:47:42.452,
5262,2025-04-21 13:47:32.454487+00,7066.25,65.7,5642,2025-04-21 13:47:30.862,
5261,2025-04-21 13:47:20.859564+00,7215,65.58,5641,2025-04-21 13:47:19.272,
5260,2025-04-21 13:47:09.273677+00,7732.5,65.82,5640,2025-04-21 13:47:07.712,
5259,2025-04-21 13:46:57.715289+00,7127.5,65.82,5639,2025-04-21 13:46:56.142,
5258,2025-04-21 13:46:46.13785+00,6970,65.94,5638,2025-04-21 13:46:44.482,
5257,2025-04-21 13:46:34.483055+00,7151.25,65.58,5637,2025-04-21 13:46:32.902,
5256,2025-04-21 13:46:22.900849+00,7142.5,65.82,5636,2025-04-21 13:46:21.322,
5255,2025-04-21 13:46:11.323436+00,7532.5,65.7,5635,2025-04-21 13:46:09.712,
5254,2025-04-21 13:45:59.713652+00,7216.25,65.82,5634,2025-04-21 13:45:58.098,
5253,2025-04-21 13:45:48.067625+00,7308.75,65.58,5633,2025-04-21 13:45:46.462,
5252,2025-04-21 13:45:36.459047+00,7526.25,65.45,5632,2025-04-21 13:45:34.875,
5251,2025-04-21 13:45:24.87136+00,7367.5,65.33,5631,2025-04-21 13:45:23.252,
5250,2025-04-21 13:45:13.251292+00,7223.75,65.58,5630,2025-04-21 13:45:11.632,
5249,2025-04-21 13:45:01.630744+00,7343.75,65.82,5629,2025-04-21 13:44:59.972,
5248,2025-04-21 13:44:49.970624+00,7146.25,65.7,5628,2025-04-21 13:44:48.392,
5247,2025-04-21 13:44:38.395502+00,7680,65.7,5627,2025-04-21 13:44:36.822,
5246,2025-04-21 13:44:26.820168+00,7081.25,65.58,5626,2025-04-21 13:44:25.242,
5245,2025-04-21 13:44:15.246424+00,7210,65.7,5625,2025-04-21 13:44:13.662,
5244,2025-04-21 13:44:03.653077+00,7478.75,65.7,5624,2025-04-21 13:44:02.052,
5243,2025-04-21 13:43:52.047473+00,7596.25,66.06,5623,2025-04-21 13:43:50.472,
5242,2025-04-21 13:43:40.472497+00,7042.5,65.7,5622,2025-04-21 13:43:38.882,
5241,2025-04-21 13:43:28.865638+00,7178.75,65.7,5621,2025-04-21 13:43:27.302,
5240,2025-04-21 13:43:17.297846+00,7730,65.71,5620,2025-04-21 13:43:15.632,
5239,2025-04-21 13:43:05.632206+00,7451.25,65.58,5619,2025-04-21 13:43:04.052,
5238,2025-04-21 13:42:54.052634+00,7270,65.7,5618,2025-04-21 13:42:52.462,
5237,2025-04-21 13:42:42.461778+00,7481.25,65.58,5617,2025-04-21 13:42:40.886,
5236,2025-04-21 13:42:30.872919+00,7353.75,65.7,5616,2025-04-21 13:42:29.272,
5235,2025-04-21 13:42:19.272318+00,7473.75,65.94,5615,2025-04-21 13:42:17.712,
5234,2025-04-21 13:42:07.707976+00,7267.5,65.7,5614,2025-04-21 13:42:06.132,
5233,2025-04-21 13:41:56.136299+00,7405,65.45,5613,2025-04-21 13:41:54.572,
5232,2025-04-21 13:41:44.575071+00,7496.25,65.58,5612,2025-04-21 13:41:42.992,
5231,2025-04-21 13:41:32.990326+00,7172.5,65.58,5611,2025-04-21 13:41:31.312,
5230,2025-04-21 13:41:21.314396+00,7356.25,65.45,5610,2025-04-21 13:41:19.742,
5229,2025-04-21 13:41:09.740229+00,7438.75,65.7,5609,2025-04-21 13:41:08.172,
5228,2025-04-21 13:40:58.14502+00,7533.75,65.58,5608,2025-04-21 13:40:56.562,
5227,2025-04-21 13:40:46.564204+00,7585,65.58,5607,2025-04-21 13:40:44.982,
5226,2025-04-21 13:40:34.988557+00,6943.75,65.58,5606,2025-04-21 13:40:33.422,
5225,2025-04-21 13:40:23.421181+00,7131.25,65.58,5605,2025-04-21 13:40:21.842,
5224,2025-04-21 13:40:11.842666+00,7180,65.58,5604,2025-04-21 13:40:10.191,
5223,2025-04-21 13:40:00.245818+00,6998.75,65.45,5603,2025-04-21 13:39:58.621,
5222,2025-04-21 13:39:48.674235+00,7576.25,65.7,5602,2025-04-21 13:39:46.901,
5221,2025-04-21 13:39:36.9504+00,7177.5,65.45,5601,2025-04-21 13:39:35.301,
5220,2025-04-21 13:39:25.356085+00,7120,65.58,5600,2025-04-21 13:39:23.711,
5219,2025-04-21 13:39:13.76019+00,7306.25,65.7,5599,2025-04-21 13:39:12.126,
5218,2025-04-21 13:39:02.17707+00,7457.5,65.58,5598,2025-04-21 13:39:00.536,
5217,2025-04-21 13:38:50.595427+00,7272.5,65.58,5597,2025-04-21 13:38:48.161,
5216,2025-04-21 13:38:38.218201+00,7691.25,65.7,5596,2025-04-21 13:38:36.591,
5215,2025-04-21 13:38:26.637155+00,7401.25,65.82,5595,2025-04-21 13:38:25.011,
5214,2025-04-21 13:38:15.064178+00,7387.5,65.7,5594,2025-04-21 13:38:13.431,
5213,2025-04-21 13:38:03.466017+00,7142.5,65.7,5593,2025-04-21 13:38:01.521,
5212,2025-04-21 13:37:51.561342+00,6926.25,65.58,5592,2025-04-21 13:37:49.811,
5211,2025-04-21 13:37:39.861976+00,7232.5,65.7,5591,2025-04-21 13:37:38.231,
5210,2025-04-21 13:37:28.279196+00,7151.25,65.58,5590,2025-04-21 13:37:26.631,
5209,2025-04-21 13:37:16.682518+00,7450,65.7,5589,2025-04-21 13:37:15.071,
5208,2025-04-21 13:37:05.123822+00,7562.5,65.95,5588,2025-04-21 13:37:03.481,
5207,2025-04-21 13:36:53.528007+00,7117.5,65.94,5587,2025-04-21 13:36:51.861,
5206,2025-04-21 13:36:41.907655+00,7257.5,65.7,5586,2025-04-21 13:36:40.221,
5205,2025-04-21 13:36:30.273498+00,7466.25,65.94,5585,2025-04-21 13:36:28.621,
5204,2025-04-21 13:36:18.671355+00,7587.5,65.82,5584,2025-04-21 13:36:16.961,
5203,2025-04-21 13:36:07.000384+00,7521.25,65.58,5583,2025-04-21 13:36:05.361,
5202,2025-04-21 13:35:55.393126+00,7263.75,65.7,5582,2025-04-21 13:35:53.751,
5201,2025-04-21 13:35:43.792519+00,7592.5,65.82,5581,2025-04-21 13:35:42.161,
5200,2025-04-21 13:35:32.215872+00,7375,65.82,5580,2025-04-21 13:35:30.581,
5199,2025-04-21 13:35:20.628016+00,7537.5,65.94,5579,2025-04-21 13:35:19.021,
5198,2025-04-21 13:35:09.064274+00,7036.25,65.82,5578,2025-04-21 13:35:07.431,
5197,2025-04-21 13:34:57.479521+00,6936.25,65.82,5577,2025-04-21 13:34:55.861,
5196,2025-04-21 13:34:45.910383+00,7706.25,66.06,5576,2025-04-21 13:34:44.281,
5195,2025-04-21 13:34:34.330953+00,7341.25,65.7,5575,2025-04-21 13:34:32.571,
5194,2025-04-21 13:34:22.616808+00,7592.5,65.82,5574,2025-04-21 13:34:20.981,
5193,2025-04-21 13:34:11.020467+00,7321.25,65.94,5573,2025-04-21 13:34:09.381,
5192,2025-04-21 13:33:59.425159+00,7455,65.82,5572,2025-04-21 13:33:57.781,
5191,2025-04-21 13:33:47.826722+00,7486.25,66.06,5571,2025-04-21 13:33:46.201,
5190,2025-04-21 13:33:36.246611+00,7635,65.94,5570,2025-04-21 13:33:34.611,
5189,2025-04-21 13:33:24.658576+00,7513.75,65.94,5569,2025-04-21 13:33:22.981,
5188,2025-04-21 13:33:13.025389+00,7572.5,65.94,5568,2025-04-21 13:33:11.375,
5187,2025-04-21 13:33:01.42154+00,7268.75,66.06,5567,2025-04-21 13:32:59.761,
5186,2025-04-21 13:32:49.802234+00,7286.25,66.07,5566,2025-04-21 13:32:48.081,
5185,2025-04-21 13:32:38.132397+00,7716.25,65.94,5565,2025-04-21 13:32:36.471,
5184,2025-04-21 13:32:26.520796+00,7558.75,66.06,5564,2025-04-21 13:32:24.891,
5183,2025-04-21 13:32:14.930984+00,6847.5,65.82,5563,2025-04-21 13:32:13.305,
5182,2025-04-21 13:32:03.35297+00,7463.75,65.82,5562,2025-04-21 13:32:01.691,
5181,2025-04-21 13:31:51.744119+00,7588.75,65.82,5561,2025-04-21 13:31:50.111,
5180,2025-04-21 13:31:40.161466+00,7367.5,65.82,5560,2025-04-21 13:31:38.541,
5179,2025-04-21 13:31:28.590203+00,7595,65.82,5559,2025-04-21 13:31:26.941,
5178,2025-04-21 13:31:16.989219+00,7548.75,65.82,5558,2025-04-21 13:31:15.351,
5177,2025-04-21 13:31:05.401579+00,7366.25,65.82,5557,2025-04-21 13:31:03.771,
5176,2025-04-21 13:30:53.814054+00,7246.25,65.7,5556,2025-04-21 13:30:52.201,
5175,2025-04-21 13:30:42.250725+00,7443.75,65.82,5555,2025-04-21 13:30:40.641,
5174,2025-04-21 13:30:30.687226+00,7098.75,65.58,5554,2025-04-21 13:30:29.031,
5173,2025-04-21 13:30:19.084919+00,7016.25,65.7,5553,2025-04-21 13:30:17.431,
5172,2025-04-21 13:30:07.478259+00,7533.75,65.7,5552,2025-04-21 13:30:05.841,
5171,2025-04-21 13:29:55.884829+00,7528.75,65.7,5551,2025-04-21 13:29:54.231,
5170,2025-04-21 13:29:44.277167+00,7280,65.58,5550,2025-04-21 13:29:42.651,
5169,2025-04-21 13:29:32.701495+00,7545,65.58,5549,2025-04-21 13:29:31.091,
5168,2025-04-21 13:29:21.143721+00,7632.5,65.58,5548,2025-04-21 13:29:19.471,
5167,2025-04-21 13:29:09.523355+00,7406.25,65.58,5547,2025-04-21 13:29:07.861,
5166,2025-04-21 13:28:57.906897+00,7518.75,65.45,5546,2025-04-21 13:28:56.271,
5165,2025-04-21 13:28:46.321259+00,7275,65.7,5545,2025-04-21 13:28:44.691,
5164,2025-04-21 13:28:34.73729+00,7278.75,65.58,5544,2025-04-21 13:28:33.131,
5163,2025-04-21 13:28:23.177652+00,7500,65.7,5543,2025-04-21 13:28:21.541,
5162,2025-04-21 13:28:11.589436+00,7342.5,65.7,5542,2025-04-21 13:28:09.961,
5161,2025-04-21 13:28:00.003129+00,7576.25,65.33,5541,2025-04-21 13:27:58.381,
5160,2025-04-21 13:27:48.431657+00,7887.5,65.45,5540,2025-04-21 13:27:46.821,
5159,2025-04-21 13:27:36.870046+00,7150,65.45,5539,2025-04-21 13:27:35.211,
5158,2025-04-21 13:27:25.262746+00,6976.25,65.58,5538,2025-04-21 13:27:23.591,
5157,2025-04-21 13:27:13.640415+00,7706.25,65.45,5537,2025-04-21 13:27:11.991,
5156,2025-04-21 13:27:02.040235+00,7373.75,65.45,5536,2025-04-21 13:27:00.421,
5155,2025-04-21 13:26:50.471408+00,7217.5,65.33,5535,2025-04-21 13:26:48.841,
5154,2025-04-21 13:26:38.885132+00,7326.25,65.58,5534,2025-04-21 13:26:37.261,
5153,2025-04-21 13:26:27.299488+00,7591.25,65.7,5533,2025-04-21 13:26:25.661,
5152,2025-04-21 13:26:15.700454+00,7416.25,65.33,5532,2025-04-21 13:26:14.061,
5151,2025-04-21 13:26:04.098412+00,7057.5,65.58,5531,2025-04-21 13:26:02.471,
5150,2025-04-21 13:25:52.509168+00,7150,65.45,5530,2025-04-21 13:25:50.871,
5149,2025-04-21 13:25:40.923566+00,6888.75,65.82,5529,2025-04-21 13:25:39.301,
5148,2025-04-21 13:25:29.353807+00,6910,65.58,5528,2025-04-21 13:25:27.741,
5147,2025-04-21 13:25:17.790041+00,7197.5,65.58,5527,2025-04-21 13:25:16.161,
5146,2025-04-21 13:25:06.210777+00,7268.75,65.45,5526,2025-04-21 13:25:04.581,
5145,2025-04-21 13:24:54.62398+00,7460,65.7,5525,2025-04-21 13:24:52.991,
5144,2025-04-21 13:24:42.990111+00,7372.5,65.58,5524,2025-04-21 13:24:41.371,
5143,2025-04-21 13:24:31.422944+00,7217.5,65.33,5523,2025-04-21 13:24:29.801,
5142,2025-04-21 13:24:19.85169+00,7143.75,65.45,5522,2025-04-21 13:24:18.231,
5141,2025-04-21 13:24:08.264371+00,7357.5,65.58,5521,2025-04-21 13:24:06.631,
5140,2025-04-21 13:23:56.684503+00,7567.5,65.45,5520,2025-04-21 13:23:55.051,
5139,2025-04-21 13:23:45.080321+00,7476.25,65.45,5519,2025-04-21 13:23:43.461,
5138,2025-04-21 13:23:33.510279+00,7481.25,65.7,5518,2025-04-21 13:23:31.881,
5137,2025-04-21 13:23:21.928865+00,7113.75,65.45,5517,2025-04-21 13:23:20.301,
5136,2025-04-21 13:23:10.356227+00,7086.25,65.45,5516,2025-04-21 13:23:08.741,
5135,2025-04-21 13:22:58.790524+00,7278.75,65.09,5515,2025-04-21 13:22:57.161,
5134,2025-04-21 13:22:47.203336+00,7317.5,65.33,5514,2025-04-21 13:22:45.561,
5133,2025-04-21 13:22:35.605337+00,7233.75,65.45,5513,2025-04-21 13:22:33.961,
5132,2025-04-21 13:22:23.990446+00,7258.75,65.33,5512,2025-04-21 13:22:22.361,
5131,2025-04-21 13:22:12.413533+00,7101.25,65.45,5511,2025-04-21 13:22:10.801,
5130,2025-04-21 13:22:00.846+00,7112.5,65.21,5510,2025-04-21 13:21:59.221,
5129,2025-04-21 13:21:49.26555+00,7111.25,65.45,5509,2025-04-21 13:21:47.631,
5128,2025-04-21 13:21:37.676867+00,7485,65.45,5508,2025-04-21 13:21:36.051,
5127,2025-04-21 13:21:26.10226+00,7397.5,65.58,5507,2025-04-21 13:21:24.441,
5126,2025-04-21 13:21:14.482664+00,7283.75,65.45,5506,2025-04-21 13:21:12.831,
5125,2025-04-21 13:21:02.870966+00,7163.75,65.45,5505,2025-04-21 13:21:01.241,
5124,2025-04-21 13:20:51.286089+00,7532.5,65.45,5504,2025-04-21 13:20:49.631,
5123,2025-04-21 13:20:39.680556+00,7046.25,65.45,5503,2025-04-21 13:20:38.051,
5122,2025-04-21 13:20:28.08676+00,7280,65.58,5502,2025-04-21 13:20:26.471,
5121,2025-04-21 13:20:16.519896+00,7401.25,65.45,5501,2025-04-21 13:20:14.905,
5120,2025-04-21 13:20:04.960184+00,7376.25,65.45,5500,2025-04-21 13:20:03.336,
5119,2025-04-21 13:19:53.388823+00,7375,65.33,5499,2025-04-21 13:19:51.281,
5118,2025-04-21 13:19:41.328635+00,7386.25,65.33,5498,2025-04-21 13:19:39.691,
5117,2025-04-21 13:19:29.725669+00,7528.75,65.33,5497,2025-04-21 13:19:28.091,
5116,2025-04-21 13:19:18.095884+00,7165,65.45,5496,2025-04-21 13:19:16.431,
5115,2025-04-21 13:19:06.461479+00,7192.5,65.45,5495,2025-04-21 13:19:04.841,
5114,2025-04-21 13:18:54.883425+00,7366.25,65.45,5494,2025-04-21 13:18:53.141,
5113,2025-04-21 13:18:43.18465+00,7407.5,65.45,5493,2025-04-21 13:18:41.551,
5112,2025-04-21 13:18:31.599184+00,7241.25,65.21,5492,2025-04-21 13:18:29.951,
5111,2025-04-21 13:18:19.998887+00,7098.75,65.33,5491,2025-04-21 13:18:18.331,
5110,2025-04-21 13:18:08.379828+00,6907.5,65.33,5490,2025-04-21 13:18:06.731,
5109,2025-04-21 13:17:56.77455+00,7041.25,65.45,5489,2025-04-21 13:17:55.171,
5108,2025-04-21 13:17:45.213406+00,6991.25,65.45,5488,2025-04-21 13:17:43.601,
5107,2025-04-21 13:17:33.63972+00,7316.25,65.45,5487,2025-04-21 13:17:32.011,
5106,2025-04-21 13:17:22.049989+00,7215,65.45,5486,2025-04-21 13:17:20.421,
5105,2025-04-21 13:17:10.460711+00,7217.5,65.58,5485,2025-04-21 13:17:08.741,
5104,2025-04-21 13:16:58.783028+00,7486.25,65.45,5484,2025-04-21 13:16:57.171,
5103,2025-04-21 13:16:47.21922+00,7371.25,65.33,5483,2025-04-21 13:16:45.581,
5102,2025-04-21 13:16:35.621927+00,7468.75,65.33,5482,2025-04-21 13:16:33.961,
5101,2025-04-21 13:16:24.009565+00,7592.5,65.58,5481,2025-04-21 13:16:22.401,
5100,2025-04-21 13:16:12.442934+00,7681.25,65.58,5480,2025-04-21 13:16:10.811,
5099,2025-04-21 13:16:00.853694+00,7612.5,65.45,5479,2025-04-21 13:15:59.201,
5098,2025-04-21 13:15:49.242059+00,7372.5,65.33,5478,2025-04-21 13:15:47.615,
5097,2025-04-21 13:15:37.647886+00,7438.75,65.45,5477,2025-04-21 13:15:36.001,
5096,2025-04-21 13:15:26.046231+00,7463.75,65.33,5476,2025-04-21 13:15:24.341,
5095,2025-04-21 13:15:14.379568+00,7091.25,65.58,5475,2025-04-21 13:15:12.741,
5094,2025-04-21 13:15:02.783544+00,7180,65.45,5474,2025-04-21 13:15:01.141,
5093,2025-04-21 13:14:51.189437+00,7100,65.45,5473,2025-04-21 13:14:49.541,
5092,2025-04-21 13:14:39.584534+00,7130,65.45,5472,2025-04-21 13:14:37.951,
5091,2025-04-21 13:14:27.990106+00,7306.25,65.33,5471,2025-04-21 13:14:26.361,
5090,2025-04-21 13:14:16.406426+00,7232.5,65.33,5470,2025-04-21 13:14:14.791,
5089,2025-04-21 13:14:04.833745+00,7058.75,65.33,5469,2025-04-21 13:14:03.211,
5088,2025-04-21 13:13:53.24267+00,7210,65.33,5468,2025-04-21 13:13:51.581,
5087,2025-04-21 13:13:41.62271+00,7233.75,65.21,5467,2025-04-21 13:13:39.921,
5086,2025-04-21 13:13:29.959458+00,7408.75,65.45,5466,2025-04-21 13:13:28.321,
5085,2025-04-21 13:13:18.338218+00,7291.25,65.21,5465,2025-04-21 13:13:16.681,
5084,2025-04-21 13:13:06.721901+00,7067.5,65.33,5464,2025-04-21 13:13:05.101,
5083,2025-04-21 13:12:55.144689+00,7161.25,65.45,5463,2025-04-21 13:12:53.531,
5082,2025-04-21 13:12:43.571914+00,7196.25,65.45,5462,2025-04-21 13:12:41.941,
5081,2025-04-21 13:12:31.970876+00,7275,65.33,5461,2025-04-21 13:12:30.341,
5080,2025-04-21 13:12:20.386067+00,7197.5,65.33,5460,2025-04-21 13:12:18.761,
5079,2025-04-21 13:12:08.803046+00,7678.75,65.45,5459,2025-04-21 13:12:07.161,
5078,2025-04-21 13:11:57.201416+00,7327.5,65.45,5458,2025-04-21 13:11:55.491,
5077,2025-04-21 13:11:45.533+00,7130,65.09,5457,2025-04-21 13:11:43.891,
5076,2025-04-21 13:11:33.939838+00,7252.5,65.45,5456,2025-04-21 13:11:32.321,
5075,2025-04-21 13:11:22.365178+00,7238.75,65.45,5455,2025-04-21 13:11:20.731,
5074,2025-04-21 13:11:10.768683+00,7220,65.33,5454,2025-04-21 13:11:09.141,
5073,2025-04-21 13:10:59.182803+00,7651.25,65.21,5453,2025-04-21 13:10:57.531,
5072,2025-04-21 13:10:47.57156+00,7196.25,65.09,5452,2025-04-21 13:10:45.921,
5071,2025-04-21 13:10:35.956668+00,7151.25,65.82,5451,2025-04-21 13:10:34.301,
5070,2025-04-21 13:10:24.347159+00,6977.5,65.7,5450,2025-04-21 13:10:22.731,
5069,2025-04-21 13:10:12.77302+00,7353.75,65.7,5449,2025-04-21 13:10:11.041,
5068,2025-04-21 13:10:01.076911+00,7207.5,65.7,5448,2025-04-21 13:09:59.431,
5067,2025-04-21 13:09:49.467216+00,7428.75,65.7,5447,2025-04-21 13:09:47.841,
5066,2025-04-21 13:09:37.887807+00,7051.25,65.82,5446,2025-04-21 13:09:36.251,
5065,2025-04-21 13:09:26.289839+00,7318.75,65.7,5445,2025-04-21 13:09:24.641,
5064,2025-04-21 13:09:14.679643+00,7251.25,65.7,5444,2025-04-21 13:09:13.051,
5063,2025-04-21 13:09:03.092896+00,7057.5,65.7,5443,2025-04-21 13:09:01.461,
5062,2025-04-21 13:08:51.502876+00,7217.5,65.45,5442,2025-04-21 13:08:49.841,
5061,2025-04-21 13:08:39.731702+00,7052.5,65.58,5441,2025-04-21 13:08:38.101,
5060,2025-04-21 13:08:28.142634+00,7100,65.7,5440,2025-04-21 13:08:26.431,
5059,2025-04-21 13:08:16.465007+00,7245,65.94,5439,2025-04-21 13:08:14.831,
5058,2025-04-21 13:08:04.8621+00,7071.25,65.94,5438,2025-04-21 13:08:03.211,
5057,2025-04-21 13:07:53.251367+00,7352.5,65.82,5437,2025-04-21 13:07:51.621,
5056,2025-04-21 13:07:41.658477+00,7425,65.94,5436,2025-04-21 13:07:40.041,
5055,2025-04-21 13:07:30.078479+00,7545,65.82,5435,2025-04-21 13:07:28.431,
5054,2025-04-21 13:07:18.462769+00,7031.25,65.82,5434,2025-04-21 13:07:16.841,
5053,2025-04-21 13:07:06.884316+00,7411.25,65.7,5433,2025-04-21 13:07:05.251,
5052,2025-04-21 13:06:55.2925+00,7448.75,65.7,5432,2025-04-21 13:06:53.651,
5051,2025-04-21 13:06:43.693441+00,7666.25,65.94,5431,2025-04-21 13:06:41.981,
5050,2025-04-21 13:06:32.014238+00,7497.5,65.82,5430,2025-04-21 13:06:30.401,
5049,2025-04-21 13:06:20.439999+00,6897.5,65.58,5429,2025-04-21 13:06:18.831,
5048,2025-04-21 13:06:08.872374+00,7085,65.58,5428,2025-04-21 13:06:07.225,
5047,2025-04-21 13:05:57.241308+00,7170,65.45,5427,2025-04-21 13:05:55.611,
5046,2025-04-21 13:05:45.650639+00,7308.75,65.45,5426,2025-04-21 13:05:44.011,
5045,2025-04-21 13:05:34.049861+00,7156.25,65.58,5425,2025-04-21 13:05:32.411,
5044,2025-04-21 13:05:22.456593+00,7336.25,65.58,5424,2025-04-21 13:05:20.811,
5043,2025-04-21 13:05:10.829813+00,7307.5,65.7,5423,2025-04-21 13:05:09.191,
5042,2025-04-21 13:04:59.223244+00,6900,65.7,5422,2025-04-21 13:04:57.471,
5041,2025-04-21 13:04:47.514092+00,7425,65.7,5421,2025-04-21 13:04:45.881,
5040,2025-04-21 13:04:35.921267+00,7212.5,65.7,5420,2025-04-21 13:04:34.311,
5039,2025-04-21 13:04:24.348159+00,7228.75,65.82,5419,2025-04-21 13:04:22.741,
5038,2025-04-21 13:04:12.775774+00,7207.5,65.82,5418,2025-04-21 13:04:11.141,
5037,2025-04-21 13:04:01.181317+00,7418.75,65.58,5417,2025-04-21 13:03:59.571,
5036,2025-04-21 13:03:49.614417+00,7206.25,65.82,5416,2025-04-21 13:03:47.951,
5035,2025-04-21 13:03:37.988802+00,7216.25,65.94,5415,2025-04-21 13:03:36.311,
5034,2025-04-21 13:03:26.34445+00,7241.25,65.94,5414,2025-04-21 13:03:24.721,
5033,2025-04-21 13:03:14.727891+00,7301.25,65.82,5413,2025-04-21 13:03:13.011,
5032,2025-04-21 13:03:03.048077+00,7361.25,65.7,5412,2025-04-21 13:03:01.431,
5031,2025-04-21 13:02:51.474501+00,7445,65.82,5411,2025-04-21 13:02:49.841,
5030,2025-04-21 13:02:39.878675+00,7168.75,65.82,5410,2025-04-21 13:02:38.251,
5029,2025-04-21 13:02:28.287513+00,7467.5,65.82,5409,2025-04-21 13:02:26.671,
5028,2025-04-21 13:02:16.707056+00,7442.5,65.58,5408,2025-04-21 13:02:15.086,
5027,2025-04-21 13:02:05.120675+00,6976.25,65.82,5407,2025-04-21 13:02:03.471,
5026,2025-04-21 13:01:53.511835+00,7458.75,65.94,5406,2025-04-21 13:01:51.911,
5025,2025-04-21 13:01:41.950927+00,6843.75,65.71,5405,2025-04-21 13:01:40.321,
5024,2025-04-21 13:01:30.351227+00,7396.25,65.58,5404,2025-04-21 13:01:28.661,
5023,2025-04-21 13:01:18.702723+00,7270,65.7,5403,2025-04-21 13:01:17.081,
5022,2025-04-21 13:01:07.117467+00,7072.5,65.7,5402,2025-04-21 13:01:05.461,
5021,2025-04-21 13:00:55.493798+00,7098.75,65.58,5401,2025-04-21 13:00:53.841,
5020,2025-04-21 13:00:43.877878+00,7382.5,65.58,5400,2025-04-21 13:00:42.241,
5019,2025-04-21 13:00:32.277934+00,7128.75,65.58,5399,2025-04-21 13:00:30.641,
5018,2025-04-21 13:00:20.671644+00,7000,65.58,5398,2025-04-21 13:00:19.031,
5017,2025-04-21 13:00:09.069404+00,7471.25,65.7,5397,2025-04-21 13:00:07.431,
5016,2025-04-21 12:59:57.470843+00,7552.5,65.7,5396,2025-04-21 12:59:55.851,
5015,2025-04-21 12:59:45.890032+00,7262.5,65.7,5395,2025-04-21 12:59:44.191,
5014,2025-04-21 12:59:34.234601+00,7385,65.58,5394,2025-04-21 12:59:32.621,
5013,2025-04-21 12:59:22.652608+00,7336.25,65.45,5393,2025-04-21 12:59:21.021,
5012,2025-04-21 12:59:11.063727+00,7013.75,65.7,5392,2025-04-21 12:59:09.441,
5011,2025-04-21 12:58:59.470567+00,7678.75,65.7,5391,2025-04-21 12:58:57.851,
5010,2025-04-21 12:58:47.88731+00,7311.25,65.58,5390,2025-04-21 12:58:46.251,
5009,2025-04-21 12:58:36.280786+00,7353.75,65.45,5389,2025-04-21 12:58:34.641,
5008,2025-04-21 12:58:24.678554+00,6895,65.45,5388,2025-04-21 12:58:23.071,
5007,2025-04-21 12:58:13.104066+00,7322.5,65.58,5387,2025-04-21 12:58:11.481,
5006,2025-04-21 12:58:01.516051+00,7552.5,65.58,5386,2025-04-21 12:57:59.821,
5005,2025-04-21 12:57:49.854542+00,7327.5,65.7,5385,2025-04-21 12:57:48.251,
5004,2025-04-21 12:57:38.289385+00,7190,65.45,5384,2025-04-21 12:57:36.661,
5003,2025-04-21 12:57:26.700166+00,6986.25,65.45,5383,2025-04-21 12:57:25.091,
5002,2025-04-21 12:57:15.12984+00,7087.5,65.58,5382,2025-04-21 12:57:13.501,
5001,2025-04-21 12:57:03.534474+00,7086.25,65.7,5381,2025-04-21 12:57:01.921,
5000,2025-04-21 12:56:51.955794+00,7480,65.82,5380,2025-04-21 12:56:50.351,
4999,2025-04-21 12:56:40.390327+00,7435,65.7,5379,2025-04-21 12:56:38.791,
4998,2025-04-21 12:56:28.834652+00,7245,65.7,5378,2025-04-21 12:56:27.221,
4997,2025-04-21 12:56:17.258661+00,7343.75,65.82,5377,2025-04-21 12:56:15.521,
4996,2025-04-21 12:56:05.559945+00,7216.25,65.94,5376,2025-04-21 12:56:03.911,
4995,2025-04-21 12:55:53.921464+00,7506.25,65.82,5375,2025-04-21 12:55:52.301,
4994,2025-04-21 12:55:42.335962+00,6668.75,66.06,5374,2025-04-21 12:55:40.731,
4993,2025-04-21 12:55:30.768945+00,7226.25,65.82,5373,2025-04-21 12:55:29.141,
4992,2025-04-21 12:55:19.176369+00,7086.25,65.94,5372,2025-04-21 12:55:17.571,
4991,2025-04-21 12:55:07.606476+00,7376.25,66.06,5371,2025-04-21 12:55:06.011,
4990,2025-04-21 12:54:56.047898+00,6891.25,65.7,5370,2025-04-21 12:54:54.441,
4989,2025-04-21 12:54:44.326161+00,7792.5,65.82,5369,2025-04-21 12:54:42.691,
4988,2025-04-21 12:54:32.718866+00,7466.25,65.7,5368,2025-04-21 12:54:31.011,
4987,2025-04-21 12:54:21.049826+00,7125,65.82,5367,2025-04-21 12:54:19.441,
4986,2025-04-21 12:54:09.482883+00,7426.25,65.94,5366,2025-04-21 12:54:07.881,
4985,2025-04-21 12:53:57.911478+00,7568.75,65.94,5365,2025-04-21 12:53:56.281,
4984,2025-04-21 12:53:46.31268+00,6792.5,65.94,5364,2025-04-21 12:53:44.691,
4983,2025-04-21 12:53:34.723969+00,7678.75,65.82,5363,2025-04-21 12:53:33.111,
4982,2025-04-21 12:53:23.144592+00,7303.75,65.82,5362,2025-04-21 12:53:21.521,
4981,2025-04-21 12:53:11.555943+00,7332.5,65.94,5361,2025-04-21 12:53:09.961,
4980,2025-04-21 12:53:00.003922+00,7165,65.94,5360,2025-04-21 12:52:58.391,
4979,2025-04-21 12:52:48.431696+00,7721.25,65.94,5359,2025-04-21 12:52:46.721,
4978,2025-04-21 12:52:36.763381+00,7472.5,65.7,5358,2025-04-21 12:52:35.161,
4977,2025-04-21 12:52:25.200696+00,7406.25,65.82,5357,2025-04-21 12:52:23.591,
4976,2025-04-21 12:52:13.630589+00,7235,65.94,5356,2025-04-21 12:52:12.031,
4975,2025-04-21 12:52:02.068559+00,7373.75,65.58,5355,2025-04-21 12:52:00.461,
4974,2025-04-21 12:51:50.494391+00,7653.75,65.7,5354,2025-04-21 12:51:48.881,
4973,2025-04-21 12:51:38.918116+00,7165,65.82,5353,2025-04-21 12:51:37.321,
4972,2025-04-21 12:51:27.35384+00,7677.5,65.94,5352,2025-04-21 12:51:25.731,
4971,2025-04-21 12:51:15.77061+00,7158.75,65.7,5351,2025-04-21 12:51:14.151,
4970,2025-04-21 12:51:04.189977+00,7537.5,65.7,5350,2025-04-21 12:51:02.501,
4969,2025-04-21 12:50:52.535034+00,6907.5,65.82,5349,2025-04-21 12:50:50.901,
4968,2025-04-21 12:50:40.934273+00,7218.75,65.58,5348,2025-04-21 12:50:39.331,
4967,2025-04-21 12:50:29.365413+00,7430,65.7,5347,2025-04-21 12:50:27.721,
4966,2025-04-21 12:50:17.755083+00,7387.5,65.58,5346,2025-04-21 12:50:16.141,
4965,2025-04-21 12:50:06.171423+00,7316.25,65.45,5345,2025-04-21 12:50:04.571,
4964,2025-04-21 12:49:54.604499+00,7035,65.82,5344,2025-04-21 12:49:52.991,
4963,2025-04-21 12:49:43.026198+00,7243.75,65.82,5343,2025-04-21 12:49:41.401,
4962,2025-04-21 12:49:31.428149+00,7655,65.82,5342,2025-04-21 12:49:29.821,
4961,2025-04-21 12:49:19.855535+00,7458.75,65.45,5341,2025-04-21 12:49:18.141,
4960,2025-04-21 12:49:08.176734+00,7647.5,65.45,5340,2025-04-21 12:49:06.531,
4959,2025-04-21 12:48:56.566684+00,7078.75,65.45,5339,2025-04-21 12:48:54.911,
4958,2025-04-21 12:48:44.94269+00,7368.75,65.45,5338,2025-04-21 12:48:43.321,
4957,2025-04-21 12:48:33.352975+00,6656.25,65.58,5337,2025-04-21 12:48:31.721,
4956,2025-04-21 12:48:21.758639+00,7342.5,65.82,5336,2025-04-21 12:48:20.121,
4955,2025-04-21 12:48:10.152942+00,7666.25,65.58,5335,2025-04-21 12:48:08.551,
4954,2025-04-21 12:47:58.587256+00,7085,65.7,5334,2025-04-21 12:47:56.981,
4953,2025-04-21 12:47:47.014722+00,7630,65.7,5333,2025-04-21 12:47:45.411,
4952,2025-04-21 12:47:35.442999+00,7367.5,65.7,5332,2025-04-21 12:47:33.731,
4951,2025-04-21 12:47:23.765203+00,6946.25,65.94,5331,2025-04-21 12:47:22.151,
4950,2025-04-21 12:47:12.187069+00,6855,65.58,5330,2025-04-21 12:47:10.551,
4949,2025-04-21 12:47:00.581555+00,7720,65.82,5329,2025-04-21 12:46:58.981,
4948,2025-04-21 12:46:49.017595+00,7426.25,65.82,5328,2025-04-21 12:46:47.401,
4947,2025-04-21 12:46:37.430239+00,7608.75,65.94,5327,2025-04-21 12:46:35.781,
4946,2025-04-21 12:46:25.820324+00,7598.75,66.06,5326,2025-04-21 12:46:24.201,
4945,2025-04-21 12:46:14.228603+00,7536.25,65.94,5325,2025-04-21 12:46:12.611,
4944,2025-04-21 12:46:02.646514+00,7065,65.94,5324,2025-04-21 12:46:01.041,
4943,2025-04-21 12:45:51.071203+00,6823.75,65.94,5323,2025-04-21 12:45:49.361,
4942,2025-04-21 12:45:39.400257+00,7557.5,65.94,5322,2025-04-21 12:45:37.781,
4941,2025-04-21 12:45:27.811977+00,7317.5,65.82,5321,2025-04-21 12:45:26.201,
4940,2025-04-21 12:45:16.239258+00,7146.25,65.82,5320,2025-04-21 12:45:14.621,
4939,2025-04-21 12:45:04.651442+00,7426.25,65.7,5319,2025-04-21 12:45:03.001,
4938,2025-04-21 12:44:53.037816+00,7341.25,65.7,5318,2025-04-21 12:44:51.431,
4937,2025-04-21 12:44:41.467452+00,6665,65.58,5317,2025-04-21 12:44:39.861,
4936,2025-04-21 12:44:29.894567+00,7667.5,65.7,5316,2025-04-21 12:44:28.291,
4935,2025-04-21 12:44:18.327895+00,7320,65.33,5315,2025-04-21 12:44:16.721,
4934,2025-04-21 12:44:06.747704+00,7290,65.33,5314,2025-04-21 12:44:05.041,
4933,2025-04-21 12:43:55.079912+00,6978.75,65.33,5313,2025-04-21 12:43:53.451,
4932,2025-04-21 12:43:43.48654+00,7072.5,65.58,5312,2025-04-21 12:43:41.851,
4931,2025-04-21 12:43:31.873988+00,7417.5,65.45,5311,2025-04-21 12:43:30.271,
4930,2025-04-21 12:43:20.307785+00,7305,65.7,5310,2025-04-21 12:43:18.691,
4929,2025-04-21 12:43:08.731183+00,7531.25,65.45,5309,2025-04-21 12:43:07.091,
4928,2025-04-21 12:42:57.123428+00,7376.25,65.58,5308,2025-04-21 12:42:55.511,
4927,2025-04-21 12:42:45.540108+00,7248.75,65.33,5307,2025-04-21 12:42:43.911,
4926,2025-04-21 12:42:33.94754+00,7268.75,65.58,5306,2025-04-21 12:42:32.341,
4925,2025-04-21 12:42:22.371949+00,7266.25,65.33,5305,2025-04-21 12:42:20.651,
4924,2025-04-21 12:42:10.687434+00,7308.75,65.45,5304,2025-04-21 12:42:09.071,
4923,2025-04-21 12:41:59.110293+00,7102.5,65.33,5303,2025-04-21 12:41:57.491,
4922,2025-04-21 12:41:47.526579+00,7173.75,65.33,5302,2025-04-21 12:41:45.881,
4921,2025-04-21 12:41:35.914638+00,7351.25,65.45,5301,2025-04-21 12:41:34.301,
4920,2025-04-21 12:41:24.326984+00,7295,65.45,5300,2025-04-21 12:41:22.691,
4919,2025-04-21 12:41:12.723776+00,7017.5,65.45,5299,2025-04-21 12:41:11.121,
4918,2025-04-21 12:41:01.146952+00,7447.5,65.33,5298,2025-04-21 12:40:59.511,
4917,2025-04-21 12:40:49.502808+00,7255,65.7,5297,2025-04-21 12:40:47.851,
4916,2025-04-21 12:40:37.889231+00,6957.5,65.7,5296,2025-04-21 12:40:36.181,
4915,2025-04-21 12:40:26.213438+00,7531.25,65.58,5295,2025-04-21 12:40:24.611,
4914,2025-04-21 12:40:14.650346+00,6951.25,65.33,5294,2025-04-21 12:40:13.086,
4913,2025-04-21 12:40:03.026545+00,7202.5,65.58,5293,2025-04-21 12:40:01.426,
4912,2025-04-21 12:39:51.388013+00,6815,65.58,5292,2025-04-21 12:39:49.806,
4911,2025-04-21 12:39:39.813296+00,7380,65.7,5291,2025-04-21 12:39:38.236,
4910,2025-04-21 12:39:28.243107+00,6902.5,65.7,5290,2025-04-21 12:39:26.646,
4909,2025-04-21 12:39:16.649254+00,6972.5,65.45,5289,2025-04-21 12:39:15.086,
4908,2025-04-21 12:39:05.067209+00,6746.25,65.7,5288,2025-04-21 12:39:03.456,
4907,2025-04-21 12:38:53.46397+00,7323.75,65.58,5287,2025-04-21 12:38:51.777,
4906,2025-04-21 12:38:41.78295+00,7300,65.7,5286,2025-04-21 12:38:40.186,
4905,2025-04-21 12:38:30.192741+00,7080,65.82,5285,2025-04-21 12:38:28.596,
4904,2025-04-21 12:38:18.605367+00,7775,65.82,5284,2025-04-21 12:38:17.006,
4903,2025-04-21 12:38:07.013864+00,7408.75,65.94,5283,2025-04-21 12:38:05.447,
4902,2025-04-21 12:37:55.449721+00,6795,65.94,5282,2025-04-21 12:37:53.836,
4901,2025-04-21 12:37:43.846192+00,7371.25,65.7,5281,2025-04-21 12:37:42.236,
4900,2025-04-21 12:37:32.240854+00,7511.25,65.94,5280,2025-04-21 12:37:30.646,
4899,2025-04-21 12:37:20.649968+00,7302.5,65.58,5279,2025-04-21 12:37:19.076,
4898,2025-04-21 12:37:09.079305+00,7216.25,66.18,5278,2025-04-21 12:37:07.426,
4897,2025-04-21 12:36:57.426793+00,7327.5,65.82,5277,2025-04-21 12:36:55.816,
4896,2025-04-21 12:36:45.78865+00,7570,65.82,5276,2025-04-21 12:36:44.196,
4895,2025-04-21 12:36:34.200746+00,7078.75,65.82,5275,2025-04-21 12:36:32.616,
4894,2025-04-21 12:36:22.627948+00,7086.25,65.82,5274,2025-04-21 12:36:21.056,
4893,2025-04-21 12:36:11.061915+00,7282.5,65.7,5273,2025-04-21 12:36:09.446,
4892,2025-04-21 12:35:59.451637+00,6776.25,65.82,5272,2025-04-21 12:35:57.877,
4891,2025-04-21 12:35:47.880576+00,7212.5,65.94,5271,2025-04-21 12:35:46.297,
4890,2025-04-21 12:35:36.303528+00,7256.25,65.82,5270,2025-04-21 12:35:34.706,
4889,2025-04-21 12:35:24.714365+00,7500,65.94,5269,2025-04-21 12:35:23.056,
4888,2025-04-21 12:35:13.063244+00,7240,65.82,5268,2025-04-21 12:35:11.476,
4887,2025-04-21 12:35:01.488478+00,7518.75,65.94,5267,2025-04-21 12:34:59.916,
4886,2025-04-21 12:34:49.925211+00,7615,66.06,5266,2025-04-21 12:34:48.316,
4885,2025-04-21 12:34:38.321582+00,7458.75,65.94,5265,2025-04-21 12:34:36.746,
4884,2025-04-21 12:34:26.75472+00,7322.5,66.3,5264,2025-04-21 12:34:25.186,
4883,2025-04-21 12:34:15.196792+00,7350,66.18,5263,2025-04-21 12:34:13.596,
4882,2025-04-21 12:34:03.59366+00,7628.75,66.18,5262,2025-04-21 12:34:02.016,
4881,2025-04-21 12:33:52.023439+00,7592.5,66.06,5261,2025-04-21 12:33:50.457,
4880,2025-04-21 12:33:40.457584+00,7590,65.82,5260,2025-04-21 12:33:38.497,
4879,2025-04-21 12:33:28.500897+00,7323.75,65.94,5259,2025-04-21 12:33:26.926,
4878,2025-04-21 12:33:16.933331+00,7387.5,65.94,5258,2025-04-21 12:33:15.356,
4877,2025-04-21 12:33:05.359765+00,6852.5,65.94,5257,2025-04-21 12:33:03.796,
4876,2025-04-21 12:32:53.803712+00,6968.75,65.82,5256,2025-04-21 12:32:52.226,
4875,2025-04-21 12:32:42.230167+00,7397.5,65.94,5255,2025-04-21 12:32:40.646,
4874,2025-04-21 12:32:30.646365+00,7451.25,65.82,5254,2025-04-21 12:32:29.016,
4873,2025-04-21 12:32:19.022067+00,7268.75,65.82,5253,2025-04-21 12:32:17.446,
4872,2025-04-21 12:32:07.455771+00,7272.5,65.7,5252,2025-04-21 12:32:05.866,
4871,2025-04-21 12:31:55.87599+00,7638.75,65.94,5251,2025-04-21 12:31:54.216,
4870,2025-04-21 12:31:44.219298+00,7441.25,66.06,5250,2025-04-21 12:31:42.636,
4869,2025-04-21 12:31:32.644097+00,7416.25,66.06,5249,2025-04-21 12:31:31.026,
4868,2025-04-21 12:31:21.034882+00,7353.75,65.82,5248,2025-04-21 12:31:19.457,
4867,2025-04-21 12:31:09.458707+00,7361.25,66.06,5247,2025-04-21 12:31:07.877,
4866,2025-04-21 12:30:57.886242+00,7238.75,66.18,5246,2025-04-21 12:30:56.266,
4865,2025-04-21 12:30:46.264881+00,7727.5,66.18,5245,2025-04-21 12:30:44.666,
4864,2025-04-21 12:30:34.66896+00,7343.75,66.18,5244,2025-04-21 12:30:33.096,
4863,2025-04-21 12:30:23.10421+00,7520,66.18,5243,2025-04-21 12:30:21.526,
4862,2025-04-21 12:30:11.53471+00,7518.75,66.18,5242,2025-04-21 12:30:09.856,
4861,2025-04-21 12:29:59.864763+00,7271.25,66.18,5241,2025-04-21 12:29:58.276,
4860,2025-04-21 12:29:48.275301+00,7511.25,66.18,5240,2025-04-21 12:29:46.676,
4859,2025-04-21 12:29:36.679982+00,7355,66.3,5239,2025-04-21 12:29:35.106,
4858,2025-04-21 12:29:25.109646+00,7486.25,66.06,5238,2025-04-21 12:29:23.546,
4857,2025-04-21 12:29:13.553811+00,7348.75,66.06,5237,2025-04-21 12:29:11.986,
4856,2025-04-21 12:29:01.990781+00,7706.25,66.06,5236,2025-04-21 12:29:00.396,
4855,2025-04-21 12:28:50.397945+00,7492.5,66.06,5235,2025-04-21 12:28:48.826,
4854,2025-04-21 12:28:38.82965+00,7475,66.3,5234,2025-04-21 12:28:37.237,
4853,2025-04-21 12:28:27.240399+00,7566.25,66.3,5233,2025-04-21 12:28:25.536,
4852,2025-04-21 12:28:15.538692+00,7573.75,66.42,5232,2025-04-21 12:28:13.966,
4851,2025-04-21 12:28:03.972726+00,7412.5,66.3,5231,2025-04-21 12:28:02.396,
4850,2025-04-21 12:27:52.399353+00,7220,66.18,5230,2025-04-21 12:27:50.826,
4849,2025-04-21 12:27:40.828667+00,7307.5,66.3,5229,2025-04-21 12:27:39.246,
4848,2025-04-21 12:27:29.251222+00,7335,66.07,5228,2025-04-21 12:27:27.676,
4847,2025-04-21 12:27:17.677185+00,7363.75,66.06,5227,2025-04-21 12:27:16.096,
4846,2025-04-21 12:27:06.096964+00,7387.5,66.06,5226,2025-04-21 12:27:04.516,
4845,2025-04-21 12:26:54.522828+00,7456.25,66.18,5225,2025-04-21 12:26:52.956,
4844,2025-04-21 12:26:42.960291+00,7551.25,66.18,5224,2025-04-21 12:26:41.276,
4843,2025-04-21 12:26:31.28085+00,7216.25,65.94,5223,2025-04-21 12:26:29.716,
4842,2025-04-21 12:26:19.716618+00,7257.5,66.3,5222,2025-04-21 12:26:18.136,
4841,2025-04-21 12:26:08.142814+00,7153.75,66.18,5221,2025-04-21 12:26:06.556,
4840,2025-04-21 12:25:56.55941+00,7010,66.06,5220,2025-04-21 12:25:54.986,
4839,2025-04-21 12:25:44.987541+00,7728.75,66.18,5219,2025-04-21 12:25:43.396,
4838,2025-04-21 12:25:33.401523+00,7486.25,66.18,5218,2025-04-21 12:25:31.817,
4837,2025-04-21 12:25:21.808524+00,7555,66.18,5217,2025-04-21 12:25:20.196,
4836,2025-04-21 12:25:10.200518+00,7032.5,66.18,5216,2025-04-21 12:25:08.616,
4835,2025-04-21 12:24:58.621087+00,7551.25,66.06,5215,2025-04-21 12:24:56.946,
4834,2025-04-21 12:24:46.953199+00,7243.75,66.06,5214,2025-04-21 12:24:45.376,
4833,2025-04-21 12:24:35.375495+00,7185,66.18,5213,2025-04-21 12:24:33.796,
4832,2025-04-21 12:24:23.801671+00,7800,66.67,5212,2025-04-21 12:24:22.176,
4831,2025-04-21 12:24:12.183833+00,7395,66.18,5211,2025-04-21 12:24:10.586,
4830,2025-04-21 12:24:00.59305+00,7100,66.42,5210,2025-04-21 12:23:58.996,
4829,2025-04-21 12:23:48.999893+00,7397.5,66.3,5209,2025-04-21 12:23:47.406,
4828,2025-04-21 12:23:37.409964+00,7423.75,66.3,5208,2025-04-21 12:23:35.816,
4827,2025-04-21 12:23:25.822119+00,7397.5,66.42,5207,2025-04-21 12:23:24.246,
4826,2025-04-21 12:23:14.243444+00,7621.25,66.42,5206,2025-04-21 12:23:12.587,
4825,2025-04-21 12:23:02.592005+00,7215,66.18,5205,2025-04-21 12:23:00.996,
4824,2025-04-21 12:22:51.006179+00,7636.25,66.18,5204,2025-04-21 12:22:49.386,
4823,2025-04-21 12:22:39.387814+00,7395,66.3,5203,2025-04-21 12:22:37.776,
4822,2025-04-21 12:22:27.782208+00,7272.5,65.94,5202,2025-04-21 12:22:26.196,
4821,2025-04-21 12:22:16.198298+00,7258.75,66.18,5201,2025-04-21 12:22:14.606,
4820,2025-04-21 12:22:04.600145+00,7187.5,66.06,5200,2025-04-21 12:22:03.016,
4819,2025-04-21 12:21:53.025068+00,7255,66.18,5199,2025-04-21 12:21:51.456,
4818,2025-04-21 12:21:41.463709+00,7426.25,65.94,5198,2025-04-21 12:21:39.866,
4817,2025-04-21 12:21:29.866086+00,7176.25,66.06,5197,2025-04-21 12:21:28.186,
4816,2025-04-21 12:21:18.185382+00,7252.5,66.06,5196,2025-04-21 12:21:16.586,
4815,2025-04-21 12:21:06.592808+00,7216.25,66.06,5195,2025-04-21 12:21:04.966,
4814,2025-04-21 12:20:54.947212+00,7620,65.94,5194,2025-04-21 12:20:53.376,
4813,2025-04-21 12:20:43.377485+00,7455,65.82,5193,2025-04-21 12:20:41.796,
4812,2025-04-21 12:20:31.799844+00,7251.25,65.94,5192,2025-04-21 12:20:30.212,
4811,2025-04-21 12:20:20.205429+00,7412.5,65.82,5191,2025-04-21 12:20:18.596,
4810,2025-04-21 12:20:08.591863+00,7405,66.06,5190,2025-04-21 12:20:06.986,
4809,2025-04-21 12:19:56.99274+00,6935,66.06,5189,2025-04-21 12:19:55.391,
4808,2025-04-21 12:19:45.385541+00,7290,66.18,5188,2025-04-21 12:19:43.776,
4807,2025-04-21 12:19:33.775649+00,7215,65.82,5187,2025-04-21 12:19:32.196,
4806,2025-04-21 12:19:22.196689+00,7413.75,65.82,5186,2025-04-21 12:19:20.596,
4805,2025-04-21 12:19:10.595639+00,6953.75,65.7,5185,2025-04-21 12:19:09.016,
4804,2025-04-21 12:18:59.007564+00,7212.5,65.7,5184,2025-04-21 12:18:57.426,
4803,2025-04-21 12:18:47.423172+00,7563.75,65.7,5183,2025-04-21 12:18:45.826,
4802,2025-04-21 12:18:35.828997+00,7372.5,65.82,5182,2025-04-21 12:18:34.266,
4801,2025-04-21 12:18:24.231512+00,7521.25,65.7,5181,2025-04-21 12:18:22.626,
4800,2025-04-21 12:18:12.628505+00,7551.25,65.82,5180,2025-04-21 12:18:11.066,
4799,2025-04-21 12:18:01.073815+00,7278.75,65.7,5179,2025-04-21 12:17:59.516,
4798,2025-04-21 12:17:49.514659+00,7361.25,65.94,5178,2025-04-21 12:17:47.916,
4797,2025-04-21 12:17:37.914907+00,7033.75,65.82,5177,2025-04-21 12:17:36.326,
4796,2025-04-21 12:17:26.328452+00,7213.75,65.82,5176,2025-04-21 12:17:24.726,
4795,2025-04-21 12:17:14.734979+00,7650,65.82,5175,2025-04-21 12:17:13.156,
4794,2025-04-21 12:17:03.153386+00,7348.75,65.94,5174,2025-04-21 12:17:01.546,
4793,2025-04-21 12:16:51.554809+00,7688.75,65.94,5173,2025-04-21 12:16:49.986,
4792,2025-04-21 12:16:39.987048+00,7106.25,66.06,5172,2025-04-21 12:16:38.376,
4791,2025-04-21 12:16:28.379492+00,7278.75,66.06,5171,2025-04-21 12:16:26.816,
4790,2025-04-21 12:16:16.80769+00,7473.75,65.94,5170,2025-04-21 12:16:15.226,
4789,2025-04-21 12:16:05.227331+00,7261.25,66.18,5169,2025-04-21 12:16:03.666,
4788,2025-04-21 12:15:53.659813+00,7418.75,65.82,5168,2025-04-21 12:15:52.076,
4787,2025-04-21 12:15:42.072726+00,7003.75,65.58,5167,2025-04-21 12:15:40.506,
4786,2025-04-21 12:15:30.508771+00,7228.75,65.94,5166,2025-04-21 12:15:28.936,
4785,2025-04-21 12:15:18.937838+00,7406.25,65.94,5165,2025-04-21 12:15:17.376,
4784,2025-04-21 12:15:07.382459+00,7437.5,66.06,5164,2025-04-21 12:15:05.786,
4783,2025-04-21 12:14:55.788486+00,7248.75,65.94,5163,2025-04-21 12:14:54.196,
4782,2025-04-21 12:14:44.190461+00,7377.5,66.06,5162,2025-04-21 12:14:42.616,
4781,2025-04-21 12:14:32.619754+00,7658.75,66.06,5161,2025-04-21 12:14:31.057,
4780,2025-04-21 12:14:21.060262+00,7580,65.7,5160,2025-04-21 12:14:19.496,
4779,2025-04-21 12:14:09.502514+00,7080,66.06,5159,2025-04-21 12:14:07.906,
4778,2025-04-21 12:13:57.910104+00,7535,65.82,5158,2025-04-21 12:13:56.316,
4777,2025-04-21 12:13:46.317001+00,7558.75,65.82,5157,2025-04-21 12:13:44.726,
4776,2025-04-21 12:13:34.729014+00,7253.75,66.06,5156,2025-04-21 12:13:33.156,
4775,2025-04-21 12:13:23.163956+00,7478.75,65.94,5155,2025-04-21 12:13:21.586,
4774,2025-04-21 12:13:11.590739+00,7430,66.06,5154,2025-04-21 12:13:09.976,
4773,2025-04-21 12:12:59.974405+00,7200,66.06,5153,2025-04-21 12:12:58.416,
4772,2025-04-21 12:12:48.413207+00,7575,66.18,5152,2025-04-21 12:12:46.796,
4771,2025-04-21 12:12:36.8018+00,7490,66.18,5151,2025-04-21 12:12:35.196,
4770,2025-04-21 12:12:25.192705+00,7090,66.06,5150,2025-04-21 12:12:23.636,
4769,2025-04-21 12:12:13.639001+00,7627.5,66.06,5149,2025-04-21 12:12:12.077,
4768,2025-04-21 12:12:02.081381+00,7125,66.18,5148,2025-04-21 12:12:00.477,
4767,2025-04-21 12:11:50.472667+00,7265,66.3,5147,2025-04-21 12:11:48.906,
4766,2025-04-21 12:11:38.908774+00,7627.5,66.18,5146,2025-04-21 12:11:37.326,
4765,2025-04-21 12:11:27.330061+00,7183.75,65.94,5145,2025-04-21 12:11:25.776,
4764,2025-04-21 12:11:15.780374+00,7553.75,66.18,5144,2025-04-21 12:11:14.206,
4763,2025-04-21 12:11:04.200183+00,7676.25,66.3,5143,2025-04-21 12:11:02.616,
4762,2025-04-21 12:10:52.614459+00,7663.75,66.42,5142,2025-04-21 12:10:51.026,
4761,2025-04-21 12:10:41.028722+00,7298.75,66.42,5141,2025-04-21 12:10:39.426,
4760,2025-04-21 12:10:29.42544+00,6897.5,66.3,5140,2025-04-21 12:10:27.856,
4759,2025-04-21 12:10:17.861108+00,7278.75,66.18,5139,2025-04-21 12:10:16.276,
4758,2025-04-21 12:10:06.273895+00,7286.25,66.3,5138,2025-04-21 12:10:04.676,
4757,2025-04-21 12:09:54.678305+00,7725,66.3,5137,2025-04-21 12:09:53.106,
4756,2025-04-21 12:09:43.099572+00,7545,66.55,5136,2025-04-21 12:09:41.537,
4755,2025-04-21 12:09:31.538949+00,7353.75,66.18,5135,2025-04-21 12:09:29.946,
4754,2025-04-21 12:09:19.943067+00,7406.25,66.06,5134,2025-04-21 12:09:18.386,
4753,2025-04-21 12:09:08.383518+00,7392.5,66.06,5133,2025-04-21 12:09:06.796,
4752,2025-04-21 12:08:56.793688+00,6963.75,65.94,5132,2025-04-21 12:08:55.216,
4751,2025-04-21 12:08:45.207758+00,6801.25,66.18,5131,2025-04-21 12:08:43.606,
4750,2025-04-21 12:08:33.604394+00,7442.5,65.94,5130,2025-04-21 12:08:32.016,
4749,2025-04-21 12:08:22.008973+00,7147.5,66.06,5129,2025-04-21 12:08:20.406,
4748,2025-04-21 12:08:10.401001+00,7257.5,65.82,5128,2025-04-21 12:08:08.826,
4747,2025-04-21 12:07:58.825596+00,7757.5,65.94,5127,2025-04-21 12:07:57.226,
4746,2025-04-21 12:07:47.225456+00,7307.5,65.82,5126,2025-04-21 12:07:45.656,
4745,2025-04-21 12:07:35.653281+00,7455,65.82,5125,2025-04-21 12:07:34.056,
4744,2025-04-21 12:07:24.059258+00,7666.25,65.94,5124,2025-04-21 12:07:22.476,
4743,2025-04-21 12:07:12.47795+00,7163.75,65.82,5123,2025-04-21 12:07:10.887,
4742,2025-04-21 12:07:00.887876+00,7215,66.06,5122,2025-04-21 12:06:59.316,
4741,2025-04-21 12:06:49.315266+00,7270,66.18,5121,2025-04-21 12:06:47.736,
4740,2025-04-21 12:06:37.740243+00,7365,66.06,5120,2025-04-21 12:06:36.156,
4739,2025-04-21 12:06:26.151014+00,7551.25,66.06,5119,2025-04-21 12:06:24.566,
4738,2025-04-21 12:06:14.564362+00,7267.5,66.06,5118,2025-04-21 12:06:12.966,
4737,2025-04-21 12:06:02.958074+00,7126.25,66.06,5117,2025-04-21 12:06:01.346,
4736,2025-04-21 12:05:51.345426+00,7155,66.18,5116,2025-04-21 12:05:49.726,
4735,2025-04-21 12:05:39.723638+00,7428.75,66.18,5115,2025-04-21 12:05:38.156,
4734,2025-04-21 12:05:28.157617+00,7428.75,66.18,5114,2025-04-21 12:05:26.546,
4733,2025-04-21 12:05:16.52257+00,7373.75,65.94,5113,2025-04-21 12:05:14.926,
4732,2025-04-21 12:05:04.924341+00,7323.75,65.94,5112,2025-04-21 12:05:03.326,
4731,2025-04-21 12:04:53.32478+00,7501.25,65.94,5111,2025-04-21 12:04:51.756,
4730,2025-04-21 12:04:41.753059+00,7688.75,66.06,5110,2025-04-21 12:04:40.147,
4729,2025-04-21 12:04:30.148597+00,7446.25,65.82,5109,2025-04-21 12:04:28.546,
4728,2025-04-21 12:04:18.54116+00,7630,66.06,5108,2025-04-21 12:04:16.966,
4727,2025-04-21 12:04:06.962745+00,7465,65.94,5107,2025-04-21 12:04:05.356,
4726,2025-04-21 12:03:55.352579+00,7178.75,66.18,5106,2025-04-21 12:03:53.776,
4725,2025-04-21 12:03:43.771068+00,6980,66.18,5105,2025-04-21 12:03:42.166,
4724,2025-04-21 12:03:32.160648+00,7356.25,66.06,5104,2025-04-21 12:03:30.587,
4723,2025-04-21 12:03:20.583539+00,7362.5,65.94,5103,2025-04-21 12:03:19.016,
4722,2025-04-21 12:03:09.017345+00,7350,65.94,5102,2025-04-21 12:03:07.436,
4721,2025-04-21 12:02:57.432245+00,7225,66.06,5101,2025-04-21 12:02:55.856,
4720,2025-04-21 12:02:45.852388+00,7755,66.06,5100,2025-04-21 12:02:44.266,
4719,2025-04-21 12:02:34.26991+00,7431.25,65.94,5099,2025-04-21 12:02:32.706,
4718,2025-04-21 12:02:22.709932+00,7000,65.82,5098,2025-04-21 12:02:21.126,
4717,2025-04-21 12:02:11.120382+00,7665,66.06,5097,2025-04-21 12:02:09.546,
4716,2025-04-21 12:01:59.541271+00,7312.5,65.94,5096,2025-04-21 12:01:57.956,
4715,2025-04-21 12:01:47.958001+00,7371.25,66.06,5095,2025-04-21 12:01:46.396,
4714,2025-04-21 12:01:36.396622+00,7056.25,65.94,5094,2025-04-21 12:01:34.816,
4713,2025-04-21 12:01:24.813699+00,7215,66.06,5093,2025-04-21 12:01:23.256,
4712,2025-04-21 12:01:13.255446+00,7337.5,66.06,5092,2025-04-21 12:01:11.656,
4711,2025-04-21 12:01:01.658771+00,7088.75,65.94,5091,2025-04-21 12:01:00.106,
4710,2025-04-21 12:00:50.096755+00,6985,66.18,5090,2025-04-21 12:00:48.346,
4709,2025-04-21 12:00:38.345524+00,7060,65.94,5089,2025-04-21 12:00:36.766,
4708,2025-04-21 12:00:26.75947+00,7342.5,66.18,5088,2025-04-21 12:00:25.156,
4707,2025-04-21 12:00:15.151172+00,7557.5,65.94,5087,2025-04-21 12:00:13.567,
4706,2025-04-21 12:00:03.557182+00,7522.5,66.06,5086,2025-04-21 12:00:01.966,
4705,2025-04-21 11:59:51.968366+00,7368.75,66.18,5085,2025-04-21 11:59:50.396,
4704,2025-04-21 11:59:40.397039+00,7348.75,66.18,5084,2025-04-21 11:59:38.816,
4703,2025-04-21 11:59:28.81153+00,7090,66.06,5083,2025-04-21 11:59:27.217,
4702,2025-04-21 11:59:17.217987+00,6802.5,65.94,5082,2025-04-21 11:59:15.626,
4701,2025-04-21 11:59:05.626092+00,7091.25,65.94,5081,2025-04-21 11:59:04.026,
4700,2025-04-21 11:58:54.026518+00,7526.25,65.82,5080,2025-04-21 11:58:52.456,
4699,2025-04-21 11:58:42.457566+00,7427.5,65.82,5079,2025-04-21 11:58:40.841,
4698,2025-04-21 11:58:30.839188+00,7592.5,65.82,5078,2025-04-21 11:58:29.261,
4697,2025-04-21 11:58:19.25483+00,6908.75,65.82,5077,2025-04-21 11:58:16.926,
4696,2025-04-21 11:58:06.925555+00,7656.25,65.82,5076,2025-04-21 11:58:05.336,
4695,2025-04-21 11:57:55.336611+00,7521.25,65.7,5075,2025-04-21 11:57:53.746,
4694,2025-04-21 11:57:43.746595+00,7306.25,65.82,5074,2025-04-21 11:57:42.156,
4693,2025-04-21 11:57:32.151612+00,7248.75,65.7,5073,2025-04-21 11:57:30.556,
4692,2025-04-21 11:57:20.547516+00,7182.5,65.7,5072,2025-04-21 11:57:18.956,
4691,2025-04-21 11:57:08.952996+00,7613.75,65.82,5071,2025-04-21 11:57:07.357,
4690,2025-04-21 11:56:57.342411+00,6955,65.94,5070,2025-04-21 11:56:55.776,
4689,2025-04-21 11:56:45.778341+00,7157.5,65.82,5069,2025-04-21 11:56:44.216,
4688,2025-04-21 11:56:34.208004+00,7457.5,65.94,5068,2025-04-21 11:56:32.626,
4687,2025-04-21 11:56:22.611495+00,6942.5,65.83,5067,2025-04-21 11:56:21.036,
4686,2025-04-21 11:56:11.030203+00,7437.5,66.06,5066,2025-04-21 11:56:09.456,
4685,2025-04-21 11:55:59.455063+00,7195,66.06,5065,2025-04-21 11:55:57.866,
4684,2025-04-21 11:55:47.861505+00,6978.75,66.18,5064,2025-04-21 11:55:46.286,
4683,2025-04-21 11:55:36.28217+00,6997.5,66.06,5063,2025-04-21 11:55:34.706,
4682,2025-04-21 11:55:24.707349+00,7556.25,66.06,5062,2025-04-21 11:55:23.146,
4681,2025-04-21 11:55:13.139772+00,7441.25,66.06,5061,2025-04-21 11:55:11.561,
4680,2025-04-21 11:55:01.557264+00,7278.75,66.18,5060,2025-04-21 11:54:59.981,
4679,2025-04-21 11:54:49.857443+00,7567.5,66.06,5059,2025-04-21 11:54:47.827,
4678,2025-04-21 11:54:37.817706+00,7301.25,66.06,5058,2025-04-21 11:54:36.256,
4677,2025-04-21 11:54:26.247106+00,7520,66.18,5057,2025-04-21 11:54:24.676,
4676,2025-04-21 11:54:14.673345+00,7177.5,65.94,5056,2025-04-21 11:54:13.106,
4675,2025-04-21 11:54:03.10176+00,7437.5,66.18,5055,2025-04-21 11:54:01.536,
4674,2025-04-21 11:53:51.537154+00,7158.75,65.82,5054,2025-04-21 11:53:49.936,
4673,2025-04-21 11:53:39.933974+00,7451.25,66.06,5053,2025-04-21 11:53:38.336,
4672,2025-04-21 11:53:28.328202+00,7440,65.82,5052,2025-04-21 11:53:26.756,
4671,2025-04-21 11:53:16.748188+00,7522.5,65.82,5051,2025-04-21 11:53:15.167,
4670,2025-04-21 11:53:05.168903+00,7312.5,65.94,5050,2025-04-21 11:53:03.576,
4669,2025-04-21 11:52:53.570664+00,7225,65.94,5049,2025-04-21 11:52:52.006,
4668,2025-04-21 11:52:42.00232+00,7521.25,65.82,5048,2025-04-21 11:52:40.422,
4667,2025-04-21 11:52:30.409245+00,7297.5,65.94,5047,2025-04-21 11:52:28.776,
4666,2025-04-21 11:52:18.773232+00,7556.25,65.94,5046,2025-04-21 11:52:17.206,
4665,2025-04-21 11:52:07.202612+00,7188.75,65.94,5045,2025-04-21 11:52:05.617,
4664,2025-04-21 11:51:55.612492+00,7522.5,65.94,5044,2025-04-21 11:51:54.036,
4663,2025-04-21 11:51:44.030324+00,7293.75,65.82,5043,2025-04-21 11:51:42.456,
4662,2025-04-21 11:51:32.457639+00,7428.75,66.06,5042,2025-04-21 11:51:30.906,
4661,2025-04-21 11:51:20.906133+00,7242.5,65.7,5041,2025-04-21 11:51:19.326,
4660,2025-04-21 11:51:09.288472+00,7397.5,65.94,5040,2025-04-21 11:51:07.716,
4659,2025-04-21 11:50:57.713623+00,7388.75,65.94,5039,2025-04-21 11:50:56.116,
4658,2025-04-21 11:50:46.106591+00,7176.25,65.82,5038,2025-04-21 11:50:44.516,
4657,2025-04-21 11:50:34.506538+00,7526.25,65.7,5037,2025-04-21 11:50:32.926,
4656,2025-04-21 11:50:22.921836+00,7543.75,65.59,5036,2025-04-21 11:50:21.356,
4655,2025-04-21 11:50:11.354554+00,7536.25,65.7,5035,2025-04-21 11:50:09.766,
4654,2025-04-21 11:49:59.765614+00,7371.25,65.58,5034,2025-04-21 11:49:58.196,
4653,2025-04-21 11:49:48.19308+00,7468.75,65.7,5033,2025-04-21 11:49:46.636,
4652,2025-04-21 11:49:36.629574+00,7410,65.7,5032,2025-04-21 11:49:35.066,
4651,2025-04-21 11:49:25.064443+00,7008.75,65.7,5031,2025-04-21 11:49:23.387,
4650,2025-04-21 11:49:13.381353+00,7138.75,65.7,5030,2025-04-21 11:49:11.816,
4649,2025-04-21 11:49:01.81179+00,7277.5,65.82,5029,2025-04-21 11:49:00.176,
4648,2025-04-21 11:48:50.179384+00,7287.5,65.7,5028,2025-04-21 11:48:48.596,
4647,2025-04-21 11:48:38.596474+00,7236.25,65.7,5027,2025-04-21 11:48:37.006,
4646,2025-04-21 11:48:27.000333+00,7245,65.82,5026,2025-04-21 11:48:25.317,
4645,2025-04-21 11:48:15.298238+00,7408.75,65.82,5025,2025-04-21 11:48:13.676,
4644,2025-04-21 11:48:03.665603+00,7250,65.82,5024,2025-04-21 11:48:02.046,
4643,2025-04-21 11:47:52.037903+00,7137.5,65.58,5023,2025-04-21 11:47:50.446,
4642,2025-04-21 11:47:40.43637+00,7238.75,65.58,5022,2025-04-21 11:47:38.846,
4641,2025-04-21 11:47:28.842616+00,7305,65.82,5021,2025-04-21 11:47:27.157,
4640,2025-04-21 11:47:17.150152+00,7305,65.94,5020,2025-04-21 11:47:15.586,
4639,2025-04-21 11:47:05.577095+00,6966.25,65.82,5019,2025-04-21 11:47:03.987,
4638,2025-04-21 11:46:53.972266+00,7407.5,65.94,5018,2025-04-21 11:46:52.407,
4637,2025-04-21 11:46:42.40466+00,7593.75,66.06,5017,2025-04-21 11:46:40.646,
4636,2025-04-21 11:46:30.63894+00,7456.25,65.58,5016,2025-04-21 11:46:29.046,
4635,2025-04-21 11:46:19.037705+00,7377.5,65.58,5015,2025-04-21 11:46:17.476,
4634,2025-04-21 11:46:07.47709+00,6887.5,65.7,5014,2025-04-21 11:46:05.886,
4633,2025-04-21 11:45:55.875951+00,7191.25,65.58,5013,2025-04-21 11:45:54.306,
4632,2025-04-21 11:45:44.305146+00,7281.25,65.58,5012,2025-04-21 11:45:42.717,
4631,2025-04-21 11:45:32.710028+00,7312.5,65.45,5011,2025-04-21 11:45:31.136,
4630,2025-04-21 11:45:21.134519+00,7322.5,65.82,5010,2025-04-21 11:45:19.556,
4629,2025-04-21 11:45:09.545982+00,7207.5,65.7,5009,2025-04-21 11:45:07.976,
4628,2025-04-21 11:44:57.961053+00,7532.5,65.82,5008,2025-04-21 11:44:56.287,
4627,2025-04-21 11:44:46.280264+00,7461.25,65.7,5007,2025-04-21 11:44:44.716,
4626,2025-04-21 11:44:34.713372+00,7648.75,65.7,5006,2025-04-21 11:44:33.166,
4625,2025-04-21 11:44:23.155886+00,7420,66.06,5005,2025-04-21 11:44:21.586,
4624,2025-04-21 11:44:11.574397+00,7168.75,65.82,5004,2025-04-21 11:44:09.966,
4623,2025-04-21 11:43:59.960549+00,7162.5,65.82,5003,2025-04-21 11:43:58.406,
4622,2025-04-21 11:43:48.402429+00,7580,65.82,5002,2025-04-21 11:43:46.836,
4621,2025-04-21 11:43:36.834634+00,7141.25,65.82,5001,2025-04-21 11:43:35.246,
4620,2025-04-21 11:43:25.244229+00,7476.25,65.82,5000,2025-04-21 11:43:23.646,
4619,2025-04-21 11:43:13.640489+00,7267.5,65.82,4999,2025-04-21 11:43:11.997,
4618,2025-04-21 11:43:01.989211+00,7281.25,65.82,4998,2025-04-21 11:43:00.417,
4617,2025-04-21 11:42:50.40883+00,7188.75,65.82,4997,2025-04-21 11:42:48.846,
4616,2025-04-21 11:42:38.843885+00,6888.75,65.82,4996,2025-04-21 11:42:37.287,
4615,2025-04-21 11:42:27.283676+00,6892.5,65.94,4995,2025-04-21 11:42:25.706,
4614,2025-04-21 11:42:15.701144+00,7262.5,65.82,4994,2025-04-21 11:42:14.146,
4613,2025-04-21 11:42:04.145398+00,6917.5,65.7,4993,2025-04-21 11:42:02.546,
4612,2025-04-21 11:41:52.541852+00,7418.75,65.82,4992,2025-04-21 11:41:50.986,
4611,2025-04-21 11:41:40.985728+00,7257.5,65.82,4991,2025-04-21 11:41:39.396,
4610,2025-04-21 11:41:29.394341+00,7257.5,65.82,4990,2025-04-21 11:41:27.746,
4609,2025-04-21 11:41:17.743478+00,6831.25,65.94,4989,2025-04-21 11:41:16.176,
4608,2025-04-21 11:41:06.170246+00,7393.75,65.7,4988,2025-04-21 11:41:04.596,
4607,2025-04-21 11:40:54.586441+00,6807.5,65.58,4987,2025-04-21 11:40:53.026,
4606,2025-04-21 11:40:43.021542+00,7155,65.58,4986,2025-04-21 11:40:41.456,
4605,2025-04-21 11:40:31.454252+00,7313.75,65.7,4985,2025-04-21 11:40:29.856,
4604,2025-04-21 11:40:19.850726+00,7425,65.58,4984,2025-04-21 11:40:18.298,
4603,2025-04-21 11:40:08.293618+00,7318.75,65.33,4983,2025-04-21 11:40:06.728,
4602,2025-04-21 11:39:56.716949+00,7040,65.58,4982,2025-04-21 11:39:55.148,
4601,2025-04-21 11:39:45.133677+00,7290,65.58,4981,2025-04-21 11:39:43.468,
4600,2025-04-21 11:39:33.456954+00,7346.25,65.58,4980,2025-04-21 11:39:31.868,
4599,2025-04-21 11:39:21.855746+00,7375,65.58,4979,2025-04-21 11:39:20.278,
4598,2025-04-21 11:39:10.267679+00,7107.5,65.7,4978,2025-04-21 11:39:08.678,
4597,2025-04-21 11:38:58.662879+00,7035,65.7,4977,2025-04-21 11:38:57.078,
4596,2025-04-21 11:38:47.069162+00,7525,65.58,4976,2025-04-21 11:38:45.488,
4595,2025-04-21 11:38:35.478303+00,6715,65.58,4975,2025-04-21 11:38:33.918,
4594,2025-04-21 11:38:23.904242+00,7217.5,65.82,4974,2025-04-21 11:38:22.318,
4593,2025-04-21 11:38:12.307058+00,7247.5,65.94,4973,2025-04-21 11:38:10.718,
4592,2025-04-21 11:38:00.709659+00,7211.25,65.7,4972,2025-04-21 11:37:58.998,
4591,2025-04-21 11:37:48.99241+00,7472.5,65.45,4971,2025-04-21 11:37:47.428,
4590,2025-04-21 11:37:37.383899+00,7163.75,65.58,4970,2025-04-21 11:37:35.768,
4589,2025-04-21 11:37:25.7548+00,6853.75,65.7,4969,2025-04-21 11:37:24.198,
4588,2025-04-21 11:37:14.189475+00,7372.5,65.58,4968,2025-04-21 11:37:12.638,
4587,2025-04-21 11:37:02.624436+00,7108.75,65.82,4967,2025-04-21 11:37:01.068,
4586,2025-04-21 11:36:51.048014+00,7138.75,65.58,4966,2025-04-21 11:36:49.438,
4585,2025-04-21 11:36:39.431609+00,6666.25,65.82,4965,2025-04-21 11:36:37.878,
4584,2025-04-21 11:36:27.862875+00,7445,65.82,4964,2025-04-21 11:36:26.288,
4583,2025-04-21 11:36:16.282676+00,7403.75,65.7,4963,2025-04-21 11:36:14.638,
4582,2025-04-21 11:36:04.627167+00,6985,65.94,4962,2025-04-21 11:36:03.018,
4581,2025-04-21 11:35:53.002557+00,7493.75,65.94,4961,2025-04-21 11:35:51.438,
4580,2025-04-21 11:35:41.425198+00,7000,65.94,4960,2025-04-21 11:35:39.858,
4579,2025-04-21 11:35:29.844508+00,7575,65.82,4959,2025-04-21 11:35:28.278,
4578,2025-04-21 11:35:18.265569+00,7152.5,65.82,4958,2025-04-21 11:35:16.698,
4577,2025-04-21 11:35:06.685107+00,7546.25,65.82,4957,2025-04-21 11:35:05.128,
4576,2025-04-21 11:34:55.114359+00,7336.25,65.94,4956,2025-04-21 11:34:53.538,
4575,2025-04-21 11:34:43.525813+00,7617.5,65.94,4955,2025-04-21 11:34:41.948,
4574,2025-04-21 11:34:31.934133+00,7021.25,65.82,4954,2025-04-21 11:34:30.278,
4573,2025-04-21 11:34:20.264766+00,7503.75,65.82,4953,2025-04-21 11:34:18.708,
4572,2025-04-21 11:34:08.703334+00,7232.5,65.82,4952,2025-04-21 11:34:07.138,
4571,2025-04-21 11:33:57.127765+00,6938.75,65.82,4951,2025-04-21 11:33:55.538,
4570,2025-04-21 11:33:45.524159+00,7123.75,65.7,4950,2025-04-21 11:33:43.959,
4569,2025-04-21 11:33:33.942867+00,6921.25,65.82,4949,2025-04-21 11:33:32.368,
4568,2025-04-21 11:33:22.351719+00,7282.5,65.45,4948,2025-04-21 11:33:20.768,
4567,2025-04-21 11:33:10.751546+00,7461.25,65.7,4947,2025-04-21 11:33:09.178,
4566,2025-04-21 11:32:59.170793+00,7410,65.82,4946,2025-04-21 11:32:57.578,
4565,2025-04-21 11:32:47.570501+00,7133.75,65.82,4945,2025-04-21 11:32:45.938,
4564,2025-04-21 11:32:35.9225+00,7353.75,65.82,4944,2025-04-21 11:32:34.338,
4563,2025-04-21 11:32:24.315027+00,7517.5,65.7,4943,2025-04-21 11:32:22.728,
4562,2025-04-21 11:32:12.70505+00,7065,65.82,4942,2025-04-21 11:32:11.138,
4561,2025-04-21 11:32:01.129843+00,7457.5,66.06,4941,2025-04-21 11:31:59.568,
4560,2025-04-21 11:31:49.562528+00,7156.25,65.82,4940,2025-04-21 11:31:48.008,
4559,2025-04-21 11:31:37.990969+00,7510,65.82,4939,2025-04-21 11:31:36.428,
4558,2025-04-21 11:31:26.41068+00,7591.25,66.06,4938,2025-04-21 11:31:24.828,
4557,2025-04-21 11:31:14.813946+00,7418.75,65.94,4937,2025-04-21 11:31:13.258,
4556,2025-04-21 11:31:03.241799+00,7385,65.82,4936,2025-04-21 11:31:01.598,
4555,2025-04-21 11:30:51.590783+00,7303.75,65.7,4935,2025-04-21 11:30:50.028,
4554,2025-04-21 11:30:40.011275+00,7271.25,65.82,4934,2025-04-21 11:30:38.448,
4553,2025-04-21 11:30:28.438777+00,7195,65.82,4933,2025-04-21 11:30:26.868,
4552,2025-04-21 11:30:16.850759+00,7343.75,65.82,4932,2025-04-21 11:30:15.298,
4551,2025-04-21 11:30:05.287048+00,6965,66.06,4931,2025-04-21 11:30:03.728,
4550,2025-04-21 11:29:53.714354+00,7521.25,65.33,4930,2025-04-21 11:29:52.118,
4549,2025-04-21 11:29:42.102957+00,7308.75,65.7,4929,2025-04-21 11:29:40.518,
4548,2025-04-21 11:29:30.504472+00,7287.5,65.82,4928,2025-04-21 11:29:28.918,
4547,2025-04-21 11:29:18.908427+00,7367.5,65.7,4927,2025-04-21 11:29:17.238,
4546,2025-04-21 11:29:07.228996+00,7462.5,65.7,4926,2025-04-21 11:29:05.688,
4545,2025-04-21 11:28:55.672218+00,7277.5,65.45,4925,2025-04-21 11:28:54.098,
4544,2025-04-21 11:28:44.087376+00,7142.5,65.58,4924,2025-04-21 11:28:42.498,
4543,2025-04-21 11:28:32.487568+00,7357.5,65.58,4923,2025-04-21 11:28:30.908,
4542,2025-04-21 11:28:20.875881+00,7100,65.58,4922,2025-04-21 11:28:18.928,
4541,2025-04-21 11:28:08.916668+00,7197.5,65.7,4921,2025-04-21 11:28:07.328,
4540,2025-04-21 11:27:57.304639+00,7292.5,65.82,4920,2025-04-21 11:27:55.728,
4539,2025-04-21 11:27:45.709724+00,7473.75,65.7,4919,2025-04-21 11:27:44.168,
4538,2025-04-21 11:27:34.146568+00,7403.75,65.7,4918,2025-04-21 11:27:32.488,
4537,2025-04-21 11:27:22.473399+00,7376.25,65.45,4917,2025-04-21 11:27:20.898,
4536,2025-04-21 11:27:10.880867+00,7041.25,65.58,4916,2025-04-21 11:27:09.328,
4535,2025-04-21 11:26:59.315191+00,7427.5,65.58,4915,2025-04-21 11:26:57.708,
4534,2025-04-21 11:26:47.697256+00,7367.5,65.7,4914,2025-04-21 11:26:46.158,
4533,2025-04-21 11:26:36.137393+00,7316.25,65.7,4913,2025-04-21 11:26:34.568,
4532,2025-04-21 11:26:24.550521+00,7365,65.45,4912,2025-04-21 11:26:22.958,
4531,2025-04-21 11:26:12.946185+00,7068.75,65.7,4911,2025-04-21 11:26:11.338,
4530,2025-04-21 11:26:01.324031+00,7455,65.58,4910,2025-04-21 11:25:59.738,
4529,2025-04-21 11:25:49.71923+00,7246.25,65.94,4909,2025-04-21 11:25:48.068,
4528,2025-04-21 11:25:38.053218+00,7597.5,65.82,4908,2025-04-21 11:25:36.478,
4527,2025-04-21 11:25:26.467423+00,7406.25,65.45,4907,2025-04-21 11:25:24.888,
4526,2025-04-21 11:25:14.873273+00,6915,65.58,4906,2025-04-21 11:25:13.298,
4525,2025-04-21 11:25:03.278039+00,7187.5,65.45,4905,2025-04-21 11:25:01.688,
4524,2025-04-21 11:24:51.668797+00,7322.5,65.58,4904,2025-04-21 11:24:50.078,
4523,2025-04-21 11:24:40.064957+00,7223.75,65.7,4903,2025-04-21 11:24:38.488,
4522,2025-04-21 11:24:28.471269+00,7178.75,65.58,4902,2025-04-21 11:24:26.888,
4521,2025-04-21 11:24:16.866653+00,7610,65.94,4901,2025-04-21 11:24:15.288,
4520,2025-04-21 11:24:05.27405+00,7462.5,65.94,4900,2025-04-21 11:24:03.598,
4519,2025-04-21 11:23:53.573685+00,7333.75,65.95,4899,2025-04-21 11:23:52.018,
4518,2025-04-21 11:23:42.000199+00,7387.5,66.18,4898,2025-04-21 11:23:40.428,
4517,2025-04-21 11:23:30.414065+00,7207.5,65.94,4897,2025-04-21 11:23:28.858,
4516,2025-04-21 11:23:18.837425+00,7226.25,65.7,4896,2025-04-21 11:23:17.258,
4515,2025-04-21 11:23:07.232996+00,7511.25,65.7,4895,2025-04-21 11:23:05.668,
4514,2025-04-21 11:22:55.654117+00,7301.25,65.71,4894,2025-04-21 11:22:54.068,
4513,2025-04-21 11:22:44.054161+00,7577.5,66.06,4893,2025-04-21 11:22:42.448,
4512,2025-04-21 11:22:32.428876+00,7085,65.94,4892,2025-04-21 11:22:30.868,
4511,2025-04-21 11:22:20.842469+00,7632.5,65.82,4891,2025-04-21 11:22:19.188,
4510,2025-04-21 11:22:09.168104+00,7290,66.06,4890,2025-04-21 11:22:07.578,
4509,2025-04-21 11:21:57.561968+00,7050,66.06,4889,2025-04-21 11:21:55.988,
4508,2025-04-21 11:21:45.95099+00,7278.75,66.06,4888,2025-04-21 11:21:44.368,
4507,2025-04-21 11:21:34.345485+00,7503.75,66.06,4887,2025-04-21 11:21:32.788,
4506,2025-04-21 11:21:22.773993+00,7582.5,66.06,4886,2025-04-21 11:21:21.218,
4505,2025-04-21 11:21:11.193805+00,7060,65.94,4885,2025-04-21 11:21:09.608,
4504,2025-04-21 11:20:59.592123+00,7337.5,66.18,4884,2025-04-21 11:20:58.008,
4503,2025-04-21 11:20:47.990165+00,7082.5,66.18,4883,2025-04-21 11:20:46.438,
4502,2025-04-21 11:20:36.421132+00,7517.5,66.06,4882,2025-04-21 11:20:34.758,
4501,2025-04-21 11:20:24.730473+00,7288.75,66.06,4881,2025-04-21 11:20:23.168,
4500,2025-04-21 11:20:13.150674+00,7448.75,66.18,4880,2025-04-21 11:20:11.568,
4499,2025-04-21 11:20:01.549451+00,7230,66.06,4879,2025-04-21 11:19:59.978,
4498,2025-04-21 11:19:49.968055+00,7516.25,66.06,4878,2025-04-21 11:19:48.388,
4497,2025-04-21 11:19:38.368719+00,7441.25,66.06,4877,2025-04-21 11:19:36.808,
4496,2025-04-21 11:19:26.785457+00,7492.5,66.3,4876,2025-04-21 11:19:25.218,
4495,2025-04-21 11:19:15.198344+00,7390,66.18,4875,2025-04-21 11:19:13.608,
4494,2025-04-21 11:19:03.585857+00,6880,66.06,4874,2025-04-21 11:19:02.038,
4493,2025-04-21 11:18:52.022869+00,7382.5,65.82,4873,2025-04-21 11:18:50.378,
4492,2025-04-21 11:18:40.360406+00,6947.5,66.3,4872,2025-04-21 11:18:38.788,
4491,2025-04-21 11:18:28.768154+00,7368.75,66.06,4871,2025-04-21 11:18:27.188,
4490,2025-04-21 11:18:17.172399+00,7647.5,66.06,4870,2025-04-21 11:18:15.588,
4489,2025-04-21 11:18:05.576249+00,7233.75,66.18,4869,2025-04-21 11:18:03.978,
4488,2025-04-21 11:17:53.952685+00,7245,66.06,4868,2025-04-21 11:17:52.378,
4487,2025-04-21 11:17:42.360243+00,7070,66.18,4867,2025-04-21 11:17:40.808,
4486,2025-04-21 11:17:30.791024+00,7338.75,66.06,4866,2025-04-21 11:17:29.208,
4485,2025-04-21 11:17:19.194314+00,7536.25,66.06,4865,2025-04-21 11:17:17.638,
4484,2025-04-21 11:17:07.621139+00,7457.5,65.82,4864,2025-04-21 11:17:05.958,
4483,2025-04-21 11:16:55.943333+00,7020,66.18,4863,2025-04-21 11:16:54.338,
4482,2025-04-21 11:16:44.323972+00,6863.75,66.18,4862,2025-04-21 11:16:42.748,
4481,2025-04-21 11:16:32.731783+00,7420,66.3,4861,2025-04-21 11:16:31.138,
4480,2025-04-21 11:16:21.12502+00,7412.5,66.06,4860,2025-04-21 11:16:19.558,
4479,2025-04-21 11:16:09.534297+00,7413.75,66.06,4859,2025-04-21 11:16:07.978,
4478,2025-04-21 11:15:57.962506+00,7240,65.94,4858,2025-04-21 11:15:56.378,
4477,2025-04-21 11:15:46.363223+00,7522.5,65.82,4857,2025-04-21 11:15:44.778,
4476,2025-04-21 11:15:34.760015+00,7613.75,65.94,4856,2025-04-21 11:15:33.188,
4475,2025-04-21 11:15:23.17099+00,7196.25,65.94,4855,2025-04-21 11:15:21.508,
4474,2025-04-21 11:15:11.487954+00,7562.5,66.18,4854,2025-04-21 11:15:09.888,
4473,2025-04-21 11:14:59.871514+00,7555,66.18,4853,2025-04-21 11:14:58.268,
4472,2025-04-21 11:14:48.256507+00,7408.75,66.06,4852,2025-04-21 11:14:46.678,
4471,2025-04-21 11:14:36.663605+00,7405,66.06,4851,2025-04-21 11:14:35.078,
4470,2025-04-21 11:14:25.056583+00,7395,66.18,4850,2025-04-21 11:14:23.508,
4469,2025-04-21 11:14:13.495931+00,7067.5,66.06,4849,2025-04-21 11:14:11.938,
4468,2025-04-21 11:14:01.921954+00,7328.75,65.94,4848,2025-04-21 11:14:00.368,
4467,2025-04-21 11:13:50.350252+00,7481.25,65.83,4847,2025-04-21 11:13:48.788,
4466,2025-04-21 11:13:38.772474+00,6830,65.7,4846,2025-04-21 11:13:37.148,
4465,2025-04-21 11:13:27.128805+00,7230,65.82,4845,2025-04-21 11:13:25.548,
4464,2025-04-21 11:13:15.530971+00,6850,65.58,4844,2025-04-21 11:13:13.958,
4463,2025-04-21 11:13:03.943503+00,7176.25,65.82,4843,2025-04-21 11:13:02.398,
4462,2025-04-21 11:12:52.381578+00,7525,66.06,4842,2025-04-21 11:12:50.838,
4461,2025-04-21 11:12:40.825121+00,7113.75,65.82,4841,2025-04-21 11:12:39.278,
4460,2025-04-21 11:12:29.253599+00,7542.5,65.94,4840,2025-04-21 11:12:27.708,
4459,2025-04-21 11:12:17.692394+00,7557.5,65.82,4839,2025-04-21 11:12:16.118,
4458,2025-04-21 11:12:06.075779+00,7466.25,65.94,4838,2025-04-21 11:12:04.508,
4457,2025-04-21 11:11:54.494708+00,7296.25,65.82,4837,2025-04-21 11:11:52.854,
4456,2025-04-21 11:11:42.828924+00,7447.5,65.82,4836,2025-04-21 11:11:41.238,
4455,2025-04-21 11:11:31.212178+00,7456.25,65.82,4835,2025-04-21 11:11:29.638,
4454,2025-04-21 11:11:19.620998+00,7490,65.58,4834,2025-04-21 11:11:18.078,
4453,2025-04-21 11:11:08.065494+00,7555,65.82,4833,2025-04-21 11:11:06.488,
4452,2025-04-21 11:10:56.472225+00,7151.25,65.94,4832,2025-04-21 11:10:54.879,
4451,2025-04-21 11:10:44.86063+00,6940,65.82,4831,2025-04-21 11:10:43.288,
4450,2025-04-21 11:10:33.27753+00,7288.75,65.82,4830,2025-04-21 11:10:31.708,
4449,2025-04-21 11:10:21.685388+00,7340,65.82,4829,2025-04-21 11:10:20.118,
4448,2025-04-21 11:10:10.102961+00,7023.75,65.94,4828,2025-04-21 11:10:08.458,
4447,2025-04-21 11:09:58.442115+00,7072.5,65.7,4827,2025-04-21 11:09:56.878,
4446,2025-04-21 11:09:46.860486+00,7426.25,65.7,4826,2025-04-21 11:09:45.298,
4445,2025-04-21 11:09:35.286667+00,7305,65.94,4825,2025-04-21 11:09:33.728,
4444,2025-04-21 11:09:23.704486+00,7346.25,65.82,4824,2025-04-21 11:09:22.128,
4443,2025-04-21 11:09:12.116182+00,7346.25,65.82,4823,2025-04-21 11:09:10.578,
4442,2025-04-21 11:09:00.567375+00,7500,65.7,4822,2025-04-21 11:08:59.018,
4441,2025-04-21 11:08:49.002413+00,7227.5,65.7,4821,2025-04-21 11:08:47.438,
4440,2025-04-21 11:08:37.420961+00,7311.25,65.94,4820,2025-04-21 11:08:35.878,
4439,2025-04-21 11:08:25.746219+00,7511.25,66.06,4819,2025-04-21 11:08:24.098,
4438,2025-04-21 11:08:14.071559+00,7213.75,65.58,4818,2025-04-21 11:08:12.489,
4437,2025-04-21 11:08:02.477391+00,7400,65.82,4817,2025-04-21 11:08:00.928,
4436,2025-04-21 11:07:50.909974+00,7421.25,65.7,4816,2025-04-21 11:07:49.358,
4435,2025-04-21 11:07:39.342088+00,7257.5,65.7,4815,2025-04-21 11:07:37.798,
4434,2025-04-21 11:07:27.78072+00,7227.5,65.7,4814,2025-04-21 11:07:26.208,
4433,2025-04-21 11:07:16.183518+00,7243.75,65.94,4813,2025-04-21 11:07:14.628,
4432,2025-04-21 11:07:04.607134+00,7167.5,65.82,4812,2025-04-21 11:07:03.038,
4431,2025-04-21 11:06:53.024303+00,7285,65.7,4811,2025-04-21 11:06:51.458,
4430,2025-04-21 11:06:41.431934+00,7232.5,65.94,4810,2025-04-21 11:06:39.768,
4429,2025-04-21 11:06:29.752779+00,7365,65.82,4809,2025-04-21 11:06:28.148,
4428,2025-04-21 11:06:18.132578+00,6768.75,65.82,4808,2025-04-21 11:06:16.588,
4427,2025-04-21 11:06:06.570539+00,7358.75,65.58,4807,2025-04-21 11:06:05.008,
4426,2025-04-21 11:05:54.994494+00,7506.25,65.7,4806,2025-04-21 11:05:53.408,
4425,2025-04-21 11:05:43.393365+00,7401.25,65.82,4805,2025-04-21 11:05:41.808,
4424,2025-04-21 11:05:31.790521+00,7356.25,65.7,4804,2025-04-21 11:05:30.228,
4423,2025-04-21 11:05:20.211535+00,7353.75,65.82,4803,2025-04-21 11:05:18.649,
4422,2025-04-21 11:05:08.628531+00,7240,65.45,4802,2025-04-21 11:05:07.068,
4421,2025-04-21 11:04:57.050101+00,6958.75,65.45,4801,2025-04-21 11:04:55.408,
4420,2025-04-21 11:04:45.389866+00,7355,65.94,4800,2025-04-21 11:04:43.828,
4419,2025-04-21 11:04:33.812462+00,7332.5,65.94,4799,2025-04-21 11:04:32.238,
4418,2025-04-21 11:04:22.218888+00,7256.25,65.7,4798,2025-04-21 11:04:20.648,
4417,2025-04-21 11:04:10.628743+00,7146.25,65.82,4797,2025-04-21 11:04:09.018,
4416,2025-04-21 11:03:59.003759+00,7278.75,65.7,4796,2025-04-21 11:03:57.448,
4415,2025-04-21 11:03:47.435853+00,7196.25,65.82,4795,2025-04-21 11:03:45.868,
4414,2025-04-21 11:03:35.843309+00,7536.25,65.7,4794,2025-04-21 11:03:34.288,
4413,2025-04-21 11:03:24.269736+00,7096.25,65.7,4793,2025-04-21 11:03:22.718,
4412,2025-04-21 11:03:12.701011+00,7473.75,65.58,4792,2025-04-21 11:03:11.048,
4411,2025-04-21 11:03:01.029338+00,7097.5,65.82,4791,2025-04-21 11:02:59.468,
4410,2025-04-21 11:02:49.452045+00,7558.75,65.7,4790,2025-04-21 11:02:47.888,
4409,2025-04-21 11:02:37.868183+00,7177.5,65.82,4789,2025-04-21 11:02:36.328,
4408,2025-04-21 11:02:26.308773+00,7190,65.7,4788,2025-04-21 11:02:24.758,
4407,2025-04-21 11:02:14.739458+00,7470,65.82,4787,2025-04-21 11:02:13.188,
4406,2025-04-21 11:02:03.173003+00,7217.5,65.82,4786,2025-04-21 11:02:01.618,
4405,2025-04-21 11:01:51.597367+00,7473.75,65.58,4785,2025-04-21 11:01:49.998,
4404,2025-04-21 11:01:39.981857+00,7165,65.82,4784,2025-04-21 11:01:38.418,
4403,2025-04-21 11:01:28.399162+00,7172.5,65.45,4783,2025-04-21 11:01:26.768,
4402,2025-04-21 11:01:16.754046+00,7423.75,65.82,4782,2025-04-21 11:01:15.208,
4401,2025-04-21 11:01:05.193717+00,7483.75,65.7,4781,2025-04-21 11:01:03.638,
4400,2025-04-21 11:00:53.61917+00,7250,65.94,4780,2025-04-21 11:00:52.068,
4399,2025-04-21 11:00:42.05562+00,7145,65.45,4779,2025-04-21 11:00:40.468,
4398,2025-04-21 11:00:30.447989+00,7136.25,65.7,4778,2025-04-21 11:00:28.888,
4397,2025-04-21 11:00:18.869196+00,6947.5,65.7,4777,2025-04-21 11:00:17.318,
4396,2025-04-21 11:00:07.308561+00,7131.25,65.45,4776,2025-04-21 11:00:05.748,
4395,2025-04-21 10:59:55.732295+00,7206.25,65.33,4775,2025-04-21 10:59:54.158,
4394,2025-04-21 10:59:44.142282+00,6947.5,65.33,4774,2025-04-21 10:59:42.478,
4393,2025-04-21 10:59:32.461561+00,7396.25,65.7,4773,2025-04-21 10:59:30.888,
4392,2025-04-21 10:59:20.869373+00,7050,65.82,4772,2025-04-21 10:59:19.328,
4391,2025-04-21 10:59:09.311529+00,7117.5,65.33,4771,2025-04-21 10:59:07.768,
4390,2025-04-21 10:58:57.752701+00,6985,65.45,4770,2025-04-21 10:58:56.188,
4389,2025-04-21 10:58:46.166141+00,7043.75,65.45,4769,2025-04-21 10:58:44.598,
4388,2025-04-21 10:58:34.587949+00,7236.25,65.7,4768,2025-04-21 10:58:33.038,
4387,2025-04-21 10:58:23.029889+00,6986.25,65.45,4767,2025-04-21 10:58:21.448,
4386,2025-04-21 10:58:11.426933+00,7233.75,65.58,4766,2025-04-21 10:58:09.848,
4385,2025-04-21 10:57:59.827372+00,7323.75,65.7,4765,2025-04-21 10:57:58.168,
4384,2025-04-21 10:57:48.141863+00,7302.5,65.45,4764,2025-04-21 10:57:46.588,
4383,2025-04-21 10:57:36.574374+00,6966.25,65.33,4763,2025-04-21 10:57:35.018,
4382,2025-04-21 10:57:25.005056+00,7450,65.33,4762,2025-04-21 10:57:23.448,
4381,2025-04-21 10:57:13.43842+00,7303.75,65.45,4761,2025-04-21 10:57:11.878,
4380,2025-04-21 10:57:01.856802+00,6935,65.33,4760,2025-04-21 10:57:00.268,
4379,2025-04-21 10:56:50.254445+00,6922.5,65.09,4759,2025-04-21 10:56:48.698,
4378,2025-04-21 10:56:38.685587+00,6995,65.09,4758,2025-04-21 10:56:37.098,
4377,2025-04-21 10:56:27.062995+00,7423.75,65.21,4757,2025-04-21 10:56:25.498,
4376,2025-04-21 10:56:15.483783+00,6730,65.09,4756,2025-04-21 10:56:13.828,
4375,2025-04-21 10:56:03.807753+00,7126.25,65.21,4755,2025-04-21 10:56:02.248,
4374,2025-04-21 10:55:52.226091+00,7298.75,65.09,4754,2025-04-21 10:55:50.668,
4373,2025-04-21 10:55:40.647394+00,6783.75,65.09,4753,2025-04-21 10:55:39.068,
4372,2025-04-21 10:55:29.051944+00,7577.5,65.21,4752,2025-04-21 10:55:27.478,
4371,2025-04-21 10:55:17.46689+00,7247.5,65.21,4751,2025-04-21 10:55:15.899,
4370,2025-04-21 10:55:05.881911+00,6836.25,64.97,4750,2025-04-21 10:55:04.318,
4369,2025-04-21 10:54:54.306656+00,7473.75,64.97,4749,2025-04-21 10:54:52.728,
4368,2025-04-21 10:54:42.712554+00,7187.5,65.09,4748,2025-04-21 10:54:41.148,
4367,2025-04-21 10:54:31.130374+00,7568.75,65.09,4747,2025-04-21 10:54:29.468,
4366,2025-04-21 10:54:19.457307+00,6981.25,64.85,4746,2025-04-21 10:54:17.888,
4365,2025-04-21 10:54:07.870506+00,6875,64.97,4745,2025-04-21 10:54:06.288,
4364,2025-04-21 10:53:56.274799+00,7610,64.73,4744,2025-04-21 10:53:54.688,
4363,2025-04-21 10:53:44.674496+00,7333.75,65.09,4743,2025-04-21 10:53:43.128,
4362,2025-04-21 10:53:33.112369+00,7238.75,64.61,4742,2025-04-21 10:53:31.558,
4361,2025-04-21 10:53:21.545439+00,7456.25,64.97,4741,2025-04-21 10:53:19.998,
4360,2025-04-21 10:53:09.980904+00,7390,64.85,4740,2025-04-21 10:53:08.378,
4359,2025-04-21 10:52:58.369341+00,7430,64.73,4739,2025-04-21 10:52:56.798,
4358,2025-04-21 10:52:46.784781+00,6971.25,64.97,4738,2025-04-21 10:52:45.129,
4357,2025-04-21 10:52:35.114146+00,7072.5,64.97,4737,2025-04-21 10:52:33.538,
4356,2025-04-21 10:52:23.5277+00,6993.75,65.21,4736,2025-04-21 10:52:21.948,
4355,2025-04-21 10:52:11.939712+00,6758.75,65.21,4735,2025-04-21 10:52:10.378,
4354,2025-04-21 10:52:00.363831+00,6806.25,65.09,4734,2025-04-21 10:51:58.808,
4353,2025-04-21 10:51:48.792307+00,7558.75,64.97,4733,2025-04-21 10:51:47.218,
4352,2025-04-21 10:51:37.204703+00,6742.5,65.09,4732,2025-04-21 10:51:35.628,
4351,2025-04-21 10:51:25.617622+00,7361.25,65.21,4731,2025-04-21 10:51:24.068,
4350,2025-04-21 10:51:14.056493+00,6733.75,65.09,4730,2025-04-21 10:51:12.488,
4349,2025-04-21 10:51:02.475566+00,7316.25,65.45,4729,2025-04-21 10:51:00.818,
4348,2025-04-21 10:50:50.802769+00,7258.75,65.21,4728,2025-04-21 10:50:49.238,
4347,2025-04-21 10:50:39.222527+00,7591.25,65.21,4727,2025-04-21 10:50:37.668,
4346,2025-04-21 10:50:27.651934+00,6867.5,65.21,4726,2025-04-21 10:50:26.098,
4345,2025-04-21 10:50:16.086354+00,6948.75,65.33,4725,2025-04-21 10:50:14.538,
4344,2025-04-21 10:50:04.523013+00,7597.5,65.21,4724,2025-04-21 10:50:02.958,
4343,2025-04-21 10:49:52.947245+00,7081.25,65.21,4723,2025-04-21 10:49:51.348,
4342,2025-04-21 10:49:41.332013+00,7192.5,65.21,4722,2025-04-21 10:49:39.738,
4341,2025-04-21 10:49:29.71803+00,7422.5,65.45,4721,2025-04-21 10:49:28.168,
4340,2025-04-21 10:49:18.15462+00,6980,65.33,4720,2025-04-21 10:49:16.508,
4339,2025-04-21 10:49:06.497985+00,7331.25,65.45,4719,2025-04-21 10:49:04.938,
4338,2025-04-21 10:48:54.929828+00,7113.75,65.58,4718,2025-04-21 10:48:53.368,
4337,2025-04-21 10:48:43.345443+00,7030,65.7,4717,2025-04-21 10:48:41.728,
4336,2025-04-21 10:48:31.716024+00,7431.25,65.45,4716,2025-04-21 10:48:30.148,
4335,2025-04-21 10:48:20.131141+00,7163.75,65.58,4715,2025-04-21 10:48:18.568,
4334,2025-04-21 10:48:08.54549+00,7170,65.58,4714,2025-04-21 10:48:06.968,
4333,2025-04-21 10:47:56.956746+00,7196.25,65.58,4713,2025-04-21 10:47:55.378,
4332,2025-04-21 10:47:45.364387+00,7728.75,65.45,4712,2025-04-21 10:47:43.798,
4331,2025-04-21 10:47:33.784135+00,7236.25,65.58,4711,2025-04-21 10:47:32.158,
4330,2025-04-21 10:47:22.150188+00,7351.25,65.58,4710,2025-04-21 10:47:20.598,
4329,2025-04-21 10:47:10.588138+00,6778.75,65.58,4709,2025-04-21 10:47:08.998,
4328,2025-04-21 10:46:58.981456+00,7166.25,65.82,4708,2025-04-21 10:46:57.428,
4327,2025-04-21 10:46:47.409+00,7400,65.58,4707,2025-04-21 10:46:45.838,
4326,2025-04-21 10:46:35.820883+00,7493.75,65.7,4706,2025-04-21 10:46:34.268,
4325,2025-04-21 10:46:24.252392+00,7375,65.7,4705,2025-04-21 10:46:22.692,
4324,2025-04-21 10:46:12.67073+00,6947.5,65.82,4704,2025-04-21 10:46:11.078,
4323,2025-04-21 10:46:01.066291+00,6783.75,65.82,4703,2025-04-21 10:45:59.498,
4322,2025-04-21 10:45:49.484122+00,7080,65.82,4702,2025-04-21 10:45:47.838,
4321,2025-04-21 10:45:37.823688+00,7381.25,65.7,4701,2025-04-21 10:45:36.268,
4320,2025-04-21 10:45:26.259608+00,6832.5,65.7,4700,2025-04-21 10:45:24.698,
4319,2025-04-21 10:45:14.688005+00,7437.5,65.7,4699,2025-04-21 10:45:13.138,
4318,2025-04-21 10:45:03.126222+00,7213.75,66.06,4698,2025-04-21 10:45:01.568,
4317,2025-04-21 10:44:51.559331+00,7006.25,65.94,4697,2025-04-21 10:44:50.013,
4316,2025-04-21 10:44:40.006021+00,7157.5,65.94,4696,2025-04-21 10:44:37.048,
4315,2025-04-21 10:44:27.032686+00,7295,65.45,4695,2025-04-21 10:44:25.468,
4314,2025-04-21 10:44:15.459237+00,7103.75,65.82,4694,2025-04-21 10:44:13.898,
4313,2025-04-21 10:44:03.882991+00,7017.5,65.94,4693,2025-04-21 10:44:02.238,
4312,2025-04-21 10:43:52.22461+00,7413.75,65.94,4692,2025-04-21 10:43:50.648,
4311,2025-04-21 10:43:40.64042+00,7292.5,65.94,4691,2025-04-21 10:43:39.088,
4310,2025-04-21 10:43:29.067694+00,7138.75,65.94,4690,2025-04-21 10:43:27.488,
4309,2025-04-21 10:43:17.477347+00,7235,65.82,4689,2025-04-21 10:43:15.898,
4308,2025-04-21 10:43:05.888282+00,6943.75,65.94,4688,2025-04-21 10:43:04.318,
4307,2025-04-21 10:42:54.308082+00,7477.5,65.82,4687,2025-04-21 10:42:52.748,
4306,2025-04-21 10:42:42.731683+00,7152.5,65.94,4686,2025-04-21 10:42:41.168,
4305,2025-04-21 10:42:31.150647+00,7056.25,65.82,4685,2025-04-21 10:42:29.538,
4304,2025-04-21 10:42:19.523919+00,7243.75,65.82,4684,2025-04-21 10:42:17.858,
4303,2025-04-21 10:42:07.827105+00,7443.75,65.82,4683,2025-04-21 10:42:06.248,
4302,2025-04-21 10:41:56.234811+00,7162.5,65.82,4682,2025-04-21 10:41:54.668,
4301,2025-04-21 10:41:44.650422+00,7046.25,65.82,4681,2025-04-21 10:41:43.078,
4300,2025-04-21 10:41:33.060541+00,6906.25,65.7,4680,2025-04-21 10:41:31.498,
4299,2025-04-21 10:41:21.483224+00,6913.75,65.95,4679,2025-04-21 10:41:19.928,
4298,2025-04-21 10:41:09.911754+00,6871.25,65.82,4678,2025-04-21 10:41:08.328,
4297,2025-04-21 10:40:58.315996+00,7401.25,66.06,4677,2025-04-21 10:40:56.748,
4296,2025-04-21 10:40:46.737273+00,7061.25,65.94,4676,2025-04-21 10:40:45.168,
4295,2025-04-21 10:40:35.155717+00,7183.75,65.94,4675,2025-04-21 10:40:33.498,
4294,2025-04-21 10:40:23.485047+00,7448.75,66.06,4674,2025-04-21 10:40:21.919,
4293,2025-04-21 10:40:11.9078+00,7705,66.18,4673,2025-04-21 10:40:10.307,
4292,2025-04-21 10:40:00.322952+00,6888.75,65.7,4672,2025-04-21 10:39:58.687,
4291,2025-04-21 10:39:48.700936+00,7330,65.94,4671,2025-04-21 10:39:47.107,
4290,2025-04-21 10:39:37.129152+00,7245,65.7,4670,2025-04-21 10:39:35.557,
4289,2025-04-21 10:39:25.569802+00,6957.5,65.94,4669,2025-04-21 10:39:23.977,
4288,2025-04-21 10:39:13.993954+00,7287.5,65.82,4668,2025-04-21 10:39:12.407,
4287,2025-04-21 10:39:02.420531+00,7476.25,65.82,4667,2025-04-21 10:39:00.807,
4286,2025-04-21 10:38:50.821566+00,7385,65.7,4666,2025-04-21 10:38:49.127,
4285,2025-04-21 10:38:39.140731+00,6905,65.82,4665,2025-04-21 10:38:37.537,
4284,2025-04-21 10:38:27.557808+00,7082.5,65.82,4664,2025-04-21 10:38:25.977,
4283,2025-04-21 10:38:15.998588+00,7211.25,65.7,4663,2025-04-21 10:38:14.417,
4282,2025-04-21 10:38:04.433163+00,7335,65.58,4662,2025-04-21 10:38:02.817,
4281,2025-04-21 10:37:52.838164+00,6878.75,65.58,4661,2025-04-21 10:37:51.247,
4280,2025-04-21 10:37:41.267981+00,7098.75,65.45,4660,2025-04-21 10:37:39.697,
4279,2025-04-21 10:37:29.711038+00,7405,65.58,4659,2025-04-21 10:37:28.127,
4278,2025-04-21 10:37:18.143882+00,7021.25,65.58,4658,2025-04-21 10:37:16.547,
4277,2025-04-21 10:37:06.566446+00,7216.25,65.82,4657,2025-04-21 10:37:04.857,
4276,2025-04-21 10:36:54.850559+00,7443.75,65.94,4656,2025-04-21 10:36:53.237,
4275,2025-04-21 10:36:43.260634+00,7517.5,65.7,4655,2025-04-21 10:36:41.677,
4274,2025-04-21 10:36:31.688599+00,7357.5,65.94,4654,2025-04-21 10:36:30.097,
4273,2025-04-21 10:36:20.113756+00,7097.5,65.83,4653,2025-04-21 10:36:18.507,
4272,2025-04-21 10:36:08.520164+00,6942.5,65.82,4652,2025-04-21 10:36:06.917,
4271,2025-04-21 10:35:56.931603+00,7287.5,65.7,4651,2025-04-21 10:35:55.347,
4270,2025-04-21 10:35:45.362726+00,7293.75,65.58,4650,2025-04-21 10:35:43.777,
4269,2025-04-21 10:35:33.792799+00,6886.25,65.82,4649,2025-04-21 10:35:32.187,
4268,2025-04-21 10:35:22.202542+00,7421.25,65.94,4648,2025-04-21 10:35:20.537,
4267,2025-04-21 10:35:10.558006+00,7306.25,65.82,4647,2025-04-21 10:35:08.977,
4266,2025-04-21 10:34:58.990884+00,6846.25,65.94,4646,2025-04-21 10:34:57.387,
4265,2025-04-21 10:34:47.404494+00,6857.5,66.06,4645,2025-04-21 10:34:45.827,
4264,2025-04-21 10:34:35.843388+00,7088.75,65.82,4644,2025-04-21 10:34:34.267,
4263,2025-04-21 10:34:24.281156+00,7503.75,65.94,4643,2025-04-21 10:34:22.687,
4262,2025-04-21 10:34:12.705523+00,6807.5,65.82,4642,2025-04-21 10:34:11.107,
4261,2025-04-21 10:34:01.122782+00,7253.75,66.06,4641,2025-04-21 10:33:59.517,
4260,2025-04-21 10:33:49.53124+00,7031.25,65.82,4640,2025-04-21 10:33:47.957,
4259,2025-04-21 10:33:37.976458+00,7390,66.06,4639,2025-04-21 10:33:36.277,
4258,2025-04-21 10:33:26.292529+00,7382.5,66.06,4638,2025-04-21 10:33:24.717,
4257,2025-04-21 10:33:14.730631+00,7117.5,65.94,4637,2025-04-21 10:33:13.157,
4256,2025-04-21 10:33:03.171765+00,7076.25,65.94,4636,2025-04-21 10:33:01.557,
4255,2025-04-21 10:32:51.574451+00,7396.25,65.94,4635,2025-04-21 10:32:49.957,
4254,2025-04-21 10:32:39.969688+00,7386.25,66.18,4634,2025-04-21 10:32:38.387,
4253,2025-04-21 10:32:28.396519+00,7076.25,65.82,4633,2025-04-21 10:32:26.807,
4252,2025-04-21 10:32:16.81788+00,7135,66.06,4632,2025-04-21 10:32:15.217,
4251,2025-04-21 10:32:05.230594+00,7052.5,65.94,4631,2025-04-21 10:32:03.607,
4250,2025-04-21 10:31:53.619555+00,6915,65.58,4630,2025-04-21 10:31:51.947,
4249,2025-04-21 10:31:41.966947+00,7337.5,65.94,4629,2025-04-21 10:31:40.377,
4248,2025-04-21 10:31:30.392303+00,7210,65.94,4628,2025-04-21 10:31:28.807,
4247,2025-04-21 10:31:18.819247+00,6972.5,65.58,4627,2025-04-21 10:31:17.197,
4246,2025-04-21 10:31:07.209481+00,7103.75,65.94,4626,2025-04-21 10:31:01.567,
4245,2025-04-21 10:30:51.577005+00,7136.25,65.83,4625,2025-04-21 10:30:49.957,
4244,2025-04-21 10:30:39.973371+00,7208.75,66.06,4624,2025-04-21 10:30:38.367,
4243,2025-04-21 10:30:28.384362+00,7336.25,66.06,4623,2025-04-21 10:30:26.787,
4242,2025-04-21 10:30:16.804825+00,7305,66.06,4622,2025-04-21 10:30:15.207,
4241,2025-04-21 10:30:05.220653+00,6970,66.18,4621,2025-04-21 10:30:03.597,
4240,2025-04-21 10:29:53.611936+00,7116.25,66.06,4620,2025-04-21 10:29:52.027,
4239,2025-04-21 10:29:42.046765+00,7455,66.06,4619,2025-04-21 10:29:40.447,
4238,2025-04-21 10:29:30.424919+00,7482.5,66.06,4618,2025-04-21 10:29:28.817,
4237,2025-04-21 10:29:18.829733+00,6852.5,66.06,4617,2025-04-21 10:29:17.247,
4236,2025-04-21 10:29:07.259536+00,7240,66.18,4616,2025-04-21 10:29:05.677,
4235,2025-04-21 10:28:55.672532+00,7462.5,66.06,4615,2025-04-21 10:28:54.097,
4234,2025-04-21 10:28:44.107584+00,7088.75,66.06,4614,2025-04-21 10:28:42.527,
4233,2025-04-21 10:28:32.541998+00,7032.5,65.82,4613,2025-04-21 10:28:30.957,
4232,2025-04-21 10:28:20.97501+00,7251.25,65.82,4612,2025-04-21 10:28:19.387,
4231,2025-04-21 10:28:09.40638+00,7317.5,65.94,4611,2025-04-21 10:28:07.777,
4230,2025-04-21 10:27:57.78746+00,7187.5,65.94,4610,2025-04-21 10:27:56.177,
4229,2025-04-21 10:27:46.188259+00,7710,65.94,4609,2025-04-21 10:27:44.577,
4228,2025-04-21 10:27:34.593435+00,7060,65.82,4608,2025-04-21 10:27:32.987,
4227,2025-04-21 10:27:23.003618+00,7245,66.06,4607,2025-04-21 10:27:21.427,
4226,2025-04-21 10:27:11.448358+00,7148.75,65.94,4606,2025-04-21 10:27:09.857,
4225,2025-04-21 10:26:59.875554+00,6953.75,66.06,4605,2025-04-21 10:26:58.287,
4224,2025-04-21 10:26:48.304663+00,7237.5,65.94,4604,2025-04-21 10:26:46.687,
4223,2025-04-21 10:26:36.703709+00,7215,65.82,4603,2025-04-21 10:26:35.127,
4222,2025-04-21 10:26:25.145512+00,6947.5,65.94,4602,2025-04-21 10:26:23.577,
4221,2025-04-21 10:26:13.588419+00,6897.5,66.06,4601,2025-04-21 10:26:12.007,
4220,2025-04-21 10:26:02.015267+00,7150,66.06,4600,2025-04-21 10:26:00.387,
4219,2025-04-21 10:25:50.38966+00,7126.25,65.94,4599,2025-04-21 10:25:48.767,
4218,2025-04-21 10:25:38.786515+00,7178.75,66.06,4598,2025-04-21 10:25:37.167,
4217,2025-04-21 10:25:27.177412+00,7175,66.18,4597,2025-04-21 10:25:25.587,
4216,2025-04-21 10:25:15.601487+00,7185,65.94,4596,2025-04-21 10:25:13.987,
4215,2025-04-21 10:25:03.978457+00,7001.25,65.82,4595,2025-04-21 10:25:02.367,
4214,2025-04-21 10:24:52.377787+00,7316.25,66.18,4594,2025-04-21 10:24:50.787,
4213,2025-04-21 10:24:40.799534+00,7052.5,65.94,4593,2025-04-21 10:24:39.227,
4212,2025-04-21 10:24:29.241061+00,6838.75,66.18,4592,2025-04-21 10:24:27.647,
4211,2025-04-21 10:24:17.660944+00,7177.5,66.3,4591,2025-04-21 10:24:16.087,
4210,2025-04-21 10:24:06.099825+00,7162.5,65.94,4590,2025-04-21 10:24:04.467,
4209,2025-04-21 10:23:54.48257+00,7122.5,66.06,4589,2025-04-21 10:23:52.907,
4208,2025-04-21 10:23:42.915984+00,6950,66.06,4588,2025-04-21 10:23:41.327,
4207,2025-04-21 10:23:31.331727+00,7185,65.94,4587,2025-04-21 10:23:29.737,
4206,2025-04-21 10:23:19.750817+00,7360,65.7,4586,2025-04-21 10:23:18.137,
4205,2025-04-21 10:23:08.148648+00,7390,66.06,4585,2025-04-21 10:23:06.537,
4204,2025-04-21 10:22:56.549119+00,7202.5,65.82,4584,2025-04-21 10:22:54.907,
4203,2025-04-21 10:22:44.918686+00,7205,66.3,4583,2025-04-21 10:22:43.307,
4202,2025-04-21 10:22:33.326449+00,7306.25,65.94,4582,2025-04-21 10:22:31.707,
4201,2025-04-21 10:22:21.719098+00,7346.25,66.18,4581,2025-04-21 10:22:20.107,
4200,2025-04-21 10:22:10.126399+00,7110,66.18,4580,2025-04-21 10:22:08.537,
4199,2025-04-21 10:21:58.550997+00,7147.5,66.18,4579,2025-04-21 10:21:56.927,
4198,2025-04-21 10:21:46.937588+00,6732.5,66.18,4578,2025-04-21 10:21:45.327,
4197,2025-04-21 10:21:35.343181+00,7232.5,66.06,4577,2025-04-21 10:21:33.717,
4196,2025-04-21 10:21:23.728231+00,7291.25,66.3,4576,2025-04-21 10:21:22.067,
4195,2025-04-21 10:21:12.084352+00,7381.25,66.06,4575,2025-04-21 10:21:10.477,
4194,2025-04-21 10:21:00.48797+00,6903.75,65.94,4574,2025-04-21 10:20:58.887,
4193,2025-04-21 10:20:48.90332+00,7373.75,66.06,4573,2025-04-21 10:20:47.277,
4192,2025-04-21 10:20:37.296642+00,7378.75,66.06,4572,2025-04-21 10:20:35.717,
4191,2025-04-21 10:20:25.724864+00,7262.5,66.06,4571,2025-04-21 10:20:24.127,
4190,2025-04-21 10:20:14.139+00,7248.75,66.18,4570,2025-04-21 10:20:12.547,
4189,2025-04-21 10:20:02.564974+00,7281.25,65.7,4569,2025-04-21 10:20:00.967,
4188,2025-04-21 10:19:50.988217+00,6678.75,65.82,4568,2025-04-21 10:19:49.397,
4187,2025-04-21 10:19:39.415389+00,7173.75,65.94,4567,2025-04-21 10:19:37.717,
4186,2025-04-21 10:19:27.729989+00,7171.25,65.94,4566,2025-04-21 10:19:26.147,
4185,2025-04-21 10:19:16.161049+00,7295,65.7,4565,2025-04-21 10:19:14.577,
4184,2025-04-21 10:19:04.592489+00,7181.25,65.58,4564,2025-04-21 10:19:02.977,
4183,2025-04-21 10:18:52.987406+00,7138.75,65.94,4563,2025-04-21 10:18:51.407,
4182,2025-04-21 10:18:41.423582+00,7237.5,65.94,4562,2025-04-21 10:18:39.797,
4181,2025-04-21 10:18:29.809638+00,6805,66.06,4561,2025-04-21 10:18:28.207,
4180,2025-04-21 10:18:18.220646+00,7291.25,65.7,4560,2025-04-21 10:18:16.647,
4179,2025-04-21 10:18:06.653542+00,7162.5,65.82,4559,2025-04-21 10:18:05.047,
4178,2025-04-21 10:17:55.06201+00,6865,65.82,4558,2025-04-21 10:17:53.347,
4177,2025-04-21 10:17:43.359983+00,7187.5,65.7,4557,2025-04-21 10:17:41.767,
4176,2025-04-21 10:17:31.774559+00,7307.5,65.45,4556,2025-04-21 10:17:30.177,
4175,2025-04-21 10:17:20.192566+00,6748.75,65.33,4555,2025-04-21 10:17:18.587,
4174,2025-04-21 10:17:08.601646+00,7502.5,65.7,4554,2025-04-21 10:17:07.017,
4173,2025-04-21 10:16:57.032119+00,6971.25,65.47,4553,2025-04-21 10:16:55.437,
4172,2025-04-21 10:16:45.453241+00,7127.5,65.45,4552,2025-04-21 10:16:43.867,
4171,2025-04-21 10:16:33.885461+00,6935,65.7,4551,2025-04-21 10:16:32.297,
4170,2025-04-21 10:16:22.312032+00,7313.75,65.58,4550,2025-04-21 10:16:20.727,
4169,2025-04-21 10:16:10.741282+00,7157.5,65.58,4549,2025-04-21 10:16:09.047,
4168,2025-04-21 10:15:59.064612+00,7137.5,65.45,4548,2025-04-21 10:15:57.447,
4167,2025-04-21 10:15:47.458983+00,7128.75,65.7,4547,2025-04-21 10:15:45.827,
4166,2025-04-21 10:15:35.845545+00,7320,65.82,4546,2025-04-21 10:15:34.247,
4165,2025-04-21 10:15:24.25249+00,6601.25,65.45,4545,2025-04-21 10:15:22.667,
4164,2025-04-21 10:15:12.687538+00,7158.75,65.58,4544,2025-04-21 10:15:11.077,
4163,2025-04-21 10:15:01.089408+00,7003.75,65.7,4543,2025-04-21 10:14:59.467,
4162,2025-04-21 10:14:49.487196+00,6873.75,65.7,4542,2025-04-21 10:14:47.907,
4161,2025-04-21 10:14:37.912976+00,6787.5,65.7,4541,2025-04-21 10:14:36.327,
4160,2025-04-21 10:14:26.335679+00,7167.5,65.7,4540,2025-04-21 10:14:24.647,
4159,2025-04-21 10:14:14.668035+00,7610,65.58,4539,2025-04-21 10:14:13.067,
4158,2025-04-21 10:14:03.079731+00,6563.75,65.58,4538,2025-04-21 10:14:01.467,
4157,2025-04-21 10:13:51.488666+00,7092.5,65.7,4537,2025-04-21 10:13:49.857,
4156,2025-04-21 10:13:39.875735+00,6927.5,65.7,4536,2025-04-21 10:13:38.267,
4155,2025-04-21 10:13:28.279787+00,7006.25,65.82,4535,2025-04-21 10:13:26.687,
4154,2025-04-21 10:13:16.704203+00,7082.5,65.82,4534,2025-04-21 10:13:15.107,
4153,2025-04-21 10:13:05.124159+00,7450,65.7,4533,2025-04-21 10:13:03.497,
4152,2025-04-21 10:12:53.516455+00,6587.5,65.7,4532,2025-04-21 10:12:51.897,
4151,2025-04-21 10:12:41.910768+00,7336.25,65.58,4531,2025-04-21 10:12:40.207,
4150,2025-04-21 10:12:30.223427+00,7258.75,65.82,4530,2025-04-21 10:12:28.647,
4149,2025-04-21 10:12:18.652071+00,7121.25,66.06,4529,2025-04-21 10:12:17.047,
4148,2025-04-21 10:12:07.062357+00,6541.25,65.82,4528,2025-04-21 10:12:05.467,
4147,2025-04-21 10:11:55.482069+00,6850,65.82,4527,2025-04-21 10:11:53.897,
4146,2025-04-21 10:11:43.912744+00,7088.75,66.06,4526,2025-04-21 10:11:42.327,
4145,2025-04-21 10:11:32.345339+00,7507.5,65.94,4525,2025-04-21 10:11:30.737,
4144,2025-04-21 10:11:20.750509+00,7155,66.18,4524,2025-04-21 10:11:19.147,
4143,2025-04-21 10:11:09.165631+00,7030,65.94,4523,2025-04-21 10:11:07.587,
4142,2025-04-21 10:10:57.594805+00,6911.25,66.42,4522,2025-04-21 10:10:55.897,
4141,2025-04-21 10:10:45.908703+00,6822.5,66.06,4521,2025-04-21 10:10:44.297,
4140,2025-04-21 10:10:34.314793+00,7025,66.55,4520,2025-04-21 10:10:32.707,
4139,2025-04-21 10:10:22.716693+00,7456.25,66.42,4519,2025-04-21 10:10:21.087,
4138,2025-04-21 10:10:11.100114+00,6921.25,66.42,4518,2025-04-21 10:10:09.497,
4137,2025-04-21 10:09:59.510482+00,7170,66.3,4517,2025-04-21 10:09:57.897,
4136,2025-04-21 10:09:47.909627+00,6970,66.18,4516,2025-04-21 10:09:46.317,
4135,2025-04-21 10:09:36.336503+00,6737.5,66.3,4515,2025-04-21 10:09:34.737,
4134,2025-04-21 10:09:24.748897+00,7393.75,66.18,4514,2025-04-21 10:09:23.157,
4133,2025-04-21 10:09:13.157249+00,6857.5,66.3,4513,2025-04-21 10:09:11.477,
4132,2025-04-21 10:09:01.492662+00,7126.25,66.18,4512,2025-04-21 10:08:59.917,
4131,2025-04-21 10:08:49.822578+00,6888.75,66.3,4511,2025-04-21 10:08:48.227,
4130,2025-04-21 10:08:38.238149+00,6965,66.18,4510,2025-04-21 10:08:36.647,
4129,2025-04-21 10:08:26.665504+00,7435,66.42,4509,2025-04-21 10:08:25.087,
4128,2025-04-21 10:08:15.097532+00,7001.25,66.18,4508,2025-04-21 10:08:13.517,
4127,2025-04-21 10:08:03.528111+00,6876.25,66.06,4507,2025-04-21 10:08:01.947,
4126,2025-04-21 10:07:51.953656+00,7118.75,66.06,4506,2025-04-21 10:07:50.337,
4125,2025-04-21 10:07:40.333226+00,6901.25,66.42,4505,2025-04-21 10:07:38.757,
4124,2025-04-21 10:07:28.758646+00,7022.5,66.42,4504,2025-04-21 10:07:27.067,
4123,2025-04-21 10:07:17.072807+00,6867.5,66.42,4503,2025-04-21 10:07:15.487,
4122,2025-04-21 10:07:05.483124+00,7145,66.3,4502,2025-04-21 10:07:03.907,
4121,2025-04-21 10:06:53.916604+00,7522.5,66.42,4501,2025-04-21 10:06:52.347,
4120,2025-04-21 10:06:42.359047+00,7382.5,66.42,4500,2025-04-21 10:06:40.777,
4119,2025-04-21 10:06:30.782383+00,7431.25,66.42,4499,2025-04-21 10:06:29.167,
4118,2025-04-21 10:06:19.181072+00,6942.5,66.79,4498,2025-04-21 10:06:17.597,
4117,2025-04-21 10:06:07.608156+00,7053.75,66.55,4497,2025-04-21 10:06:06.007,
4116,2025-04-21 10:05:56.015388+00,6901.25,66.42,4496,2025-04-21 10:05:54.417,
4115,2025-04-21 10:05:44.425577+00,7045,66.42,4495,2025-04-21 10:05:42.747,
4114,2025-04-21 10:05:32.752446+00,7497.5,66.67,4494,2025-04-21 10:05:31.157,
4113,2025-04-21 10:05:21.161345+00,7346.25,66.3,4493,2025-04-21 10:05:19.557,
4112,2025-04-21 10:05:09.571225+00,7513.75,66.42,4492,2025-04-21 10:05:07.967,
4111,2025-04-21 10:04:57.975393+00,6952.5,66.67,4491,2025-04-21 10:04:56.407,
4110,2025-04-21 10:04:46.420534+00,7127.5,66.42,4490,2025-04-21 10:04:44.817,
4109,2025-04-21 10:04:34.829855+00,7396.25,66.3,4489,2025-04-21 10:04:33.227,
4108,2025-04-21 10:04:23.238481+00,7025,66.3,4488,2025-04-21 10:04:21.667,
4107,2025-04-21 10:04:11.675569+00,7100,66.42,4487,2025-04-21 10:04:10.077,
4106,2025-04-21 10:04:00.091241+00,6845,66.3,4486,2025-04-21 10:03:58.407,
4105,2025-04-21 10:03:48.412338+00,6883.75,66.42,4485,2025-04-21 10:03:46.827,
4104,2025-04-21 10:03:36.838191+00,7132.5,66.42,4484,2025-04-21 10:03:35.237,
4103,2025-04-21 10:03:25.24881+00,6935,66.3,4483,2025-04-21 10:03:23.657,
4102,2025-04-21 10:03:13.660641+00,7063.75,66.3,4482,2025-04-21 10:03:12.067,
4101,2025-04-21 10:03:02.078083+00,7111.25,66.18,4481,2025-04-21 10:03:00.467,
4100,2025-04-21 10:02:50.477288+00,6842.5,66.18,4480,2025-04-21 10:02:48.867,
4099,2025-04-21 10:02:38.864742+00,7017.5,66.55,4479,2025-04-21 10:02:37.277,
4098,2025-04-21 10:02:27.288465+00,7092.5,66.18,4478,2025-04-21 10:02:25.687,
4097,2025-04-21 10:02:15.691307+00,7100,66.42,4477,2025-04-21 10:02:14.007,
4096,2025-04-21 10:02:04.013647+00,7321.25,66.3,4476,2025-04-21 10:02:02.417,
4095,2025-04-21 10:01:52.423402+00,6997.5,66.3,4475,2025-04-21 10:01:50.797,
4094,2025-04-21 10:01:40.806602+00,7288.75,66.06,4474,2025-04-21 10:01:39.197,
4093,2025-04-21 10:01:29.203284+00,7023.75,66.06,4473,2025-04-21 10:01:27.617,
4092,2025-04-21 10:01:17.630565+00,6858.75,65.94,4472,2025-04-21 10:01:16.027,
4091,2025-04-21 10:01:06.036736+00,7096.25,65.94,4471,2025-04-21 10:01:04.427,
4090,2025-04-21 10:00:54.431691+00,7017.5,65.94,4470,2025-04-21 10:00:52.817,
4089,2025-04-21 10:00:42.825557+00,6817.5,65.82,4469,2025-04-21 10:00:41.237,
4088,2025-04-21 10:00:31.245534+00,7376.25,66.06,4468,2025-04-21 10:00:29.557,
4087,2025-04-21 10:00:19.559478+00,7171.25,66.18,4467,2025-04-21 10:00:17.937,
4086,2025-04-21 10:00:07.933867+00,7110,66.18,4466,2025-04-21 10:00:06.337,
4085,2025-04-21 09:59:56.345658+00,7573.75,65.94,4465,2025-04-21 09:59:54.767,
4084,2025-04-21 09:59:44.778339+00,7013.75,66.06,4464,2025-04-21 09:59:43.207,
4083,2025-04-21 09:59:33.209009+00,7003.75,66.06,4463,2025-04-21 09:59:31.617,
4082,2025-04-21 09:59:21.628319+00,7181.25,65.94,4462,2025-04-21 09:59:20.047,
4081,2025-04-21 09:59:10.057684+00,6966.25,65.94,4461,2025-04-21 09:59:08.477,
4080,2025-04-21 09:58:58.483931+00,7341.25,66.06,4460,2025-04-21 09:58:56.897,
4079,2025-04-21 09:58:46.910266+00,7393.75,66.06,4459,2025-04-21 09:58:45.217,
4078,2025-04-21 09:58:35.223207+00,7186.25,65.94,4458,2025-04-21 09:58:33.617,
4077,2025-04-21 09:58:23.612363+00,7411.25,65.82,4457,2025-04-21 09:58:21.987,
4076,2025-04-21 09:58:11.995506+00,6847.5,65.7,4456,2025-04-21 09:58:10.367,
4075,2025-04-21 09:58:00.374079+00,7401.25,65.7,4455,2025-04-21 09:57:58.777,
4074,2025-04-21 09:57:48.782607+00,7188.75,66.06,4454,2025-04-21 09:57:47.177,
4073,2025-04-21 09:57:37.186312+00,6931.25,65.82,4453,2025-04-21 09:57:35.587,
4072,2025-04-21 09:57:25.590307+00,6900,65.7,4452,2025-04-21 09:57:24.007,
4071,2025-04-21 09:57:14.011615+00,6925,65.58,4451,2025-04-21 09:57:12.427,
4070,2025-04-21 09:57:02.429666+00,6975,65.58,4450,2025-04-21 09:57:00.737,
4069,2025-04-21 09:56:50.671988+00,7020,65.94,4449,2025-04-21 09:56:48.967,
4068,2025-04-21 09:56:38.961725+00,7288.75,65.82,4448,2025-04-21 09:56:37.077,
4067,2025-04-21 09:56:27.06434+00,6876.25,65.7,4447,2025-04-21 09:56:25.337,
4066,2025-04-21 09:56:15.329373+00,7072.5,65.7,4446,2025-04-21 09:56:13.607,
4065,2025-04-21 09:56:03.596361+00,6743.75,65.7,4445,2025-04-21 09:55:59.767,
4064,2025-04-21 09:55:49.751887+00,6825,65.7,4444,2025-04-21 09:55:48.087,
4063,2025-04-21 09:55:38.065841+00,7115,65.58,4443,2025-04-21 09:55:36.287,
4062,2025-04-21 09:55:26.283288+00,7067.5,65.45,4442,2025-04-21 09:55:24.547,
4061,2025-04-21 09:55:14.539984+00,6907.5,65.45,4441,2025-04-21 09:55:12.837,
4060,2025-04-21 09:55:02.823735+00,7098.75,65.82,4440,2025-04-21 09:55:01.117,
4059,2025-04-21 09:54:51.108902+00,6972.5,65.82,4439,2025-04-21 09:54:49.437,
4058,2025-04-21 09:54:39.429344+00,7076.25,65.7,4438,2025-04-21 09:54:37.757,
4057,2025-04-21 09:54:27.746528+00,7266.25,65.82,4437,2025-04-21 09:54:25.997,
4056,2025-04-21 09:54:15.98538+00,7105,65.7,4436,2025-04-21 09:54:14.347,
4055,2025-04-21 09:54:04.339933+00,7036.25,65.82,4435,2025-04-21 09:54:02.647,
4054,2025-04-21 09:53:52.643379+00,6805,65.82,4434,2025-04-21 09:53:50.977,
4053,2025-04-21 09:53:40.966564+00,6790,65.7,4433,2025-04-21 09:53:39.277,
4052,2025-04-21 09:53:29.268634+00,7011.25,65.7,4432,2025-04-21 09:53:27.577,
4051,2025-04-21 09:53:17.56218+00,7381.25,65.82,4431,2025-04-21 09:53:15.917,
4050,2025-04-21 09:53:05.862185+00,7338.75,66.06,4430,2025-04-21 09:53:04.237,
4049,2025-04-21 09:52:54.229538+00,7032.5,65.82,4429,2025-04-21 09:52:52.547,
4048,2025-04-21 09:52:42.500375+00,7335,65.94,4428,2025-04-21 09:52:40.877,
4047,2025-04-21 09:52:30.851389+00,7423.75,65.94,4427,2025-04-21 09:52:29.197,
4046,2025-04-21 09:52:19.183586+00,7355,65.95,4426,2025-04-21 09:52:17.517,
4045,2025-04-21 09:52:07.505181+00,7351.25,65.94,4425,2025-04-21 09:52:05.877,
4044,2025-04-21 09:51:55.8692+00,6978.75,66.06,4424,2025-04-21 09:51:54.227,
4043,2025-04-21 09:51:44.198315+00,6875,65.94,4423,2025-04-21 09:51:42.567,
4042,2025-04-21 09:51:32.550532+00,7270,66.18,4422,2025-04-21 09:51:30.827,
4041,2025-04-21 09:51:20.816728+00,7228.75,66.06,4421,2025-04-21 09:51:19.137,
4040,2025-04-21 09:51:09.126367+00,7112.5,65.94,4420,2025-04-21 09:51:07.457,
4039,2025-04-21 09:50:57.432533+00,6882.5,66.3,4419,2025-04-21 09:50:55.737,
4038,2025-04-21 09:50:45.706531+00,7376.25,66.3,4418,2025-04-21 09:50:43.967,
4037,2025-04-21 09:50:33.962445+00,7182.5,66.06,4417,2025-04-21 09:50:32.287,
4036,2025-04-21 09:50:22.266747+00,7031.25,65.94,4416,2025-04-21 09:50:20.567,
4035,2025-04-21 09:50:10.542554+00,7333.75,65.94,4415,2025-04-21 09:50:08.747,
4034,2025-04-21 09:49:58.731727+00,7081.25,66.18,4414,2025-04-21 09:49:56.967,
4033,2025-04-21 09:49:46.960804+00,7018.75,66.31,4413,2025-04-21 09:49:45.307,
4032,2025-04-21 09:49:35.284975+00,7425,66.18,4412,2025-04-21 09:49:33.647,
4031,2025-04-21 09:49:23.629779+00,6987.5,66.18,4411,2025-04-21 09:49:19.827,
4030,2025-04-21 09:49:09.822675+00,6965,66.3,4410,2025-04-21 09:49:08.097,
4029,2025-04-21 09:48:58.082829+00,6776.25,66.06,4409,2025-04-21 09:48:54.427,
4028,2025-04-21 09:48:44.412109+00,7020,66.42,4408,2025-04-21 09:48:42.717,
4027,2025-04-21 09:48:32.702368+00,7380,66.18,4407,2025-04-21 09:48:30.867,
4026,2025-04-21 09:48:20.819788+00,7160,66.06,4406,2025-04-21 09:48:19.087,
4025,2025-04-21 09:48:09.063873+00,7441.25,65.94,4405,2025-04-21 09:48:07.227,
4024,2025-04-21 09:47:57.217018+00,7402.5,65.82,4404,2025-04-21 09:47:55.577,
4023,2025-04-21 09:47:45.555988+00,7116.25,65.94,4403,2025-04-21 09:47:43.892,
4022,2025-04-21 09:47:33.87964+00,7345,65.7,4402,2025-04-21 09:47:32.167,
4021,2025-04-21 09:47:22.147383+00,6918.75,65.82,4401,2025-04-21 09:47:20.457,
4021,2025-04-21 09:47:22.147383+00,6918.75,65.82,4401,2025-04-21 09:47:20.457,
4020,2025-04-21 09:47:10.449519+00,6957.5,65.94,4400,2025-04-21 09:47:08.701,
4019,2025-04-21 09:46:58.648163+00,7051.25,65.94,4399,2025-04-21 09:46:56.911,
4018,2025-04-21 09:46:46.870956+00,6873.75,65.82,4398,2025-04-21 09:46:44.867,
4017,2025-04-21 09:46:34.85202+00,6700,65.7,4397,2025-04-21 09:46:33.017,
4016,2025-04-21 09:46:22.939795+00,6905,65.58,4396,2025-04-21 09:46:21.297,
4015,2025-04-21 09:46:11.28455+00,6742.5,65.7,4395,2025-04-21 09:46:09.497,
4014,2025-04-21 09:45:59.45734+00,7363.75,65.33,4394,2025-04-21 09:45:57.727,
4013,2025-04-21 09:45:47.702313+00,7020,65.7,4393,2025-04-21 09:45:46.027,
4012,2025-04-21 09:45:35.975248+00,7176.25,65.7,4392,2025-04-21 09:45:34.267,
4011,2025-04-21 09:45:24.25436+00,6976.25,65.7,4391,2025-04-21 09:45:22.617,
4010,2025-04-21 09:45:12.597234+00,7362.5,65.45,4390,2025-04-21 09:45:10.887,
4009,2025-04-21 09:45:00.866864+00,6852.5,65.58,4389,2025-04-21 09:44:59.127,
4008,2025-04-21 09:44:49.113859+00,7452.5,65.58,4388,2025-04-21 09:44:47.437,
4007,2025-04-21 09:44:37.422495+00,6702.5,65.45,4387,2025-04-21 09:44:35.697,
4006,2025-04-21 09:44:25.67909+00,6956.25,65.58,4386,2025-04-21 09:44:23.957,
4005,2025-04-21 09:44:13.933492+00,7112.5,65.7,4385,2025-04-21 09:44:12.267,
4004,2025-04-21 09:44:02.25519+00,6917.5,65.58,4384,2025-04-21 09:44:00.557,
4003,2025-04-21 09:43:50.541357+00,6962.5,65.7,4383,2025-04-21 09:43:48.907,
4002,2025-04-21 09:43:38.891545+00,7446.25,65.58,4382,2025-04-21 09:43:37.257,
4001,2025-04-21 09:43:27.219827+00,7157.5,65.58,4381,2025-04-21 09:43:25.567,
4000,2025-04-21 09:43:15.556522+00,7110,65.7,4380,2025-04-21 09:43:13.857,
3999,2025-04-21 09:43:03.835517+00,7401.25,65.7,4379,2025-04-21 09:43:02.007,
3998,2025-04-21 09:42:51.995093+00,7388.75,65.94,4378,2025-04-21 09:42:50.267,
3997,2025-04-21 09:42:40.253821+00,7346.25,65.7,4377,2025-04-21 09:42:38.547,
3996,2025-04-21 09:42:28.525126+00,7116.25,65.94,4376,2025-04-21 09:42:24.547,
3995,2025-04-21 09:42:14.514613+00,6902.5,66.06,4375,2025-04-21 09:42:12.811,
3994,2025-04-21 09:41:47.751652+00,7375,66.3,4373,2025-04-21 09:41:41.427,
3993,2025-04-21 09:41:31.408832+00,6941.25,65.94,4372,2025-04-21 09:41:29.757,
3992,2025-04-21 09:41:19.697627+00,7102.5,66.06,4371,2025-04-21 09:41:11.731,
3991,2025-04-21 09:40:46.681278+00,6932.5,66.06,4369,2025-04-21 09:40:44.572,
3990,2025-04-21 09:39:43.8931+00,7017.5,66.06,4365,2025-04-21 09:39:39.463,
3989,2025-04-21 09:38:59.353041+00,7456.25,66.06,4362,2025-04-21 09:38:57.663,
3988,2025-04-21 09:38:14.517365+00,6960,66.3,4359,2025-04-21 09:38:12.878,
3987,2025-04-21 09:38:02.834472+00,7285,66.18,4358,2025-04-21 09:38:01.148,
3986,2025-04-21 09:37:51.103023+00,7177.5,66.18,4357,2025-04-21 09:37:49.428,
3985,2025-04-21 09:37:39.387421+00,7053.75,66.07,4356,2025-04-21 09:37:37.698,
3984,2025-04-21 09:37:27.662792+00,6988.75,65.94,4355,2025-04-21 09:37:24.558,
3983,2025-04-21 09:37:14.520586+00,7068.75,66.06,4354,2025-04-21 09:37:12.838,
3982,2025-04-21 09:37:02.800417+00,7215,66.19,4353,2025-04-21 09:37:01.098,
3981,2025-04-21 09:36:51.029591+00,7330,66.18,4352,2025-04-21 09:36:49.358,
3980,2025-04-21 09:36:39.31985+00,6922.5,66.42,4351,2025-04-21 09:36:37.628,
3979,2025-04-21 09:36:27.595191+00,7373.75,66.42,4350,2025-04-21 09:36:25.958,
3978,2025-04-21 09:36:15.911924+00,7436.25,66.42,4349,2025-04-21 09:36:14.268,
3977,2025-04-21 09:36:04.228793+00,7152.5,66.3,4348,2025-04-21 09:36:02.578,
3976,2025-04-21 09:35:52.53816+00,7440,66.42,4347,2025-04-21 09:35:50.848,
3975,2025-04-21 09:35:40.791408+00,7051.25,66.18,4346,2025-04-21 09:35:39.118,
3974,2025-04-21 09:35:29.083145+00,7178.75,66.18,4345,2025-04-21 09:35:27.458,
3973,2025-04-21 09:35:17.420336+00,7028.75,66.3,4344,2025-04-21 09:35:15.768,
3972,2025-04-21 09:35:05.728146+00,7465,66.42,4343,2025-04-21 09:35:04.108,
3971,2025-04-21 09:34:54.024034+00,7175,66.42,4342,2025-04-21 09:34:52.138,
3970,2025-04-21 09:34:42.09915+00,6930,66.42,4341,2025-04-21 09:34:40.448,
3969,2025-04-21 09:34:30.406249+00,6716.25,66.42,4340,2025-04-21 09:34:28.768,
3968,2025-04-21 09:34:18.735966+00,6822.5,66.18,4339,2025-04-21 09:34:17.118,
3967,2025-04-21 09:34:07.075834+00,7233.75,66.3,4338,2025-04-21 09:34:05.368,
3966,2025-04-21 09:33:55.316243+00,7265,66.18,4337,2025-04-21 09:33:53.718,
3965,2025-04-21 09:33:43.679081+00,7360,66.3,4336,2025-04-21 09:33:42.048,
3964,2025-04-21 09:33:31.77596+00,7408.75,66.18,4335,2025-04-21 09:33:30.088,
3963,2025-04-21 09:33:20.014389+00,7441.25,66.06,4334,2025-04-21 09:33:18.348,
3962,2025-04-21 09:33:08.314425+00,6761.25,66.18,4333,2025-04-21 09:33:06.708,
3961,2025-04-21 09:32:56.666476+00,7231.25,66.3,4332,2025-04-21 09:32:55.028,
3960,2025-04-21 09:32:44.977969+00,7347.5,66.06,4331,2025-04-21 09:32:43.248,
3959,2025-04-21 09:32:33.21041+00,7166.25,65.94,4330,2025-04-21 09:32:31.528,
3958,2025-04-21 09:32:21.487114+00,7442.5,65.94,4329,2025-04-21 09:32:19.868,
3957,2025-04-21 09:32:09.826224+00,7177.5,66.18,4328,2025-04-21 09:32:08.128,
3956,2025-04-21 09:31:58.073545+00,7010,66.18,4327,2025-04-21 09:31:56.388,
3955,2025-04-21 09:31:46.350137+00,7375,65.94,4326,2025-04-21 09:31:44.728,
3954,2025-04-21 09:31:34.692141+00,7060,65.94,4325,2025-04-21 09:31:32.978,
3953,2025-04-21 09:31:22.930812+00,6758.75,65.82,4324,2025-04-21 09:31:21.308,
3952,2025-04-21 09:31:11.260363+00,7245,66.06,4323,2025-04-21 09:31:09.558,
3951,2025-04-21 09:30:59.518747+00,6760,65.94,4322,2025-04-21 09:30:57.858,
3950,2025-04-21 09:30:47.814791+00,7428.75,65.94,4321,2025-04-21 09:30:46.188,
3949,2025-04-21 09:30:36.152868+00,6987.5,65.94,4320,2025-04-21 09:30:34.448,
3948,2025-04-21 09:30:24.366876+00,7401.25,66.18,4319,2025-04-21 09:30:22.628,
3947,2025-04-21 09:30:12.588258+00,7306.25,65.94,4318,2025-04-21 09:30:10.948,
3946,2025-04-21 09:30:00.843271+00,6996.25,65.94,4317,2025-04-21 09:29:59.088,
3945,2025-04-21 09:29:49.048309+00,7321.25,65.94,4316,2025-04-21 09:29:47.388,
3944,2025-04-21 09:29:37.350424+00,7101.25,65.94,4315,2025-04-21 09:29:35.738,
3943,2025-04-21 09:29:25.688889+00,7147.5,66.06,4314,2025-04-21 09:29:24.048,
3942,2025-04-21 09:29:13.993894+00,6666.25,65.94,4313,2025-04-21 09:29:10.968,
3941,2025-04-21 09:29:00.913799+00,6762.5,65.94,4312,2025-04-21 09:28:59.058,
3940,2025-04-21 09:28:49.022672+00,6886.25,65.7,4311,2025-04-21 09:28:47.338,
3939,2025-04-21 09:28:37.29348+00,6948.75,65.82,4310,2025-04-21 09:28:34.268,
3938,2025-04-21 09:28:09.099744+00,6991.25,65.7,4308,2025-04-21 09:28:07.358,
3937,2025-04-21 09:27:57.31027+00,6883.75,65.7,4307,2025-04-21 09:27:55.658,
3936,2025-04-21 09:27:45.61708+00,6693.75,65.94,4306,2025-04-21 09:27:43.968,
3935,2025-04-21 09:27:33.927011+00,6885,65.7,4305,2025-04-21 09:27:32.278,
3934,2025-04-21 09:27:22.243292+00,7192.5,65.94,4304,2025-04-21 09:27:20.568,
3933,2025-04-21 09:27:10.524546+00,7020,65.82,4303,2025-04-21 09:27:08.878,
3932,2025-04-21 09:26:58.840835+00,6927.5,65.7,4302,2025-04-21 09:26:57.208,
3931,2025-04-21 09:26:47.164767+00,6741.25,65.45,4301,2025-04-21 09:26:45.338,
3930,2025-04-21 09:26:35.302729+00,6871.25,65.58,4300,2025-04-21 09:26:33.658,
3929,2025-04-21 09:26:23.57411+00,6853.75,65.58,4299,2025-04-21 09:26:21.748,
3928,2025-04-21 09:26:11.707098+00,6708.75,65.33,4298,2025-04-21 09:26:09.978,
3927,2025-04-21 09:25:59.936704+00,7340,65.33,4297,2025-04-21 09:25:58.208,
3926,2025-04-21 09:25:48.162215+00,7156.25,65.33,4296,2025-04-21 09:25:46.568,
3925,2025-04-21 09:25:36.52125+00,6876.25,65.33,4295,2025-04-21 09:25:34.898,
3924,2025-04-21 09:25:24.860141+00,6996.25,65.7,4294,2025-04-21 09:25:23.208,
3923,2025-04-21 09:25:13.171476+00,7383.75,65.58,4293,2025-04-21 09:25:11.508,
3922,2025-04-21 09:25:01.450857+00,7400,65.94,4292,2025-04-21 09:24:59.828,
3921,2025-04-21 09:24:49.788669+00,7376.25,66.06,4291,2025-04-21 09:24:48.148,
3920,2025-04-21 09:24:38.10197+00,7000,66.06,4290,2025-04-21 09:24:36.428,
3919,2025-04-21 09:24:26.386823+00,6723.75,66.06,4289,2025-04-21 09:24:24.718,
3918,2025-04-21 09:24:14.630367+00,7212.5,66.06,4288,2025-04-21 09:24:12.948,
3917,2025-04-21 09:24:02.903131+00,7155,65.94,4287,2025-04-21 09:24:01.288,
3916,2025-04-21 09:23:51.249757+00,6905,65.94,4286,2025-04-21 09:23:49.578,
3915,2025-04-21 09:23:39.541142+00,7013.75,65.7,4285,2025-04-21 09:23:37.888,
3914,2025-04-21 09:23:27.840946+00,6695,66.06,4284,2025-04-21 09:23:26.138,
3913,2025-04-21 09:23:16.076947+00,6857.5,66.18,4283,2025-04-21 09:23:14.408,
3912,2025-04-21 09:23:04.365037+00,6920,65.82,4282,2025-04-21 09:23:02.631,
3911,2025-04-21 09:22:52.568559+00,6775,65.94,4281,2025-04-21 09:22:50.888,
3910,2025-04-21 09:22:40.839991+00,7446.25,65.94,4280,2025-04-21 09:22:39.038,
3909,2025-04-21 09:22:28.991551+00,6697.5,65.94,4279,2025-04-21 09:22:27.278,
3908,2025-04-21 09:22:17.2338+00,7357.5,65.94,4278,2025-04-21 09:22:15.528,
3907,2025-04-21 09:22:05.484759+00,6757.5,65.7,4277,2025-04-21 09:22:03.678,
3906,2025-04-21 09:21:53.637365+00,7017.5,65.94,4276,2025-04-21 09:21:51.978,
3905,2025-04-21 09:21:41.933118+00,6867.5,65.94,4275,2025-04-21 09:21:40.308,
3904,2025-04-21 09:21:30.265551+00,6728.75,65.94,4274,2025-04-21 09:21:28.628,
3903,2025-04-21 09:21:18.581628+00,6911.25,66.06,4273,2025-04-21 09:21:16.878,
3902,2025-04-21 09:21:06.829118+00,7130,65.7,4272,2025-04-21 09:21:05.178,
3901,2025-04-21 09:20:55.135067+00,6908.75,65.7,4271,2025-04-21 09:20:53.488,
3900,2025-04-21 09:20:43.40888+00,7206.25,66.06,4270,2025-04-21 09:20:41.578,
3899,2025-04-21 09:20:31.535353+00,6925,66.18,4269,2025-04-21 09:20:29.948,
3898,2025-04-21 09:20:19.88793+00,6678.75,65.7,4268,2025-04-21 09:20:18.158,
3897,2025-04-21 09:20:08.101043+00,6727.5,66.06,4267,2025-04-21 09:20:06.379,
3896,2025-04-21 09:19:56.312954+00,7580,66.06,4266,2025-04-21 09:19:54.658,
3895,2025-04-21 09:19:44.619267+00,7096.25,66.06,4265,2025-04-21 09:19:42.928,
3894,2025-04-21 09:19:32.883225+00,7062.5,66.18,4264,2025-04-21 09:19:31.258,
3893,2025-04-21 09:19:21.215724+00,6826.25,66.18,4263,2025-04-21 09:19:19.578,
3892,2025-04-21 09:19:09.501699+00,6952.5,66.42,4262,2025-04-21 09:19:07.868,
3891,2025-04-21 09:18:57.790062+00,6946.25,66.42,4261,2025-04-21 09:18:56.138,
3890,2025-04-21 09:18:46.094262+00,7037.5,66.18,4260,2025-04-21 09:18:44.358,
3889,2025-04-21 09:18:34.260184+00,7117.5,66.42,4259,2025-04-21 09:18:32.498,
3888,2025-04-21 09:18:22.44064+00,6940,66.3,4258,2025-04-21 09:18:20.678,
3887,2025-04-21 09:18:10.623921+00,7186.25,66.55,4257,2025-04-21 09:18:07.654,
3886,2025-04-21 09:17:57.497185+00,7052.5,66.55,4256,2025-04-21 09:17:55.713,
3885,2025-04-21 09:17:45.616436+00,7333.75,66.67,4255,2025-04-21 09:17:43.538,
3884,2025-04-21 09:17:33.494121+00,7128.75,66.67,4254,2025-04-21 09:17:31.638,
3883,2025-04-21 09:17:21.558756+00,6935,66.55,4253,2025-04-21 09:17:19.688,
3882,2025-04-21 09:17:09.629892+00,7363.75,66.42,4252,2025-04-21 09:17:07.828,
3881,2025-04-21 09:16:57.769899+00,6901.25,66.3,4251,2025-04-21 09:16:55.958,
3880,2025-04-21 09:16:45.909898+00,6895,66.67,4250,2025-04-21 09:16:44.268,
3879,2025-04-21 09:16:34.22227+00,7150,66.67,4249,2025-04-21 09:16:32.478,
3878,2025-04-21 09:16:22.41214+00,6900,66.42,4248,2025-04-21 09:16:20.798,
3877,2025-04-21 09:16:10.751766+00,6967.5,66.55,4247,2025-04-21 09:16:09.128,
3876,2025-04-21 09:15:59.080143+00,7211.25,66.55,4246,2025-04-21 09:15:57.453,
3875,2025-04-21 09:15:47.352698+00,7031.25,66.55,4245,2025-04-21 09:15:45.048,
3874,2025-04-21 09:15:34.99532+00,7230,66.79,4244,2025-04-21 09:15:33.228,
3873,2025-04-21 09:15:23.160172+00,6812.5,66.55,4243,2025-04-21 09:15:21.388,
3872,2025-04-21 09:15:11.341047+00,7143.75,66.79,4242,2025-04-21 09:15:09.698,
3871,2025-04-21 09:14:59.642762+00,7380,66.55,4241,2025-04-21 09:14:58.038,
3870,2025-04-21 09:14:47.994594+00,6925,66.55,4240,2025-04-21 09:14:46.358,
3869,2025-04-21 09:14:36.305158+00,6855,66.67,4239,2025-04-21 09:14:34.628,
3868,2025-04-21 09:14:24.535556+00,7187.5,66.79,4238,2025-04-21 09:14:22.908,
3867,2025-04-21 09:14:12.836773+00,7550,66.91,4237,2025-04-21 09:14:11.158,
3866,2025-04-21 09:14:01.105437+00,7141.25,66.91,4236,2025-04-21 09:13:59.468,
3865,2025-04-21 09:13:49.390452+00,7125,66.55,4235,2025-04-21 09:13:47.528,
3864,2025-04-21 09:13:37.478452+00,7278.75,66.42,4234,2025-04-21 09:13:34.498,
3863,2025-04-21 09:13:09.415775+00,7087.5,66.67,4232,2025-04-21 09:13:07.708,
3862,2025-04-21 09:12:24.733788+00,6810,67.03,4229,2025-04-21 09:12:18.988,
3861,2025-04-21 09:12:08.918526+00,7193.75,66.91,4228,2025-04-21 09:12:05.818,
3860,2025-04-21 09:11:40.680195+00,6913.75,66.67,4226,2025-04-21 09:11:39.023,
3859,2025-04-21 09:11:28.928775+00,7205,66.67,4225,2025-04-21 09:11:26.048,
3858,2025-04-21 09:11:00.956389+00,6710,66.55,4223,2025-04-21 09:10:59.248,
3857,2025-04-21 09:10:19.090961+00,7617.5,66.79,4220,2025-04-21 09:10:17.258,
3856,2025-04-21 09:09:34.299344+00,6701.25,66.79,4217,2025-04-21 09:09:32.548,
3855,2025-04-21 09:09:22.503034+00,7317.5,66.67,4216,2025-04-21 09:09:20.848,
3854,2025-04-21 09:09:10.783183+00,6990,66.79,4215,2025-04-21 09:09:09.108,
3853,2025-04-21 09:08:59.060453+00,7410,66.42,4214,2025-04-21 09:08:57.408,
3852,2025-04-21 09:08:47.35595+00,7335,66.79,4213,2025-04-21 09:08:45.658,
3851,2025-04-21 09:08:35.601896+00,6867.5,66.79,4212,2025-04-21 09:08:33.948,
3850,2025-04-21 09:08:23.897348+00,6937.5,66.91,4211,2025-04-21 09:08:22.288,
3849,2025-04-21 09:08:12.233853+00,7135,66.55,4210,2025-04-21 09:08:10.608,
3848,2025-04-21 09:08:00.556113+00,7443.75,66.55,4209,2025-04-21 09:07:58.898,
3847,2025-04-21 09:02:40.237867+00,7496.25,66.79,4188,2025-04-21 09:02:38.598,
3846,2025-04-21 09:02:28.551169+00,7016.25,66.67,4187,2025-04-21 09:02:26.928,
3845,2025-04-21 09:02:16.877902+00,7172.5,66.67,4186,2025-04-21 09:02:15.188,
3844,2025-04-21 09:02:05.133827+00,7478.75,66.79,4185,2025-04-21 09:02:03.488,
3843,2025-04-21 09:01:53.436716+00,6990,66.79,4184,2025-04-21 09:01:51.768,
3842,2025-04-21 09:01:41.718688+00,7098.75,66.67,4183,2025-04-21 09:01:40.058,
3841,2025-04-21 09:01:29.990391+00,7182.5,66.79,4182,2025-04-21 09:01:28.223,
3840,2025-04-21 09:01:18.178426+00,7141.25,66.91,4181,2025-04-21 09:01:16.208,
3839,2025-04-21 09:01:06.167992+00,7078.75,67.03,4180,2025-04-21 09:01:04.508,
3838,2025-04-21 09:00:54.455964+00,6925,67.03,4179,2025-04-21 09:00:52.848,
3837,2025-04-21 09:00:42.796602+00,7118.75,66.67,4178,2025-04-21 09:00:41.148,
3836,2025-04-21 09:00:31.101775+00,6936.25,66.91,4177,2025-04-21 09:00:29.483,
3835,2025-04-21 09:00:19.435179+00,6961.25,66.91,4176,2025-04-21 09:00:17.753,
3834,2025-04-21 09:00:07.700478+00,6758.75,66.67,4175,2025-04-21 09:00:05.678,
3833,2025-04-21 08:59:55.62218+00,7360,66.79,4174,2025-04-21 08:59:53.858,
3832,2025-04-21 08:59:43.808405+00,7276.25,66.91,4173,2025-04-21 08:59:42.073,
3831,2025-04-21 08:59:32.025212+00,7033.75,66.91,4172,2025-04-21 08:59:30.243,
3830,2025-04-21 08:59:20.171237+00,6878.75,66.79,4171,2025-04-21 08:59:18.208,
3829,2025-04-21 08:59:08.153098+00,7267.5,66.79,4170,2025-04-21 08:59:06.488,
3828,2025-04-21 08:58:56.440986+00,7262.5,66.55,4169,2025-04-21 08:58:54.728,
3827,2025-04-21 08:58:44.619305+00,6975,66.67,4168,2025-04-21 08:58:42.863,
3826,2025-04-21 08:58:32.823462+00,6878.75,66.55,4167,2025-04-21 08:58:31.168,
3825,2025-04-21 08:58:21.119092+00,7005,66.67,4166,2025-04-21 08:58:19.468,
3824,2025-04-21 08:58:09.421832+00,7462.5,66.91,4165,2025-04-21 08:58:07.648,
3823,2025-04-21 08:57:57.598802+00,7327.5,66.91,4164,2025-04-21 08:57:55.978,
3822,2025-04-21 08:57:45.929602+00,7270,67.03,4163,2025-04-21 08:57:44.218,
3821,2025-04-21 08:57:34.169933+00,6836.25,67.03,4162,2025-04-21 08:57:31.098,
3820,2025-04-21 08:57:21.038843+00,7006.25,67.03,4161,2025-04-21 08:57:19.338,
3819,2025-04-21 08:57:09.27292+00,7311.25,67.03,4160,2025-04-21 08:57:07.618,
3818,2025-04-21 08:56:57.56602+00,7361.25,67.03,4159,2025-04-21 08:56:55.869,
3817,2025-04-21 08:56:45.818649+00,7452.5,66.91,4158,2025-04-21 08:56:44.038,
3816,2025-04-21 08:56:33.981818+00,7096.25,66.91,4157,2025-04-21 08:56:32.298,
3815,2025-04-21 08:56:22.249222+00,6902.5,66.67,4156,2025-04-21 08:56:20.563,
3814,2025-04-21 08:56:10.515254+00,7355,66.91,4155,2025-04-21 08:56:07.708,
3813,2025-04-21 08:54:27.417746+00,7206.25,66.91,4148,2025-04-21 08:54:23.843,
3812,2025-04-21 08:53:57.32017+00,7270,66.79,4146,2025-04-21 08:53:55.698,
3811,2025-04-21 08:53:45.661956+00,7176.25,67.15,4145,2025-04-21 08:53:44.118,
3810,2025-04-21 08:53:34.077843+00,7190,66.79,4144,2025-04-21 08:53:32.518,
3809,2025-04-21 08:53:22.482819+00,7317.5,66.91,4143,2025-04-21 08:53:20.948,
3808,2025-04-21 08:53:10.906925+00,7011.25,66.91,4142,2025-04-21 08:53:09.378,
3807,2025-04-21 08:52:59.348727+00,7122.5,67.03,4141,2025-04-21 08:52:57.808,
3806,2025-04-21 08:52:47.769537+00,7476.25,66.91,4140,2025-04-21 08:52:46.208,
3805,2025-04-21 08:52:36.175671+00,7451.25,66.91,4139,2025-04-21 08:52:34.628,
3804,2025-04-21 08:52:24.590695+00,7145,67.15,4138,2025-04-21 08:52:23.068,
3803,2025-04-21 08:52:13.029979+00,7101.25,66.91,4137,2025-04-21 08:52:11.418,
3802,2025-04-21 08:52:01.385477+00,7130,66.91,4136,2025-04-21 08:51:59.838,
3801,2025-04-21 08:51:49.798911+00,7056.25,67.03,4135,2025-04-21 08:51:48.258,
3800,2025-04-21 08:51:38.226999+00,7070,66.79,4134,2025-04-21 08:51:36.688,
3799,2025-04-21 08:51:26.648259+00,6931.25,66.79,4133,2025-04-21 08:51:25.109,
3798,2025-04-21 08:51:15.067026+00,7416.25,67.15,4132,2025-04-21 08:51:13.508,
3797,2025-04-21 08:51:03.478665+00,6962.5,66.79,4131,2025-04-21 08:51:01.948,
3796,2025-04-21 08:50:51.915327+00,6900,66.91,4130,2025-04-21 08:50:50.378,
3795,2025-04-21 08:50:40.340128+00,7008.75,66.79,4129,2025-04-21 08:50:38.778,
3794,2025-04-21 08:50:28.743982+00,7017.5,66.67,4128,2025-04-21 08:50:27.128,
3793,2025-04-21 08:50:17.09784+00,7231.25,66.79,4127,2025-04-21 08:50:15.548,
3792,2025-04-21 08:50:05.515547+00,6930,66.79,4126,2025-04-21 08:50:03.958,
3791,2025-04-21 08:49:53.918809+00,7252.5,66.91,4125,2025-04-21 08:49:52.378,
3790,2025-04-21 08:49:42.343323+00,6945,66.79,4124,2025-04-21 08:49:40.808,
3789,2025-04-21 08:49:30.773152+00,7482.5,66.79,4123,2025-04-21 08:49:29.218,
3788,2025-04-21 08:49:19.16957+00,6988.75,66.79,4122,2025-04-21 08:49:17.578,
3787,2025-04-21 08:49:07.541791+00,6886.25,66.79,4121,2025-04-21 08:49:05.978,
3786,2025-04-21 08:48:55.947485+00,7050,66.79,4120,2025-04-21 08:48:54.388,
3785,2025-04-21 08:48:44.357046+00,7317.5,66.55,4119,2025-04-21 08:48:42.738,
3784,2025-04-21 08:48:32.703348+00,7212.5,66.42,4118,2025-04-21 08:48:31.158,
3783,2025-04-21 08:48:21.02647+00,6786.25,66.79,4117,2025-04-21 08:48:19.488,
3782,2025-04-21 08:48:09.446081+00,7128.75,66.91,4116,2025-04-21 08:48:07.898,
3781,2025-04-21 08:47:57.86829+00,7337.5,66.79,4115,2025-04-21 08:47:56.348,
3780,2025-04-21 08:47:46.311785+00,7050,66.79,4114,2025-04-21 08:47:44.748,
3779,2025-04-21 08:47:34.711389+00,6885,66.91,4113,2025-04-21 08:47:33.178,
3778,2025-04-21 08:47:23.140221+00,7128.75,67.03,4112,2025-04-21 08:47:21.598,
3777,2025-04-21 08:47:11.56287+00,7391.25,66.91,4111,2025-04-21 08:47:10.028,
3776,2025-04-21 08:46:59.986648+00,6972.5,67.03,4110,2025-04-21 08:46:58.368,
3775,2025-04-21 08:46:48.330105+00,7256.25,66.79,4109,2025-04-21 08:46:46.788,
3774,2025-04-21 08:46:36.742435+00,7473.75,67.03,4108,2025-04-21 08:46:35.218,
3773,2025-04-21 08:46:25.17906+00,6931.25,66.67,4107,2025-04-21 08:46:23.638,
3772,2025-04-21 08:46:13.601613+00,7366.25,66.67,4106,2025-04-21 08:46:12.059,
3771,2025-04-21 08:46:02.021487+00,7241.25,66.67,4105,2025-04-21 08:46:00.478,
3770,2025-04-21 08:45:50.448034+00,6980,66.91,4104,2025-04-21 08:45:48.878,
3769,2025-04-21 08:45:38.839097+00,7171.25,66.79,4103,2025-04-21 08:45:37.288,
3768,2025-04-21 08:45:27.242349+00,7471.25,66.67,4102,2025-04-21 08:45:25.688,
3767,2025-04-21 08:45:15.65879+00,6992.5,66.79,4101,2025-04-21 08:45:14.038,
3766,2025-04-21 08:45:04.003281+00,7162.5,66.79,4100,2025-04-21 08:45:02.448,
3765,2025-04-21 08:44:52.406057+00,7106.25,66.55,4099,2025-04-21 08:44:50.838,
3764,2025-04-21 08:44:40.802042+00,7415,66.67,4098,2025-04-21 08:44:39.258,
3763,2025-04-21 08:44:29.224668+00,7372.5,66.67,4097,2025-04-21 08:44:27.678,
3762,2025-04-21 08:44:17.645899+00,7171.25,66.55,4096,2025-04-21 08:44:16.038,
3761,2025-04-21 08:44:06.0001+00,7150,66.67,4095,2025-04-21 08:44:04.438,
3760,2025-04-21 08:43:54.400582+00,7041.25,66.67,4094,2025-04-21 08:43:52.798,
3759,2025-04-21 08:43:42.760617+00,7460,66.79,4093,2025-04-21 08:43:41.218,
3758,2025-04-21 08:43:31.188278+00,7178.75,66.79,4092,2025-04-21 08:43:29.558,
3757,2025-04-21 08:43:19.529101+00,7161.25,66.67,4091,2025-04-21 08:43:17.988,
3756,2025-04-21 08:43:07.958435+00,7290,66.67,4090,2025-04-21 08:43:06.408,
3755,2025-04-21 08:42:56.372181+00,7051.25,66.79,4089,2025-04-21 08:42:54.838,
3754,2025-04-21 08:42:44.799152+00,6926.25,67.03,4088,2025-04-21 08:42:43.238,
3753,2025-04-21 08:42:33.201235+00,7103.75,66.55,4087,2025-04-21 08:42:31.658,
3752,2025-04-21 08:42:21.62608+00,7021.25,66.91,4086,2025-04-21 08:42:20.088,
3751,2025-04-21 08:42:10.055913+00,7337.5,66.67,4085,2025-04-21 08:42:08.518,
3750,2025-04-21 08:41:58.488086+00,7317.5,66.67,4084,2025-04-21 08:41:56.948,
3749,2025-04-21 08:41:46.919377+00,6878.75,66.55,4083,2025-04-21 08:41:45.298,
3748,2025-04-21 08:41:35.264017+00,7338.75,66.67,4082,2025-04-21 08:41:33.738,
3747,2025-04-21 08:41:23.703753+00,7162.5,66.67,4081,2025-04-21 08:41:22.138,
3746,2025-04-21 08:41:12.102388+00,6973.75,66.67,4080,2025-04-21 08:41:10.568,
3745,2025-04-21 08:41:00.475834+00,7150,66.42,4079,2025-04-21 08:40:58.938,
3744,2025-04-21 08:40:48.903158+00,7423.75,66.55,4078,2025-04-21 08:40:47.368,
3743,2025-04-21 08:40:37.338791+00,7213.75,66.55,4077,2025-04-21 08:40:35.788,
3742,2025-04-21 08:40:25.751921+00,7023.75,66.67,4076,2025-04-21 08:40:24.208,
3741,2025-04-21 08:40:14.173981+00,7032.5,66.55,4075,2025-04-21 08:40:12.608,
3740,2025-04-21 08:40:02.572273+00,7217.5,66.67,4074,2025-04-21 08:40:00.958,
3739,2025-04-21 08:39:50.925326+00,7031.25,66.55,4073,2025-04-21 08:39:49.270,
3738,2025-04-21 08:39:39.24819+00,7226.25,66.91,4072,2025-04-21 08:39:37.710,
3737,2025-04-21 08:39:27.684822+00,7112.5,66.79,4071,2025-04-21 08:39:26.130,
3736,2025-04-21 08:39:16.110545+00,7130,66.42,4070,2025-04-21 08:39:14.540,
3735,2025-04-21 08:39:04.520463+00,6936.25,66.55,4069,2025-04-21 08:39:02.980,
3734,2025-04-21 08:38:52.957506+00,7027.5,66.55,4068,2025-04-21 08:38:51.420,
3733,2025-04-21 08:38:41.39195+00,6892.5,66.55,4067,2025-04-21 08:38:39.850,
3732,2025-04-21 08:38:29.82522+00,7120,66.67,4066,2025-04-21 08:38:28.280,
3731,2025-04-21 08:38:18.254346+00,7217.5,66.55,4065,2025-04-21 08:38:16.630,
3730,2025-04-21 08:38:06.601825+00,7223.75,66.79,4064,2025-04-21 08:38:05.070,
3729,2025-04-21 08:37:55.047913+00,7056.25,66.67,4063,2025-04-21 08:37:53.490,
3728,2025-04-21 08:37:43.463076+00,7221.25,66.42,4062,2025-04-21 08:37:41.920,
3727,2025-04-21 08:37:31.897863+00,7303.75,66.67,4061,2025-04-21 08:37:30.330,
3726,2025-04-21 08:37:20.298393+00,6930,66.55,4060,2025-04-21 08:37:18.750,
3725,2025-04-21 08:37:08.718249+00,7135,66.55,4059,2025-04-21 08:37:07.180,
3724,2025-04-21 08:36:57.145861+00,7437.5,66.55,4058,2025-04-21 08:36:55.600,
3723,2025-04-21 08:36:45.575525+00,7057.5,66.67,4057,2025-04-21 08:36:44.040,
3722,2025-04-21 08:36:34.01459+00,7192.5,66.79,4056,2025-04-21 08:36:32.480,
3721,2025-04-21 08:36:22.463333+00,7327.5,66.79,4055,2025-04-21 08:36:20.910,
3720,2025-04-21 08:36:10.883564+00,7273.75,66.55,4054,2025-04-21 08:36:09.340,
3719,2025-04-21 08:35:59.315483+00,7092.5,66.42,4053,2025-04-21 08:35:57.750,
3718,2025-04-21 08:35:47.717354+00,7341.25,66.67,4052,2025-04-21 08:35:46.150,
3717,2025-04-21 08:35:36.12559+00,7172.5,66.67,4051,2025-04-21 08:35:34.570,
3716,2025-04-21 08:35:24.54931+00,7020,66.67,4050,2025-04-21 08:35:23.000,
3715,2025-04-21 08:35:12.980925+00,7181.25,66.79,4049,2025-04-21 08:35:11.410,
3714,2025-04-21 08:35:01.38704+00,6771.25,66.55,4048,2025-04-21 08:34:59.830,
3713,2025-04-21 08:34:49.805636+00,7220,66.67,4047,2025-04-21 08:34:48.220,
3712,2025-04-21 08:34:38.186792+00,7591.25,66.67,4046,2025-04-21 08:34:36.640,
3711,2025-04-21 08:34:26.609433+00,7305,66.79,4045,2025-04-21 08:34:25.070,
3710,2025-04-21 08:34:15.04978+00,7262.5,66.67,4044,2025-04-21 08:34:13.460,
3709,2025-04-21 08:34:03.433564+00,7208.75,66.67,4043,2025-04-21 08:34:01.860,
3708,2025-04-21 08:33:51.831089+00,7016.25,66.67,4042,2025-04-21 08:33:50.280,
3707,2025-04-21 08:33:40.256684+00,7312.5,66.67,4041,2025-04-21 08:33:38.720,
3706,2025-04-21 08:33:28.691952+00,6995,66.55,4040,2025-04-21 08:33:27.080,
3705,2025-04-21 08:33:17.056096+00,6970,66.79,4039,2025-04-21 08:33:15.490,
3704,2025-04-21 08:33:05.459077+00,7492.5,66.67,4038,2025-04-21 08:33:03.910,
3703,2025-04-21 08:32:53.881884+00,7371.25,66.91,4037,2025-04-21 08:32:52.330,
3702,2025-04-21 08:32:42.303162+00,7451.25,66.79,4036,2025-04-21 08:32:40.760,
3701,2025-04-21 08:32:30.732046+00,7536.25,66.79,4035,2025-04-21 08:32:29.180,
3700,2025-04-21 08:32:19.156468+00,7451.25,67.03,4034,2025-04-21 08:32:17.530,
3699,2025-04-21 08:32:07.502391+00,7412.5,66.67,4033,2025-04-21 08:32:05.920,
3698,2025-04-21 08:31:55.890465+00,7335,66.55,4032,2025-04-21 08:31:54.280,
3697,2025-04-21 08:31:44.255024+00,7352.5,66.91,4031,2025-04-21 08:31:42.700,
3696,2025-04-21 08:31:32.678639+00,7392.5,66.91,4030,2025-04-21 08:31:31.120,
3695,2025-04-21 08:31:21.099532+00,7128.75,67.03,4029,2025-04-21 08:31:19.510,
3694,2025-04-21 08:31:09.484718+00,7023.75,66.91,4028,2025-04-21 08:31:07.930,
3693,2025-04-21 08:30:57.904536+00,7523.75,67.03,4027,2025-04-21 08:30:56.350,
3692,2025-04-21 08:30:46.313259+00,7046.25,67.03,4026,2025-04-21 08:30:44.730,
3691,2025-04-21 08:30:34.704641+00,7513.75,67.03,4025,2025-04-21 08:30:33.150,
3690,2025-04-21 08:30:23.128051+00,7312.5,67.03,4024,2025-04-21 08:30:21.570,
3689,2025-04-21 08:30:11.544733+00,7480,66.79,4023,2025-04-21 08:30:09.970,
3688,2025-04-21 08:29:59.948189+00,7485,67.03,4022,2025-04-21 08:29:58.380,
3687,2025-04-21 08:29:48.351035+00,6992.5,67.15,4021,2025-04-21 08:29:46.810,
3686,2025-04-21 08:29:36.775183+00,7148.75,67.03,4020,2025-04-21 08:29:35.230,
3685,2025-04-21 08:29:25.208339+00,7445,67.03,4019,2025-04-21 08:29:23.640,
3684,2025-04-21 08:29:13.615531+00,7032.5,67.15,4018,2025-04-21 08:29:12.040,
3683,2025-04-21 08:29:02.013873+00,7097.5,66.91,4017,2025-04-21 08:29:00.460,
3682,2025-04-21 08:28:50.43269+00,7432.5,66.91,4016,2025-04-21 08:28:48.860,
3681,2025-04-21 08:28:38.824363+00,7237.5,66.79,4015,2025-04-21 08:28:37.250,
3680,2025-04-21 08:28:27.221562+00,7163.75,66.67,4014,2025-04-21 08:28:25.650,
3679,2025-04-21 08:28:15.624553+00,7490,66.91,4013,2025-04-21 08:28:14.070,
3678,2025-04-21 08:28:04.0427+00,7025,66.67,4012,2025-04-21 08:28:02.480,
3677,2025-04-21 08:27:52.453803+00,7025,66.67,4011,2025-04-21 08:27:50.910,
3676,2025-04-21 08:27:40.871299+00,7451.25,66.79,4010,2025-04-21 08:27:39.310,
3675,2025-04-21 08:27:29.281484+00,7567.5,66.91,4009,2025-04-21 08:27:27.720,
3674,2025-04-21 08:27:17.689651+00,7078.75,66.91,4008,2025-04-21 08:27:16.150,
3673,2025-04-21 08:27:06.12221+00,7112.5,66.79,4007,2025-04-21 08:27:04.540,
3672,2025-04-21 08:26:54.510463+00,7516.25,66.91,4006,2025-04-21 08:26:52.940,
3671,2025-04-21 08:26:42.906925+00,7508.75,66.91,4005,2025-04-21 08:26:41.370,
3670,2025-04-21 08:26:31.337346+00,7287.5,67.03,4004,2025-04-21 08:26:29.780,
3669,2025-04-21 08:26:19.75551+00,7193.75,67.03,4003,2025-04-21 08:26:18.170,
3668,2025-04-21 08:26:08.145091+00,7418.75,66.91,4002,2025-04-21 08:26:06.590,
3667,2025-04-21 08:25:56.567499+00,7167.5,67.03,4001,2025-04-21 08:25:55.000,
3666,2025-04-21 08:25:44.976077+00,7357.5,66.91,4000,2025-04-21 08:25:43.430,
3665,2025-04-21 08:25:33.399447+00,7076.25,67.03,3999,2025-04-21 08:25:31.850,
3664,2025-04-21 08:25:21.82108+00,7432.5,67.03,3998,2025-04-21 08:25:20.260,
3663,2025-04-21 08:25:10.231199+00,7260,66.91,3997,2025-04-21 08:25:08.670,
3662,2025-04-21 08:24:58.642543+00,7503.75,67.03,3996,2025-04-21 08:24:57.070,
3661,2025-04-21 08:24:47.04294+00,7102.5,66.91,3995,2025-04-21 08:24:45.470,
3660,2025-04-21 08:24:35.442988+00,7305,66.91,3994,2025-04-21 08:24:33.860,
3659,2025-04-21 08:24:23.827183+00,6956.25,67.15,3993,2025-04-21 08:24:22.290,
3658,2025-04-21 08:24:12.262668+00,7176.25,67.15,3992,2025-04-21 08:24:10.700,
3657,2025-04-21 08:24:00.676574+00,7215,66.79,3991,2025-04-21 08:23:59.090,
3656,2025-04-21 08:23:49.062896+00,6933.75,66.67,3990,2025-04-21 08:23:47.530,
3655,2025-04-21 08:23:37.508562+00,6868.75,66.55,3989,2025-04-21 08:23:35.955,
3654,2025-04-21 08:23:25.923522+00,7515,66.79,3988,2025-04-21 08:23:24.340,
3653,2025-04-21 08:23:14.314655+00,7045,66.67,3987,2025-04-21 08:23:12.770,
3652,2025-04-21 08:23:02.742629+00,7250,66.55,3986,2025-04-21 08:23:01.210,
3651,2025-04-21 08:22:51.178549+00,7252.5,66.79,3985,2025-04-21 08:22:49.640,
3650,2025-04-21 08:22:39.607254+00,7068.75,66.79,3984,2025-04-21 08:22:38.055,
3649,2025-04-21 08:22:28.024753+00,7081.25,66.67,3983,2025-04-21 08:22:26.440,
3648,2025-04-21 08:22:16.406571+00,7175,66.67,3982,2025-04-21 08:22:14.830,
3647,2025-04-21 08:22:04.803537+00,7675,66.67,3981,2025-04-21 08:22:03.224,
3646,2025-04-21 08:21:53.192896+00,7263.75,66.79,3980,2025-04-21 08:21:51.600,
3645,2025-04-21 08:21:41.564563+00,7197.5,66.79,3979,2025-04-21 08:21:39.980,
3644,2025-04-21 08:21:29.944104+00,7107.5,66.91,3978,2025-04-21 08:21:28.380,
3643,2025-04-21 08:21:18.350983+00,7388.75,67.03,3977,2025-04-21 08:21:16.810,
3642,2025-04-21 08:21:06.787369+00,7295,66.91,3976,2025-04-21 08:21:05.210,
3641,2025-04-21 08:20:55.18733+00,7533.75,66.91,3975,2025-04-21 08:20:53.630,
3640,2025-04-21 08:20:43.591128+00,7427.5,66.79,3974,2025-04-21 08:20:42.050,
3639,2025-04-21 08:20:32.013722+00,7562.5,66.91,3973,2025-04-21 08:20:30.440,
3638,2025-04-21 08:20:20.415543+00,7027.5,66.91,3972,2025-04-21 08:20:18.860,
3637,2025-04-21 08:20:08.832696+00,7258.75,66.91,3971,2025-04-21 08:20:07.280,
3636,2025-04-21 08:19:57.253385+00,7333.75,66.91,3970,2025-04-21 08:19:55.710,
3635,2025-04-21 08:19:45.687886+00,7028.75,66.79,3969,2025-04-21 08:19:44.130,
3634,2025-04-21 08:19:34.107992+00,7680,67.03,3968,2025-04-21 08:19:32.550,
3633,2025-04-21 08:19:22.518946+00,7406.25,66.91,3967,2025-04-21 08:19:20.920,
3632,2025-04-21 08:19:10.894266+00,7397.5,67.03,3966,2025-04-21 08:19:09.350,
3631,2025-04-21 08:18:59.317577+00,7343.75,67.03,3965,2025-04-21 08:18:57.770,
3630,2025-04-21 08:18:47.746342+00,6977.5,66.79,3964,2025-04-21 08:18:46.190,
3629,2025-04-21 08:18:36.162282+00,7110,66.91,3963,2025-04-21 08:18:34.590,
3628,2025-04-21 08:18:24.557674+00,7147.5,67.03,3962,2025-04-21 08:18:22.980,
3627,2025-04-21 08:18:12.95207+00,7413.75,67.03,3961,2025-04-21 08:18:11.400,
3626,2025-04-21 08:18:01.362463+00,7177.5,67.03,3960,2025-04-21 08:17:59.790,
3625,2025-04-21 08:17:49.762595+00,7325,66.91,3959,2025-04-21 08:17:48.170,
3624,2025-04-21 08:17:38.139755+00,7401.25,66.91,3958,2025-04-21 08:17:36.570,
3623,2025-04-21 08:17:26.539127+00,7403.75,67.15,3957,2025-04-21 08:17:24.960,
3622,2025-04-21 08:17:14.92914+00,7067.5,66.91,3956,2025-04-21 08:17:13.370,
3621,2025-04-21 08:17:03.331405+00,7088.75,67.15,3955,2025-04-21 08:17:01.770,
3620,2025-04-21 08:16:51.73372+00,7342.5,66.79,3954,2025-04-21 08:16:50.180,
3619,2025-04-21 08:16:40.148619+00,7133.75,66.91,3953,2025-04-21 08:16:38.570,
3618,2025-04-21 08:16:28.536679+00,7622.5,66.67,3952,2025-04-21 08:16:26.970,
3617,2025-04-21 08:16:16.936919+00,7232.5,66.79,3951,2025-04-21 08:16:15.370,
3616,2025-04-21 08:16:05.344718+00,7213.75,66.67,3950,2025-04-21 08:16:03.760,
3615,2025-04-21 08:15:53.735861+00,6942.5,66.91,3949,2025-04-21 08:15:52.175,
3614,2025-04-21 08:15:42.14227+00,7332.5,66.67,3948,2025-04-21 08:15:40.560,
3613,2025-04-21 08:15:30.535199+00,7143.75,66.79,3947,2025-04-21 08:15:28.970,
3612,2025-04-21 08:15:18.941245+00,7091.25,66.67,3946,2025-04-21 08:15:17.370,
3611,2025-04-21 08:15:07.331956+00,7122.5,66.91,3945,2025-04-21 08:15:05.750,
3610,2025-04-21 08:14:55.712961+00,7230,66.91,3944,2025-04-21 08:14:54.150,
3609,2025-04-21 08:14:44.126782+00,7173.75,66.79,3943,2025-04-21 08:14:42.300,
3608,2025-04-21 08:14:32.274749+00,7623.75,66.79,3942,2025-04-21 08:14:30.700,
3607,2025-04-21 08:14:20.677815+00,7547.5,66.67,3941,2025-04-21 08:14:19.120,
3606,2025-04-21 08:14:09.08901+00,7176.25,66.79,3940,2025-04-21 08:14:07.520,
3605,2025-04-21 08:13:57.491421+00,7488.75,66.67,3939,2025-04-21 08:13:55.940,
3604,2025-04-21 08:13:45.900466+00,6997.5,66.55,3938,2025-04-21 08:13:44.300,
3603,2025-04-21 08:13:34.264452+00,7400,66.91,3937,2025-04-21 08:13:32.700,
3602,2025-04-21 08:13:22.663232+00,7463.75,66.79,3936,2025-04-21 08:13:21.090,
3601,2025-04-21 08:13:11.059803+00,7233.75,66.91,3935,2025-04-21 08:13:09.460,
3600,2025-04-21 08:12:59.421833+00,7147.5,66.55,3934,2025-04-21 08:12:57.850,
3599,2025-04-21 08:12:47.818833+00,7355,66.79,3933,2025-04-21 08:12:46.275,
3598,2025-04-21 08:12:36.243912+00,7396.25,66.79,3932,2025-04-21 08:12:34.660,
3597,2025-04-21 08:12:24.634145+00,7252.5,66.79,3931,2025-04-21 08:12:23.060,
3596,2025-04-21 08:12:13.02495+00,7351.25,66.67,3930,2025-04-21 08:12:11.480,
3595,2025-04-21 08:12:01.445581+00,7131.25,66.67,3929,2025-04-21 08:11:59.890,
3594,2025-04-21 08:11:49.857085+00,7275,66.67,3928,2025-04-21 08:11:48.250,
3593,2025-04-21 08:11:38.209114+00,7067.5,66.55,3927,2025-04-21 08:11:36.630,
3592,2025-04-21 08:11:26.602428+00,7202.5,66.79,3926,2025-04-21 08:11:25.010,
3591,2025-04-21 08:11:14.970416+00,7483.75,66.55,3925,2025-04-21 08:11:13.400,
3590,2025-04-21 08:11:03.373719+00,7108.75,66.67,3924,2025-04-21 08:11:01.770,
3589,2025-04-21 08:10:51.733421+00,7300,66.55,3923,2025-04-21 08:10:50.160,
3588,2025-04-21 08:10:40.133853+00,7151.25,66.79,3922,2025-04-21 08:10:38.520,
3587,2025-04-21 08:10:28.484235+00,7403.75,66.67,3921,2025-04-21 08:10:26.890,
3586,2025-04-21 08:10:16.84915+00,7022.5,66.67,3920,2025-04-21 08:10:15.250,
3585,2025-04-21 08:10:05.222578+00,7435,66.79,3919,2025-04-21 08:10:03.660,
3584,2025-04-21 08:09:53.633136+00,7277.5,66.79,3918,2025-04-21 08:09:52.050,
3583,2025-04-21 08:09:42.016262+00,6946.25,66.67,3917,2025-04-21 08:09:40.470,
3582,2025-04-21 08:09:30.443197+00,6956.25,66.79,3916,2025-04-21 08:09:28.860,
3581,2025-04-21 08:09:18.790563+00,7362.5,66.67,3915,2025-04-21 08:09:17.200,
3580,2025-04-21 08:08:50.146788+00,7190,66.91,3913,2025-04-21 08:08:48.580,
3579,2025-04-21 08:08:38.551168+00,7103.75,66.67,3912,2025-04-21 08:08:36.930,
3578,2025-04-21 08:08:26.904059+00,7372.5,66.67,3911,2025-04-21 08:08:25.340,
3577,2025-04-21 08:08:15.307511+00,7340,67.03,3910,2025-04-21 08:08:13.730,
3576,2025-04-21 08:08:03.702658+00,7098.75,66.79,3909,2025-04-21 08:08:02.170,
3575,2025-04-21 08:07:52.139402+00,7292.5,66.91,3908,2025-04-21 08:07:50.590,
3574,2025-04-21 08:07:40.555342+00,7412.5,66.91,3907,2025-04-21 08:07:38.990,
3573,2025-04-21 08:07:28.966257+00,7511.25,66.91,3906,2025-04-21 08:07:27.390,
3572,2025-04-21 08:07:17.366102+00,7348.75,67.03,3905,2025-04-21 08:07:14.060,
3571,2025-04-21 08:07:04.031334+00,7356.25,66.91,3904,2025-04-21 08:07:02.460,
3570,2025-04-21 08:06:52.432233+00,7453.75,66.79,3903,2025-04-21 08:06:50.780,
3569,2025-04-21 08:06:40.750024+00,7020,67.03,3902,2025-04-21 08:06:39.200,
3568,2025-04-21 08:06:29.166763+00,7270,66.67,3901,2025-04-21 08:06:27.610,
3567,2025-04-21 08:06:17.580973+00,7250,66.55,3900,2025-04-21 08:06:16.010,
3566,2025-04-21 08:06:05.985234+00,7287.5,66.91,3899,2025-04-21 08:06:04.450,
3565,2025-04-21 08:05:54.420933+00,7297.5,67.03,3898,2025-04-21 08:05:52.840,
3564,2025-04-21 08:05:42.806138+00,7208.75,67.03,3897,2025-04-21 08:05:41.240,
3563,2025-04-21 08:05:31.206841+00,7336.25,66.79,3896,2025-04-21 08:05:29.650,
3562,2025-04-21 08:05:19.625626+00,7541.25,67.03,3895,2025-04-21 08:05:18.100,
3561,2025-04-21 08:05:08.071972+00,7381.25,67.03,3894,2025-04-21 08:05:06.450,
3560,2025-04-21 08:04:56.415111+00,7111.25,66.91,3893,2025-04-21 08:04:54.830,
3559,2025-04-21 08:04:44.800971+00,7578.75,67.03,3892,2025-04-21 08:04:43.230,
3558,2025-04-21 08:04:33.200328+00,7235,66.91,3891,2025-04-21 08:04:31.620,
3557,2025-04-21 08:04:21.593434+00,7116.25,66.91,3890,2025-04-21 08:04:20.020,
3556,2025-04-21 08:04:09.984262+00,7532.5,66.91,3889,2025-04-21 08:04:08.420,
3555,2025-04-21 08:03:58.383907+00,7450,67.03,3888,2025-04-21 08:03:56.810,
3554,2025-04-21 08:03:46.782899+00,7172.5,67.03,3887,2025-04-21 08:03:45.200,
3553,2025-04-21 08:03:35.171023+00,7163.75,66.79,3886,2025-04-21 08:03:33.630,
3552,2025-04-21 08:03:23.602873+00,7463.75,66.67,3885,2025-04-21 08:03:21.960,
3551,2025-04-21 08:03:11.928194+00,7600,66.91,3884,2025-04-21 08:03:10.370,
3550,2025-04-21 08:03:00.334139+00,7276.25,67.03,3883,2025-04-21 08:02:58.760,
3549,2025-04-21 08:02:48.72792+00,7040,66.91,3882,2025-04-21 08:02:47.180,
3548,2025-04-21 08:02:37.146738+00,7366.25,67.03,3881,2025-04-21 08:02:35.580,
3547,2025-04-21 08:02:25.544563+00,7428.75,66.67,3880,2025-04-21 08:02:23.980,
3546,2025-04-21 08:02:13.944957+00,7448.75,66.67,3879,2025-04-21 08:02:12.370,
3545,2025-04-21 08:02:02.340269+00,7111.25,66.55,3878,2025-04-21 08:02:00.780,
3544,2025-04-21 08:01:50.75583+00,7176.25,66.67,3877,2025-04-21 08:01:49.210,
3543,2025-04-21 08:01:39.17577+00,7677.5,66.67,3876,2025-04-21 08:01:37.500,
3542,2025-04-21 08:01:27.465707+00,7083.75,66.42,3875,2025-04-21 08:01:24.785,
3541,2025-04-21 08:01:14.760069+00,6928.75,66.3,3874,2025-04-21 08:01:12.620,
3540,2025-04-21 08:01:02.595717+00,7130,66.18,3873,2025-04-21 08:01:01.050,
3539,2025-04-21 08:00:51.025175+00,7108.75,66.55,3872,2025-04-21 08:00:49.450,
3538,2025-04-21 08:00:39.418145+00,7026.25,66.67,3871,2025-04-21 08:00:37.870,
3537,2025-04-21 08:00:27.836186+00,6893.75,66.67,3870,2025-04-21 08:00:26.250,
3536,2025-04-21 08:00:16.222831+00,7477.5,66.67,3869,2025-04-21 08:00:14.680,
3535,2025-04-21 08:00:04.64901+00,7016.25,66.55,3868,2025-04-21 08:00:03.080,
3534,2025-04-21 07:59:53.044689+00,7023.75,66.67,3867,2025-04-21 07:59:51.420,
3533,2025-04-21 07:59:41.390375+00,7172.5,66.67,3866,2025-04-21 07:59:39.830,
3532,2025-04-21 07:59:29.787664+00,7472.5,66.79,3865,2025-04-21 07:59:28.230,
3531,2025-04-21 07:59:18.195482+00,6908.75,66.55,3864,2025-04-21 07:59:16.620,
3530,2025-04-21 07:59:06.592562+00,7501.25,66.67,3863,2025-04-21 07:59:05.050,
3529,2025-04-21 07:58:55.020816+00,7116.25,66.67,3862,2025-04-21 07:58:53.450,
3528,2025-04-21 07:58:43.424258+00,6940,66.79,3861,2025-04-21 07:58:41.860,
3527,2025-04-21 07:58:31.833737+00,7001.25,66.55,3860,2025-04-21 07:58:30.310,
3526,2025-04-21 07:58:20.279775+00,6856.25,66.79,3859,2025-04-21 07:58:18.730,
3525,2025-04-21 07:58:08.701446+00,7562.5,66.55,3858,2025-04-21 07:58:07.060,
3524,2025-04-21 07:57:57.015474+00,6933.75,66.43,3857,2025-04-21 07:57:55.430,
3523,2025-04-21 07:57:45.399946+00,7005,66.42,3856,2025-04-21 07:57:43.840,
3522,2025-04-21 07:57:33.809753+00,7445,66.3,3855,2025-04-21 07:57:32.240,
3521,2025-04-21 07:57:22.208786+00,7361.25,66.3,3854,2025-04-21 07:57:20.620,
3520,2025-04-21 07:57:10.589608+00,7382.5,66.42,3853,2025-04-21 07:57:09.020,
3519,2025-04-21 07:56:58.991785+00,7158.75,66.55,3852,2025-04-21 07:56:57.450,
3518,2025-04-21 07:56:47.412613+00,7077.5,66.3,3851,2025-04-21 07:56:45.870,
3517,2025-04-21 07:56:35.834653+00,7402.5,66.18,3850,2025-04-21 07:56:34.290,
3516,2025-04-21 07:56:24.256833+00,7130,66.3,3849,2025-04-21 07:56:22.620,
3515,2025-04-21 07:56:12.591254+00,7263.75,66.55,3848,2025-04-21 07:56:11.020,
3514,2025-04-21 07:56:00.986189+00,6870,66.43,3847,2025-04-21 07:55:59.440,
3513,2025-04-21 07:55:49.413388+00,7246.25,66.3,3846,2025-04-21 07:55:47.870,
3512,2025-04-21 07:55:37.833139+00,7408.75,66.55,3845,2025-04-21 07:55:36.300,
3511,2025-04-21 07:55:26.263735+00,6928.75,66.55,3844,2025-04-21 07:55:24.700,
3510,2025-04-21 07:55:14.659633+00,7073.75,66.55,3843,2025-04-21 07:55:13.050,
3509,2025-04-21 07:55:03.018147+00,6963.75,66.55,3842,2025-04-21 07:55:01.420,
3508,2025-04-21 07:54:51.382485+00,7135,66.67,3841,2025-04-21 07:54:49.790,
3507,2025-04-21 07:54:39.754427+00,6827.5,66.79,3840,2025-04-21 07:54:38.070,
3506,2025-04-21 07:54:28.037871+00,7242.5,66.79,3839,2025-04-21 07:54:26.500,
3505,2025-04-21 07:54:16.464122+00,7621.25,66.67,3838,2025-04-21 07:54:14.910,
3504,2025-04-21 07:54:04.878846+00,7231.25,66.67,3837,2025-04-21 07:54:03.340,
3503,2025-04-21 07:53:53.314358+00,7141.25,66.67,3836,2025-04-21 07:53:51.770,
3502,2025-04-21 07:53:41.743461+00,7516.25,66.67,3835,2025-04-21 07:53:40.200,
3501,2025-04-21 07:53:30.168233+00,7276.25,67.39,3834,2025-04-21 07:53:28.610,
3500,2025-04-21 07:53:18.572971+00,7367.5,67.39,3833,2025-04-21 07:53:17.020,
3499,2025-04-21 07:53:06.988032+00,6932.5,67.27,3832,2025-04-21 07:53:05.430,
3498,2025-04-21 07:52:55.399175+00,7385,67.52,3831,2025-04-21 07:52:53.770,
3497,2025-04-21 07:52:43.73619+00,7342.5,67.39,3830,2025-04-21 07:52:42.210,
3496,2025-04-21 07:52:32.179372+00,7541.25,67.64,3829,2025-04-21 07:52:30.630,
3495,2025-04-21 07:52:20.5968+00,7231.25,67.39,3828,2025-04-21 07:52:19.040,
3494,2025-04-21 07:52:09.005854+00,7393.75,67.52,3827,2025-04-21 07:52:07.450,
3493,2025-04-21 07:51:57.416781+00,7232.5,67.27,3826,2025-04-21 07:51:55.870,
3492,2025-04-21 07:51:45.84099+00,7486.25,67.52,3825,2025-04-21 07:51:44.270,
3491,2025-04-21 07:51:34.23815+00,7445,67.64,3824,2025-04-21 07:51:32.670,
3490,2025-04-21 07:51:22.63921+00,7487.5,67.52,3823,2025-04-21 07:51:21.090,
3489,2025-04-21 07:51:11.050395+00,7260,67.27,3822,2025-04-21 07:51:09.410,
3488,2025-04-21 07:50:59.373155+00,7552.5,67.27,3821,2025-04-21 07:50:57.760,
3487,2025-04-21 07:50:47.723254+00,7272.5,67.39,3820,2025-04-21 07:50:46.160,
3486,2025-04-21 07:50:36.132182+00,7478.75,67.52,3819,2025-04-21 07:50:34.550,
3485,2025-04-21 07:50:24.522222+00,7248.75,67.39,3818,2025-04-21 07:50:22.960,
3484,2025-04-21 07:50:12.925538+00,7687.5,67.52,3817,2025-04-21 07:50:11.370,
3483,2025-04-21 07:50:01.339084+00,7225,67.39,3816,2025-04-21 07:49:59.790,
3482,2025-04-21 07:49:49.755976+00,7172.5,67.39,3815,2025-04-21 07:49:48.200,
3481,2025-04-21 07:49:38.169363+00,7036.25,67.27,3814,2025-04-21 07:49:36.600,
3480,2025-04-21 07:49:26.568738+00,7280,67.39,3813,2025-04-21 07:49:24.970,
3479,2025-04-21 07:49:14.932007+00,7190,67.27,3812,2025-04-21 07:49:13.370,
3478,2025-04-21 07:49:03.337834+00,7362.5,67.39,3811,2025-04-21 07:49:01.790,
3477,2025-04-21 07:48:51.762612+00,7371.25,67.15,3810,2025-04-21 07:48:50.170,
3476,2025-04-21 07:48:40.131698+00,7546.25,67.27,3809,2025-04-21 07:48:38.600,
3475,2025-04-21 07:48:28.568556+00,7378.75,67.03,3808,2025-04-21 07:48:27.020,
3474,2025-04-21 07:48:16.986624+00,6993.75,67.27,3807,2025-04-21 07:48:15.430,
3473,2025-04-21 07:48:05.388124+00,7145,67.39,3806,2025-04-21 07:48:03.856,
3472,2025-04-21 07:47:53.816026+00,7322.5,67.27,3805,2025-04-21 07:47:52.240,
3471,2025-04-21 07:47:42.203875+00,7230,67.27,3804,2025-04-21 07:47:40.560,
3470,2025-04-21 07:47:30.517426+00,7303.75,67.39,3803,2025-04-21 07:47:28.954,
3469,2025-04-21 07:47:18.913911+00,7230,67.39,3802,2025-04-21 07:47:17.340,
3468,2025-04-21 07:47:07.304481+00,7026.25,67.64,3801,2025-04-21 07:47:05.770,
3467,2025-04-21 07:46:55.731967+00,7313.75,67.52,3800,2025-04-21 07:46:54.200,
3466,2025-04-21 07:46:44.160656+00,7040,67.64,3799,2025-04-21 07:46:42.610,
3465,2025-04-21 07:46:32.573732+00,7152.5,67.64,3798,2025-04-21 07:46:31.030,
3464,2025-04-21 07:46:20.996649+00,7012.5,67.27,3797,2025-04-21 07:46:19.450,
3463,2025-04-21 07:46:09.41892+00,7440,67.39,3796,2025-04-21 07:46:07.880,
3462,2025-04-21 07:45:57.849026+00,7552.5,67.52,3795,2025-04-21 07:45:56.190,
3461,2025-04-21 07:45:46.139819+00,7296.25,67.76,3794,2025-04-21 07:45:44.570,
3460,2025-04-21 07:45:34.537817+00,7337.5,67.64,3793,2025-04-21 07:45:33.000,
3459,2025-04-21 07:45:22.962535+00,7346.25,67.39,3792,2025-04-21 07:45:21.370,
3458,2025-04-21 07:45:11.334295+00,7438.75,67.52,3791,2025-04-21 07:45:09.770,
3457,2025-04-21 07:44:59.737569+00,7493.75,67.51,3790,2025-04-21 07:44:58.130,
3456,2025-04-21 07:44:48.067531+00,7172.5,67.64,3789,2025-04-21 07:44:46.150,
3455,2025-04-21 07:44:36.114243+00,6968.75,67.39,3788,2025-04-21 07:44:34.560,
3454,2025-04-21 07:44:24.525113+00,7396.25,67.88,3787,2025-04-21 07:44:22.960,
3453,2025-04-21 07:44:12.929669+00,7357.5,67.52,3786,2025-04-21 07:44:11.290,
3452,2025-04-21 07:44:01.254903+00,7491.25,67.39,3785,2025-04-21 07:43:59.710,
3451,2025-04-21 07:43:49.678182+00,7215,67.27,3784,2025-04-21 07:43:48.120,
3450,2025-04-21 07:43:38.088812+00,7376.25,67.64,3783,2025-04-21 07:43:36.510,
3449,2025-04-21 07:43:26.480567+00,7088.75,67.52,3782,2025-04-21 07:43:24.930,
3448,2025-04-21 07:43:14.89585+00,7051.25,67.39,3781,2025-04-21 07:43:13.320,
3447,2025-04-21 07:43:03.283964+00,7465,67.27,3780,2025-04-21 07:43:01.716,
3446,2025-04-21 07:42:51.673589+00,7011.25,67.64,3779,2025-04-21 07:42:50.100,
3445,2025-04-21 07:42:40.060057+00,7387.5,67.27,3778,2025-04-21 07:42:38.480,
3444,2025-04-21 07:42:28.443608+00,7325,67.27,3777,2025-04-21 07:42:26.810,
3443,2025-04-21 07:42:16.765281+00,7150,67.27,3776,2025-04-21 07:42:15.180,
3442,2025-04-21 07:42:05.136624+00,7412.5,67.27,3775,2025-04-21 07:42:03.610,
3441,2025-04-21 07:41:53.576321+00,7172.5,67.27,3774,2025-04-21 07:41:52.010,
3440,2025-04-21 07:41:41.975248+00,7506.25,67.27,3773,2025-04-21 07:41:40.450,
3439,2025-04-21 07:41:30.414052+00,7486.25,67.15,3772,2025-04-21 07:41:28.890,
3438,2025-04-21 07:41:18.853703+00,7398.75,67.15,3771,2025-04-21 07:41:17.290,
3437,2025-04-21 07:41:07.260833+00,7375,67.03,3770,2025-04-21 07:41:05.720,
3436,2025-04-21 07:40:55.682518+00,7445,67.39,3769,2025-04-21 07:40:54.103,
3435,2025-04-21 07:40:44.06639+00,7593.75,67.88,3768,2025-04-21 07:40:42.430,
3434,2025-04-21 07:40:32.392336+00,7268.75,67.52,3767,2025-04-21 07:40:30.850,
3433,2025-04-21 07:40:20.810622+00,7246.25,67.52,3766,2025-04-21 07:40:19.280,
3432,2025-04-21 07:40:09.246271+00,7370,67.52,3765,2025-04-21 07:40:07.690,
3431,2025-04-21 07:39:57.653891+00,7061.25,67.76,3764,2025-04-21 07:39:56.066,
3430,2025-04-21 07:39:46.061425+00,7390,67.64,3763,2025-04-21 07:39:44.496,
3429,2025-04-21 07:39:34.45484+00,7160,67.52,3762,2025-04-21 07:39:32.846,
3428,2025-04-21 07:39:22.84198+00,7175,67.64,3761,2025-04-21 07:39:21.256,
3427,2025-04-21 07:39:11.250028+00,7498.75,67.52,3760,2025-04-21 07:39:09.686,
3426,2025-04-21 07:38:59.685527+00,7578.75,67.52,3759,2025-04-21 07:38:58.016,
3425,2025-04-21 07:38:48.008575+00,7047.5,67.39,3758,2025-04-21 07:38:46.426,
3424,2025-04-21 07:38:36.427261+00,7141.25,67.39,3757,2025-04-21 07:38:34.865,
3423,2025-04-21 07:38:24.871821+00,7268.75,67.15,3756,2025-04-21 07:38:23.305,
3422,2025-04-21 07:38:13.303281+00,7063.75,67.27,3755,2025-04-21 07:38:11.706,
3421,2025-04-21 07:38:01.705832+00,7336.25,67.39,3754,2025-04-21 07:38:00.105,
3420,2025-04-21 07:37:50.102469+00,7286.25,67.27,3753,2025-04-21 07:37:48.520,
3419,2025-04-21 07:37:38.506648+00,7645,67.27,3752,2025-04-21 07:37:36.905,
3418,2025-04-21 07:37:26.906169+00,7241.25,67.15,3751,2025-04-21 07:37:25.306,
3417,2025-04-21 07:37:15.300114+00,7036.25,67.52,3750,2025-04-21 07:37:13.625,
3416,2025-04-21 07:37:03.63007+00,7315,67.27,3749,2025-04-21 07:37:02.036,
3415,2025-04-21 07:36:52.036998+00,7471.25,67.15,3748,2025-04-21 07:36:50.446,
3414,2025-04-21 07:36:40.44533+00,7453.75,67.15,3747,2025-04-21 07:36:38.826,
3413,2025-04-21 07:36:28.821762+00,7006.25,67.15,3746,2025-04-21 07:36:27.236,
3412,2025-04-21 07:36:17.232166+00,7105,67.03,3745,2025-04-21 07:36:15.655,
3411,2025-04-21 07:36:05.657122+00,7028.75,67.15,3744,2025-04-21 07:36:04.086,
3410,2025-04-21 07:35:54.083522+00,7298.75,67.15,3743,2025-04-21 07:35:52.485,
3409,2025-04-21 07:35:42.446827+00,7252.5,66.91,3742,2025-04-21 07:35:40.856,
3408,2025-04-21 07:35:30.856121+00,7221.25,66.91,3741,2025-04-21 07:35:29.195,
3407,2025-04-21 07:35:19.175766+00,7020,66.91,3740,2025-04-21 07:35:17.556,
3406,2025-04-21 07:35:07.554296+00,7480,67.52,3739,2025-04-21 07:35:05.966,
3405,2025-04-21 07:34:55.967076+00,7386.25,67.39,3738,2025-04-21 07:34:54.356,
3404,2025-04-21 07:34:44.348289+00,7040,67.52,3737,2025-04-21 07:34:42.786,
3403,2025-04-21 07:34:32.779268+00,7317.5,67.88,3736,2025-04-21 07:34:31.226,
3402,2025-04-21 07:34:21.215525+00,7182.5,67.64,3735,2025-04-21 07:34:19.655,
3401,2025-04-21 07:34:09.657008+00,7091.25,68,3734,2025-04-21 07:34:08.055,
3400,2025-04-21 07:33:58.054109+00,7270,67.76,3733,2025-04-21 07:33:56.476,
3399,2025-04-21 07:33:46.470861+00,7302.5,67.52,3732,2025-04-21 07:33:44.765,
3398,2025-04-21 07:33:34.760355+00,7528.75,67.88,3731,2025-04-21 07:33:33.165,
3397,2025-04-21 07:33:23.156424+00,7517.5,67.76,3730,2025-04-21 07:33:21.595,
3396,2025-04-21 07:33:11.597044+00,7607.5,67.76,3729,2025-04-21 07:33:10.016,
3395,2025-04-21 07:33:00.01184+00,7267.5,67.52,3728,2025-04-21 07:32:58.436,
3394,2025-04-21 07:32:48.41208+00,7021.25,67.76,3727,2025-04-21 07:32:46.826,
3393,2025-04-21 07:32:36.821093+00,7175,67.64,3726,2025-04-21 07:32:35.205,
3392,2025-04-21 07:32:25.203891+00,7357.5,67.39,3725,2025-04-21 07:32:23.596,
3391,2025-04-21 07:32:13.595211+00,7257.5,67.52,3724,2025-04-21 07:32:12.006,
3390,2025-04-21 07:32:02.00476+00,7453.75,67.52,3723,2025-04-21 07:32:00.335,
3389,2025-04-21 07:31:50.334355+00,7167.5,67.39,3722,2025-04-21 07:31:48.755,
3388,2025-04-21 07:31:38.736729+00,7140,67.51,3721,2025-04-21 07:31:37.175,
3387,2025-04-21 07:31:27.177774+00,7613.75,67.52,3720,2025-04-21 07:31:25.576,
3386,2025-04-21 07:31:15.579102+00,6916.25,67.39,3719,2025-04-21 07:31:13.995,
3385,2025-04-21 07:31:03.991079+00,7250,67.52,3718,2025-04-21 07:31:02.426,
3384,2025-04-21 07:30:52.420405+00,7096.25,67.27,3717,2025-04-21 07:30:50.815,
3383,2025-04-21 07:30:40.807382+00,7273.75,67.52,3716,2025-04-21 07:30:39.226,
3382,2025-04-21 07:30:29.225692+00,7305,67.27,3715,2025-04-21 07:30:27.636,
3381,2025-04-21 07:30:17.632739+00,7076.25,67.27,3714,2025-04-21 07:30:15.986,
3380,2025-04-21 07:30:05.979573+00,7315,67.27,3713,2025-04-21 07:30:04.376,
3379,2025-04-21 07:29:54.367466+00,7263.75,67.27,3712,2025-04-21 07:29:52.755,
3378,2025-04-21 07:29:42.751209+00,7168.75,67.52,3711,2025-04-21 07:29:41.136,
3377,2025-04-21 07:29:31.136919+00,7442.5,67.27,3710,2025-04-21 07:29:29.565,
3376,2025-04-21 07:29:19.56784+00,7106.25,67.52,3709,2025-04-21 07:29:17.985,
3375,2025-04-21 07:29:07.981317+00,7440,67.27,3708,2025-04-21 07:29:06.416,
3374,2025-04-21 07:28:56.403934+00,6882.5,67.27,3707,2025-04-21 07:28:54.816,
3373,2025-04-21 07:28:44.807025+00,7365,67.52,3706,2025-04-21 07:28:43.176,
3372,2025-04-21 07:28:33.146076+00,7317.5,67.27,3705,2025-04-21 07:28:31.496,
3371,2025-04-21 07:28:21.480146+00,7450,67.15,3704,2025-04-21 07:28:19.906,
3370,2025-04-21 07:28:09.906304+00,6990,67.52,3703,2025-04-21 07:28:08.346,
3369,2025-04-21 07:27:58.339371+00,7206.25,67.52,3702,2025-04-21 07:27:56.765,
3368,2025-04-21 07:27:46.757618+00,7506.25,67.52,3701,2025-04-21 07:27:45.175,
3367,2025-04-21 07:27:35.157112+00,7255,67.52,3700,2025-04-21 07:27:33.546,
3366,2025-04-21 07:27:23.544426+00,7266.25,67.27,3699,2025-04-21 07:27:21.960,
3365,2025-04-21 07:27:11.955538+00,7660,67.39,3698,2025-04-21 07:27:10.346,
3364,2025-04-21 07:27:00.335561+00,7077.5,67.39,3697,2025-04-21 07:26:58.735,
3363,2025-04-21 07:26:48.732114+00,7196.25,67.39,3696,2025-04-21 07:26:47.016,
3362,2025-04-21 07:26:37.009428+00,7336.25,67.52,3695,2025-04-21 07:26:35.396,
3361,2025-04-21 07:26:25.386509+00,6957.5,67.64,3694,2025-04-21 07:26:23.776,
3360,2025-04-21 07:26:13.773643+00,7048.75,67.52,3693,2025-04-21 07:26:12.176,
3359,2025-04-21 07:26:02.17227+00,7288.75,67.27,3692,2025-04-21 07:26:00.555,
3358,2025-04-21 07:25:50.55504+00,7623.75,67.39,3691,2025-04-21 07:25:48.975,
3357,2025-04-21 07:25:38.97013+00,7593.75,67.39,3690,2025-04-21 07:25:37.376,
3356,2025-04-21 07:25:27.365468+00,6925,67.39,3689,2025-04-21 07:25:25.766,
3355,2025-04-21 07:25:15.76353+00,7352.5,67.52,3688,2025-04-21 07:25:14.186,
3354,2025-04-21 07:25:04.181361+00,7160,67.39,3687,2025-04-21 07:25:02.515,
3353,2025-04-21 07:24:52.513623+00,7737.5,67.39,3686,2025-04-21 07:24:50.925,
3352,2025-04-21 07:24:40.918181+00,7446.25,67.27,3685,2025-04-21 07:24:39.316,
3351,2025-04-21 07:24:29.311477+00,7217.5,67.52,3684,2025-04-21 07:24:27.716,
3350,2025-04-21 07:24:17.706086+00,7382.5,67.52,3683,2025-04-21 07:24:16.076,
3349,2025-04-21 07:24:06.074615+00,7390,67.52,3682,2025-04-21 07:24:04.465,
3348,2025-04-21 07:23:54.462103+00,7576.25,67.39,3681,2025-04-21 07:23:52.886,
3347,2025-04-21 07:23:42.883014+00,7145,67.39,3680,2025-04-21 07:23:41.236,
3346,2025-04-21 07:23:31.225994+00,7383.75,67.39,3679,2025-04-21 07:23:29.656,
3345,2025-04-21 07:23:19.654334+00,7236.25,67.64,3678,2025-04-21 07:23:17.986,
3344,2025-04-21 07:23:07.975058+00,7618.75,67.39,3677,2025-04-21 07:23:06.356,
3343,2025-04-21 07:22:56.351144+00,7043.75,67.39,3676,2025-04-21 07:22:54.776,
3342,2025-04-21 07:22:44.774821+00,7062.5,67.27,3675,2025-04-21 07:22:43.196,
3341,2025-04-21 07:22:33.193441+00,7266.25,67.27,3674,2025-04-21 07:22:31.596,
3340,2025-04-21 07:22:21.576201+00,7252.5,67.27,3673,2025-04-21 07:22:19.975,
3339,2025-04-21 07:22:09.969857+00,7331.25,67.15,3672,2025-04-21 07:22:08.375,
3338,2025-04-21 07:21:58.368798+00,7065,67.27,3671,2025-04-21 07:21:56.806,
3337,2025-04-21 07:21:46.798544+00,7118.75,67.15,3670,2025-04-21 07:21:45.235,
3336,2025-04-21 07:21:35.224275+00,7162.5,67.15,3669,2025-04-21 07:21:33.546,
3335,2025-04-21 07:21:23.532447+00,7521.25,67.15,3668,2025-04-21 07:21:21.945,
3334,2025-04-21 07:21:11.939527+00,7475,67.52,3667,2025-04-21 07:21:10.326,
3333,2025-04-21 07:21:00.309138+00,7033.75,67.39,3666,2025-04-21 07:20:58.725,
3332,2025-04-21 07:20:48.711438+00,7188.75,67.39,3665,2025-04-21 07:20:47.146,
3331,2025-04-21 07:20:37.138192+00,7400,67.52,3664,2025-04-21 07:20:35.535,
3330,2025-04-21 07:20:25.527701+00,7267.5,67.64,3663,2025-04-21 07:20:23.936,
3329,2025-04-21 07:20:13.92567+00,7095,67.39,3662,2025-04-21 07:20:12.326,
3328,2025-04-21 07:20:02.312544+00,7116.25,67.52,3661,2025-04-21 07:20:00.716,
3327,2025-04-21 07:19:50.711743+00,7282.5,67.76,3660,2025-04-21 07:19:49.045,
3326,2025-04-21 07:19:39.046324+00,7120,67.52,3659,2025-04-21 07:19:37.446,
3325,2025-04-21 07:19:27.433093+00,7088.75,67.52,3658,2025-04-21 07:19:25.826,
3324,2025-04-21 07:19:15.807103+00,7317.5,67.27,3657,2025-04-21 07:19:14.205,
3323,2025-04-21 07:19:04.194134+00,7645,67.52,3656,2025-04-21 07:19:02.615,
3322,2025-04-21 07:18:52.609599+00,7221.25,67.52,3655,2025-04-21 07:18:51.045,
3321,2025-04-21 07:18:41.038029+00,7356.25,67.39,3654,2025-04-21 07:18:39.436,
3320,2025-04-21 07:18:29.424048+00,7158.75,67.03,3653,2025-04-21 07:18:27.819,
3319,2025-04-21 07:18:17.811739+00,7012.5,67.39,3652,2025-04-21 07:18:16.236,
3318,2025-04-21 07:18:06.229701+00,7422.5,67.52,3651,2025-04-21 07:18:04.586,
3317,2025-04-21 07:17:54.581978+00,6795,67.15,3650,2025-04-21 07:17:53.005,
3316,2025-04-21 07:17:42.996598+00,6946.25,67.27,3649,2025-04-21 07:17:41.425,
3315,2025-04-21 07:17:31.417626+00,7001.25,67.39,3648,2025-04-21 07:17:29.815,
3314,2025-04-21 07:17:19.799637+00,7627.5,67.52,3647,2025-04-21 07:17:18.245,
3313,2025-04-21 07:17:08.237863+00,7398.75,67.52,3646,2025-04-21 07:17:06.675,
3312,2025-04-21 07:16:56.669038+00,7041.25,67.39,3645,2025-04-21 07:16:55.076,
3311,2025-04-21 07:16:45.074877+00,7288.75,67.52,3644,2025-04-21 07:16:43.516,
3310,2025-04-21 07:16:33.50709+00,7103.75,67.15,3643,2025-04-21 07:16:31.926,
3309,2025-04-21 07:16:21.916071+00,7278.75,67.03,3642,2025-04-21 07:16:20.275,
3308,2025-04-21 07:16:10.268396+00,6868.75,67.27,3641,2025-04-21 07:16:08.701,
3307,2025-04-21 07:15:58.68893+00,7287.5,67.27,3640,2025-04-21 07:15:57.086,
3306,2025-04-21 07:15:47.079434+00,7617.5,67.39,3639,2025-04-21 07:15:45.506,
3305,2025-04-21 07:15:35.504394+00,7368.75,67.27,3638,2025-04-21 07:15:33.946,
3304,2025-04-21 07:15:23.935741+00,7501.25,67.27,3637,2025-04-21 07:15:22.355,
3303,2025-04-21 07:15:12.347254+00,7373.75,67.27,3636,2025-04-21 07:15:10.746,
3302,2025-04-21 07:15:00.734227+00,7570,67.39,3635,2025-04-21 07:14:59.146,
3301,2025-04-21 07:14:49.143175+00,7223.75,67.27,3634,2025-04-21 07:14:47.576,
3300,2025-04-21 07:14:37.566543+00,7126.25,67.64,3633,2025-04-21 07:14:35.895,
3299,2025-04-21 07:14:25.890615+00,7227.5,67.52,3632,2025-04-21 07:14:24.316,
3298,2025-04-21 07:14:14.312612+00,7231.25,67.15,3631,2025-04-21 07:14:12.756,
3297,2025-04-21 07:14:02.755112+00,7581.25,67.52,3630,2025-04-21 07:14:01.186,
3296,2025-04-21 07:13:51.181633+00,7286.25,67.15,3629,2025-04-21 07:13:49.596,
3295,2025-04-21 07:13:39.582309+00,7388.75,67.52,3628,2025-04-21 07:13:37.975,
3294,2025-04-21 07:13:27.966976+00,7355,67.27,3627,2025-04-21 07:13:26.395,
3293,2025-04-21 07:13:16.390316+00,7082.5,67.27,3626,2025-04-21 07:13:14.826,
3292,2025-04-21 07:13:04.817207+00,7295,67.27,3625,2025-04-21 07:13:03.246,
3291,2025-04-21 07:12:53.240325+00,6962.5,67.27,3624,2025-04-21 07:12:51.655,
3290,2025-04-21 07:12:41.64793+00,7147.5,67.03,3623,2025-04-21 07:12:40.066,
3289,2025-04-21 07:12:30.059736+00,7153.75,67.15,3622,2025-04-21 07:12:28.476,
3288,2025-04-21 07:12:18.462173+00,7217.5,67.39,3621,2025-04-21 07:12:16.896,
3287,2025-04-21 07:12:06.870307+00,7035,67.27,3620,2025-04-21 07:12:05.296,
3286,2025-04-21 07:11:55.288526+00,7106.25,67.27,3619,2025-04-21 07:11:53.706,
3285,2025-04-21 07:11:43.700575+00,7642.5,67.64,3618,2025-04-21 07:11:42.106,
3284,2025-04-21 07:11:32.095324+00,7012.5,67.39,3617,2025-04-21 07:11:30.536,
3283,2025-04-21 07:11:20.520921+00,7611.25,67.39,3616,2025-04-21 07:11:18.955,
3282,2025-04-21 07:11:08.949971+00,6998.75,67.52,3615,2025-04-21 07:11:07.376,
3281,2025-04-21 07:10:57.363438+00,6853.75,67.52,3614,2025-04-21 07:10:55.766,
3280,2025-04-21 07:10:45.757904+00,7655,67.39,3613,2025-04-21 07:10:44.165,
3279,2025-04-21 07:10:34.15674+00,7105,67.52,3612,2025-04-21 07:10:32.586,
3278,2025-04-21 07:10:22.578362+00,7822.5,67.39,3611,2025-04-21 07:10:21.016,
3277,2025-04-21 07:10:11.003993+00,7505,67.27,3610,2025-04-21 07:10:09.446,
3276,2025-04-21 07:09:59.437392+00,7426.25,67.52,3609,2025-04-21 07:09:57.856,
3275,2025-04-21 07:09:47.854263+00,7137.5,67.27,3608,2025-04-21 07:09:46.276,
3274,2025-04-21 07:09:36.265083+00,7061.25,67.52,3607,2025-04-21 07:09:34.685,
3273,2025-04-21 07:09:24.675725+00,7403.75,67.39,3606,2025-04-21 07:09:23.095,
3272,2025-04-21 07:09:13.088236+00,7318.75,67.27,3605,2025-04-21 07:09:11.496,
3271,2025-04-21 07:09:01.491829+00,7163.75,67.39,3604,2025-04-21 07:08:59.926,
3270,2025-04-21 07:08:49.914126+00,7081.25,67.39,3603,2025-04-21 07:08:48.338,
3269,2025-04-21 07:08:38.322906+00,7516.25,67.52,3602,2025-04-21 07:08:36.676,
3268,2025-04-21 07:08:26.670723+00,7195,67.39,3601,2025-04-21 07:08:25.096,
3267,2025-04-21 07:08:15.067525+00,7060,67.39,3600,2025-04-21 07:08:13.466,
3266,2025-04-21 07:08:03.447798+00,7321.25,67.27,3599,2025-04-21 07:08:01.856,
3265,2025-04-21 07:07:51.852205+00,7091.25,67.52,3598,2025-04-21 07:07:50.265,
3264,2025-04-21 07:07:40.264422+00,7010,67.39,3597,2025-04-21 07:07:38.616,
3263,2025-04-21 07:07:28.604445+00,7003.75,67.15,3596,2025-04-21 07:07:27.016,
3262,2025-04-21 07:07:16.996606+00,7197.5,67.39,3595,2025-04-21 07:07:15.426,
3261,2025-04-21 07:07:05.411214+00,7486.25,67.52,3594,2025-04-21 07:07:03.856,
3260,2025-04-21 07:06:53.848399+00,7315,67.39,3593,2025-04-21 07:06:52.256,
3259,2025-04-21 07:06:42.248801+00,6943.75,67.39,3592,2025-04-21 07:06:40.666,
3258,2025-04-21 07:06:30.65845+00,7466.25,67.39,3591,2025-04-21 07:06:29.076,
3257,2025-04-21 07:06:19.060107+00,7625,67.15,3590,2025-04-21 07:06:17.486,
3256,2025-04-21 07:06:07.463002+00,7125,67.27,3589,2025-04-21 07:06:05.875,
3255,2025-04-21 07:05:55.870493+00,7500,67.15,3588,2025-04-21 07:05:54.216,
3254,2025-04-21 07:05:44.199092+00,7051.25,67.15,3587,2025-04-21 07:05:42.596,
3253,2025-04-21 07:05:32.58941+00,7308.75,67.27,3586,2025-04-21 07:05:30.996,
3252,2025-04-21 07:05:20.985743+00,7490,67.39,3585,2025-04-21 07:05:19.375,
3251,2025-04-21 07:05:09.370046+00,7131.25,67.15,3584,2025-04-21 07:05:07.785,
3250,2025-04-21 07:04:57.778289+00,7208.75,67.39,3583,2025-04-21 07:04:56.186,
3249,2025-04-21 07:04:46.166031+00,6946.25,67.27,3582,2025-04-21 07:04:44.585,
3248,2025-04-21 07:04:34.5794+00,7091.25,66.91,3581,2025-04-21 07:04:32.986,
3247,2025-04-21 07:04:22.977957+00,7171.25,67.03,3580,2025-04-21 07:04:21.395,
3246,2025-04-21 07:04:11.385737+00,7048.75,67.03,3579,2025-04-21 07:04:09.746,
3245,2025-04-21 07:03:59.741877+00,7041.25,66.91,3578,2025-04-21 07:03:58.165,
3244,2025-04-21 07:03:48.159101+00,7143.75,67.27,3577,2025-04-21 07:03:46.566,
3243,2025-04-21 07:03:36.555575+00,7253.75,67.15,3576,2025-04-21 07:03:34.985,
3242,2025-04-21 07:03:24.979268+00,7355,67.27,3575,2025-04-21 07:03:23.395,
3241,2025-04-21 07:03:13.386731+00,7443.75,67.15,3574,2025-04-21 07:03:11.826,
3240,2025-04-21 07:03:01.815952+00,7275,67.27,3573,2025-04-21 07:03:00.225,
3239,2025-04-21 07:02:50.215149+00,6860,67.15,3572,2025-04-21 07:02:48.665,
3238,2025-04-21 07:02:38.65306+00,7212.5,67.15,3571,2025-04-21 07:02:37.025,
3237,2025-04-21 07:02:27.019402+00,7127.5,67.15,3570,2025-04-21 07:02:25.456,
3236,2025-04-21 07:02:15.443343+00,7622.5,67.15,3569,2025-04-21 07:02:13.876,
3235,2025-04-21 07:02:03.855221+00,7018.75,66.79,3568,2025-04-21 07:02:02.286,
3234,2025-04-21 07:01:52.275303+00,7202.5,66.91,3567,2025-04-21 07:01:50.685,
3233,2025-04-21 07:01:40.669935+00,7253.75,67.15,3566,2025-04-21 07:01:39.106,
3232,2025-04-21 07:01:29.092818+00,7038.75,67.03,3565,2025-04-21 07:01:27.526,
3231,2025-04-21 07:01:17.506033+00,7408.75,67.03,3564,2025-04-21 07:01:15.956,
3230,2025-04-21 07:01:05.945512+00,7058.75,67.03,3563,2025-04-21 07:01:04.376,
3229,2025-04-21 07:00:54.370045+00,6983.75,67.03,3562,2025-04-21 07:00:52.795,
3228,2025-04-21 07:00:42.790973+00,7188.75,67.03,3561,2025-04-21 07:00:41.226,
3227,2025-04-21 07:00:31.204354+00,7232.5,66.91,3560,2025-04-21 07:00:29.635,
3226,2025-04-21 07:00:19.62977+00,7367.5,66.91,3559,2025-04-21 07:00:18.076,
3225,2025-04-21 07:00:08.059429+00,7593.75,67.15,3558,2025-04-21 07:00:06.476,
3224,2025-04-21 06:59:56.469179+00,7372.5,67.03,3557,2025-04-21 06:59:54.896,
3223,2025-04-21 06:59:44.879328+00,7501.25,67.27,3556,2025-04-21 06:59:43.315,
3222,2025-04-21 06:59:33.302624+00,7061.25,67.03,3555,2025-04-21 06:59:31.755,
3221,2025-04-21 06:59:21.746332+00,7196.25,67.03,3554,2025-04-21 06:59:20.175,
3220,2025-04-21 06:59:10.162387+00,7367.5,67.15,3553,2025-04-21 06:59:08.586,
3219,2025-04-21 06:58:58.573228+00,7071.25,67.15,3552,2025-04-21 06:58:57.016,
3218,2025-04-21 06:58:47.004829+00,7293.75,67.15,3551,2025-04-21 06:58:45.436,
3217,2025-04-21 06:58:35.428646+00,7335,67.15,3550,2025-04-21 06:58:33.856,
3216,2025-04-21 06:58:23.842663+00,7628.75,67.27,3549,2025-04-21 06:58:22.276,
3215,2025-04-21 06:58:12.256746+00,7387.5,67.27,3548,2025-04-21 06:58:10.686,
3214,2025-04-21 06:58:00.66702+00,7135,67.15,3547,2025-04-21 06:57:59.105,
3213,2025-04-21 06:57:49.084846+00,6773.75,67.39,3546,2025-04-21 06:57:47.515,
3212,2025-04-21 06:57:37.506444+00,7253.75,67.27,3545,2025-04-21 06:57:35.935,
3211,2025-04-21 06:57:25.921628+00,7728.75,67.39,3544,2025-04-21 06:57:24.356,
3210,2025-04-21 06:57:14.346965+00,6987.5,67.39,3543,2025-04-21 06:57:12.786,
3209,2025-04-21 06:57:02.774013+00,7636.25,67.27,3542,2025-04-21 06:57:01.206,
3208,2025-04-21 06:56:51.199454+00,7026.25,67.39,3541,2025-04-21 06:56:49.646,
3207,2025-04-21 06:56:39.631801+00,7410,67.39,3540,2025-04-21 06:56:38.076,
3206,2025-04-21 06:56:28.064278+00,7283.75,67.27,3539,2025-04-21 06:56:26.516,
3205,2025-04-21 06:56:16.500555+00,7357.5,67.39,3538,2025-04-21 06:56:14.926,
3204,2025-04-21 06:56:04.907298+00,7142.5,67.27,3537,2025-04-21 06:56:03.346,
3203,2025-04-21 06:55:53.339121+00,7123.75,67.39,3536,2025-04-21 06:55:51.775,
3202,2025-04-21 06:55:41.761379+00,7181.25,67.27,3535,2025-04-21 06:55:40.186,
3201,2025-04-21 06:55:30.175052+00,7478.75,67.03,3534,2025-04-21 06:55:28.606,
3200,2025-04-21 06:55:18.594621+00,7211.25,67.15,3533,2025-04-21 06:55:17.016,
3199,2025-04-21 06:55:07.000414+00,7261.25,67.15,3532,2025-04-21 06:55:05.425,
3198,2025-04-21 06:54:55.410736+00,7262.5,67.27,3531,2025-04-21 06:54:53.826,
3197,2025-04-21 06:54:43.815536+00,7478.75,67.52,3530,2025-04-21 06:54:42.246,
3196,2025-04-21 06:54:32.234156+00,7507.5,67.52,3529,2025-04-21 06:54:30.666,
3195,2025-04-21 06:54:20.661531+00,6972.5,67.15,3528,2025-04-21 06:54:19.115,
3194,2025-04-21 06:54:09.109241+00,7461.25,67.39,3527,2025-04-21 06:54:07.535,
3193,2025-04-21 06:53:57.532538+00,7521.25,67.39,3526,2025-04-21 06:53:55.946,
3192,2025-04-21 06:53:45.933043+00,7563.75,67.52,3525,2025-04-21 06:53:44.295,
3191,2025-04-21 06:53:34.28754+00,7145,67.52,3524,2025-04-21 06:53:32.676,
3190,2025-04-21 06:53:22.657319+00,6893.75,67.39,3523,2025-04-21 06:53:21.085,
3189,2025-04-21 06:53:11.066912+00,7511.25,67.27,3522,2025-04-21 06:53:09.516,
3188,2025-04-21 06:52:59.503879+00,7245,67.27,3521,2025-04-21 06:52:57.935,
3187,2025-04-21 06:52:47.912077+00,6940,67.27,3520,2025-04-21 06:52:46.336,
3186,2025-04-21 06:52:36.316775+00,7606.25,67.52,3519,2025-04-21 06:52:34.745,
3185,2025-04-21 06:52:24.723354+00,7223.75,67.27,3518,2025-04-21 06:52:23.136,
3184,2025-04-21 06:52:13.123784+00,6846.25,67.39,3517,2025-04-21 06:52:11.566,
3183,2025-04-21 06:52:01.55194+00,7238.75,67.52,3516,2025-04-21 06:51:59.895,
3182,2025-04-21 06:51:49.887636+00,6905,67.39,3515,2025-04-21 06:51:48.325,
3181,2025-04-21 06:51:38.310125+00,7388.75,67.15,3514,2025-04-21 06:51:36.745,
3180,2025-04-21 06:51:26.731245+00,7336.25,67.27,3513,2025-04-21 06:51:25.166,
3179,2025-04-21 06:51:15.152636+00,7348.75,67.39,3512,2025-04-21 06:51:13.605,
3178,2025-04-21 06:51:03.59268+00,7330,67.64,3511,2025-04-21 06:51:02.025,
3177,2025-04-21 06:50:52.014107+00,7443.75,67.64,3510,2025-04-21 06:50:50.435,
3176,2025-04-21 06:50:40.424887+00,7093.75,67.64,3509,2025-04-21 06:50:38.846,
3175,2025-04-21 06:50:28.838212+00,7467.5,67.52,3508,2025-04-21 06:50:27.276,
3174,2025-04-21 06:50:17.257433+00,7350,67.39,3507,2025-04-21 06:50:15.616,
3173,2025-04-21 06:50:05.597833+00,7276.25,67.52,3506,2025-04-21 06:50:04.046,
3172,2025-04-21 06:49:54.034233+00,7672.5,67.64,3505,2025-04-21 06:49:52.436,
3171,2025-04-21 06:49:42.425568+00,7185,67.52,3504,2025-04-21 06:49:40.865,
3170,2025-04-21 06:49:30.84853+00,7161.25,67.39,3503,2025-04-21 06:49:29.286,
3169,2025-04-21 06:49:19.274437+00,7511.25,67.15,3502,2025-04-21 06:49:17.715,
3168,2025-04-21 06:49:07.708682+00,7432.5,67.27,3501,2025-04-21 06:49:06.106,
3167,2025-04-21 06:48:56.085443+00,7225,67.76,3500,2025-04-21 06:48:54.496,
3166,2025-04-21 06:48:44.480896+00,7213.75,67.52,3499,2025-04-21 06:48:42.925,
3165,2025-04-21 06:48:32.905722+00,7333.75,67.76,3498,2025-04-21 06:48:31.246,
3164,2025-04-21 06:48:21.228892+00,7340,67.52,3497,2025-04-21 06:48:19.666,
3163,2025-04-21 06:48:09.654066+00,7118.75,67.39,3496,2025-04-21 06:48:08.066,
3162,2025-04-21 06:47:58.055636+00,7127.5,67.52,3495,2025-04-21 06:47:56.476,
3161,2025-04-21 06:47:46.453118+00,7532.5,67.52,3494,2025-04-21 06:47:44.865,
3160,2025-04-21 06:47:34.858774+00,7540,67.52,3493,2025-04-21 06:47:33.286,
3159,2025-04-21 06:47:23.2782+00,7291.25,67.64,3492,2025-04-21 06:47:21.685,
3158,2025-04-21 06:47:11.669464+00,7278.75,67.52,3491,2025-04-21 06:47:10.106,
3157,2025-04-21 06:47:00.089918+00,7592.5,67.39,3490,2025-04-21 06:46:58.515,
3156,2025-04-21 06:46:48.488336+00,7312.5,67.39,3489,2025-04-21 06:46:46.816,
3155,2025-04-21 06:46:36.791734+00,7123.75,67.15,3488,2025-04-21 06:46:35.215,
3154,2025-04-21 06:46:25.206237+00,7630,67.39,3487,2025-04-21 06:46:23.646,
3153,2025-04-21 06:46:13.633623+00,7617.5,67.64,3486,2025-04-21 06:46:12.086,
3152,2025-04-21 06:46:02.071051+00,7056.25,67.39,3485,2025-04-21 06:46:00.506,
3151,2025-04-21 06:45:50.488874+00,7383.75,67.15,3484,2025-04-21 06:45:48.936,
3150,2025-04-21 06:45:38.92704+00,7277.5,67.27,3483,2025-04-21 06:45:37.346,
3149,2025-04-21 06:45:27.339756+00,7228.75,67.15,3482,2025-04-21 06:45:25.776,
3148,2025-04-21 06:45:15.769063+00,7260,67.15,3481,2025-04-21 06:45:14.196,
3147,2025-04-21 06:45:04.182647+00,7008.75,67.39,3480,2025-04-21 06:45:02.535,
3146,2025-04-21 06:44:52.521677+00,7497.5,67.27,3479,2025-04-21 06:44:50.966,
3145,2025-04-21 06:44:40.957468+00,7198.75,67.15,3478,2025-04-21 06:44:39.376,
3144,2025-04-21 06:44:29.362752+00,7157.5,67.27,3477,2025-04-21 06:44:27.806,
3143,2025-04-21 06:44:17.795846+00,7228.75,67.39,3476,2025-04-21 06:44:16.216,
3142,2025-04-21 06:44:06.200528+00,7355,66.91,3475,2025-04-21 06:44:04.625,
3141,2025-04-21 06:43:54.600545+00,7183.75,67.03,3474,2025-04-21 06:43:53.036,
3140,2025-04-21 06:43:43.020066+00,7492.5,67.15,3473,2025-04-21 06:43:41.446,
3139,2025-04-21 06:43:31.420508+00,7136.25,67.39,3472,2025-04-21 06:43:29.795,
3138,2025-04-21 06:43:19.776704+00,7493.75,67.27,3471,2025-04-21 06:43:18.146,
3137,2025-04-21 06:43:08.132484+00,7383.75,67.27,3470,2025-04-21 06:43:06.545,
3136,2025-04-21 06:42:56.524262+00,7330,67.39,3469,2025-04-21 06:42:54.916,
3135,2025-04-21 06:42:44.897176+00,7153.75,67.52,3468,2025-04-21 06:42:43.336,
3134,2025-04-21 06:42:33.308684+00,7068.75,67.27,3467,2025-04-21 06:42:31.736,
3133,2025-04-21 06:42:21.722577+00,7533.75,67.27,3466,2025-04-21 06:42:20.126,
3132,2025-04-21 06:42:10.106085+00,7290,67.15,3465,2025-04-21 06:42:08.536,
3131,2025-04-21 06:41:58.523647+00,7498.75,67.39,3464,2025-04-21 06:41:56.956,
3130,2025-04-21 06:41:46.936946+00,7078.75,67.52,3463,2025-04-21 06:41:45.356,
3129,2025-04-21 06:41:35.345752+00,7173.75,67.39,3462,2025-04-21 06:41:33.665,
3128,2025-04-21 06:41:23.649102+00,7495,67.27,3461,2025-04-21 06:41:22.076,
3127,2025-04-21 06:41:12.043397+00,7022.5,67.39,3460,2025-04-21 06:41:10.486,
3126,2025-04-21 06:41:00.472845+00,7488.75,67.64,3459,2025-04-21 06:40:58.875,
3125,2025-04-21 06:40:48.840462+00,7207.5,67.52,3458,2025-04-21 06:40:47.266,
3124,2025-04-21 06:40:37.24754+00,7383.75,67.39,3457,2025-04-21 06:40:35.576,
3123,2025-04-21 06:40:25.56364+00,7527.5,67.52,3456,2025-04-21 06:40:24.006,
3122,2025-04-21 06:40:13.989719+00,7213.75,67.39,3455,2025-04-21 06:40:12.426,
3121,2025-04-21 06:40:02.412237+00,7528.75,67.39,3454,2025-04-21 06:40:00.826,
3120,2025-04-21 06:39:50.810896+00,7706.25,67.39,3453,2025-04-21 06:39:49.184,
3119,2025-04-21 06:39:39.173494+00,7458.75,67.39,3452,2025-04-21 06:39:37.584,
3118,2025-04-21 06:39:27.555032+00,7352.5,67.52,3451,2025-04-21 06:39:26.005,
3117,2025-04-21 06:39:15.98303+00,7312.5,67.52,3450,2025-04-21 06:39:14.425,
3116,2025-04-21 06:39:04.409023+00,7167.5,67.39,3449,2025-04-21 06:39:02.844,
3115,2025-04-21 06:38:52.826788+00,7270,67.27,3448,2025-04-21 06:38:51.225,
3114,2025-04-21 06:38:41.213288+00,7286.25,67.27,3447,2025-04-21 06:38:39.644,
3113,2025-04-21 06:38:29.631928+00,7522.5,67.64,3446,2025-04-21 06:38:28.015,
3112,2025-04-21 06:38:17.995175+00,7132.5,67.27,3445,2025-04-21 06:38:16.444,
3111,2025-04-21 06:38:06.422203+00,6970,67.27,3444,2025-04-21 06:38:04.785,
3110,2025-04-21 06:37:54.770141+00,7253.75,67.03,3443,2025-04-21 06:37:53.205,
3109,2025-04-21 06:37:43.18798+00,7583.75,67.03,3442,2025-04-21 06:37:41.595,
3108,2025-04-21 06:37:31.586995+00,7490,67.03,3441,2025-04-21 06:37:30.035,
3107,2025-04-21 06:37:20.015011+00,7522.5,66.79,3440,2025-04-21 06:37:18.445,
3106,2025-04-21 06:37:08.427068+00,6797.5,67.15,3439,2025-04-21 06:37:06.874,
3105,2025-04-21 06:36:56.853219+00,6857.5,66.91,3438,2025-04-21 06:36:55.295,
3104,2025-04-21 06:36:45.276862+00,7323.75,66.91,3437,2025-04-21 06:36:43.704,
3103,2025-04-21 06:36:33.684366+00,7460,66.91,3436,2025-04-21 06:36:32.124,
3102,2025-04-21 06:36:22.117009+00,7395,66.91,3435,2025-04-21 06:36:20.484,
3101,2025-04-21 06:36:10.465923+00,6913.75,67.03,3434,2025-04-21 06:36:08.905,
3100,2025-04-21 06:35:58.897564+00,7232.5,66.79,3433,2025-04-21 06:35:57.344,
3099,2025-04-21 06:35:47.327307+00,6923.75,66.79,3432,2025-04-21 06:35:45.755,
3098,2025-04-21 06:35:35.743142+00,7452.5,66.79,3431,2025-04-21 06:35:34.160,
3097,2025-04-21 06:35:24.143044+00,7037.5,66.91,3430,2025-04-21 06:35:22.544,
3096,2025-04-21 06:35:12.527301+00,7375,66.91,3429,2025-04-21 06:35:10.935,
3095,2025-04-21 06:35:00.918294+00,7531.25,66.91,3428,2025-04-21 06:34:59.354,
3094,2025-04-21 06:34:49.337901+00,7407.5,66.91,3427,2025-04-21 06:34:47.755,
3093,2025-04-21 06:34:37.745392+00,7033.75,66.79,3426,2025-04-21 06:34:36.094,
3092,2025-04-21 06:34:26.084479+00,7321.25,66.91,3425,2025-04-21 06:34:24.525,
3091,2025-04-21 06:34:14.513356+00,7273.75,67.27,3424,2025-04-21 06:34:12.954,
3090,2025-04-21 06:34:02.941186+00,7225,66.67,3423,2025-04-21 06:34:01.384,
3089,2025-04-21 06:33:51.36721+00,6943.75,66.79,3422,2025-04-21 06:33:49.814,
3088,2025-04-21 06:33:39.805889+00,7281.25,67.03,3421,2025-04-21 06:33:38.235,
3087,2025-04-21 06:33:28.216013+00,7070,67.03,3420,2025-04-21 06:33:26.615,
3086,2025-04-21 06:33:16.594262+00,7387.5,67.03,3419,2025-04-21 06:33:14.995,
3085,2025-04-21 06:33:04.983707+00,7451.25,66.91,3418,2025-04-21 06:33:03.385,
3084,2025-04-21 06:32:53.372319+00,7408.75,66.91,3417,2025-04-21 06:32:51.734,
3083,2025-04-21 06:32:41.726537+00,7631.25,66.79,3416,2025-04-21 06:32:40.135,
3082,2025-04-21 06:32:30.11502+00,7037.5,66.79,3415,2025-04-21 06:32:28.564,
3081,2025-04-21 06:32:18.549592+00,7178.75,66.79,3414,2025-04-21 06:32:16.985,
3080,2025-04-21 06:32:06.965373+00,7533.75,66.91,3413,2025-04-21 06:32:05.404,
3079,2025-04-21 06:31:55.390115+00,7090,67.03,3412,2025-04-21 06:31:53.845,
3078,2025-04-21 06:31:43.826968+00,7076.25,67.03,3411,2025-04-21 06:31:42.244,
3077,2025-04-21 06:31:32.230104+00,7172.5,66.67,3410,2025-04-21 06:31:30.655,
3076,2025-04-21 06:31:20.634876+00,7017.5,67.15,3409,2025-04-21 06:31:19.084,
3075,2025-04-21 06:31:09.06041+00,7271.25,66.91,3408,2025-04-21 06:31:07.384,
3074,2025-04-21 06:30:57.368581+00,7170,66.91,3407,2025-04-21 06:30:55.805,
3073,2025-04-21 06:30:45.785358+00,7130,66.91,3406,2025-04-21 06:30:44.205,
3072,2025-04-21 06:30:34.179775+00,7196.25,67.03,3405,2025-04-21 06:30:32.634,
3071,2025-04-21 06:30:22.585604+00,7008.75,67.03,3404,2025-04-21 06:30:21.035,
3070,2025-04-21 06:30:11.017943+00,7488.75,67.15,3403,2025-04-21 06:30:09.445,
3069,2025-04-21 06:29:59.429987+00,7295,66.91,3402,2025-04-21 06:29:57.854,
3068,2025-04-21 06:29:47.843879+00,7111.25,66.91,3401,2025-04-21 06:29:46.254,
3067,2025-04-21 06:29:36.242706+00,7110,67.03,3400,2025-04-21 06:29:34.685,
3066,2025-04-21 06:29:24.677418+00,7202.5,66.79,3399,2025-04-21 06:29:23.025,
3065,2025-04-21 06:29:13.008232+00,7482.5,66.91,3398,2025-04-21 06:29:11.455,
3064,2025-04-21 06:29:01.43065+00,6992.5,66.79,3397,2025-04-21 06:28:59.865,
3063,2025-04-21 06:28:49.851927+00,6952.5,66.67,3396,2025-04-21 06:28:48.304,
3062,2025-04-21 06:28:38.292018+00,7567.5,66.79,3395,2025-04-21 06:28:36.694,
3061,2025-04-21 06:28:26.684624+00,7786.25,66.67,3394,2025-04-21 06:28:25.104,
3060,2025-04-21 06:28:15.087467+00,7145,67.03,3393,2025-04-21 06:28:13.520,
3059,2025-04-21 06:28:03.503798+00,6961.25,66.91,3392,2025-04-21 06:28:01.904,
3058,2025-04-21 06:27:51.884791+00,7127.5,66.79,3391,2025-04-21 06:27:50.324,
3057,2025-04-21 06:27:40.309059+00,7267.5,66.67,3390,2025-04-21 06:27:38.665,
3056,2025-04-21 06:27:28.656097+00,7276.25,66.55,3389,2025-04-21 06:27:27.115,
3055,2025-04-21 06:27:17.101386+00,6955,66.31,3388,2025-04-21 06:27:15.505,
3054,2025-04-21 06:27:05.491638+00,7026.25,66.55,3387,2025-04-21 06:27:03.944,
3053,2025-04-21 06:26:53.931544+00,7061.25,66.91,3386,2025-04-21 06:26:52.364,
3052,2025-04-21 06:26:42.346127+00,6940,66.42,3385,2025-04-21 06:26:40.775,
3051,2025-04-21 06:26:30.760521+00,7032.5,66.55,3384,2025-04-21 06:26:29.175,
3050,2025-04-21 06:26:19.155305+00,7408.75,66.91,3383,2025-04-21 06:26:17.565,
3049,2025-04-21 06:26:07.549384+00,7196.25,66.91,3382,2025-04-21 06:26:05.964,
3048,2025-04-21 06:25:55.951343+00,7113.75,66.67,3381,2025-04-21 06:25:54.295,
3047,2025-04-21 06:25:44.277304+00,6955,66.79,3380,2025-04-21 06:25:42.715,
3046,2025-04-21 06:25:32.6989+00,7195,66.42,3379,2025-04-21 06:25:31.105,
3045,2025-04-21 06:25:21.081285+00,6942.5,66.67,3378,2025-04-21 06:25:19.524,
3044,2025-04-21 06:25:09.513569+00,7172.5,66.3,3377,2025-04-21 06:25:07.955,
3043,2025-04-21 06:24:57.938057+00,7135,66.67,3376,2025-04-21 06:24:56.355,
3042,2025-04-21 06:24:46.338782+00,7581.25,66.55,3375,2025-04-21 06:24:44.765,
3041,2025-04-21 06:24:34.745567+00,6978.75,66.67,3374,2025-04-21 06:24:33.154,
3040,2025-04-21 06:24:23.140688+00,6936.25,66.79,3373,2025-04-21 06:24:21.554,
3039,2025-04-21 06:24:11.520829+00,7040,66.91,3372,2025-04-21 06:24:09.875,
3038,2025-04-21 06:23:59.866836+00,7201.25,66.67,3371,2025-04-21 06:23:58.274,
3037,2025-04-21 06:23:48.255196+00,7635,66.79,3370,2025-04-21 06:23:46.704,
3036,2025-04-21 06:23:36.691919+00,7483.75,67.03,3369,2025-04-21 06:23:35.134,
3035,2025-04-21 06:23:25.101391+00,7641.25,67.03,3368,2025-04-21 06:23:23.525,
3034,2025-04-21 06:23:13.508275+00,7031.25,67.15,3367,2025-04-21 06:23:11.955,
3033,2025-04-21 06:23:01.939331+00,7191.25,67.27,3366,2025-04-21 06:23:00.375,
3032,2025-04-21 06:22:50.358866+00,7271.25,67.03,3365,2025-04-21 06:22:48.815,
3031,2025-04-21 06:22:38.800281+00,7086.25,67.03,3364,2025-04-21 06:22:37.224,
3030,2025-04-21 06:22:27.216979+00,7010,67.27,3363,2025-04-21 06:22:25.575,
3029,2025-04-21 06:22:15.560703+00,7716.25,67.03,3362,2025-04-21 06:22:14.004,
3028,2025-04-21 06:22:03.991073+00,7268.75,67.15,3361,2025-04-21 06:22:02.420,
3027,2025-04-21 06:21:52.402602+00,6965,67.15,3360,2025-04-21 06:21:50.804,
3026,2025-04-21 06:21:40.79547+00,7447.5,67.27,3359,2025-04-21 06:21:39.225,
3025,2025-04-21 06:21:29.210233+00,7366.25,67.39,3358,2025-04-21 06:21:27.644,
3024,2025-04-21 06:21:17.626008+00,7182.5,67.27,3357,2025-04-21 06:21:16.074,
3023,2025-04-21 06:21:06.053827+00,7213.75,67.27,3356,2025-04-21 06:21:04.465,
3022,2025-04-21 06:20:54.445294+00,7432.5,67.15,3355,2025-04-21 06:20:52.885,
3021,2025-04-21 06:20:42.865096+00,7357.5,67.39,3354,2025-04-21 06:20:41.285,
3020,2025-04-21 06:20:31.272841+00,7803.75,67.15,3353,2025-04-21 06:20:29.685,
3019,2025-04-21 06:20:19.659094+00,7136.25,67.27,3352,2025-04-21 06:20:18.095,
3018,2025-04-21 06:20:08.076754+00,7463.75,67.03,3351,2025-04-21 06:20:06.504,
3017,2025-04-21 06:19:56.491047+00,7547.5,67.03,3350,2025-04-21 06:19:54.895,
3016,2025-04-21 06:19:44.877376+00,7033.75,67.15,3349,2025-04-21 06:19:43.274,
3015,2025-04-21 06:19:33.258317+00,7280,67.03,3348,2025-04-21 06:19:31.674,
3014,2025-04-21 06:19:21.656967+00,7586.25,67.03,3347,2025-04-21 06:19:20.094,
3013,2025-04-21 06:19:10.077552+00,7216.25,67.03,3346,2025-04-21 06:19:08.535,
3012,2025-04-21 06:18:58.518808+00,7377.5,66.79,3345,2025-04-21 06:18:56.974,
3011,2025-04-21 06:18:46.949773+00,7110,66.67,3344,2025-04-21 06:18:45.395,
3010,2025-04-21 06:18:35.375843+00,7287.5,66.67,3343,2025-04-21 06:18:33.785,
3009,2025-04-21 06:18:23.763337+00,6951.25,66.67,3342,2025-04-21 06:18:22.194,
3008,2025-04-21 06:18:12.169244+00,7680,66.3,3341,2025-04-21 06:18:10.595,
3007,2025-04-21 06:18:00.570055+00,7060,66.42,3340,2025-04-21 06:17:59.004,
3006,2025-04-21 06:17:48.973634+00,7066.25,66.67,3339,2025-04-21 06:17:47.424,
3005,2025-04-21 06:17:37.413718+00,6892.5,66.55,3338,2025-04-21 06:17:35.854,
3004,2025-04-21 06:17:25.837869+00,7413.75,66.79,3337,2025-04-21 06:17:24.294,
3003,2025-04-21 06:17:14.283474+00,7403.75,66.79,3336,2025-04-21 06:17:12.704,
3002,2025-04-21 06:17:02.690823+00,7188.75,66.67,3335,2025-04-21 06:17:01.134,
3001,2025-04-21 06:16:51.111488+00,7397.5,66.3,3334,2025-04-21 06:16:49.564,
3000,2025-04-21 06:16:39.549115+00,7303.75,66.91,3333,2025-04-21 06:16:37.965,
2999,2025-04-21 06:16:27.941466+00,7308.75,66.91,3332,2025-04-21 06:16:26.385,
2998,2025-04-21 06:16:16.364732+00,7128.75,66.67,3331,2025-04-21 06:16:14.795,
2997,2025-04-21 06:16:04.783245+00,7413.75,66.79,3330,2025-04-21 06:16:03.234,
2996,2025-04-21 06:15:53.209203+00,7365,66.91,3329,2025-04-21 06:15:51.634,
2995,2025-04-21 06:15:41.622133+00,7105,67.03,3328,2025-04-21 06:15:40.065,
2994,2025-04-21 06:15:30.053554+00,7375,66.67,3327,2025-04-21 06:15:28.494,
2993,2025-04-21 06:15:18.484561+00,7583.75,67.03,3326,2025-04-21 06:15:16.905,
2992,2025-04-21 06:15:06.885267+00,7350,66.79,3325,2025-04-21 06:15:05.315,
2991,2025-04-21 06:14:55.300617+00,7262.5,67.03,3324,2025-04-21 06:14:53.744,
2990,2025-04-21 06:14:43.724706+00,6971.25,66.55,3323,2025-04-21 06:14:42.174,
2989,2025-04-21 06:14:32.158549+00,7345,67.03,3322,2025-04-21 06:14:30.590,
2988,2025-04-21 06:14:20.581944+00,7688.75,66.91,3321,2025-04-21 06:14:18.994,
2987,2025-04-21 06:14:08.975176+00,7230,66.79,3320,2025-04-21 06:14:07.395,
2986,2025-04-21 06:13:57.373685+00,7206.25,67.15,3319,2025-04-21 06:13:55.815,
2985,2025-04-21 06:13:45.787543+00,7201.25,66.79,3318,2025-04-21 06:13:44.155,
2984,2025-04-21 06:13:34.135722+00,7407.5,67.03,3317,2025-04-21 06:13:32.535,
2983,2025-04-21 06:13:22.516981+00,7592.5,67.03,3316,2025-04-21 06:13:20.929,
2982,2025-04-21 06:13:10.899684+00,7397.5,67.27,3315,2025-04-21 06:13:09.315,
2981,2025-04-21 06:12:59.295049+00,7342.5,67.39,3314,2025-04-21 06:12:57.734,
2980,2025-04-21 06:12:47.720626+00,7720,67.52,3313,2025-04-21 06:12:46.164,
2979,2025-04-21 06:12:36.147182+00,7483.75,67.52,3312,2025-04-21 06:12:34.574,
2978,2025-04-21 06:12:24.559265+00,7062.5,67.39,3311,2025-04-21 06:12:22.974,
2977,2025-04-21 06:12:12.954759+00,7547.5,67.39,3310,2025-04-21 06:12:11.405,
2976,2025-04-21 06:12:01.381944+00,7447.5,67.52,3309,2025-04-21 06:11:59.795,
2975,2025-04-21 06:11:49.775374+00,7640,67.52,3308,2025-04-21 06:11:48.214,
2974,2025-04-21 06:11:38.20242+00,7413.75,67.64,3307,2025-04-21 06:11:36.654,
2973,2025-04-21 06:11:26.633515+00,7190,67.52,3306,2025-04-21 06:11:25.075,
2972,2025-04-21 06:11:15.052601+00,7168.75,67.15,3305,2025-04-21 06:11:13.484,
2971,2025-04-21 06:11:03.460042+00,7415,67.27,3304,2025-04-21 06:11:01.894,
2970,2025-04-21 06:10:51.876907+00,7081.25,67.03,3303,2025-04-21 06:10:50.304,
2969,2025-04-21 06:10:40.291117+00,7672.5,67.39,3302,2025-04-21 06:10:38.715,
2968,2025-04-21 06:10:28.690917+00,6880,67.03,3301,2025-04-21 06:10:27.104,
2967,2025-04-21 06:10:17.061151+00,7058.75,66.91,3300,2025-04-21 06:10:15.435,
2966,2025-04-21 06:10:05.411622+00,7351.25,67.03,3299,2025-04-21 06:10:03.864,
2965,2025-04-21 06:09:53.852931+00,6911.25,66.79,3298,2025-04-21 06:09:52.265,
2964,2025-04-21 06:09:42.254605+00,6778.75,67.03,3297,2025-04-21 06:09:40.705,
2963,2025-04-21 06:09:30.687582+00,7127.5,67.03,3296,2025-04-21 06:09:29.145,
2962,2025-04-21 06:09:19.118968+00,7587.5,66.91,3295,2025-04-21 06:09:17.544,
2961,2025-04-21 06:09:07.528157+00,6845,66.67,3294,2025-04-21 06:09:05.944,
2960,2025-04-21 06:08:55.925398+00,7417.5,67.03,3293,2025-04-21 06:08:54.355,
2959,2025-04-21 06:08:44.339095+00,7486.25,66.67,3292,2025-04-21 06:08:42.784,
2958,2025-04-21 06:08:32.768905+00,7537.5,67.03,3291,2025-04-21 06:08:31.094,
2957,2025-04-21 06:08:21.071495+00,7278.75,67.03,3290,2025-04-21 06:08:19.484,
2956,2025-04-21 06:08:09.465349+00,7105,66.91,3289,2025-04-21 06:08:07.885,
2955,2025-04-21 06:07:57.867817+00,7212.5,66.79,3288,2025-04-21 06:07:56.315,
2954,2025-04-21 06:07:46.297628+00,7211.25,67.03,3287,2025-04-21 06:07:44.735,
2953,2025-04-21 06:07:34.708012+00,7455,66.91,3286,2025-04-21 06:07:33.134,
2952,2025-04-21 06:07:23.11952+00,7211.25,67.03,3285,2025-04-21 06:07:21.525,
2951,2025-04-21 06:07:11.503837+00,6927.5,67.03,3284,2025-04-21 06:07:09.904,
2950,2025-04-21 06:06:59.89038+00,7362.5,66.79,3283,2025-04-21 06:06:58.334,
2949,2025-04-21 06:06:48.321305+00,7317.5,66.67,3282,2025-04-21 06:06:46.659,
2948,2025-04-21 06:06:36.631222+00,7285,66.67,3281,2025-04-21 06:06:35.044,
2947,2025-04-21 06:06:25.028581+00,7453.75,67.03,3280,2025-04-21 06:06:23.465,
2946,2025-04-21 06:06:13.440601+00,7188.75,66.06,3279,2025-04-21 06:06:11.874,
2945,2025-04-21 06:06:01.857292+00,7068.75,66.79,3278,2025-04-21 06:06:00.295,
2944,2025-04-21 06:05:50.277392+00,6911.25,66.55,3277,2025-04-21 06:05:48.734,
2943,2025-04-21 06:05:38.717832+00,6995,66.3,3276,2025-04-21 06:05:37.135,
2942,2025-04-21 06:05:27.110134+00,7100,66.67,3275,2025-04-21 06:05:25.545,
2941,2025-04-21 06:05:15.524583+00,6918.75,66.55,3274,2025-04-21 06:05:13.924,
2940,2025-04-21 06:05:03.901215+00,7358.75,66.67,3273,2025-04-21 06:05:02.254,
2939,2025-04-21 06:04:52.2344+00,7442.5,66.67,3272,2025-04-21 06:04:50.674,
2938,2025-04-21 06:04:40.654937+00,7335,66.55,3271,2025-04-21 06:04:39.095,
2937,2025-04-21 06:04:29.079859+00,7461.25,66.42,3270,2025-04-21 06:04:27.525,
2936,2025-04-21 06:04:17.504511+00,6852.5,66.3,3269,2025-04-21 06:04:15.954,
2935,2025-04-21 06:04:05.92736+00,7248.75,66.79,3268,2025-04-21 06:04:04.374,
2934,2025-04-21 06:03:54.349523+00,7051.25,66.55,3267,2025-04-21 06:03:52.775,
2933,2025-04-21 06:03:42.760932+00,7238.75,66.79,3266,2025-04-21 06:03:41.215,
2932,2025-04-21 06:03:31.186269+00,7040,66.55,3265,2025-04-21 06:03:29.599,
2931,2025-04-21 06:03:19.584943+00,7241.25,66.3,3264,2025-04-21 06:03:17.905,
2930,2025-04-21 06:03:07.885087+00,6898.75,66.67,3263,2025-04-21 06:03:06.324,
2929,2025-04-21 06:02:56.303003+00,7260,66.42,3262,2025-04-21 06:02:54.725,
2928,2025-04-21 06:02:44.700472+00,7001.25,66.79,3261,2025-04-21 06:02:43.144,
2927,2025-04-21 06:02:33.122167+00,7285,66.79,3260,2025-04-21 06:02:31.534,
2926,2025-04-21 06:02:21.509051+00,7466.25,66.55,3259,2025-04-21 06:02:19.954,
2925,2025-04-21 06:02:09.935153+00,7090,66.3,3258,2025-04-21 06:02:08.365,
2924,2025-04-21 06:01:58.349716+00,7163.75,66.79,3257,2025-04-21 06:01:56.794,
2923,2025-04-21 06:01:46.772723+00,7410,66.42,3256,2025-04-21 06:01:45.205,
2922,2025-04-21 06:01:35.177121+00,7435,66.3,3255,2025-04-21 06:01:33.514,
2921,2025-04-21 06:01:23.494519+00,7311.25,66.55,3254,2025-04-21 06:01:21.955,
2920,2025-04-21 06:01:11.935244+00,6943.75,66.42,3253,2025-04-21 06:01:10.385,
2919,2025-04-21 06:01:00.367204+00,6955,66.42,3252,2025-04-21 06:00:58.794,
2918,2025-04-21 06:00:48.773449+00,7256.25,66.42,3251,2025-04-21 06:00:47.214,
2917,2025-04-21 06:00:37.191611+00,7522.5,66.42,3250,2025-04-21 06:00:35.635,
2916,2025-04-21 06:00:25.613112+00,7025,66.42,3249,2025-04-21 06:00:24.074,
2915,2025-04-21 06:00:14.045712+00,7151.25,66.18,3248,2025-04-21 06:00:12.444,
2914,2025-04-21 06:00:02.425618+00,6963.75,66.42,3247,2025-04-21 06:00:00.864,
2913,2025-04-21 05:59:50.838687+00,7220,66.55,3246,2025-04-21 05:59:49.215,
2912,2025-04-21 05:59:39.190371+00,7250,66.55,3245,2025-04-21 05:59:37.635,
2911,2025-04-21 05:59:27.615841+00,7337.5,66.42,3244,2025-04-21 05:59:26.055,
2910,2025-04-21 05:59:16.035268+00,7375,66.42,3243,2025-04-21 05:59:14.475,
2909,2025-04-21 05:59:04.452684+00,7070,66.55,3242,2025-04-21 05:59:02.894,
2908,2025-04-21 05:58:52.872211+00,7558.75,66.55,3241,2025-04-21 05:58:51.294,
2907,2025-04-21 05:58:41.274486+00,7401.25,66.55,3240,2025-04-21 05:58:39.714,
2906,2025-04-21 05:58:29.68995+00,6982.5,66.42,3239,2025-04-21 05:58:28.105,
2905,2025-04-21 05:58:18.083692+00,7315,66.42,3238,2025-04-21 05:58:16.504,
2904,2025-04-21 05:58:06.485561+00,7428.75,66.18,3237,2025-04-21 05:58:04.834,
2903,2025-04-21 05:57:54.806421+00,7470,66.42,3236,2025-04-21 05:57:53.245,
2902,2025-04-21 05:57:43.218231+00,6835,66.67,3235,2025-04-21 05:57:41.654,
2901,2025-04-21 05:57:31.63955+00,7412.5,66.42,3234,2025-04-21 05:57:30.075,
2900,2025-04-21 05:57:20.054451+00,7496.25,66.3,3233,2025-04-21 05:57:18.494,
2899,2025-04-21 05:57:08.469163+00,6820,66.42,3232,2025-04-21 05:57:06.905,
2898,2025-04-21 05:56:56.883475+00,7586.25,66.3,3231,2025-04-21 05:56:55.305,
2897,2025-04-21 05:56:45.288637+00,7002.5,66.42,3230,2025-04-21 05:56:43.735,
2896,2025-04-21 05:56:33.710042+00,7407.5,66.3,3229,2025-04-21 05:56:32.144,
2895,2025-04-21 05:56:22.128085+00,7120,66.42,3228,2025-04-21 05:56:20.474,
2894,2025-04-21 05:56:10.450821+00,7367.5,66.42,3227,2025-04-21 05:56:08.894,
2893,2025-04-21 05:55:58.870561+00,6847.5,66.42,3226,2025-04-21 05:55:57.265,
2892,2025-04-21 05:55:47.230128+00,7225,66.42,3225,2025-04-21 05:55:45.664,
2891,2025-04-21 05:55:35.638199+00,7186.25,66.55,3224,2025-04-21 05:55:34.044,
2890,2025-04-21 05:55:24.025481+00,7576.25,66.67,3223,2025-04-21 05:55:22.475,
2889,2025-04-21 05:55:12.449089+00,7337.5,66.79,3222,2025-04-21 05:55:10.895,
2888,2025-04-21 05:55:00.876511+00,7386.25,66.3,3221,2025-04-21 05:54:59.325,
2887,2025-04-21 05:54:49.297328+00,7071.25,66.3,3220,2025-04-21 05:54:47.710,
2886,2025-04-21 05:54:37.682977+00,7398.75,66.42,3219,2025-04-21 05:54:36.094,
2885,2025-04-21 05:54:26.06566+00,7160,66.55,3218,2025-04-21 05:54:24.474,
2884,2025-04-21 05:54:14.44611+00,7782.5,66.18,3217,2025-04-21 05:54:12.884,
2883,2025-04-21 05:54:02.860892+00,7345,66.18,3216,2025-04-21 05:54:01.294,
2882,2025-04-21 05:53:51.268597+00,7393.75,66.3,3215,2025-04-21 05:53:49.690,
2881,2025-04-21 05:53:39.660282+00,6945,66.55,3214,2025-04-21 05:53:38.075,
2880,2025-04-21 05:53:28.054795+00,7606.25,66.42,3213,2025-04-21 05:53:26.504,
2879,2025-04-21 05:53:16.485453+00,7156.25,66.3,3212,2025-04-21 05:53:14.905,
2878,2025-04-21 05:53:04.880891+00,6987.5,66.18,3211,2025-04-21 05:53:03.324,
2877,2025-04-21 05:52:53.287874+00,6935,66.42,3210,2025-04-21 05:52:51.615,
2876,2025-04-21 05:52:41.594474+00,7062.5,66.55,3209,2025-04-21 05:52:40.035,
2875,2025-04-21 05:52:30.011974+00,7655,66.55,3208,2025-04-21 05:52:28.455,
2874,2025-04-21 05:52:18.41376+00,7176.25,66.06,3207,2025-04-21 05:52:16.864,
2873,2025-04-21 05:52:06.845672+00,7486.25,66.3,3206,2025-04-21 05:52:05.284,
2872,2025-04-21 05:51:55.260824+00,7042.5,66.42,3205,2025-04-21 05:51:53.695,
2871,2025-04-21 05:51:43.670025+00,7693.75,66.42,3204,2025-04-21 05:51:42.135,
2870,2025-04-21 05:51:32.11541+00,7375,66.42,3203,2025-04-21 05:51:30.565,
2869,2025-04-21 05:51:20.537524+00,7598.75,66.42,3202,2025-04-21 05:51:18.974,
2868,2025-04-21 05:51:08.952+00,7353.75,66.3,3201,2025-04-21 05:51:07.315,
2867,2025-04-21 05:50:57.292262+00,7305,65.33,3200,2025-04-21 05:50:55.735,
2866,2025-04-21 05:50:45.684311+00,7521.25,65.09,3199,2025-04-21 05:50:44.095,
2865,2025-04-21 05:50:34.0786+00,7393.75,65.33,3198,2025-04-21 05:50:32.525,
2864,2025-04-21 05:50:22.498776+00,8125,64.97,3197,2025-04-21 05:50:20.934,
2863,2025-04-21 05:50:10.914705+00,7662.5,64.85,3196,2025-04-21 05:50:09.295,
2862,2025-04-21 05:49:59.276777+00,7481.25,64.97,3195,2025-04-21 05:49:57.714,
2861,2025-04-21 05:49:47.686214+00,7922.5,65.09,3194,2025-04-21 05:49:46.104,
2860,2025-04-21 05:49:36.078002+00,7885,65.47,3193,2025-04-21 05:49:34.535,
2859,2025-04-21 05:49:24.518921+00,7322.5,65.45,3192,2025-04-21 05:49:22.885,
2858,2025-04-21 05:49:12.858956+00,7425,65.21,3191,2025-04-21 05:49:11.304,
2857,2025-04-21 05:49:01.279855+00,7397.5,65.45,3190,2025-04-21 05:48:59.725,
2856,2025-04-21 05:48:49.705427+00,7942.5,65.33,3189,2025-04-21 05:48:48.164,
2855,2025-04-21 05:48:38.12479+00,7673.75,64.97,3188,2025-04-21 05:48:36.565,
2854,2025-04-21 05:48:26.543502+00,7538.75,64.97,3187,2025-04-21 05:48:24.965,
2853,2025-04-21 05:48:14.936061+00,7560,65.09,3186,2025-04-21 05:48:13.354,
2852,2025-04-21 05:48:03.332544+00,7555,65.33,3185,2025-04-21 05:48:01.794,
2851,2025-04-21 05:47:51.774947+00,7632.5,65.33,3184,2025-04-21 05:47:50.224,
2850,2025-04-21 05:47:40.199605+00,7863.75,65.33,3183,2025-04-21 05:47:38.565,
2849,2025-04-21 05:47:28.540649+00,7456.25,65.33,3182,2025-04-21 05:47:26.994,
2848,2025-04-21 05:47:16.971507+00,7632.5,65.33,3181,2025-04-21 05:47:15.424,
2847,2025-04-21 05:47:05.396382+00,7872.5,65.33,3180,2025-04-21 05:47:03.844,
2846,2025-04-21 05:46:53.825644+00,7491.25,64.85,3179,2025-04-21 05:46:52.255,
2845,2025-04-21 05:46:42.231458+00,7627.5,64.73,3178,2025-04-21 05:46:40.665,
2844,2025-04-21 05:46:30.635319+00,7437.5,64.97,3177,2025-04-21 05:46:29.075,
2843,2025-04-21 05:46:19.053954+00,7615,65.33,3176,2025-04-21 05:46:17.505,
2842,2025-04-21 05:46:07.471534+00,7952.5,65.21,3175,2025-04-21 05:46:05.924,
2841,2025-04-21 05:45:55.903576+00,8011.25,65.21,3174,2025-04-21 05:45:54.285,
2840,2025-04-21 05:45:44.261646+00,7886.25,65.09,3173,2025-04-21 05:45:42.695,
2839,2025-04-21 05:45:32.670845+00,7702.5,65.33,3172,2025-04-21 05:45:31.095,
2838,2025-04-21 05:45:21.074161+00,7921.25,65.58,3171,2025-04-21 05:45:19.474,
2837,2025-04-21 05:45:09.450912+00,7982.5,65.45,3170,2025-04-21 05:45:07.885,
2836,2025-04-21 05:44:57.859122+00,7901.25,65.21,3169,2025-04-21 05:44:56.274,
2835,2025-04-21 05:44:46.254079+00,7792.5,65.45,3168,2025-04-21 05:44:44.715,
2834,2025-04-21 05:44:34.69134+00,7602.5,65.33,3167,2025-04-21 05:44:33.124,
2833,2025-04-21 05:44:23.098453+00,7956.25,65.09,3166,2025-04-21 05:44:21.535,
2832,2025-04-21 05:44:11.511273+00,7622.5,65.45,3165,2025-04-21 05:44:09.855,
2831,2025-04-21 05:43:59.831734+00,7616.25,65.7,3164,2025-04-21 05:43:58.255,
2830,2025-04-21 05:43:48.229445+00,7517.5,65.33,3163,2025-04-21 05:43:46.654,
2829,2025-04-21 05:43:36.633489+00,7810,65.21,3162,2025-04-21 05:43:35.084,
2828,2025-04-21 05:43:25.05891+00,7755,65.33,3161,2025-04-21 05:43:23.475,
2827,2025-04-21 05:43:13.444502+00,7590,65.33,3160,2025-04-21 05:43:11.884,
2826,2025-04-21 05:43:01.858817+00,7590,65.21,3159,2025-04-21 05:43:00.304,
2825,2025-04-21 05:42:50.286799+00,7627.5,65.45,3158,2025-04-21 05:42:48.724,
2824,2025-04-21 05:42:38.700144+00,7580,65.09,3157,2025-04-21 05:42:37.125,
2823,2025-04-21 05:42:27.092691+00,7652.5,65.09,3156,2025-04-21 05:42:25.455,
2822,2025-04-21 05:42:15.431487+00,7337.5,64.97,3155,2025-04-21 05:42:13.865,
2821,2025-04-21 05:42:03.830335+00,7766.25,65.09,3154,2025-04-21 05:42:02.234,
2820,2025-04-21 05:41:52.192546+00,8103.75,65.09,3153,2025-04-21 05:41:50.584,
2819,2025-04-21 05:41:40.566525+00,7887.5,65.21,3152,2025-04-21 05:41:39.005,
2818,2025-04-21 05:41:28.978294+00,7763.75,65.09,3151,2025-04-21 05:41:27.394,
2817,2025-04-21 05:41:17.348405+00,7985,65.21,3150,2025-04-21 05:41:15.745,
2816,2025-04-21 05:41:05.718407+00,7757.5,65.45,3149,2025-04-21 05:41:04.134,
2815,2025-04-21 05:40:54.098098+00,7347.5,65.33,3148,2025-04-21 05:40:52.535,
2814,2025-04-21 05:40:42.479314+00,8068.75,65.21,3147,2025-04-21 05:40:40.785,
2813,2025-04-21 05:40:30.751157+00,7688.75,65.21,3146,2025-04-21 05:40:29.205,
2812,2025-04-21 05:40:19.178133+00,7290,65.09,3145,2025-04-21 05:40:17.614,
2811,2025-04-21 05:40:07.587584+00,7586.25,65.45,3144,2025-04-21 05:40:06.024,
2810,2025-04-21 05:39:55.985433+00,7822.5,65.33,3143,2025-04-21 05:39:54.401,
2809,2025-04-21 05:39:29.344214+00,7548.75,65.33,3141,2025-04-21 05:39:27.781,
2808,2025-04-21 05:39:17.765384+00,7453.75,65.7,3140,2025-04-21 05:39:16.171,
2807,2025-04-21 05:39:06.147892+00,7410,65.45,3139,2025-04-21 05:39:04.581,
2806,2025-04-21 05:38:54.570793+00,7836.25,65.45,3138,2025-04-21 05:38:52.911,
2805,2025-04-21 05:38:42.898555+00,8008.75,65.82,3137,2025-04-21 05:38:41.311,
2804,2025-04-21 05:38:31.298563+00,7457.5,65.7,3136,2025-04-21 05:38:29.711,
2803,2025-04-21 05:38:19.70055+00,7365,65.58,3135,2025-04-21 05:38:18.121,
2802,2025-04-21 05:38:08.113751+00,7632.5,65.7,3134,2025-04-21 05:38:06.521,
2801,2025-04-21 05:37:56.509477+00,7977.5,65.58,3133,2025-04-21 05:37:54.941,
2800,2025-04-21 05:37:44.92768+00,7421.25,65.58,3132,2025-04-21 05:37:43.341,
2799,2025-04-21 05:37:33.325207+00,7845,65.33,3131,2025-04-21 05:37:31.751,
2798,2025-04-21 05:37:21.741034+00,7918.75,65.09,3130,2025-04-21 05:37:20.171,
2797,2025-04-21 05:37:10.155772+00,7501.25,65.7,3129,2025-04-21 05:37:08.501,
2796,2025-04-21 05:36:58.489723+00,7660,65.82,3128,2025-04-21 05:36:56.911,
2795,2025-04-21 05:36:46.893696+00,7780,65.82,3127,2025-04-21 05:36:45.301,
2794,2025-04-21 05:36:35.290794+00,7621.25,65.7,3126,2025-04-21 05:36:33.701,
2793,2025-04-21 05:36:23.684307+00,7281.25,65.58,3125,2025-04-21 05:36:22.111,
2792,2025-04-21 05:36:12.093473+00,7885,65.82,3124,2025-04-21 05:36:10.521,
2791,2025-04-21 05:36:00.511041+00,7622.5,65.7,3123,2025-04-21 05:35:58.961,
2790,2025-04-21 05:35:48.956432+00,7745,65.7,3122,2025-04-21 05:35:47.381,
2789,2025-04-21 05:35:37.357748+00,8075,66.06,3121,2025-04-21 05:35:35.751,
2788,2025-04-21 05:35:25.725845+00,7356.25,66.06,3120,2025-04-21 05:35:24.061,
2787,2025-04-21 05:35:14.042646+00,8033.75,65.94,3119,2025-04-21 05:35:12.491,
2786,2025-04-21 05:35:02.478611+00,7776.25,65.94,3118,2025-04-21 05:35:00.931,
2785,2025-04-21 05:34:50.919634+00,7583.75,66.18,3117,2025-04-21 05:34:49.361,
2784,2025-04-21 05:34:39.318113+00,7560,66.06,3116,2025-04-21 05:34:37.752,
2783,2025-04-21 05:34:27.736579+00,7935,65.7,3115,2025-04-21 05:34:26.181,
2782,2025-04-21 05:34:16.166943+00,7576.25,65.58,3114,2025-04-21 05:34:14.601,
2781,2025-04-21 05:34:04.587798+00,7447.5,65.33,3113,2025-04-21 05:34:02.981,
2780,2025-04-21 05:33:52.967058+00,7521.25,65.21,3112,2025-04-21 05:33:51.391,
2779,2025-04-21 05:33:41.379942+00,7447.5,65.21,3111,2025-04-21 05:33:39.731,
2778,2025-04-21 05:33:29.722375+00,8021.25,65.21,3110,2025-04-21 05:33:28.151,
2777,2025-04-21 05:33:18.137778+00,7545,65.45,3109,2025-04-21 05:33:16.521,
2776,2025-04-21 05:33:06.513384+00,7582.5,65.45,3108,2025-04-21 05:33:04.891,
2775,2025-04-21 05:32:54.874041+00,8058.75,65.09,3107,2025-04-21 05:32:53.282,
2774,2025-04-21 05:32:43.258174+00,7565,65.58,3106,2025-04-21 05:32:41.701,
2773,2025-04-21 05:32:31.68279+00,7890,65.21,3105,2025-04-21 05:32:30.101,
2772,2025-04-21 05:32:20.083975+00,7920,65.45,3104,2025-04-21 05:32:18.521,
2771,2025-04-21 05:32:08.506946+00,7182.5,65.45,3103,2025-04-21 05:32:06.951,
2770,2025-04-21 05:31:56.935978+00,7268.75,65.21,3102,2025-04-21 05:31:55.241,
2769,2025-04-21 05:31:45.222903+00,7243.75,65.21,3101,2025-04-21 05:31:43.631,
2768,2025-04-21 05:31:33.615094+00,7357.5,65.21,3100,2025-04-21 05:31:32.061,
2767,2025-04-21 05:31:22.028016+00,7986.25,65.33,3099,2025-04-21 05:31:20.431,
2766,2025-04-21 05:31:10.418779+00,7816.25,65.21,3098,2025-04-21 05:31:08.851,
2765,2025-04-21 05:30:58.835149+00,7918.75,65.21,3097,2025-04-21 05:30:57.261,
2764,2025-04-21 05:30:47.247049+00,7977.5,65.21,3096,2025-04-21 05:30:45.651,
2763,2025-04-21 05:30:35.638383+00,7466.25,65.33,3095,2025-04-21 05:30:34.071,
2762,2025-04-21 05:30:24.060424+00,7782.5,65.21,3094,2025-04-21 05:30:22.481,
2761,2025-04-21 05:30:12.453139+00,7405,65.21,3093,2025-04-21 05:30:10.791,
2760,2025-04-21 05:30:00.764459+00,7230,65.21,3092,2025-04-21 05:29:59.191,
2759,2025-04-21 05:29:49.177459+00,7550,64.97,3091,2025-04-21 05:29:47.621,
2758,2025-04-21 05:29:37.610847+00,7291.25,65.21,3090,2025-04-21 05:29:36.041,
2757,2025-04-21 05:29:26.032824+00,7288.75,65.09,3089,2025-04-21 05:29:24.481,
2756,2025-04-21 05:29:14.461411+00,7642.5,65.21,3088,2025-04-21 05:29:12.871,
2755,2025-04-21 05:29:02.853625+00,7260,64.97,3087,2025-04-21 05:29:01.291,
2754,2025-04-21 05:28:51.274681+00,8027.5,65.21,3086,2025-04-21 05:28:49.671,
2753,2025-04-21 05:28:39.662401+00,7308.75,65.21,3085,2025-04-21 05:28:38.091,
2752,2025-04-21 05:28:28.076071+00,7778.75,65.09,3084,2025-04-21 05:28:26.431,
2751,2025-04-21 05:28:16.418447+00,7396.25,65.33,3083,2025-04-21 05:28:14.861,
2750,2025-04-21 05:28:04.847998+00,7683.75,65.09,3082,2025-04-21 05:28:03.271,
2749,2025-04-21 05:27:53.257664+00,7265,65.21,3081,2025-04-21 05:27:51.701,
2748,2025-04-21 05:27:41.669403+00,7513.75,64.97,3080,2025-04-21 05:27:40.091,
2747,2025-04-21 05:27:30.069564+00,7430,65.33,3079,2025-04-21 05:27:28.491,
2746,2025-04-21 05:27:18.472949+00,7458.75,65.09,3078,2025-04-21 05:27:16.921,
2745,2025-04-21 05:27:06.910818+00,7442.5,65.21,3077,2025-04-21 05:27:05.351,
2744,2025-04-21 05:26:55.345891+00,7712.5,65.58,3076,2025-04-21 05:26:53.791,
2743,2025-04-21 05:26:43.776379+00,7938.75,65.21,3075,2025-04-21 05:26:42.121,
2742,2025-04-21 05:26:32.099829+00,7936.25,65.21,3074,2025-04-21 05:26:30.491,
2741,2025-04-21 05:26:20.473456+00,7655,65.09,3073,2025-04-21 05:26:18.911,
2740,2025-04-21 05:26:08.896339+00,7702.5,65.09,3072,2025-04-21 05:26:07.331,
2739,2025-04-21 05:25:57.312017+00,7688.75,64.97,3071,2025-04-21 05:25:55.701,
2738,2025-04-21 05:25:45.687579+00,7470,65.21,3070,2025-04-21 05:25:44.121,
2737,2025-04-21 05:25:34.102215+00,7143.75,65.45,3069,2025-04-21 05:25:32.551,
2736,2025-04-21 05:25:22.538838+00,7881.25,65.33,3068,2025-04-21 05:25:20.961,
2735,2025-04-21 05:25:10.94957+00,7826.25,65.7,3067,2025-04-21 05:25:09.351,
2734,2025-04-21 05:24:59.336619+00,7280,65.82,3066,2025-04-21 05:24:57.671,
2733,2025-04-21 05:24:47.659168+00,7511.25,65.82,3065,2025-04-21 05:24:46.091,
2732,2025-04-21 05:24:36.082057+00,7631.25,65.82,3064,2025-04-21 05:24:34.491,
2731,2025-04-21 05:24:24.470321+00,7181.25,65.7,3063,2025-04-21 05:24:22.911,
2730,2025-04-21 05:24:12.900468+00,8070,65.45,3062,2025-04-21 05:24:11.321,
2729,2025-04-21 05:24:01.229396+00,7691.25,65.82,3061,2025-04-21 05:23:59.621,
2728,2025-04-21 05:23:49.604671+00,7317.5,65.58,3060,2025-04-21 05:23:48.011,
2727,2025-04-21 05:23:37.995432+00,7576.25,65.7,3059,2025-04-21 05:23:36.391,
2726,2025-04-21 05:23:26.375998+00,7625,65.58,3058,2025-04-21 05:23:24.801,
2725,2025-04-21 05:23:14.789945+00,7565,65.58,3057,2025-04-21 05:23:13.141,
2724,2025-04-21 05:23:03.125098+00,7416.25,65.45,3056,2025-04-21 05:23:01.511,
2723,2025-04-21 05:22:51.500563+00,7428.75,65.7,3055,2025-04-21 05:22:49.911,
2722,2025-04-21 05:22:39.866203+00,7457.5,65.58,3054,2025-04-21 05:22:38.301,
2721,2025-04-21 05:22:28.284908+00,7027.5,65.45,3053,2025-04-21 05:22:26.731,
2720,2025-04-21 05:22:16.710763+00,7475,65.09,3052,2025-04-21 05:22:15.021,
2719,2025-04-21 05:22:04.996912+00,7505,65.33,3051,2025-04-21 05:22:03.451,
2718,2025-04-21 05:21:53.433303+00,7446.25,64.85,3050,2025-04-21 05:21:51.801,
2717,2025-04-21 05:21:41.785882+00,7505,65.09,3049,2025-04-21 05:21:40.221,
2716,2025-04-21 05:21:30.137315+00,7741.25,65.58,3048,2025-04-21 05:21:28.471,
2715,2025-04-21 05:21:18.459489+00,7678.75,65.21,3047,2025-04-21 05:21:16.861,
2714,2025-04-21 05:21:06.843334+00,7747.5,65.33,3046,2025-04-21 05:21:05.271,
2713,2025-04-21 05:20:55.233954+00,7575,65.45,3045,2025-04-21 05:20:53.661,
2712,2025-04-21 05:20:43.644652+00,7582.5,65.21,3044,2025-04-21 05:20:42.081,
2711,2025-04-21 05:20:32.060848+00,7425,64.97,3043,2025-04-21 05:20:30.491,
2710,2025-04-21 05:20:20.47387+00,7406.25,65.21,3042,2025-04-21 05:20:18.911,
2709,2025-04-21 05:20:08.866106+00,7503.75,65.09,3041,2025-04-21 05:20:07.291,
2708,2025-04-21 05:19:57.268774+00,7623.75,65.09,3040,2025-04-21 05:19:55.701,
2707,2025-04-21 05:19:45.676012+00,7495,65.21,3039,2025-04-21 05:19:44.021,
2706,2025-04-21 05:19:34.009473+00,7638.75,65.33,3038,2025-04-21 05:19:32.451,
2705,2025-04-21 05:19:22.429976+00,7502.5,65.7,3037,2025-04-21 05:19:20.851,
2704,2025-04-21 05:19:10.830996+00,7813.75,65.58,3036,2025-04-21 05:19:09.271,
2703,2025-04-21 05:18:59.25656+00,7315,65.7,3035,2025-04-21 05:18:57.681,
2702,2025-04-21 05:18:47.661239+00,7771.25,65.33,3034,2025-04-21 05:18:46.101,
2701,2025-04-21 05:18:36.089428+00,7566.25,65.33,3033,2025-04-21 05:18:34.521,
2700,2025-04-21 05:18:24.503762+00,7970,65.21,3032,2025-04-21 05:18:22.941,
2699,2025-04-21 05:18:12.924835+00,7687.5,65.33,3031,2025-04-21 05:18:11.341,
2698,2025-04-21 05:18:01.326958+00,7452.5,65.45,3030,2025-04-21 05:17:59.641,
2697,2025-04-21 05:17:49.630356+00,7452.5,65.58,3029,2025-04-21 05:17:48.071,
2696,2025-04-21 05:17:38.059073+00,7636.25,65.7,3028,2025-04-21 05:17:36.491,
2695,2025-04-21 05:17:26.468506+00,7590,65.82,3027,2025-04-21 05:17:24.911,
2694,2025-04-21 05:17:14.901128+00,7585,65.58,3026,2025-04-21 05:17:13.341,
2693,2025-04-21 05:17:03.319167+00,7541.25,65.7,3025,2025-04-21 05:17:01.761,
2692,2025-04-21 05:16:51.740943+00,7697.5,65.7,3024,2025-04-21 05:16:50.121,
2691,2025-04-21 05:16:40.082815+00,7958.75,65.94,3023,2025-04-21 05:16:38.531,
2690,2025-04-21 05:16:28.521108+00,7307.5,65.7,3022,2025-04-21 05:16:26.961,
2689,2025-04-21 05:16:16.941625+00,7625,65.7,3021,2025-04-21 05:16:15.321,
2688,2025-04-21 05:16:05.301086+00,7850,65.82,3020,2025-04-21 05:16:03.731,
2687,2025-04-21 05:15:53.716128+00,7696.25,65.94,3019,2025-04-21 05:15:52.161,
2686,2025-04-21 05:15:42.139137+00,7643.75,65.7,3018,2025-04-21 05:15:40.561,
2685,2025-04-21 05:15:30.539255+00,7452.5,65.7,3017,2025-04-21 05:15:28.941,
2684,2025-04-21 05:15:18.92094+00,7785,65.58,3016,2025-04-21 05:15:17.371,
2683,2025-04-21 05:15:07.350738+00,7250,65.45,3015,2025-04-21 05:15:05.731,
2682,2025-04-21 05:14:55.703386+00,7507.5,65.45,3014,2025-04-21 05:14:54.041,
2681,2025-04-21 05:14:44.023653+00,7342.5,65.21,3013,2025-04-21 05:14:42.471,
2680,2025-04-21 05:14:32.448225+00,7851.25,65.21,3012,2025-04-21 05:14:30.871,
2679,2025-04-21 05:14:20.848124+00,7936.25,65.21,3011,2025-04-21 05:14:19.251,
2678,2025-04-21 05:14:09.235916+00,7700,65.21,3010,2025-04-21 05:14:07.671,
2677,2025-04-21 05:13:57.652752+00,7731.25,65.21,3009,2025-04-21 05:13:56.101,
2676,2025-04-21 05:13:46.084073+00,7250,64.85,3008,2025-04-21 05:13:44.521,
2675,2025-04-21 05:13:34.494926+00,7890,64.97,3007,2025-04-21 05:13:32.931,
2674,2025-04-21 05:13:22.911014+00,7782.5,64.97,3006,2025-04-21 05:13:21.327,
2673,2025-04-21 05:13:11.30105+00,7792.5,65.09,3005,2025-04-21 05:13:09.711,
2672,2025-04-21 05:12:59.698378+00,7245,65.21,3004,2025-04-21 05:12:58.131,
2671,2025-04-21 05:12:48.10758+00,7766.25,64.85,3003,2025-04-21 05:12:46.531,
2670,2025-04-21 05:12:36.51982+00,7641.25,65.21,3002,2025-04-21 05:12:34.921,
2669,2025-04-21 05:12:24.903419+00,7507.5,64.85,3001,2025-04-21 05:12:23.321,
2668,2025-04-21 05:12:13.30122+00,7583.75,64.97,3000,2025-04-21 05:12:11.731,
2667,2025-04-21 05:12:01.712619+00,7315,64.85,2999,2025-04-21 05:12:00.151,
2666,2025-04-21 05:11:50.129305+00,7750,65.09,2998,2025-04-21 05:11:48.561,
2665,2025-04-21 05:11:38.539826+00,7118.75,65.09,2997,2025-04-21 05:11:36.921,
2664,2025-04-21 05:11:26.894274+00,7883.75,64.85,2996,2025-04-21 05:11:25.341,
2663,2025-04-21 05:11:15.321542+00,7390,64.73,2995,2025-04-21 05:11:13.741,
2662,2025-04-21 05:11:03.722556+00,6965,64.73,2994,2025-04-21 05:11:02.151,
2661,2025-04-21 05:10:52.130658+00,6976.25,65.45,2993,2025-04-21 05:10:50.561,
2660,2025-04-21 05:10:40.548307+00,7303.75,64.73,2992,2025-04-21 05:10:38.981,
2659,2025-04-21 05:10:28.966691+00,7358.75,65.45,2991,2025-04-21 05:10:27.411,
2658,2025-04-21 05:10:17.390683+00,7220,64.97,2990,2025-04-21 05:10:15.821,
2657,2025-04-21 05:10:05.794023+00,7550,64.85,2989,2025-04-21 05:10:04.221,
2656,2025-04-21 05:09:54.202347+00,7312.5,65.09,2988,2025-04-21 05:09:52.621,
2655,2025-04-21 05:09:42.599045+00,7677.5,65.33,2987,2025-04-21 05:09:41.051,
2654,2025-04-21 05:09:31.03504+00,7756.25,64.97,2986,2025-04-21 05:09:29.481,
2653,2025-04-21 05:09:19.460098+00,7288.75,64.85,2985,2025-04-21 05:09:17.781,
2652,2025-04-21 05:09:07.768218+00,7375,65.09,2984,2025-04-21 05:09:06.201,
2651,2025-04-21 05:08:56.176296+00,7676.25,65.09,2983,2025-04-21 05:08:54.611,
2650,2025-04-21 05:08:44.436896+00,7870,64.85,2982,2025-04-21 05:08:42.751,
2649,2025-04-21 05:08:32.694105+00,7945,64.85,2981,2025-04-21 05:08:31.111,
2648,2025-04-21 05:08:21.084171+00,7812.5,64.73,2980,2025-04-21 05:08:19.501,
2647,2025-04-21 05:08:09.485143+00,7836.25,64.73,2979,2025-04-21 05:08:07.921,
2646,2025-04-21 05:07:57.902272+00,7493.75,65.09,2978,2025-04-21 05:07:56.271,
2645,2025-04-21 05:07:46.256845+00,7665,64.97,2977,2025-04-21 05:07:44.691,
2644,2025-04-21 05:07:34.673182+00,7571.25,64.73,2976,2025-04-21 05:07:33.031,
2643,2025-04-21 05:07:22.992187+00,7361.25,64.73,2975,2025-04-21 05:07:21.391,
2642,2025-04-21 05:07:11.364203+00,8023.75,64.85,2974,2025-04-21 05:07:09.751,
2641,2025-04-21 05:06:59.723891+00,7851.25,65.09,2973,2025-04-21 05:06:58.101,
2640,2025-04-21 05:06:48.071934+00,7693.75,65.09,2972,2025-04-21 05:06:46.491,
2639,2025-04-21 05:06:36.476789+00,7335,64.85,2971,2025-04-21 05:06:34.851,
2638,2025-04-21 05:06:24.825518+00,7736.25,65.21,2970,2025-04-21 05:06:23.261,
2637,2025-04-21 05:06:13.242758+00,7780,65.09,2969,2025-04-21 05:06:11.671,
2636,2025-04-21 05:06:01.641987+00,7682.5,65.33,2968,2025-04-21 05:06:00.071,
2635,2025-04-21 05:05:50.048841+00,7488.75,65.21,2967,2025-04-21 05:05:48.421,
2634,2025-04-21 05:05:38.4028+00,7817.5,65.09,2966,2025-04-21 05:05:36.741,
2633,2025-04-21 05:05:26.716627+00,7457.5,65.33,2965,2025-04-21 05:05:25.161,
2632,2025-04-21 05:05:15.132378+00,7993.75,65.09,2964,2025-04-21 05:05:13.551,
2631,2025-04-21 05:05:03.532565+00,7718.75,65.21,2963,2025-04-21 05:05:01.961,
2630,2025-04-21 05:04:51.938136+00,8090,65.21,2962,2025-04-21 05:04:50.341,
2629,2025-04-21 05:04:40.319514+00,7581.25,65.09,2961,2025-04-21 05:04:38.741,
2628,2025-04-21 05:04:28.729689+00,7756.25,64.73,2960,2025-04-21 05:04:27.111,
2627,2025-04-21 05:04:17.096323+00,7395,65.09,2959,2025-04-21 05:04:15.551,
2626,2025-04-21 05:04:05.53105+00,7513.75,65.09,2958,2025-04-21 05:04:03.821,
2625,2025-04-21 05:03:53.790887+00,8027.5,65.21,2957,2025-04-21 05:03:52.201,
2624,2025-04-21 05:03:42.185114+00,7586.25,65.45,2956,2025-04-21 05:03:40.611,
2623,2025-04-21 05:03:30.591998+00,7591.25,64.48,2955,2025-04-21 05:03:29.041,
2622,2025-04-21 05:03:19.020516+00,7953.75,65.58,2954,2025-04-21 05:03:17.451,
2621,2025-04-21 05:03:07.426886+00,7548.75,65.58,2953,2025-04-21 05:03:05.861,
2620,2025-04-21 05:02:55.831201+00,7837.5,65.7,2952,2025-04-21 05:02:54.181,
2619,2025-04-21 05:02:44.161172+00,7603.75,65.58,2951,2025-04-21 05:02:42.601,
2618,2025-04-21 05:02:32.580501+00,7336.25,65.33,2950,2025-04-21 05:02:31.002,
2617,2025-04-21 05:02:20.984114+00,7507.5,65.45,2949,2025-04-21 05:02:19.311,
2616,2025-04-21 05:02:09.288878+00,7682.5,65.33,2948,2025-04-21 05:02:07.701,
2615,2025-04-21 05:01:57.678558+00,7806.25,65.7,2947,2025-04-21 05:01:56.111,
2614,2025-04-21 05:01:46.077018+00,7558.75,65.58,2946,2025-04-21 05:01:44.451,
2613,2025-04-21 05:01:34.437177+00,8061.25,65.7,2945,2025-04-21 05:01:32.875,
2612,2025-04-21 05:01:22.844432+00,7730,65.7,2944,2025-04-21 05:01:21.261,
2611,2025-04-21 05:01:11.234939+00,7805,65.58,2943,2025-04-21 05:01:09.681,
2610,2025-04-21 05:00:59.663141+00,8233.75,65.33,2942,2025-04-21 05:00:58.101,
2609,2025-04-21 05:00:48.07199+00,8053.75,65.45,2941,2025-04-21 05:00:46.521,
2608,2025-04-21 05:00:36.500648+00,8188.75,65.21,2940,2025-04-21 05:00:34.871,
2607,2025-04-21 05:00:24.853333+00,8003.75,65.45,2939,2025-04-21 05:00:23.281,
2606,2025-04-21 05:00:13.265176+00,8368.75,64.97,2938,2025-04-21 05:00:11.691,
2605,2025-04-21 05:00:01.668694+00,8011.25,65.21,2937,2025-04-21 05:00:00.131,
2604,2025-04-21 04:59:50.114567+00,7780,65.21,2936,2025-04-21 04:59:48.541,
2603,2025-04-21 04:59:38.514294+00,7505,65.09,2935,2025-04-21 04:59:36.921,
2602,2025-04-21 04:59:26.88065+00,7561.25,64.97,2934,2025-04-21 04:59:25.291,
2601,2025-04-21 04:59:15.266534+00,7718.75,65.21,2933,2025-04-21 04:59:13.731,
2600,2025-04-21 04:59:03.71181+00,8137.5,65.21,2932,2025-04-21 04:59:02.151,
2599,2025-04-21 04:58:52.107955+00,8208.75,64.97,2931,2025-04-21 04:58:50.411,
2598,2025-04-21 04:58:40.395579+00,7428.75,64.85,2930,2025-04-21 04:58:38.812,
2597,2025-04-21 04:58:28.796836+00,8086.25,64.85,2929,2025-04-21 04:58:27.241,
2596,2025-04-21 04:58:17.225618+00,8010,64.97,2928,2025-04-21 04:58:15.647,
2595,2025-04-21 04:58:05.616444+00,7593.75,65.09,2927,2025-04-21 04:58:04.031,
2594,2025-04-21 04:57:54.007289+00,8188.75,65.09,2926,2025-04-21 04:57:52.411,
2593,2025-04-21 04:57:42.388102+00,8385,65.21,2925,2025-04-21 04:57:40.841,
2592,2025-04-21 04:57:30.810374+00,8171.25,65.33,2924,2025-04-21 04:57:29.231,
2591,2025-04-21 04:57:19.212624+00,8071.25,65.58,2923,2025-04-21 04:57:17.661,
2590,2025-04-21 04:57:07.629244+00,7656.25,65.45,2922,2025-04-21 04:57:05.831,
2589,2025-04-21 04:56:55.797851+00,7741.25,65.33,2921,2025-04-21 04:56:54.241,
2588,2025-04-21 04:56:44.216149+00,8135,64.97,2920,2025-04-21 04:56:42.631,
2587,2025-04-21 04:56:32.611584+00,7938.75,65.09,2919,2025-04-21 04:56:31.071,
2586,2025-04-21 04:56:21.053061+00,7567.5,64.97,2918,2025-04-21 04:56:19.491,
2585,2025-04-21 04:56:09.470544+00,8116.25,64.85,2917,2025-04-21 04:56:07.891,
2584,2025-04-21 04:55:57.872555+00,8116.25,64.97,2916,2025-04-21 04:55:56.311,
2583,2025-04-21 04:55:46.285346+00,7985,65.21,2915,2025-04-21 04:55:44.721,
2582,2025-04-21 04:55:34.699917+00,8443.75,65.58,2914,2025-04-21 04:55:33.151,
2581,2025-04-21 04:55:23.129241+00,7771.25,65.45,2913,2025-04-21 04:55:21.461,
2580,2025-04-21 04:55:11.437007+00,8482.5,65.21,2912,2025-04-21 04:55:09.861,
2579,2025-04-21 04:54:59.833371+00,8056.25,65.09,2911,2025-04-21 04:54:58.241,
2578,2025-04-21 04:54:48.202977+00,8395,65.33,2910,2025-04-21 04:54:46.641,
2577,2025-04-21 04:54:36.61011+00,7957.5,65.45,2909,2025-04-21 04:54:35.051,
2576,2025-04-21 04:54:25.032731+00,8091.25,65.33,2908,2025-04-21 04:54:23.461,
2575,2025-04-21 04:54:13.441917+00,7708.75,65.33,2907,2025-04-21 04:54:11.841,
2574,2025-04-21 04:54:01.826043+00,8201.25,65.09,2906,2025-04-21 04:54:00.271,
2573,2025-04-21 04:53:50.244424+00,8110,65.09,2905,2025-04-21 04:53:48.632,
2572,2025-04-21 04:53:38.605987+00,8201.25,64.97,2904,2025-04-21 04:53:36.971,
2571,2025-04-21 04:53:26.935313+00,7510,65.09,2903,2025-04-21 04:53:25.391,
2570,2025-04-21 04:53:15.362723+00,7846.25,65.21,2902,2025-04-21 04:53:13.811,
2569,2025-04-21 04:53:03.782858+00,7392.5,64.85,2901,2025-04-21 04:53:02.221,
2568,2025-04-21 04:52:52.202802+00,8208.75,64.85,2900,2025-04-21 04:52:50.621,
2567,2025-04-21 04:52:40.594712+00,7956.25,64.73,2899,2025-04-21 04:52:39.031,
2566,2025-04-21 04:52:29.001519+00,7626.25,65.09,2898,2025-04-21 04:52:27.441,
2565,2025-04-21 04:52:17.41576+00,7977.5,64.85,2897,2025-04-21 04:52:15.861,
2564,2025-04-21 04:52:05.842891+00,8533.75,64.85,2896,2025-04-21 04:52:04.261,
2563,2025-04-21 04:51:54.233506+00,7871.25,64.85,2895,2025-04-21 04:51:52.591,
2562,2025-04-21 04:51:42.572+00,8210,64.85,2894,2025-04-21 04:51:41.001,
2561,2025-04-21 04:51:30.982547+00,8352.5,64.73,2893,2025-04-21 04:51:29.421,
2560,2025-04-21 04:51:19.393576+00,8227.5,64.48,2892,2025-04-21 04:51:17.841,
2559,2025-04-21 04:51:07.806306+00,8483.75,64.61,2891,2025-04-21 04:51:06.251,
2558,2025-04-21 04:50:56.203078+00,7781.25,65.09,2890,2025-04-21 04:50:54.611,
2557,2025-04-21 04:50:44.588152+00,8168.75,64.61,2889,2025-04-21 04:50:43.001,
2556,2025-04-21 04:50:32.977006+00,8041.25,64.73,2888,2025-04-21 04:50:31.421,
2555,2025-04-21 04:50:21.396774+00,8291.25,64.73,2887,2025-04-21 04:50:19.851,
2554,2025-04-21 04:50:09.826753+00,8688.75,64.48,2886,2025-04-21 04:50:08.181,
2553,2025-04-21 04:49:58.115153+00,8565,64.36,2885,2025-04-21 04:49:56.531,
2552,2025-04-21 04:49:46.497874+00,8968.75,64.36,2884,2025-04-21 04:49:44.941,
2551,2025-04-21 04:49:34.918043+00,8550,64.12,2883,2025-04-21 04:49:33.381,
2550,2025-04-21 04:49:23.35003+00,8662.5,64.24,2882,2025-04-21 04:49:21.791,
2549,2025-04-21 04:49:11.772716+00,8280,64,2881,2025-04-21 04:49:10.221,
2548,2025-04-21 04:49:00.195229+00,8736.25,64,2880,2025-04-21 04:48:58.631,
2547,2025-04-21 04:48:48.586575+00,8461.25,64.36,2879,2025-04-21 04:48:47.041,
2546,2025-04-21 04:48:37.016187+00,8475,64.24,2878,2025-04-21 04:48:35.471,
2545,2025-04-21 04:48:25.447471+00,8782.5,64.36,2877,2025-04-21 04:48:23.791,
2544,2025-04-21 04:48:13.764714+00,8247.5,64.24,2876,2025-04-21 04:48:12.191,
2543,2025-04-21 04:48:02.167063+00,8392.5,64.24,2875,2025-04-21 04:48:00.591,
2542,2025-04-21 04:47:50.562495+00,8555,64.24,2874,2025-04-21 04:47:48.971,
2541,2025-04-21 04:47:38.95017+00,8832.5,64.12,2873,2025-04-21 04:47:37.371,
2540,2025-04-21 04:47:27.348284+00,8803.75,64.24,2872,2025-04-21 04:47:25.781,
2539,2025-04-21 04:47:15.75944+00,8853.75,63.88,2871,2025-04-21 04:47:14.211,
2538,2025-04-21 04:47:04.191428+00,8428.75,64.24,2870,2025-04-21 04:47:02.631,
2537,2025-04-21 04:46:52.599207+00,8568.75,64.12,2869,2025-04-21 04:46:51.001,
2536,2025-04-21 04:46:40.970266+00,8551.25,63.76,2868,2025-04-21 04:46:39.331,
2535,2025-04-21 04:46:29.296531+00,8572.5,63.64,2867,2025-04-21 04:46:27.731,
2534,2025-04-21 04:46:17.704069+00,8698.75,63.64,2866,2025-04-21 04:46:16.121,
2533,2025-04-21 04:46:06.104384+00,8980,63.27,2865,2025-04-21 04:46:04.551,
2532,2025-04-21 04:45:54.526734+00,8985,63.27,2864,2025-04-21 04:45:52.981,
2531,2025-04-21 04:45:42.960849+00,8668.75,63.15,2863,2025-04-21 04:45:41.401,
2530,2025-04-21 04:45:31.377684+00,9126.25,62.67,2862,2025-04-21 04:45:29.841,
2529,2025-04-21 04:45:19.813955+00,8403.75,62.67,2861,2025-04-21 04:45:18.221,
2528,2025-04-21 04:45:08.185167+00,8192.5,62.79,2860,2025-04-21 04:45:06.601,
2527,2025-04-21 04:44:56.573049+00,9172.5,63.03,2859,2025-04-21 04:44:54.921,
2526,2025-04-21 04:44:44.895817+00,9152.5,62.67,2858,2025-04-21 04:44:43.361,
2525,2025-04-21 04:44:33.333876+00,8003.75,65.45,2857,2025-04-21 04:44:31.751,
2524,2025-04-21 04:44:21.715647+00,8697.5,63.03,2856,2025-04-21 04:44:20.151,
2523,2025-04-21 04:44:10.124347+00,8145,63.64,2855,2025-04-21 04:44:08.571,
2522,2025-04-21 04:43:58.539015+00,7835,64.24,2854,2025-04-21 04:43:56.981,
2521,2025-04-21 04:43:46.95762+00,7661.25,66.91,2853,2025-04-21 04:43:45.371,
2520,2025-04-21 04:43:35.345306+00,7262.5,66.67,2852,2025-04-21 04:43:33.771,
2519,2025-04-21 04:43:23.743133+00,7758.75,67.03,2851,2025-04-21 04:43:22.191,
2518,2025-04-21 04:43:12.160391+00,7663.75,66.67,2850,2025-04-21 04:43:10.301,
2517,2025-04-21 04:43:00.23527+00,7740,67.03,2849,2025-04-21 04:42:58.661,
2516,2025-04-21 04:42:48.629749+00,7635,67.15,2848,2025-04-21 04:42:47.041,
2515,2025-04-21 04:42:37.013149+00,7256.25,67.03,2847,2025-04-21 04:42:35.451,
2514,2025-04-21 04:42:25.427022+00,7611.25,66.91,2846,2025-04-21 04:42:23.881,
2513,2025-04-21 04:42:13.857543+00,7787.5,66.79,2845,2025-04-21 04:42:12.321,
2512,2025-04-21 04:42:02.288687+00,7791.25,67.52,2844,2025-04-21 04:42:00.721,
2511,2025-04-21 04:41:50.697564+00,7420,66.79,2843,2025-04-21 04:41:49.141,
2510,2025-04-21 04:41:39.103144+00,7412.5,66.91,2842,2025-04-21 04:41:37.541,
2509,2025-04-21 04:41:27.509263+00,7562.5,66.79,2841,2025-04-21 04:41:25.861,
2508,2025-04-21 04:41:15.82801+00,7488.75,67.15,2840,2025-04-21 04:41:14.261,
2507,2025-04-21 04:41:04.23484+00,7692.5,67.03,2839,2025-04-21 04:41:02.671,
2506,2025-04-21 04:40:52.640343+00,7193.75,66.91,2838,2025-04-21 04:40:51.101,
2505,2025-04-21 04:40:41.06779+00,7397.5,67.15,2837,2025-04-21 04:40:39.531,
2504,2025-04-21 04:40:29.505521+00,7415,67.15,2836,2025-04-21 04:40:27.951,
2503,2025-04-21 04:40:17.923691+00,7522.5,67.27,2835,2025-04-21 04:40:16.381,
2502,2025-04-21 04:40:06.35595+00,7323.75,67.27,2834,2025-04-21 04:40:04.721,
2501,2025-04-21 04:39:54.664391+00,7918.75,67.15,2833,2025-04-21 04:39:53.051,
2500,2025-04-21 04:39:43.051873+00,7261.25,67.15,2832,2025-04-21 04:39:41.401,
2499,2025-04-21 04:39:31.391266+00,7741.25,66.91,2831,2025-04-21 04:39:29.731,
2498,2025-04-21 04:39:19.71907+00,7176.25,67.03,2830,2025-04-21 04:39:18.001,
2497,2025-04-21 04:39:07.996954+00,7227.5,67.03,2829,2025-04-21 04:39:06.391,
2496,2025-04-21 04:38:56.390903+00,7480,66.79,2828,2025-04-21 04:38:54.802,
2495,2025-04-21 04:38:44.803321+00,7496.25,66.67,2827,2025-04-21 04:38:43.211,
2494,2025-04-21 04:38:33.215452+00,7192.5,66.91,2826,2025-04-21 04:38:31.611,
2493,2025-04-21 04:38:21.605543+00,7703.75,66.79,2825,2025-04-21 04:38:20.021,
2492,2025-04-21 04:38:10.026256+00,6998.75,66.67,2824,2025-04-21 04:38:08.431,
2491,2025-04-21 04:37:58.430573+00,7657.5,66.91,2823,2025-04-21 04:37:56.761,
2490,2025-04-21 04:37:46.754222+00,7282.5,66.79,2822,2025-04-21 04:37:45.101,
2489,2025-04-21 04:37:35.081148+00,7276.25,66.91,2821,2025-04-21 04:37:33.431,
2488,2025-04-21 04:37:23.440041+00,7713.75,67.15,2820,2025-04-21 04:37:21.721,
2487,2025-04-21 04:37:11.699999+00,7808.75,66.91,2819,2025-04-21 04:37:10.111,
2486,2025-04-21 04:37:00.100336+00,7277.5,67.03,2818,2025-04-21 04:36:58.521,
2485,2025-04-21 04:36:48.511897+00,7662.5,66.79,2817,2025-04-21 04:36:46.921,
2484,2025-04-21 04:36:36.9212+00,7110,66.79,2816,2025-04-21 04:36:35.341,
2483,2025-04-21 04:36:25.341215+00,7371.25,67.03,2815,2025-04-21 04:36:23.741,
2482,2025-04-21 04:36:13.741349+00,7386.25,67.03,2814,2025-04-21 04:36:12.081,
2481,2025-04-21 04:36:02.076301+00,7330,67.03,2813,2025-04-21 04:36:00.481,
2480,2025-04-21 04:35:50.481217+00,7688.75,67.15,2812,2025-04-21 04:35:48.825,
2479,2025-04-21 04:35:38.824847+00,7223.75,67.15,2811,2025-04-21 04:35:37.211,
2478,2025-04-21 04:35:27.214322+00,7418.75,66.91,2810,2025-04-21 04:35:25.641,
2477,2025-04-21 04:35:15.646419+00,7308.75,66.79,2809,2025-04-21 04:35:14.051,
2476,2025-04-21 04:35:04.055491+00,6796.25,66.67,2808,2025-04-21 04:35:02.281,
2475,2025-04-21 04:34:52.276764+00,7266.25,66.79,2807,2025-04-21 04:34:50.691,
2474,2025-04-21 04:34:40.689984+00,7480,66.91,2806,2025-04-21 04:34:39.121,
2473,2025-04-21 04:34:29.122031+00,7131.25,67.27,2805,2025-04-21 04:34:27.451,
2472,2025-04-21 04:34:17.455321+00,7873.75,67.03,2804,2025-04-21 04:34:15.851,
2471,2025-04-21 04:34:05.850648+00,7622.5,67.27,2803,2025-04-21 04:34:04.262,
2470,2025-04-21 04:33:54.264839+00,6956.25,67.03,2802,2025-04-21 04:33:52.621,
2469,2025-04-21 04:33:42.624928+00,7210,67.27,2801,2025-04-21 04:33:41.041,
2468,2025-04-21 04:33:31.032894+00,7506.25,66.91,2800,2025-04-21 04:33:29.461,
2467,2025-04-21 04:33:19.455396+00,7271.25,67.27,2799,2025-04-21 04:33:17.871,
2466,2025-04-21 04:33:07.864062+00,7086.25,67.15,2798,2025-04-21 04:33:06.281,
2465,2025-04-21 04:32:56.278063+00,7567.5,67.15,2797,2025-04-21 04:32:54.692,
2464,2025-04-21 04:32:44.696166+00,7602.5,67.03,2796,2025-04-21 04:32:43.011,
2463,2025-04-21 04:32:33.009353+00,7423.75,67.15,2795,2025-04-21 04:32:31.401,
2462,2025-04-21 04:32:21.39019+00,7515,67.15,2794,2025-04-21 04:32:19.792,
2461,2025-04-21 04:32:09.786414+00,7700,67.15,2793,2025-04-21 04:32:08.191,
2460,2025-04-21 04:31:58.193795+00,7485,67.15,2792,2025-04-21 04:31:56.585,
2459,2025-04-21 04:31:46.58307+00,7571.25,67.15,2791,2025-04-21 04:31:44.961,
2458,2025-04-21 04:31:34.964707+00,7260,67.03,2790,2025-04-21 04:31:33.351,
2457,2025-04-21 04:31:23.345014+00,7751.25,67.39,2789,2025-04-21 04:31:21.741,
2456,2025-04-21 04:31:11.738032+00,7478.75,66.91,2788,2025-04-21 04:31:09.991,
2455,2025-04-21 04:30:59.992012+00,7623.75,67.03,2787,2025-04-21 04:30:58.391,
2454,2025-04-21 04:30:48.387861+00,7870,66.91,2786,2025-04-21 04:30:46.791,
2453,2025-04-21 04:30:36.789782+00,7477.5,66.91,2785,2025-04-21 04:30:35.191,
2452,2025-04-21 04:30:25.190291+00,7501.25,66.79,2784,2025-04-21 04:30:23.612,
2451,2025-04-21 04:30:13.60018+00,7590,66.67,2783,2025-04-21 04:30:11.801,
2450,2025-04-21 04:30:01.785976+00,7737.5,66.91,2782,2025-04-21 04:30:00.152,
2449,2025-04-21 04:29:50.154199+00,7688.75,67.15,2781,2025-04-21 04:29:48.551,
2448,2025-04-21 04:29:38.553801+00,7305,67.03,2780,2025-04-21 04:29:36.962,
2447,2025-04-21 04:29:26.959838+00,7108.75,67.03,2779,2025-04-21 04:29:25.391,
2446,2025-04-21 04:29:15.386543+00,7538.75,67.03,2778,2025-04-21 04:29:13.791,
2445,2025-04-21 04:29:03.78171+00,7072.5,66.91,2777,2025-04-21 04:29:02.141,
2444,2025-04-21 04:28:52.130508+00,7506.25,66.91,2776,2025-04-21 04:28:50.541,
2443,2025-04-21 04:28:40.523588+00,7607.5,66.67,2775,2025-04-21 04:28:38.911,
2442,2025-04-21 04:28:28.908762+00,7368.75,66.79,2774,2025-04-21 04:28:27.321,
2441,2025-04-21 04:28:17.319861+00,7287.5,66.67,2773,2025-04-21 04:28:15.741,
2440,2025-04-21 04:28:05.730126+00,7161.25,66.42,2772,2025-04-21 04:28:04.101,
2439,2025-04-21 04:27:54.072695+00,7565,66.42,2771,2025-04-21 04:27:52.471,
2438,2025-04-21 04:27:42.470445+00,7480,66.55,2770,2025-04-21 04:27:40.811,
2437,2025-04-21 04:27:30.811953+00,7380,66.67,2769,2025-04-21 04:27:29.231,
2436,2025-04-21 04:27:19.233858+00,7372.5,66.91,2768,2025-04-21 04:27:17.651,
2435,2025-04-21 04:27:07.653262+00,7527.5,66.79,2767,2025-04-21 04:27:06.101,
2434,2025-04-21 04:26:56.095922+00,6937.5,66.79,2766,2025-04-21 04:26:54.521,
2433,2025-04-21 04:26:44.514648+00,7182.5,67.03,2765,2025-04-21 04:26:42.952,
2432,2025-04-21 04:26:32.951414+00,7362.5,66.91,2764,2025-04-21 04:26:31.381,
2431,2025-04-21 04:26:21.380452+00,7127.5,67.03,2763,2025-04-21 04:26:19.751,
2430,2025-04-21 04:26:09.75781+00,7210,66.67,2762,2025-04-21 04:26:08.191,
2429,2025-04-21 04:25:58.17823+00,7455,66.79,2761,2025-04-21 04:25:56.591,
2428,2025-04-21 04:25:46.582362+00,7792.5,66.67,2760,2025-04-21 04:25:45.001,
2427,2025-04-21 04:25:34.991978+00,7333.75,66.79,2759,2025-04-21 04:25:33.301,
2426,2025-04-21 04:25:23.304424+00,7907.5,66.67,2758,2025-04-21 04:25:21.726,
2425,2025-04-21 04:25:11.726712+00,7477.5,66.67,2757,2025-04-21 04:25:08.761,
2424,2025-04-21 04:24:58.761537+00,7133.75,66.91,2756,2025-04-21 04:24:57.191,
2423,2025-04-21 04:24:47.193256+00,7515,66.79,2755,2025-04-21 04:24:45.631,
2422,2025-04-21 04:24:35.63005+00,7331.25,66.91,2754,2025-04-21 04:24:34.051,
2421,2025-04-21 04:24:24.044096+00,7320,66.79,2753,2025-04-21 04:24:22.451,
2420,2025-04-21 04:24:12.442444+00,7378.75,66.79,2752,2025-04-21 04:24:10.861,
2419,2025-04-21 04:24:00.864535+00,7520,66.91,2751,2025-04-21 04:23:59.191,
2418,2025-04-21 04:23:49.193747+00,7758.75,67.03,2750,2025-04-21 04:23:47.601,
2417,2025-04-21 04:23:37.60296+00,7437.5,67.27,2749,2025-04-21 04:23:36.011,
2416,2025-04-21 04:23:26.00819+00,7343.75,66.79,2748,2025-04-21 04:23:24.411,
2415,2025-04-21 04:23:14.401017+00,7675,67.15,2747,2025-04-21 04:23:12.812,
2414,2025-04-21 04:23:02.789614+00,7113.75,67.15,2746,2025-04-21 04:23:01.222,
2413,2025-04-21 04:22:51.223306+00,7332.5,66.91,2745,2025-04-21 04:22:49.621,
2412,2025-04-21 04:22:39.615118+00,7080,66.91,2744,2025-04-21 04:22:37.971,
2411,2025-04-21 04:22:27.972555+00,7470,67.03,2743,2025-04-21 04:22:26.401,
2410,2025-04-21 04:22:16.401978+00,7797.5,66.79,2742,2025-04-21 04:22:14.811,
2409,2025-04-21 04:22:04.808392+00,7493.75,67.15,2741,2025-04-21 04:22:03.231,
2408,2025-04-21 04:21:53.227152+00,7780,67.27,2740,2025-04-21 04:21:51.641,
2407,2025-04-21 04:21:41.637807+00,7710,67.03,2739,2025-04-21 04:21:40.061,
2406,2025-04-21 04:21:30.044635+00,7390,67.52,2738,2025-04-21 04:21:28.481,
2405,2025-04-21 04:21:18.471295+00,7548.75,66.91,2737,2025-04-21 04:21:16.907,
2404,2025-04-21 04:21:06.897762+00,7872.5,67.52,2736,2025-04-21 04:21:05.172,
2403,2025-04-21 04:20:55.161236+00,7391.25,67.64,2735,2025-04-21 04:20:53.581,
2402,2025-04-21 04:20:43.577581+00,7112.5,67.64,2734,2025-04-21 04:20:41.957,
2401,2025-04-21 04:20:31.943332+00,7220,67.52,2733,2025-04-21 04:20:30.341,
2400,2025-04-21 04:20:20.328528+00,7552.5,67.39,2732,2025-04-21 04:20:18.741,
2399,2025-04-21 04:20:08.736352+00,7535,67.64,2731,2025-04-21 04:20:07.161,
2398,2025-04-21 04:19:57.160849+00,7547.5,67.39,2730,2025-04-21 04:19:55.581,
2397,2025-04-21 04:19:45.579197+00,7440,67.64,2729,2025-04-21 04:19:44.011,
2396,2025-04-21 04:19:34.008982+00,7700,67.76,2728,2025-04-21 04:19:32.421,
2395,2025-04-21 04:19:22.420604+00,7687.5,67.39,2727,2025-04-21 04:19:20.851,
2394,2025-04-21 04:19:10.851404+00,7586.25,67.64,2726,2025-04-21 04:19:09.271,
2393,2025-04-21 04:18:59.257322+00,7675,67.88,2725,2025-04-21 04:18:57.651,
2392,2025-04-21 04:18:47.646055+00,7301.25,67.64,2724,2025-04-21 04:18:45.991,
2391,2025-04-21 04:18:35.986153+00,7411.25,67.88,2723,2025-04-21 04:18:34.421,
2390,2025-04-21 04:18:24.416592+00,7728.75,67.64,2722,2025-04-21 04:18:22.841,
2389,2025-04-21 04:18:12.825701+00,7877.5,67.76,2721,2025-04-21 04:18:11.231,
2388,2025-04-21 04:18:01.213973+00,7583.75,67.39,2720,2025-04-21 04:17:59.641,
2387,2025-04-21 04:17:49.590179+00,7713.75,67.52,2719,2025-04-21 04:17:48.001,
2386,2025-04-21 04:17:37.993265+00,7767.5,67.64,2718,2025-04-21 04:17:36.401,
2385,2025-04-21 04:17:26.352602+00,7896.25,67.27,2717,2025-04-21 04:17:24.741,
2384,2025-04-21 04:17:14.73832+00,7485,67.15,2716,2025-04-21 04:17:13.171,
2383,2025-04-21 04:17:03.174176+00,7933.75,67.52,2715,2025-04-21 04:17:01.511,
2382,2025-04-21 04:16:51.505577+00,7371.25,67.51,2714,2025-04-21 04:16:49.951,
2381,2025-04-21 04:16:39.949237+00,7557.5,67.64,2713,2025-04-21 04:16:38.371,
2380,2025-04-21 04:16:28.370771+00,7561.25,67.52,2712,2025-04-21 04:16:26.801,
2379,2025-04-21 04:16:16.79525+00,7773.75,67.39,2711,2025-04-21 04:16:15.201,
2378,2025-04-21 04:16:05.198533+00,7688.75,67.39,2710,2025-04-21 04:16:03.601,
2377,2025-04-21 04:15:53.594408+00,7352.5,67.52,2709,2025-04-21 04:15:52.011,
2376,2025-04-21 04:15:41.99984+00,7487.5,67.39,2708,2025-04-21 04:15:40.411,
2375,2025-04-21 04:15:30.38643+00,7692.5,67.64,2707,2025-04-21 04:15:28.801,
2374,2025-04-21 04:15:18.793109+00,7172.5,67.64,2706,2025-04-21 04:15:17.141,
2373,2025-04-21 04:15:07.140678+00,7302.5,67.76,2705,2025-04-21 04:15:05.451,
2372,2025-04-21 04:14:55.450896+00,7725,67.39,2704,2025-04-21 04:14:53.891,
2371,2025-04-21 04:14:43.891358+00,7345,67.64,2703,2025-04-21 04:14:42.321,
2370,2025-04-21 04:14:32.317966+00,7845,67.88,2702,2025-04-21 04:14:30.721,
2369,2025-04-21 04:14:20.719643+00,7580,67.64,2701,2025-04-21 04:14:19.151,
2368,2025-04-21 04:14:09.151842+00,7688.75,67.88,2700,2025-04-21 04:14:07.561,
2367,2025-04-21 04:13:57.554396+00,7763.75,67.76,2699,2025-04-21 04:13:55.921,
2366,2025-04-21 04:13:45.91813+00,7447.5,67.64,2698,2025-04-21 04:13:44.341,
2365,2025-04-21 04:13:34.334878+00,7825,67.64,2697,2025-04-21 04:13:32.651,
2364,2025-04-21 04:13:22.645088+00,7696.25,67.39,2696,2025-04-21 04:13:21.031,
2363,2025-04-21 04:13:11.030403+00,7495,67.39,2695,2025-04-21 04:13:09.441,
2362,2025-04-21 04:12:59.43688+00,7347.5,67.52,2694,2025-04-21 04:12:57.881,
2361,2025-04-21 04:12:47.885341+00,7556.25,67.76,2693,2025-04-21 04:12:46.311,
2360,2025-04-21 04:12:36.298259+00,7521.25,67.64,2692,2025-04-21 04:12:34.691,
2359,2025-04-21 04:12:24.680069+00,7651.25,67.64,2691,2025-04-21 04:12:23.101,
2358,2025-04-21 04:12:13.097642+00,7715,67.64,2690,2025-04-21 04:12:11.521,
2357,2025-04-21 04:12:01.519055+00,7365,67.76,2689,2025-04-21 04:11:59.901,
2356,2025-04-21 04:11:49.893968+00,7773.75,67.64,2688,2025-04-21 04:11:48.221,
2355,2025-04-21 04:11:38.217287+00,7818.75,67.64,2687,2025-04-21 04:11:36.641,
2354,2025-04-21 04:11:26.619552+00,7612.5,67.52,2686,2025-04-21 04:11:25.041,
2353,2025-04-21 04:11:15.028995+00,7393.75,67.39,2685,2025-04-21 04:11:13.461,
2352,2025-04-21 04:11:03.45257+00,8030,67.52,2684,2025-04-21 04:11:01.881,
2351,2025-04-21 04:10:51.866526+00,7551.25,67.39,2683,2025-04-21 04:10:50.301,
2350,2025-04-21 04:10:40.302461+00,8073.75,67.64,2682,2025-04-21 04:10:38.711,
2349,2025-04-21 04:10:28.710035+00,7590,67.64,2681,2025-04-21 04:10:27.121,
2348,2025-04-21 04:10:17.1177+00,7695,67.52,2680,2025-04-21 04:10:15.531,
2347,2025-04-21 04:10:05.516086+00,7622.5,67.52,2679,2025-04-21 04:10:03.921,
2346,2025-04-21 04:09:53.917898+00,7816.25,67.39,2678,2025-04-21 04:09:52.351,
2345,2025-04-21 04:09:42.348745+00,7605,67.39,2677,2025-04-21 04:09:40.781,
2344,2025-04-21 04:09:30.767098+00,7856.25,67.27,2676,2025-04-21 04:09:29.191,
2343,2025-04-21 04:09:19.184061+00,7582.5,67.39,2675,2025-04-21 04:09:17.601,
2342,2025-04-21 04:09:07.598221+00,7817.5,67.15,2674,2025-04-21 04:09:06.021,
2341,2025-04-21 04:08:56.015276+00,7931.25,67.15,2673,2025-04-21 04:08:54.411,
2340,2025-04-21 04:08:44.408564+00,7307.5,67.15,2672,2025-04-21 04:08:42.811,
2339,2025-04-21 04:08:32.802268+00,7445,66.91,2671,2025-04-21 04:08:31.231,
2338,2025-04-21 04:08:21.216107+00,7456.25,67.03,2670,2025-04-21 04:08:19.621,
2337,2025-04-21 04:08:09.614926+00,7688.75,66.91,2669,2025-04-21 04:08:08.001,
2336,2025-04-21 04:07:57.997527+00,7370,66.79,2668,2025-04-21 04:07:56.421,
2335,2025-04-21 04:07:46.386147+00,7510,66.91,2667,2025-04-21 04:07:44.801,
2334,2025-04-21 04:07:34.782452+00,7578.75,66.91,2666,2025-04-21 04:07:33.211,
2333,2025-04-21 04:07:23.201556+00,7683.75,66.91,2665,2025-04-21 04:07:21.621,
2332,2025-04-21 04:07:11.604993+00,7540,66.91,2664,2025-04-21 04:07:10.051,
2331,2025-04-21 04:07:00.042213+00,7120,66.67,2663,2025-04-21 04:06:58.467,
2330,2025-04-21 04:06:48.439612+00,7080,67.03,2662,2025-04-21 04:06:46.851,
2329,2025-04-21 04:06:36.841413+00,7476.25,66.91,2661,2025-04-21 04:06:35.261,
2328,2025-04-21 04:06:25.25514+00,7285,66.67,2660,2025-04-21 04:06:23.681,
2327,2025-04-21 04:06:13.67687+00,7757.5,66.79,2659,2025-04-21 04:06:12.101,
2326,2025-04-21 04:06:02.090794+00,7553.75,66.91,2658,2025-04-21 04:06:00.511,
2325,2025-04-21 04:05:50.503342+00,7570,66.79,2657,2025-04-21 04:05:48.931,
2324,2025-04-21 04:05:38.926776+00,7791.25,66.67,2656,2025-04-21 04:05:37.361,
2323,2025-04-21 04:05:27.319583+00,7405,66.79,2655,2025-04-21 04:05:25.711,
2322,2025-04-21 04:05:15.695148+00,7325,66.67,2654,2025-04-21 04:05:14.111,
2321,2025-04-21 04:05:04.105992+00,7745,66.91,2653,2025-04-21 04:05:02.511,
2320,2025-04-21 04:04:52.489638+00,7296.25,66.91,2652,2025-04-21 04:04:50.911,
2319,2025-04-21 04:04:40.89815+00,7341.25,66.42,2651,2025-04-21 04:04:39.301,
2318,2025-04-21 04:04:29.296803+00,7275,66.91,2650,2025-04-21 04:04:27.731,
2317,2025-04-21 04:04:17.702448+00,7543.75,67.15,2649,2025-04-21 04:04:16.091,
2316,2025-04-21 04:04:06.081164+00,7357.5,67.03,2648,2025-04-21 04:04:04.511,
2315,2025-04-21 04:03:54.497954+00,7641.25,67.03,2647,2025-04-21 04:03:52.931,
2314,2025-04-21 04:03:42.926966+00,7396.25,66.91,2646,2025-04-21 04:03:41.341,
2313,2025-04-21 04:03:31.327884+00,7628.75,67.03,2645,2025-04-21 04:03:29.751,
2312,2025-04-21 04:03:19.736329+00,7501.25,67.03,2644,2025-04-21 04:03:18.161,
2311,2025-04-21 04:03:08.155764+00,7348.75,67.03,2643,2025-04-21 04:03:06.581,
2310,2025-04-21 04:02:56.572401+00,7682.5,67.15,2642,2025-04-21 04:02:54.981,
2309,2025-04-21 04:02:44.965976+00,7510,67.03,2641,2025-04-21 04:02:43.401,
2308,2025-04-21 04:02:33.386675+00,7453.75,66.91,2640,2025-04-21 04:02:31.811,
2307,2025-04-21 04:02:21.800848+00,7365,66.91,2639,2025-04-21 04:02:20.211,
2306,2025-04-21 04:02:10.192975+00,7487.5,66.67,2638,2025-04-21 04:02:08.621,
2305,2025-04-21 04:01:58.611085+00,7236.25,66.67,2637,2025-04-21 04:01:57.031,
2304,2025-04-21 04:01:47.018068+00,7350,66.67,2636,2025-04-21 04:01:45.425,
2303,2025-04-21 04:01:35.393043+00,7365,66.79,2635,2025-04-21 04:01:33.811,
2302,2025-04-21 04:01:23.788342+00,7623.75,66.91,2634,2025-04-21 04:01:22.191,
2301,2025-04-21 04:01:12.181644+00,7461.25,66.67,2633,2025-04-21 04:01:10.621,
2300,2025-04-21 04:01:00.609775+00,7741.25,66.79,2632,2025-04-21 04:00:59.041,
2299,2025-04-21 04:00:49.02769+00,7201.25,66.42,2631,2025-04-21 04:00:47.481,
2298,2025-04-21 04:00:37.468434+00,7653.75,66.3,2630,2025-04-21 04:00:35.921,
2297,2025-04-21 04:00:25.909207+00,7190,66.3,2629,2025-04-21 04:00:24.331,
2296,2025-04-21 04:00:14.318816+00,7168.75,66.3,2628,2025-04-21 04:00:12.771,
2295,2025-04-21 04:00:02.761391+00,7463.75,66.55,2627,2025-04-21 04:00:01.191,
2294,2025-04-21 03:59:51.175649+00,7216.25,66.55,2626,2025-04-21 03:59:49.611,
2293,2025-04-21 03:59:39.596876+00,7387.5,66.67,2625,2025-04-21 03:59:38.031,
2292,2025-04-21 03:59:28.019298+00,7288.75,66.55,2624,2025-04-21 03:59:26.451,
2291,2025-04-21 03:59:16.440658+00,7418.75,66.42,2623,2025-04-21 03:59:14.871,
2290,2025-04-21 03:59:04.852946+00,7300,66.67,2622,2025-04-21 03:59:03.271,
2289,2025-04-21 03:58:53.257276+00,7407.5,66.67,2621,2025-04-21 03:58:51.691,
2288,2025-04-21 03:58:41.670062+00,7436.25,66.67,2620,2025-04-21 03:58:40.091,
2287,2025-04-21 03:58:30.078808+00,7221.25,67.03,2619,2025-04-21 03:58:28.501,
2286,2025-04-21 03:58:18.476406+00,7147.5,66.67,2618,2025-04-21 03:58:16.891,
2285,2025-04-21 03:58:06.88391+00,7397.5,66.91,2617,2025-04-21 03:58:05.301,
2284,2025-04-21 03:57:55.292935+00,7080,66.91,2616,2025-04-21 03:57:53.721,
2283,2025-04-21 03:57:43.708885+00,7728.75,67.03,2615,2025-04-21 03:57:42.111,
2282,2025-04-21 03:57:32.103511+00,6980,67.03,2614,2025-04-21 03:57:30.521,
2281,2025-04-21 03:57:20.512467+00,7060,66.79,2613,2025-04-21 03:57:18.951,
2280,2025-04-21 03:57:08.93834+00,7503.75,67.39,2612,2025-04-21 03:57:07.371,
2279,2025-04-21 03:56:57.367105+00,7463.75,66.91,2611,2025-04-21 03:56:55.791,
2278,2025-04-21 03:56:45.787993+00,7082.5,67.03,2610,2025-04-21 03:56:44.211,
2277,2025-04-21 03:56:34.186487+00,7480,66.79,2609,2025-04-21 03:56:32.591,
2276,2025-04-21 03:56:22.585843+00,7276.25,66.67,2608,2025-04-21 03:56:21.031,
2275,2025-04-21 03:56:11.021303+00,7157.5,66.67,2607,2025-04-21 03:56:09.461,
2274,2025-04-21 03:55:59.448341+00,7445,66.79,2606,2025-04-21 03:55:57.861,
2273,2025-04-21 03:55:47.843229+00,7360,66.79,2605,2025-04-21 03:55:46.271,
2272,2025-04-21 03:55:36.238961+00,7225,66.91,2604,2025-04-21 03:55:34.661,
2271,2025-04-21 03:55:24.646427+00,6911.25,66.67,2603,2025-04-21 03:55:23.061,
2270,2025-04-21 03:55:13.052268+00,7637.5,66.91,2602,2025-04-21 03:55:11.451,
2269,2025-04-21 03:55:01.443698+00,7650,66.42,2601,2025-04-21 03:54:59.881,
2268,2025-04-21 03:54:49.874851+00,7480,66.55,2600,2025-04-21 03:54:48.321,
2267,2025-04-21 03:54:38.314675+00,7146.25,66.42,2599,2025-04-21 03:54:36.751,
2266,2025-04-21 03:54:26.713613+00,7426.25,66.3,2598,2025-04-21 03:54:25.151,
2265,2025-04-21 03:54:15.140607+00,7062.5,66.42,2597,2025-04-21 03:54:13.552,
2264,2025-04-21 03:54:03.536851+00,7321.25,66.18,2596,2025-04-21 03:54:01.957,
2263,2025-04-21 03:53:51.94018+00,6983.75,66.42,2595,2025-04-21 03:53:50.341,
2262,2025-04-21 03:53:40.318833+00,7257.5,66.42,2594,2025-04-21 03:53:38.751,
2261,2025-04-21 03:53:28.747994+00,7460,66.55,2593,2025-04-21 03:53:27.171,
2260,2025-04-21 03:53:17.163857+00,7206.25,66.3,2592,2025-04-21 03:53:15.601,
2259,2025-04-21 03:53:05.592282+00,7370,66.43,2591,2025-04-21 03:53:04.031,
2258,2025-04-21 03:52:54.019336+00,7200,65.94,2590,2025-04-21 03:52:52.421,
2257,2025-04-21 03:52:42.413113+00,7425,66.42,2589,2025-04-21 03:52:40.811,
2256,2025-04-21 03:52:30.789291+00,7451.25,66.42,2588,2025-04-21 03:52:29.211,
2255,2025-04-21 03:52:19.189183+00,7750,66.42,2587,2025-04-21 03:52:17.601,
2254,2025-04-21 03:52:07.585353+00,7198.75,66.3,2586,2025-04-21 03:52:06.011,
2253,2025-04-21 03:51:55.995429+00,7353.75,66.42,2585,2025-04-21 03:51:54.281,
2252,2025-04-21 03:51:44.264605+00,7393.75,66.67,2584,2025-04-21 03:51:42.686,
2251,2025-04-21 03:51:32.68009+00,7483.75,66.55,2583,2025-04-21 03:51:31.106,
2250,2025-04-21 03:51:02.969673+00,7397.5,66.79,2581,2025-04-21 03:51:01.401,
2249,2025-04-21 03:50:51.393959+00,7295,66.79,2580,2025-04-21 03:50:49.831,
2248,2025-04-21 03:50:39.823304+00,7222.5,67.03,2579,2025-04-21 03:50:38.261,
2247,2025-04-21 03:50:28.230827+00,7631.25,66.79,2578,2025-04-21 03:50:26.671,
2246,2025-04-21 03:50:16.666226+00,7523.75,66.91,2577,2025-04-21 03:50:15.101,
2245,2025-04-21 03:50:05.084587+00,7883.75,67.03,2576,2025-04-21 03:50:03.501,
2244,2025-04-21 03:49:53.491277+00,7317.5,67.03,2575,2025-04-21 03:49:51.931,
2243,2025-04-21 03:49:41.909643+00,7375,67.03,2574,2025-04-21 03:49:40.331,
2242,2025-04-21 03:49:30.312457+00,7048.75,66.91,2573,2025-04-21 03:49:28.701,
2241,2025-04-21 03:49:18.691035+00,7472.5,67.15,2572,2025-04-21 03:49:17.121,
2240,2025-04-21 03:49:07.099509+00,7393.75,67.27,2571,2025-04-21 03:49:05.421,
2239,2025-04-21 03:48:55.410669+00,7326.25,67.03,2570,2025-04-21 03:48:53.851,
2238,2025-04-21 03:48:43.842047+00,7145,66.91,2569,2025-04-21 03:48:42.231,
2237,2025-04-21 03:48:32.213816+00,7415,66.91,2568,2025-04-21 03:48:30.621,
2236,2025-04-21 03:48:20.61295+00,7833.75,66.91,2567,2025-04-21 03:48:19.041,
2235,2025-04-21 03:48:09.031249+00,7463.75,66.79,2566,2025-04-21 03:48:07.481,
2234,2025-04-21 03:47:57.471419+00,7682.5,66.67,2565,2025-04-21 03:47:55.891,
2233,2025-04-21 03:47:45.880441+00,7665,66.67,2564,2025-04-21 03:47:44.291,
2232,2025-04-21 03:47:34.281263+00,7687.5,66.55,2563,2025-04-21 03:47:32.731,
2231,2025-04-21 03:47:22.718472+00,7568.75,66.79,2562,2025-04-21 03:47:21.061,
2230,2025-04-21 03:47:11.035824+00,7852.5,66.67,2561,2025-04-21 03:47:09.471,
2229,2025-04-21 03:46:59.459701+00,7817.5,66.67,2560,2025-04-21 03:46:57.891,
2228,2025-04-21 03:46:47.877711+00,7172.5,66.55,2559,2025-04-21 03:46:46.261,
2227,2025-04-21 03:46:36.239036+00,7142.5,66.79,2558,2025-04-21 03:46:34.661,
2226,2025-04-21 03:46:24.640606+00,7442.5,66.79,2557,2025-04-21 03:46:23.091,
2225,2025-04-21 03:46:13.083386+00,7408.75,66.67,2556,2025-04-21 03:46:11.491,
2224,2025-04-21 03:46:01.475395+00,7726.25,66.67,2555,2025-04-21 03:45:59.892,
2223,2025-04-21 03:45:49.875312+00,7655,66.67,2554,2025-04-21 03:45:48.271,
2222,2025-04-21 03:45:38.260529+00,7487.5,66.55,2553,2025-04-21 03:45:36.601,
2221,2025-04-21 03:45:26.578981+00,7598.75,66.42,2552,2025-04-21 03:45:25.011,
2220,2025-04-21 03:45:14.988357+00,7428.75,66.42,2551,2025-04-21 03:45:13.421,
2219,2025-04-21 03:45:03.401856+00,7497.5,66.42,2550,2025-04-21 03:45:01.831,
2218,2025-04-21 03:44:51.817748+00,7171.25,66.3,2549,2025-04-21 03:44:50.251,
2217,2025-04-21 03:44:40.240628+00,7111.25,66.79,2548,2025-04-21 03:44:38.651,
2216,2025-04-21 03:44:28.636201+00,7386.25,66.67,2547,2025-04-21 03:44:27.061,
2215,2025-04-21 03:44:17.052108+00,7310,66.91,2546,2025-04-21 03:44:15.471,
2214,2025-04-21 03:44:05.452563+00,7423.75,66.55,2545,2025-04-21 03:44:03.891,
2213,2025-04-21 03:43:53.876135+00,7117.5,66.79,2544,2025-04-21 03:43:52.221,
2212,2025-04-21 03:43:42.185206+00,7400,66.79,2543,2025-04-21 03:43:40.611,
2211,2025-04-21 03:43:30.591213+00,7647.5,66.79,2542,2025-04-21 03:43:29.011,
2210,2025-04-21 03:43:18.996792+00,7401.25,66.79,2541,2025-04-21 03:43:17.421,
2209,2025-04-21 03:43:07.413533+00,7202.5,66.79,2540,2025-04-21 03:43:05.851,
2208,2025-04-21 03:42:55.836585+00,7023.75,66.91,2539,2025-04-21 03:42:54.281,
2207,2025-04-21 03:42:44.270622+00,7307.5,67.03,2538,2025-04-21 03:42:42.651,
2206,2025-04-21 03:42:32.628782+00,7320,67.03,2537,2025-04-21 03:42:31.051,
2205,2025-04-21 03:42:21.042629+00,7701.25,66.79,2536,2025-04-21 03:42:19.461,
2204,2025-04-21 03:42:09.446704+00,7641.25,67.03,2535,2025-04-21 03:42:07.771,
2203,2025-04-21 03:41:57.76011+00,7676.25,66.91,2534,2025-04-21 03:41:56.201,
2202,2025-04-21 03:41:46.141025+00,7532.5,67.15,2533,2025-04-21 03:41:44.531,
2201,2025-04-21 03:41:34.518271+00,7763.75,66.91,2532,2025-04-21 03:41:32.941,
2200,2025-04-21 03:41:22.923811+00,7458.75,67.03,2531,2025-04-21 03:41:21.311,
2199,2025-04-21 03:41:11.296352+00,7547.5,66.91,2530,2025-04-21 03:41:09.721,
2198,2025-04-21 03:40:59.715786+00,7542.5,66.79,2529,2025-04-21 03:40:58.151,
2197,2025-04-21 03:40:48.132057+00,7906.25,67.15,2528,2025-04-21 03:40:46.551,
2196,2025-04-21 03:40:36.51275+00,7836.25,67.03,2527,2025-04-21 03:40:34.941,
2195,2025-04-21 03:40:24.925418+00,7670,66.79,2526,2025-04-21 03:40:23.261,
2194,2025-04-21 03:40:13.249866+00,7681.25,66.91,2525,2025-04-21 03:40:11.681,
2193,2025-04-21 03:40:01.666703+00,7820,66.91,2524,2025-04-21 03:40:00.091,
2192,2025-04-21 03:39:50.07975+00,7483.75,67.03,2523,2025-04-21 03:39:48.482,
2191,2025-04-21 03:39:38.49541+00,7556.25,66.91,2522,2025-04-21 03:39:36.882,
2190,2025-04-21 03:39:26.889347+00,7692.5,67.15,2521,2025-04-21 03:39:25.292,
2189,2025-04-21 03:39:15.301327+00,7290,66.91,2520,2025-04-21 03:39:13.722,
2188,2025-04-21 03:39:03.721318+00,7447.5,67.27,2519,2025-04-21 03:39:02.142,
2187,2025-04-21 03:38:52.149145+00,7523.75,67.27,2518,2025-04-21 03:38:50.562,
2186,2025-04-21 03:38:40.573537+00,7670,67.39,2517,2025-04-21 03:38:38.902,
2185,2025-04-21 03:38:28.915022+00,7485,67.03,2516,2025-04-21 03:38:27.312,
2184,2025-04-21 03:38:17.317214+00,7330,67.27,2515,2025-04-21 03:38:15.742,
2183,2025-04-21 03:38:05.753241+00,7552.5,67.15,2514,2025-04-21 03:38:04.172,
2182,2025-04-21 03:37:54.17613+00,7742.5,67.15,2513,2025-04-21 03:37:52.583,
2181,2025-04-21 03:37:42.581019+00,7581.25,67.27,2512,2025-04-21 03:37:40.982,
2180,2025-04-21 03:37:30.989588+00,7613.75,67.15,2511,2025-04-21 03:37:29.412,
2179,2025-04-21 03:37:19.415308+00,7766.25,67.27,2510,2025-04-21 03:37:17.763,
2178,2025-04-21 03:37:07.752913+00,7430,67.39,2509,2025-04-21 03:37:06.172,
2177,2025-04-21 03:36:56.164552+00,7638.75,67.03,2508,2025-04-21 03:36:54.482,
2176,2025-04-21 03:36:44.489292+00,7630,67.03,2507,2025-04-21 03:36:42.903,
2175,2025-04-21 03:36:32.905121+00,7245,67.15,2506,2025-04-21 03:36:31.332,
2174,2025-04-21 03:36:21.338813+00,7670,67.15,2505,2025-04-21 03:36:19.712,
2173,2025-04-21 03:36:09.713522+00,7188.75,66.91,2504,2025-04-21 03:36:08.102,
2172,2025-04-21 03:35:58.10982+00,7396.25,66.79,2503,2025-04-21 03:35:56.533,
2171,2025-04-21 03:35:46.54532+00,7630,66.91,2502,2025-04-21 03:35:44.962,
2170,2025-04-21 03:35:34.967532+00,7597.5,67.03,2501,2025-04-21 03:35:33.383,
2169,2025-04-21 03:35:23.375258+00,7320,67.03,2500,2025-04-21 03:35:21.792,
2168,2025-04-21 03:35:11.782952+00,7552.5,66.91,2499,2025-04-21 03:35:10.102,
2167,2025-04-21 03:35:00.105902+00,7631.25,66.79,2498,2025-04-21 03:34:58.512,
2166,2025-04-21 03:34:48.515328+00,7605,66.91,2497,2025-04-21 03:34:46.932,
2165,2025-04-21 03:34:36.935684+00,7270,67.15,2496,2025-04-21 03:34:35.353,
2164,2025-04-21 03:34:25.34417+00,7791.25,67.27,2495,2025-04-21 03:34:23.742,
2163,2025-04-21 03:34:13.750705+00,7735,67.15,2494,2025-04-21 03:34:12.172,
2162,2025-04-21 03:34:02.166708+00,7572.5,67.27,2493,2025-04-21 03:34:00.583,
2161,2025-04-21 03:33:50.586408+00,7392.5,67.03,2492,2025-04-21 03:33:49.012,
2160,2025-04-21 03:33:39.014889+00,7675,67.39,2491,2025-04-21 03:33:37.402,
2159,2025-04-21 03:33:27.41461+00,7691.25,67.27,2490,2025-04-21 03:33:25.763,
2158,2025-04-21 03:33:15.768458+00,7723.75,67.15,2489,2025-04-21 03:33:14.162,
2157,2025-04-21 03:33:04.163404+00,7706.25,67.27,2488,2025-04-21 03:33:02.572,
2156,2025-04-21 03:32:52.578542+00,7607.5,67.52,2487,2025-04-21 03:32:51.002,
2155,2025-04-21 03:32:41.002291+00,7635,67.39,2486,2025-04-21 03:32:39.392,
2154,2025-04-21 03:32:29.402789+00,7465,67.39,2485,2025-04-21 03:32:27.832,
2153,2025-04-21 03:32:17.838152+00,7667.5,67.15,2484,2025-04-21 03:32:16.222,
2152,2025-04-21 03:32:06.225429+00,7957.5,67.52,2483,2025-04-21 03:32:04.642,
2151,2025-04-21 03:31:54.63712+00,7826.25,67.39,2482,2025-04-21 03:31:53.022,
2150,2025-04-21 03:31:43.025643+00,7360,67.52,2481,2025-04-21 03:31:41.363,
2149,2025-04-21 03:31:31.355027+00,7293.75,67.64,2480,2025-04-21 03:31:29.742,
2148,2025-04-21 03:31:19.746123+00,7828.75,67.15,2479,2025-04-21 03:31:18.143,
2147,2025-04-21 03:31:08.148791+00,7293.75,67.27,2478,2025-04-21 03:31:06.562,
2146,2025-04-21 03:30:56.570164+00,7870,67.52,2477,2025-04-21 03:30:54.962,
2145,2025-04-21 03:30:44.966104+00,7635,66.91,2476,2025-04-21 03:30:43.383,
2144,2025-04-21 03:30:33.388597+00,7806.25,67.03,2475,2025-04-21 03:30:31.792,
2143,2025-04-21 03:30:21.799528+00,8101.25,67.27,2474,2025-04-21 03:30:20.203,
2142,2025-04-21 03:30:10.210902+00,7383.75,67.03,2473,2025-04-21 03:30:08.582,
2141,2025-04-21 03:29:58.586001+00,7448.75,67.15,2472,2025-04-21 03:29:56.912,
2140,2025-04-21 03:29:46.907913+00,7510,67.39,2471,2025-04-21 03:29:45.322,
2139,2025-04-21 03:29:35.325191+00,7547.5,67.15,2470,2025-04-21 03:29:33.742,
2138,2025-04-21 03:29:23.741894+00,7858.75,67.39,2469,2025-04-21 03:29:22.142,
2137,2025-04-21 03:29:12.147791+00,7656.25,67.15,2468,2025-04-21 03:29:10.562,
2136,2025-04-21 03:29:00.570322+00,7562.5,67.27,2467,2025-04-21 03:28:58.992,
2135,2025-04-21 03:28:48.990566+00,7612.5,67.27,2466,2025-04-21 03:28:47.392,
2134,2025-04-21 03:28:37.402509+00,7522.5,67.15,2465,2025-04-21 03:28:35.822,
2133,2025-04-21 03:28:25.821503+00,7293.75,67.27,2464,2025-04-21 03:28:24.243,
2132,2025-04-21 03:28:14.245599+00,7755,67.15,2463,2025-04-21 03:28:12.532,
2131,2025-04-21 03:28:02.536204+00,7497.5,67.15,2462,2025-04-21 03:28:00.942,
2130,2025-04-21 03:27:50.949302+00,7395,66.91,2461,2025-04-21 03:27:49.342,
2129,2025-04-21 03:27:39.349433+00,7210,67.15,2460,2025-04-21 03:27:37.763,
2128,2025-04-21 03:27:27.764085+00,7821.25,67.15,2459,2025-04-21 03:27:26.162,
2127,2025-04-21 03:27:16.105518+00,7350,67.27,2458,2025-04-21 03:27:14.522,
2126,2025-04-21 03:27:04.524048+00,7237.5,66.91,2457,2025-04-21 03:27:02.932,
2125,2025-04-21 03:26:52.936877+00,7468.75,67.15,2456,2025-04-21 03:26:51.342,
2124,2025-04-21 03:26:41.348868+00,7478.75,65.48,2455,2025-04-21 03:26:39.742,
2123,2025-04-21 03:26:29.750247+00,7697.5,67.03,2454,2025-04-21 03:26:28.092,
2122,2025-04-21 03:26:18.089646+00,7578.75,67.03,2453,2025-04-21 03:26:16.512,
2121,2025-04-21 03:26:06.509869+00,7477.5,67.03,2452,2025-04-21 03:26:04.922,
2120,2025-04-21 03:25:54.923142+00,7530,67.39,2451,2025-04-21 03:25:53.332,
2119,2025-04-21 03:25:43.335438+00,7750,67.39,2450,2025-04-21 03:25:41.742,
2118,2025-04-21 03:25:31.698287+00,7465,67.03,2449,2025-04-21 03:25:30.082,
2117,2025-04-21 03:25:20.087192+00,7300,67.27,2448,2025-04-21 03:25:18.502,
2116,2025-04-21 03:25:08.504511+00,7911.25,67.27,2447,2025-04-21 03:25:06.922,
2115,2025-04-21 03:24:56.911729+00,7761.25,67.27,2446,2025-04-21 03:24:55.303,
2114,2025-04-21 03:24:45.301569+00,7273.75,67.15,2445,2025-04-21 03:24:43.593,
2113,2025-04-21 03:24:33.596432+00,7156.25,67.03,2444,2025-04-21 03:24:32.003,
2112,2025-04-21 03:24:22.013564+00,7522.5,67.27,2443,2025-04-21 03:24:20.432,
2111,2025-04-21 03:24:10.433428+00,7451.25,67.27,2442,2025-04-21 03:24:08.842,
2110,2025-04-21 03:23:58.841885+00,7572.5,67.15,2441,2025-04-21 03:23:57.252,
2109,2025-04-21 03:23:47.255526+00,7170,67.15,2440,2025-04-21 03:23:45.682,
2108,2025-04-21 03:23:35.687211+00,7968.75,67.27,2439,2025-04-21 03:23:34.093,
2107,2025-04-21 03:23:24.093013+00,7323.75,67.27,2438,2025-04-21 03:23:22.502,
2106,2025-04-21 03:23:12.501988+00,7225,67.03,2437,2025-04-21 03:23:10.892,
2105,2025-04-21 03:23:00.898061+00,7131.25,66.79,2436,2025-04-21 03:22:59.212,
2104,2025-04-21 03:22:49.203876+00,7321.25,67.03,2435,2025-04-21 03:22:47.592,
2103,2025-04-21 03:22:37.601326+00,7403.75,66.91,2434,2025-04-21 03:22:36.022,
2102,2025-04-21 03:22:26.023943+00,7573.75,66.91,2433,2025-04-21 03:22:24.417,
2101,2025-04-21 03:22:14.416363+00,7815,66.79,2432,2025-04-21 03:22:12.802,
2100,2025-04-21 03:22:02.799645+00,7278.75,66.91,2431,2025-04-21 03:22:01.222,
2099,2025-04-21 03:21:51.197183+00,7881.25,67.03,2430,2025-04-21 03:21:49.612,
2098,2025-04-21 03:21:39.610096+00,7686.25,67.03,2429,2025-04-21 03:21:38.002,
2097,2025-04-21 03:21:28.001989+00,7471.25,67.27,2428,2025-04-21 03:21:26.413,
2096,2025-04-21 03:21:16.414737+00,7345,67.15,2427,2025-04-21 03:21:14.743,
2095,2025-04-21 03:21:04.741727+00,7185,67.15,2426,2025-04-21 03:21:03.162,
2094,2025-04-21 03:20:53.168036+00,7427.5,67.15,2425,2025-04-21 03:20:51.542,
2093,2025-04-21 03:20:41.53507+00,7502.5,67.15,2424,2025-04-21 03:20:39.962,
2092,2025-04-21 03:20:29.954512+00,7427.5,67.27,2423,2025-04-21 03:20:28.372,
2091,2025-04-21 03:20:18.378631+00,7228.75,66.91,2422,2025-04-21 03:20:16.772,
2090,2025-04-21 03:20:06.765859+00,7276.25,67.15,2421,2025-04-21 03:20:05.192,
2089,2025-04-21 03:19:55.191205+00,7618.75,67.27,2420,2025-04-21 03:19:53.613,
2088,2025-04-21 03:19:43.620716+00,7680,67.15,2419,2025-04-21 03:19:42.032,
2087,2025-04-21 03:19:32.03621+00,7630,67.03,2418,2025-04-21 03:19:30.383,
2086,2025-04-21 03:19:20.378491+00,8095,67.15,2417,2025-04-21 03:19:18.782,
2085,2025-04-21 03:19:08.789872+00,7426.25,67.27,2416,2025-04-21 03:19:07.208,
2084,2025-04-21 03:18:57.204922+00,7722.5,67.15,2415,2025-04-21 03:18:55.593,
2083,2025-04-21 03:18:45.582703+00,7730,67.27,2414,2025-04-21 03:18:43.982,
2082,2025-04-21 03:18:33.982843+00,7667.5,67.27,2413,2025-04-21 03:18:32.362,
2081,2025-04-21 03:18:22.35087+00,7557.5,67.15,2412,2025-04-21 03:18:20.763,
2080,2025-04-21 03:18:10.769131+00,6990,67.15,2411,2025-04-21 03:18:09.192,
2079,2025-04-21 03:17:59.200952+00,7728.75,67.27,2410,2025-04-21 03:17:57.602,
2078,2025-04-21 03:17:47.602847+00,7888.75,67.15,2409,2025-04-21 03:17:45.912,
2077,2025-04-21 03:17:35.92064+00,7755,67.03,2408,2025-04-21 03:17:34.352,
2076,2025-04-21 03:17:24.360437+00,7482.5,67.52,2407,2025-04-21 03:17:22.763,
2075,2025-04-21 03:17:12.763972+00,7577.5,67.15,2406,2025-04-21 03:17:11.172,
2074,2025-04-21 03:17:01.181426+00,7467.5,67.15,2405,2025-04-21 03:16:59.602,
2073,2025-04-21 03:16:49.605097+00,7747.5,66.91,2404,2025-04-21 03:16:48.022,
2072,2025-04-21 03:16:38.014626+00,7330,67.27,2403,2025-04-21 03:16:36.422,
2071,2025-04-21 03:16:26.420466+00,7876.25,67.39,2402,2025-04-21 03:16:24.842,
2070,2025-04-21 03:16:14.850244+00,7360,67.39,2401,2025-04-21 03:16:13.272,
2069,2025-04-21 03:16:03.277769+00,7338.75,67.64,2400,2025-04-21 03:16:01.622,
2068,2025-04-21 03:15:51.624359+00,7885,67.39,2399,2025-04-21 03:15:50.043,
2067,2025-04-21 03:15:40.042657+00,7860,67.39,2398,2025-04-21 03:15:38.452,
2066,2025-04-21 03:15:28.449798+00,7372.5,67.15,2397,2025-04-21 03:15:26.862,
2065,2025-04-21 03:15:16.867755+00,7320,67.27,2396,2025-04-21 03:15:15.303,
2064,2025-04-21 03:15:05.296789+00,7573.75,67.27,2395,2025-04-21 03:15:03.693,
2063,2025-04-21 03:14:53.687949+00,7943.75,67.39,2394,2025-04-21 03:14:52.102,
2062,2025-04-21 03:14:42.107921+00,7356.25,67.27,2393,2025-04-21 03:14:40.533,
2061,2025-04-21 03:14:30.533309+00,7026.25,67.27,2392,2025-04-21 03:14:28.933,
2060,2025-04-21 03:14:18.930621+00,7523.75,67.03,2391,2025-04-21 03:14:17.262,
2059,2025-04-21 03:14:07.264003+00,7510,67.52,2390,2025-04-21 03:14:05.673,
2058,2025-04-21 03:13:55.672137+00,7885,67.76,2389,2025-04-21 03:13:54.102,
2057,2025-04-21 03:13:44.107179+00,7641.25,67.64,2388,2025-04-21 03:13:42.502,
2056,2025-04-21 03:13:32.492499+00,7680,67.76,2387,2025-04-21 03:13:30.912,
2055,2025-04-21 03:13:20.912998+00,7261.25,67.39,2386,2025-04-21 03:13:19.292,
2054,2025-04-21 03:13:09.287908+00,7605,67.52,2385,2025-04-21 03:13:07.692,
2053,2025-04-21 03:12:57.696433+00,7221.25,67.39,2384,2025-04-21 03:12:56.102,
2052,2025-04-21 03:12:46.111877+00,7770,67.88,2383,2025-04-21 03:12:44.522,
2051,2025-04-21 03:12:34.523082+00,7908.75,67.64,2382,2025-04-21 03:12:32.852,
2050,2025-04-21 03:12:22.855766+00,7423.75,67.52,2381,2025-04-21 03:12:21.272,
2049,2025-04-21 03:12:11.27564+00,7942.5,67.39,2380,2025-04-21 03:12:09.662,
2048,2025-04-21 03:11:59.66707+00,7761.25,67.64,2379,2025-04-21 03:11:58.072,
2047,2025-04-21 03:11:48.063892+00,7322.5,67.52,2378,2025-04-21 03:11:46.502,
2046,2025-04-21 03:11:36.492038+00,7722.5,67.76,2377,2025-04-21 03:11:34.903,
2045,2025-04-21 03:11:24.881219+00,7622.5,67.64,2376,2025-04-21 03:11:23.302,
2044,2025-04-21 03:11:13.300819+00,7801.25,67.39,2375,2025-04-21 03:11:11.732,
2043,2025-04-21 03:11:01.725471+00,7572.5,67.52,2374,2025-04-21 03:11:00.132,
2042,2025-04-21 03:10:50.138613+00,7441.25,67.52,2373,2025-04-21 03:10:48.472,
2041,2025-04-21 03:10:38.474818+00,7261.25,67.76,2372,2025-04-21 03:10:36.883,
2040,2025-04-21 03:10:26.868719+00,7790,67.52,2371,2025-04-21 03:10:25.292,
2039,2025-04-21 03:10:15.285694+00,6861.25,67.64,2370,2025-04-21 03:10:13.692,
2038,2025-04-21 03:10:03.683447+00,7345,67.76,2369,2025-04-21 03:10:02.112,
2037,2025-04-21 03:09:52.110794+00,7857.5,67.64,2368,2025-04-21 03:09:50.522,
2036,2025-04-21 03:09:40.51214+00,7043.75,67.39,2367,2025-04-21 03:09:38.902,
2035,2025-04-21 03:09:28.904801+00,7718.75,67.64,2366,2025-04-21 03:09:27.322,
2034,2025-04-21 03:09:17.323803+00,7213.75,67.64,2365,2025-04-21 03:09:15.743,
2033,2025-04-21 03:09:05.742839+00,7933.75,67.88,2364,2025-04-21 03:09:04.072,
2032,2025-04-21 03:08:54.063109+00,7982.5,67.64,2363,2025-04-21 03:08:52.433,
2031,2025-04-21 03:08:42.429158+00,7828.75,67.88,2362,2025-04-21 03:08:40.827,
2030,2025-04-21 03:08:30.808651+00,7907.5,67.76,2361,2025-04-21 03:08:29.212,
2029,2025-04-21 03:08:19.21253+00,7762.5,67.88,2360,2025-04-21 03:08:17.622,
2028,2025-04-21 03:08:07.620523+00,7332.5,67.88,2359,2025-04-21 03:08:05.992,
2027,2025-04-21 03:07:55.98727+00,7052.5,68,2358,2025-04-21 03:07:54.393,
2026,2025-04-21 03:07:44.388461+00,7861.25,67.88,2357,2025-04-21 03:07:42.782,
2025,2025-04-21 03:07:32.772831+00,7378.75,68,2356,2025-04-21 03:07:31.152,
2024,2025-04-21 03:07:21.128933+00,7395,68.12,2355,2025-04-21 03:07:19.482,
2023,2025-04-21 03:07:09.483545+00,7577.5,68.12,2354,2025-04-21 03:07:07.872,
2022,2025-04-21 03:06:57.870298+00,7758.75,67.88,2353,2025-04-21 03:06:56.272,
2021,2025-04-21 03:06:46.267373+00,7740,68.12,2352,2025-04-21 03:06:44.672,
2020,2025-04-21 03:06:34.674587+00,7532.5,68.24,2351,2025-04-21 03:06:33.092,
2019,2025-04-21 03:06:23.08501+00,7361.25,68.12,2350,2025-04-21 03:06:21.487,
2018,2025-04-21 03:06:06.599565+00,7830,68.24,2349,2025-04-21 03:06:00.642,
2017,2025-04-21 03:05:50.648615+00,8046.25,68.12,2348,2025-04-21 03:05:49.052,
2016,2025-04-21 03:05:39.056913+00,7160,68.12,2347,2025-04-21 03:05:37.492,
2015,2025-04-21 03:05:27.496631+00,7260,68,2346,2025-04-21 03:05:25.902,
2014,2025-04-21 03:05:15.904467+00,7520,68.24,2345,2025-04-21 03:05:14.252,
2013,2025-04-21 03:05:04.251273+00,7773.75,68.24,2344,2025-04-21 03:05:02.692,
2012,2025-04-21 03:04:52.686762+00,7090,68.12,2343,2025-04-21 03:04:51.082,
2011,2025-04-21 03:04:41.088507+00,7253.75,67.76,2342,2025-04-21 03:04:39.493,
2010,2025-04-21 03:04:29.488799+00,7706.25,68.12,2341,2025-04-21 03:04:27.902,
2009,2025-04-21 03:04:17.899078+00,7882.5,68.12,2340,2025-04-21 03:04:16.312,
2008,2025-04-21 03:03:50.895262+00,7500,68,2338,2025-04-21 03:03:49.232,
2007,2025-04-21 03:03:39.232218+00,7660,67.76,2337,2025-04-21 03:03:37.633,
2006,2025-04-21 03:03:27.630331+00,7307.5,67.88,2336,2025-04-21 03:03:26.042,
2005,2025-04-21 03:03:16.045843+00,7973.75,68.24,2335,2025-04-21 03:03:14.472,
2004,2025-04-21 03:03:04.470476+00,7950,68,2334,2025-04-21 03:03:02.893,
2003,2025-04-21 03:02:52.890185+00,7300,68,2333,2025-04-21 03:02:51.282,
2002,2025-04-21 03:02:41.284048+00,7440,68.24,2332,2025-04-21 03:02:39.702,
2001,2025-04-21 03:02:29.69228+00,7812.5,67.88,2331,2025-04-21 03:02:28.102,
2000,2025-04-21 03:02:18.097404+00,7735,67.76,2330,2025-04-21 03:02:16.512,
1999,2025-04-21 03:02:06.505861+00,7450,67.76,2329,2025-04-21 03:02:04.832,
1998,2025-04-21 03:01:54.833115+00,7338.75,67.88,2328,2025-04-21 03:01:53.253,
1997,2025-04-21 03:01:43.25325+00,7631.25,68,2327,2025-04-21 03:01:41.682,
1996,2025-04-21 03:01:31.668552+00,7705,68.12,2326,2025-04-21 03:01:30.072,
1995,2025-04-21 03:01:20.07205+00,7217.5,68,2325,2025-04-21 03:01:18.512,
1994,2025-04-21 03:01:08.518879+00,8031.25,68.24,2324,2025-04-21 03:01:06.942,
1993,2025-04-21 03:00:56.943249+00,7977.5,68.12,2323,2025-04-21 03:00:55.347,
1992,2025-04-21 03:00:45.332371+00,7707.5,68,2322,2025-04-21 03:00:43.732,
1991,2025-04-21 03:00:33.698062+00,7305,68.12,2321,2025-04-21 03:00:32.083,
1990,2025-04-21 03:00:22.084848+00,8021.25,68,2320,2025-04-21 03:00:20.397,
1989,2025-04-21 03:00:10.391988+00,7852.5,67.88,2319,2025-04-21 03:00:08.782,
1988,2025-04-21 02:59:58.776035+00,7422.5,67.75,2318,2025-04-21 02:59:57.152,
1987,2025-04-21 02:59:47.143905+00,7590,68,2317,2025-04-21 02:59:45.552,
1986,2025-04-21 02:59:35.545601+00,7780,68.12,2316,2025-04-21 02:59:33.962,
1985,2025-04-21 02:59:23.9665+00,7822.5,68.12,2315,2025-04-21 02:59:22.392,
1984,2025-04-21 02:59:12.392949+00,7792.5,68,2314,2025-04-21 02:59:10.802,
1983,2025-04-21 02:59:00.79994+00,7252.5,67.88,2313,2025-04-21 02:58:59.222,
1982,2025-04-21 02:58:49.227355+00,7638.75,68,2312,2025-04-21 02:58:47.662,
1981,2025-04-21 02:58:37.666603+00,7510,68.12,2311,2025-04-21 02:58:36.012,
1980,2025-04-21 02:58:26.009526+00,7530,67.88,2310,2025-04-21 02:58:24.442,
1979,2025-04-21 02:58:14.446386+00,7975,68.12,2309,2025-04-21 02:58:12.872,
1978,2025-04-21 02:58:02.868068+00,7840,68.12,2308,2025-04-21 02:58:01.273,
1977,2025-04-21 02:57:51.273519+00,7257.5,68,2307,2025-04-21 02:57:49.703,
1976,2025-04-21 02:57:39.706629+00,7592.5,68,2306,2025-04-21 02:57:38.112,
1975,2025-04-21 02:57:28.115761+00,7642.5,68.24,2305,2025-04-21 02:57:26.542,
1974,2025-04-21 02:57:16.537526+00,7417.5,68,2304,2025-04-21 02:57:14.962,
1973,2025-04-21 02:57:04.95583+00,7616.25,67.76,2303,2025-04-21 02:57:03.312,
1972,2025-04-21 02:56:53.315127+00,7477.5,67.52,2302,2025-04-21 02:56:51.662,
1971,2025-04-21 02:56:41.653562+00,7446.25,67.76,2301,2025-04-21 02:56:40.062,
1970,2025-04-21 02:56:30.061842+00,7495,67.64,2300,2025-04-21 02:56:28.472,
1969,2025-04-21 02:56:18.4719+00,7028.75,67.64,2299,2025-04-21 02:56:16.892,
1968,2025-04-21 02:56:06.868981+00,7208.75,67.76,2298,2025-04-21 02:56:05.283,
1967,2025-04-21 02:55:55.269951+00,7380,67.64,2297,2025-04-21 02:55:53.682,
1966,2025-04-21 02:55:43.686115+00,7262.5,67.64,2296,2025-04-21 02:55:42.092,
1965,2025-04-21 02:55:32.092435+00,7023.75,67.64,2295,2025-04-21 02:55:30.533,
1964,2025-04-21 02:55:20.534822+00,7617.5,68.12,2294,2025-04-21 02:55:18.952,
1963,2025-04-21 02:55:08.952582+00,7690,67.76,2293,2025-04-21 02:55:07.262,
1962,2025-04-21 02:54:57.267946+00,7236.25,68,2292,2025-04-21 02:54:55.692,
1961,2025-04-21 02:54:45.69134+00,7883.75,67.88,2291,2025-04-21 02:54:44.132,
1960,2025-04-21 02:54:34.128333+00,7726.25,68,2290,2025-04-21 02:54:32.532,
1959,2025-04-21 02:54:22.528442+00,7255,68,2289,2025-04-21 02:54:20.933,
1958,2025-04-21 02:54:10.927484+00,7395,68.24,2288,2025-04-21 02:54:09.352,
1957,2025-04-21 02:53:59.353273+00,7628.75,68,2287,2025-04-21 02:53:57.742,
1956,2025-04-21 02:53:47.734021+00,7630,68.12,2286,2025-04-21 02:53:46.152,
1955,2025-04-21 02:53:36.156821+00,7488.75,68.24,2285,2025-04-21 02:53:34.572,
1954,2025-04-21 02:53:24.565284+00,7315,68.12,2284,2025-04-21 02:53:22.872,
1953,2025-04-21 02:53:12.869108+00,7321.25,67.88,2283,2025-04-21 02:53:11.262,
1952,2025-04-21 02:53:01.264582+00,7563.75,67.88,2282,2025-04-21 02:52:59.672,
1951,2025-04-21 02:52:49.666275+00,7751.25,68.36,2281,2025-04-21 02:52:48.082,
1950,2025-04-21 02:52:38.079954+00,7591.25,68.35,2280,2025-04-21 02:52:36.502,
1949,2025-04-21 02:52:26.505762+00,7825,68.36,2279,2025-04-21 02:52:24.942,
1948,2025-04-21 02:52:14.941165+00,7751.25,67.88,2278,2025-04-21 02:52:13.362,
1947,2025-04-21 02:52:03.36104+00,7650,68,2277,2025-04-21 02:52:01.742,
1946,2025-04-21 02:51:51.74585+00,7823.75,68,2276,2025-04-21 02:51:50.172,
1945,2025-04-21 02:51:40.172815+00,7438.75,68,2275,2025-04-21 02:51:38.592,
1944,2025-04-21 02:51:28.591625+00,7673.75,67.76,2274,2025-04-21 02:51:27.002,
1943,2025-04-21 02:51:17.003282+00,7402.5,68,2273,2025-04-21 02:51:15.422,
1942,2025-04-21 02:51:05.421695+00,7621.25,68,2272,2025-04-21 02:51:03.862,
1941,2025-04-21 02:50:53.868278+00,7441.25,68.12,2271,2025-04-21 02:50:52.272,
1940,2025-04-21 02:50:42.236496+00,7721.25,67.88,2270,2025-04-21 02:50:40.632,
1939,2025-04-21 02:50:30.637271+00,7712.5,67.76,2269,2025-04-21 02:50:29.063,
1938,2025-04-21 02:50:19.062084+00,7626.25,67.64,2268,2025-04-21 02:50:17.482,
1937,2025-04-21 02:50:07.476694+00,7851.25,67.76,2267,2025-04-21 02:50:05.882,
1936,2025-04-21 02:49:55.880217+00,7732.5,67.76,2266,2025-04-21 02:49:54.302,
1935,2025-04-21 02:49:44.304517+00,7260,67.64,2265,2025-04-21 02:49:42.702,
1934,2025-04-21 02:49:32.699651+00,7548.75,68,2264,2025-04-21 02:49:31.142,
1933,2025-04-21 02:49:21.146606+00,7442.5,67.64,2263,2025-04-21 02:49:19.582,
1932,2025-04-21 02:49:09.575509+00,7111.25,67.88,2262,2025-04-21 02:49:07.992,
1931,2025-04-21 02:48:57.992676+00,7188.75,67.76,2261,2025-04-21 02:48:56.413,
1930,2025-04-21 02:48:46.414398+00,6995,67.64,2260,2025-04-21 02:48:44.802,
1929,2025-04-21 02:48:34.80298+00,7363.75,67.76,2259,2025-04-21 02:48:33.202,
1928,2025-04-21 02:48:23.196878+00,7790,67.64,2258,2025-04-21 02:48:21.612,
1927,2025-04-21 02:48:11.605144+00,7781.25,67.64,2257,2025-04-21 02:48:09.953,
1926,2025-04-21 02:47:59.945232+00,6802.5,67.52,2256,2025-04-21 02:47:58.373,
1925,2025-04-21 02:47:48.372281+00,7311.25,67.15,2255,2025-04-21 02:47:46.802,
1924,2025-04-21 02:47:36.799084+00,7832.5,67.03,2254,2025-04-21 02:47:35.183,
1923,2025-04-21 02:47:25.179609+00,7875,67.27,2253,2025-04-21 02:47:23.603,
1922,2025-04-21 02:47:13.597306+00,7672.5,67.39,2252,2025-04-21 02:47:11.993,
1921,2025-04-21 02:47:01.988437+00,7565,67.64,2251,2025-04-21 02:47:00.312,
1920,2025-04-21 02:46:50.312006+00,7550,67.64,2250,2025-04-21 02:46:48.742,
1919,2025-04-21 02:46:38.743306+00,7726.25,67.88,2249,2025-04-21 02:46:37.172,
1918,2025-04-21 02:46:27.171499+00,6503.75,67.63,2248,2025-04-21 02:46:25.512,
1917,2025-04-21 02:46:15.504184+00,7428.75,67.88,2247,2025-04-21 02:46:13.942,
1916,2025-04-21 02:46:03.93271+00,7692.5,68.12,2246,2025-04-21 02:46:02.332,
1915,2025-04-21 02:45:52.330541+00,8202.5,68.24,2245,2025-04-21 02:45:50.752,
1914,2025-04-21 02:45:40.726127+00,8272.5,68.36,2244,2025-04-21 02:45:39.102,
1913,2025-04-21 02:45:29.09626+00,7548.75,68.12,2243,2025-04-21 02:45:27.473,
1912,2025-04-21 02:45:17.470437+00,7432.5,68,2242,2025-04-21 02:45:15.882,
1911,2025-04-21 02:45:05.860359+00,8231.25,68.12,2241,2025-04-21 02:45:04.282,
1910,2025-04-21 02:44:54.276296+00,6612.5,68,2240,2025-04-21 02:44:52.682,
1909,2025-04-21 02:44:42.680976+00,8132.5,68.12,2239,2025-04-21 02:44:41.002,
1908,2025-04-21 02:44:30.99827+00,7966.25,68,2238,2025-04-21 02:44:29.413,
1907,2025-04-21 02:44:19.411666+00,6750,67.76,2237,2025-04-21 02:44:17.842,
1906,2025-04-21 02:44:07.846963+00,7680,67.88,2236,2025-04-21 02:44:06.262,
1905,2025-04-21 02:43:56.245448+00,7568.75,67.88,2235,2025-04-21 02:43:54.663,
1904,2025-04-21 02:43:44.654341+00,7450,67.99,2234,2025-04-21 02:43:43.092,
1903,2025-04-21 02:43:33.087735+00,8070,68.48,2233,2025-04-21 02:43:31.512,
1902,2025-04-21 02:43:21.500572+00,7851.25,68.12,2232,2025-04-21 02:43:19.912,
1901,2025-04-21 02:43:09.900392+00,7725,68.12,2231,2025-04-21 02:43:08.322,
1900,2025-04-21 02:42:58.321961+00,7830,68.24,2230,2025-04-21 02:42:56.662,
1899,2025-04-21 02:42:46.658639+00,8000,68,2229,2025-04-21 02:42:45.072,
1898,2025-04-21 02:42:35.063229+00,7867.5,68,2228,2025-04-21 02:42:33.482,
1897,2025-04-21 02:42:23.474117+00,7601.25,68,2227,2025-04-21 02:42:21.893,
1896,2025-04-21 02:42:11.877565+00,7711.25,67.88,2226,2025-04-21 02:42:10.303,
1895,2025-04-21 02:42:00.297133+00,6951.25,67.76,2225,2025-04-21 02:41:58.652,
1894,2025-04-21 02:41:48.653584+00,7253.75,68,2224,2025-04-21 02:41:47.083,
1893,2025-04-21 02:41:37.078084+00,7486.25,67.88,2223,2025-04-21 02:41:35.512,
1892,2025-04-21 02:41:25.495397+00,7396.25,67.64,2222,2025-04-21 02:41:23.912,
1891,2025-04-21 02:41:13.894557+00,7185,67.76,2221,2025-04-21 02:41:12.213,
1890,2025-04-21 02:41:02.213815+00,7603.75,67.64,2220,2025-04-21 02:41:00.572,
1889,2025-04-21 02:40:50.565904+00,7610,67.88,2219,2025-04-21 02:40:48.992,
1888,2025-04-21 02:40:38.9874+00,7211.25,67.64,2218,2025-04-21 02:40:37.402,
1887,2025-04-21 02:40:27.391776+00,7317.5,67.76,2217,2025-04-21 02:40:25.812,
1886,2025-04-21 02:40:15.81401+00,7533.75,68,2216,2025-04-21 02:40:14.243,
1885,2025-04-21 02:40:04.24563+00,7328.75,68,2215,2025-04-21 02:40:02.673,
1884,2025-04-21 02:39:52.644677+00,8118.75,68.12,2214,2025-04-21 02:39:50.867,
1883,2025-04-21 02:39:41.058649+00,7740,67.88,2213,2025-04-21 02:39:39.287,
1882,2025-04-21 02:39:29.485889+00,7303.75,68.24,2212,2025-04-21 02:39:27.627,
1881,2025-04-21 02:39:17.825778+00,7742.5,68,2211,2025-04-21 02:39:16.047,
1880,2025-04-21 02:39:06.248935+00,8161.25,68,2210,2025-04-21 02:39:04.437,
1879,2025-04-21 02:38:54.641858+00,7733.75,68.12,2209,2025-04-21 02:38:52.837,
1878,2025-04-21 02:38:43.034019+00,7412.5,68.12,2208,2025-04-21 02:38:41.247,
1877,2025-04-21 02:38:31.449094+00,7500,67.76,2207,2025-04-21 02:38:29.657,
1876,2025-04-21 02:38:19.862804+00,7357.5,68,2206,2025-04-21 02:38:18.097,
1875,2025-04-21 02:38:08.299945+00,7767.5,68,2205,2025-04-21 02:38:06.497,
1874,2025-04-21 02:37:56.696332+00,7441.25,67.88,2204,2025-04-21 02:37:54.877,
1873,2025-04-21 02:37:45.072435+00,7678.75,68.12,2203,2025-04-21 02:37:43.257,
1872,2025-04-21 02:37:33.448895+00,7276.25,68.24,2202,2025-04-21 02:37:31.627,
1871,2025-04-21 02:37:21.826443+00,6785,68.24,2201,2025-04-21 02:37:20.027,
1870,2025-04-21 02:37:10.21407+00,7932.5,68.48,2200,2025-04-21 02:37:08.437,
1869,2025-04-21 02:36:58.640006+00,7940,68.24,2199,2025-04-21 02:36:56.847,
1868,2025-04-21 02:36:47.051518+00,7371.25,68.12,2198,2025-04-21 02:36:45.227,
1867,2025-04-21 02:36:35.417017+00,7455,68.36,2197,2025-04-21 02:36:33.607,
1866,2025-04-21 02:36:23.800214+00,8150,68.48,2196,2025-04-21 02:36:22.007,
1865,2025-04-21 02:36:12.209486+00,7823.75,68.36,2195,2025-04-21 02:36:10.417,
1864,2025-04-21 02:36:00.620815+00,7537.5,68.12,2194,2025-04-21 02:35:58.687,
1863,2025-04-21 02:35:48.886941+00,7656.25,68.24,2193,2025-04-21 02:35:47.127,
1862,2025-04-21 02:35:37.332563+00,7816.25,68.24,2192,2025-04-21 02:35:35.547,
1861,2025-04-21 02:35:25.742394+00,7700,68.12,2191,2025-04-21 02:35:23.957,
1860,2025-04-21 02:35:14.161976+00,7147.5,68.24,2190,2025-04-21 02:35:12.367,
1859,2025-04-21 02:35:02.569595+00,7581.25,68.12,2189,2025-04-21 02:35:00.777,
1858,2025-04-21 02:34:50.975012+00,7541.25,68,2188,2025-04-21 02:34:49.117,
1857,2025-04-21 02:34:39.32266+00,7428.75,68.12,2187,2025-04-21 02:34:37.517,
1856,2025-04-21 02:34:27.714719+00,7508.75,67.88,2186,2025-04-21 02:34:25.907,
1855,2025-04-21 02:34:16.110128+00,7646.25,68,2185,2025-04-21 02:34:14.307,
1854,2025-04-21 02:34:04.506979+00,7876.25,67.76,2184,2025-04-21 02:34:02.687,
1853,2025-04-21 02:33:52.88686+00,7672.5,67.52,2183,2025-04-21 02:33:51.087,
1852,2025-04-21 02:33:41.269981+00,7617.5,67.88,2182,2025-04-21 02:33:39.457,
1851,2025-04-21 02:33:29.655683+00,7345,67.88,2181,2025-04-21 02:33:27.857,
1850,2025-04-21 02:33:18.056656+00,7536.25,67.88,2180,2025-04-21 02:33:16.267,
1849,2025-04-21 02:33:06.473085+00,8035,67.88,2179,2025-04-21 02:33:04.681,
1848,2025-04-21 02:32:54.877454+00,8133.75,67.64,2178,2025-04-21 02:32:53.067,
1847,2025-04-21 02:32:43.265216+00,7630,67.88,2177,2025-04-21 02:32:41.467,
1846,2025-04-21 02:32:31.665521+00,7651.25,68,2176,2025-04-21 02:32:29.787,
1845,2025-04-21 02:32:19.988658+00,7487.5,68.12,2175,2025-04-21 02:32:18.227,
1844,2025-04-21 02:32:08.42536+00,7768.75,68,2174,2025-04-21 02:32:06.637,
1843,2025-04-21 02:31:56.830741+00,7678.75,68.36,2173,2025-04-21 02:31:55.007,
1842,2025-04-21 02:31:45.200443+00,7997.5,68.24,2172,2025-04-21 02:31:43.427,
1841,2025-04-21 02:31:33.623087+00,7752.5,68.12,2171,2025-04-21 02:31:31.827,
1840,2025-04-21 02:31:22.027746+00,7892.5,68.48,2170,2025-04-21 02:31:20.257,
1839,2025-04-21 02:31:10.450637+00,7990,68.61,2169,2025-04-21 02:31:08.617,
1838,2025-04-21 02:30:58.821263+00,7370,68.48,2168,2025-04-21 02:30:57.037,
1837,2025-04-21 02:30:47.170715+00,7763.75,68.36,2167,2025-04-21 02:30:45.287,
1836,2025-04-21 02:30:35.482524+00,8015,68.48,2166,2025-04-21 02:30:33.697,
1835,2025-04-21 02:30:23.89986+00,7996.25,68.48,2165,2025-04-21 02:30:22.117,
1834,2025-04-21 02:30:12.313953+00,7995,68.48,2164,2025-04-21 02:30:10.547,
1833,2025-04-21 02:30:00.742356+00,8038.75,68.36,2163,2025-04-21 02:29:58.947,
1832,2025-04-21 02:29:49.141756+00,7821.25,68.48,2162,2025-04-21 02:29:47.377,
1831,2025-04-21 02:29:37.578687+00,7462.5,68.36,2161,2025-04-21 02:29:35.797,
1830,2025-04-21 02:29:25.999429+00,8077.5,68.48,2160,2025-04-21 02:29:24.187,
1829,2025-04-21 02:29:14.384655+00,8043.75,68.36,2159,2025-04-21 02:29:12.607,
1828,2025-04-21 02:29:02.792194+00,7338.75,68.36,2158,2025-04-21 02:29:00.897,
1827,2025-04-21 02:28:51.091714+00,7191.25,68.36,2157,2025-04-21 02:28:49.317,
1826,2025-04-21 02:28:39.513686+00,7351.25,68.12,2156,2025-04-21 02:28:37.717,
1825,2025-04-21 02:28:27.909227+00,7250,68.24,2155,2025-04-21 02:28:26.117,
1824,2025-04-21 02:28:16.299627+00,7555,68.36,2154,2025-04-21 02:28:14.507,
1823,2025-04-21 02:28:04.696986+00,7575,68.36,2153,2025-04-21 02:28:02.917,
1822,2025-04-21 02:27:53.118754+00,7082.5,68.36,2152,2025-04-21 02:27:51.317,
1821,2025-04-21 02:27:41.521067+00,7543.75,68.36,2151,2025-04-21 02:27:39.727,
1820,2025-04-21 02:27:29.92559+00,7506.25,68.36,2150,2025-04-21 02:27:28.127,
1819,2025-04-21 02:27:18.328173+00,7422.5,68.36,2149,2025-04-21 02:27:16.437,
1818,2025-04-21 02:27:06.641234+00,7926.25,68.48,2148,2025-04-21 02:27:04.847,
1817,2025-04-21 02:26:55.042784+00,8158.75,68.61,2147,2025-04-21 02:26:53.227,
1816,2025-04-21 02:26:43.422238+00,7852.5,68.36,2146,2025-04-21 02:26:41.657,
1815,2025-04-21 02:26:31.853055+00,7563.75,68.48,2145,2025-04-21 02:26:30.037,
1814,2025-04-21 02:26:20.228512+00,7197.5,68.73,2144,2025-04-21 02:26:18.427,
1813,2025-04-21 02:26:08.627143+00,7090,68.36,2143,2025-04-21 02:26:06.847,
1812,2025-04-21 02:25:57.046797+00,7266.25,68.61,2142,2025-04-21 02:25:55.257,
1811,2025-04-21 02:25:45.453057+00,8103.75,68.61,2141,2025-04-21 02:25:43.667,
1810,2025-04-21 02:25:33.851486+00,8096.25,68.61,2140,2025-04-21 02:25:31.957,
1809,2025-04-21 02:25:22.156141+00,7777.5,68.73,2139,2025-04-21 02:25:20.357,
1808,2025-04-21 02:25:10.563802+00,7420,68.48,2138,2025-04-21 02:25:08.787,
1807,2025-04-21 02:24:58.985721+00,7881.25,68.48,2137,2025-04-21 02:24:57.197,
1806,2025-04-21 02:24:47.396326+00,7556.25,68.48,2136,2025-04-21 02:24:45.607,
1805,2025-04-21 02:24:35.805717+00,7753.75,68.48,2135,2025-04-21 02:24:34.017,
1804,2025-04-21 02:24:24.208918+00,7652.5,68.48,2134,2025-04-21 02:24:22.417,
1803,2025-04-21 02:24:12.617176+00,7847.5,68.61,2133,2025-04-21 02:24:10.817,
1802,2025-04-21 02:24:01.014055+00,7270,68.85,2132,2025-04-21 02:23:59.227,
1801,2025-04-21 02:23:49.423877+00,7656.25,68.24,2131,2025-04-21 02:23:47.577,
1800,2025-04-21 02:23:37.777209+00,8072.5,68.48,2130,2025-04-21 02:23:35.997,
1799,2025-04-21 02:23:26.194922+00,7541.25,68.61,2129,2025-04-21 02:23:24.417,
1798,2025-04-21 02:23:14.609268+00,7175,68.73,2128,2025-04-21 02:23:12.787,
1797,2025-04-21 02:23:02.980483+00,8180,68.85,2127,2025-04-21 02:23:01.201,
1796,2025-04-21 02:22:51.390498+00,7868.75,68.61,2126,2025-04-21 02:22:49.587,
1795,2025-04-21 02:22:39.792399+00,8115,68.61,2125,2025-04-21 02:22:38.007,
1794,2025-04-21 02:22:28.203036+00,8032.5,68.61,2124,2025-04-21 02:22:26.417,
1793,2025-04-21 02:22:16.60828+00,7570,68.85,2123,2025-04-21 02:22:14.817,
1792,2025-04-21 02:22:05.014609+00,7823.75,68.48,2122,2025-04-21 02:22:03.132,
1791,2025-04-21 02:21:53.326888+00,7652.5,68.73,2121,2025-04-21 02:21:51.517,
1790,2025-04-21 02:21:41.707153+00,7732.5,68.48,2120,2025-04-21 02:21:39.927,
1789,2025-04-21 02:21:30.105242+00,7698.75,68.61,2119,2025-04-21 02:21:28.307,
1788,2025-04-21 02:21:18.507058+00,7827.5,68.61,2118,2025-04-21 02:21:16.717,
1787,2025-04-21 02:21:06.922187+00,7598.75,68.73,2117,2025-04-21 02:21:05.137,
1786,2025-04-21 02:20:55.341471+00,7845,68.36,2116,2025-04-21 02:20:53.557,
1785,2025-04-21 02:20:43.757497+00,7855,68.61,2115,2025-04-21 02:20:41.937,
1784,2025-04-21 02:20:32.13794+00,7958.75,68.36,2114,2025-04-21 02:20:30.357,
1783,2025-04-21 02:20:20.548667+00,7530,68.24,2113,2025-04-21 02:20:18.757,
1782,2025-04-21 02:20:08.959231+00,7560,68.24,2112,2025-04-21 02:20:07.167,
1781,2025-04-21 02:19:57.368409+00,7988.75,68.48,2111,2025-04-21 02:19:55.597,
1780,2025-04-21 02:19:45.796804+00,7793.75,68.48,2110,2025-04-21 02:19:43.987,
1779,2025-04-21 02:19:34.178+00,7227.5,68.48,2109,2025-04-21 02:19:32.387,
1778,2025-04-21 02:19:22.583668+00,7261.25,68.73,2108,2025-04-21 02:19:20.777,
1777,2025-04-21 02:19:10.9787+00,7796.25,68.61,2107,2025-04-21 02:19:09.187,
1776,2025-04-21 02:18:59.38141+00,7847.5,68.12,2106,2025-04-21 02:18:57.567,
1775,2025-04-21 02:18:47.773678+00,7370,68.12,2105,2025-04-21 02:18:45.987,
1774,2025-04-21 02:18:36.181781+00,7725,68.48,2104,2025-04-21 02:18:34.317,
1773,2025-04-21 02:18:24.511923+00,7450,68.24,2103,2025-04-21 02:18:22.737,
1772,2025-04-21 02:18:12.936145+00,7357.5,68.24,2102,2025-04-21 02:18:11.157,
1771,2025-04-21 02:18:01.362008+00,7390,68.36,2101,2025-04-21 02:17:59.557,
1770,2025-04-21 02:17:49.745077+00,7807.5,68.24,2100,2025-04-21 02:17:47.947,
1769,2025-04-21 02:17:38.148978+00,7883.75,68.36,2099,2025-04-21 02:17:36.367,
1768,2025-04-21 02:17:26.54846+00,7416.25,68.36,2098,2025-04-21 02:17:24.767,
1767,2025-04-21 02:17:14.967165+00,7621.25,68.36,2097,2025-04-21 02:17:13.207,
1766,2025-04-21 02:17:03.404259+00,7503.75,68.36,2096,2025-04-21 02:17:01.587,
1765,2025-04-21 02:16:51.7784+00,7702.5,68.61,2095,2025-04-21 02:16:49.817,
1764,2025-04-21 02:16:40.013941+00,7755,68.24,2094,2025-04-21 02:16:38.207,
1763,2025-04-21 02:16:28.412838+00,7840,68.36,2093,2025-04-21 02:16:26.647,
1762,2025-04-21 02:16:16.841971+00,7460,68.24,2092,2025-04-21 02:16:15.067,
1761,2025-04-21 02:16:05.263985+00,7720,68.24,2091,2025-04-21 02:16:03.477,
1760,2025-04-21 02:15:53.678519+00,7467.5,68.12,2090,2025-04-21 02:15:51.897,
1759,2025-04-21 02:15:42.092262+00,7406.25,68.24,2089,2025-04-21 02:15:40.317,
1758,2025-04-21 02:15:30.514996+00,7676.25,68.24,2088,2025-04-21 02:15:28.717,
1757,2025-04-21 02:15:18.909453+00,7257.5,68.12,2087,2025-04-21 02:15:17.127,
1756,2025-04-21 02:15:07.322795+00,7535,68.12,2086,2025-04-21 02:15:05.447,
1755,2025-04-21 02:14:55.639374+00,7908.75,68,2085,2025-04-21 02:14:53.813,
1754,2025-04-21 02:14:44.008664+00,7742.5,68.36,2084,2025-04-21 02:14:42.197,
1753,2025-04-21 02:14:32.401501+00,7832.5,68.12,2083,2025-04-21 02:14:30.547,
1752,2025-04-21 02:14:20.742607+00,8136.25,68.24,2082,2025-04-21 02:14:18.917,
1751,2025-04-21 02:14:09.089433+00,7735,68.24,2081,2025-04-21 02:14:07.267,
1750,2025-04-21 02:13:57.456898+00,7447.5,68.24,2080,2025-04-21 02:13:55.637,
1749,2025-04-21 02:13:45.834039+00,7772.5,68,2079,2025-04-21 02:13:43.957,
1748,2025-04-21 02:13:34.143212+00,7585,68.12,2078,2025-04-21 02:13:32.317,
1747,2025-04-21 02:13:22.322256+00,7327.5,67.76,2077,2025-04-21 02:13:20.192,
1746,2025-04-21 02:13:10.323828+00,7988.75,67.88,2076,2025-04-21 02:13:07.427,
1745,2025-04-21 02:12:57.622133+00,8177.5,68.12,2075,2025-04-21 02:12:55.627,
1744,2025-04-21 02:12:45.821955+00,7813.75,68,2074,2025-04-21 02:12:44.047,
1743,2025-04-21 02:12:34.250375+00,7995,67.76,2073,2025-04-21 02:12:32.447,
1742,2025-04-21 02:12:22.650764+00,7865,67.76,2072,2025-04-21 02:12:20.887,
1741,2025-04-21 02:12:11.087233+00,7468.75,68,2071,2025-04-21 02:12:09.317,
1740,2025-04-21 02:11:59.515503+00,7503.75,67.64,2070,2025-04-21 02:11:57.747,
1739,2025-04-21 02:11:47.942626+00,7600,67.76,2069,2025-04-21 02:11:46.157,
1738,2025-04-21 02:11:36.347721+00,7452.5,67.64,2068,2025-04-21 02:11:34.467,
1737,2025-04-21 02:11:24.662134+00,7872.5,67.39,2067,2025-04-21 02:11:22.877,
1736,2025-04-21 02:11:13.076091+00,7705,67.52,2066,2025-04-21 02:11:11.307,
1735,2025-04-21 02:11:01.510534+00,7420,67.39,2065,2025-04-21 02:10:59.757,
1734,2025-04-21 02:10:49.953625+00,7498.75,67.76,2064,2025-04-21 02:10:48.197,
1733,2025-04-21 02:10:38.393153+00,7423.75,67.88,2063,2025-04-21 02:10:36.597,
1732,2025-04-21 02:10:26.796853+00,7648.75,67.76,2062,2025-04-21 02:10:25.017,
1731,2025-04-21 02:10:15.210334+00,7320,67.64,2061,2025-04-21 02:10:13.397,
1730,2025-04-21 02:10:03.590061+00,7993.75,67.88,2060,2025-04-21 02:10:01.797,
1729,2025-04-21 02:09:51.983643+00,7531.25,68.12,2059,2025-04-21 02:09:50.127,
1728,2025-04-21 02:09:40.326804+00,7860,67.76,2058,2025-04-21 02:09:38.567,
1727,2025-04-21 02:09:28.769373+00,7508.75,68.12,2057,2025-04-21 02:09:26.987,
1726,2025-04-21 02:09:17.172665+00,7166.25,68.12,2056,2025-04-21 02:09:15.377,
1725,2025-04-21 02:09:05.577352+00,7871.25,68.12,2055,2025-04-21 02:09:03.797,
1724,2025-04-21 02:08:53.99903+00,7445,68.12,2054,2025-04-21 02:08:52.217,
1723,2025-04-21 02:08:42.417542+00,7090,68,2053,2025-04-21 02:08:40.627,
1722,2025-04-21 02:08:30.823347+00,7912.5,68.24,2052,2025-04-21 02:08:29.037,
1721,2025-04-21 02:08:19.228218+00,8068.75,68.24,2051,2025-04-21 02:08:17.457,
1720,2025-04-21 02:08:07.657716+00,7675,68.36,2050,2025-04-21 02:08:05.797,
1719,2025-04-21 02:07:55.963478+00,7181.25,68,2049,2025-04-21 02:07:54.157,
1718,2025-04-21 02:07:44.353666+00,7752.5,68,2048,2025-04-21 02:07:42.557,
1717,2025-04-21 02:07:32.749878+00,7118.75,68.12,2047,2025-04-21 02:07:30.997,
1716,2025-04-21 02:07:21.190198+00,8068.75,67.88,2046,2025-04-21 02:07:19.391,
1715,2025-04-21 02:07:09.584592+00,7192.5,68.12,2045,2025-04-21 02:07:07.777,
1714,2025-04-21 02:06:57.977026+00,7847.5,67.88,2044,2025-04-21 02:06:56.207,
1713,2025-04-21 02:06:46.400946+00,7347.5,68,2043,2025-04-21 02:06:44.607,
1712,2025-04-21 02:06:34.798203+00,7947.5,68.12,2042,2025-04-21 02:06:33.017,
1711,2025-04-21 02:06:23.21644+00,6968.75,68.12,2041,2025-04-21 02:06:21.337,
1710,2025-04-21 02:06:11.5331+00,7798.75,68,2040,2025-04-21 02:06:09.767,
1709,2025-04-21 02:05:59.923236+00,7633.75,68.48,2039,2025-04-21 02:05:58.137,
1708,2025-04-21 02:05:48.320109+00,7651.25,68.24,2038,2025-04-21 02:05:46.527,
1707,2025-04-21 02:05:36.709431+00,7162.5,68.24,2037,2025-04-21 02:05:34.927,
1706,2025-04-21 02:05:25.120564+00,7208.75,68.48,2036,2025-04-21 02:05:23.337,
1705,2025-04-21 02:05:13.526158+00,7128.75,68.36,2035,2025-04-21 02:05:11.757,
1704,2025-04-21 02:05:01.93375+00,7920,68.24,2034,2025-04-21 02:05:00.077,
1703,2025-04-21 02:04:50.25439+00,7258.75,68.24,2033,2025-04-21 02:04:48.497,
1702,2025-04-21 02:04:38.686797+00,7358.75,68.12,2032,2025-04-21 02:04:36.907,
1701,2025-04-21 02:04:27.101401+00,8120,68.24,2031,2025-04-21 02:04:25.337,
1700,2025-04-21 02:04:15.514067+00,7436.25,68.36,2030,2025-04-21 02:04:13.707,
1699,2025-04-21 02:04:03.90897+00,8048.75,68.36,2029,2025-04-21 02:04:02.127,
1698,2025-04-21 02:03:52.317301+00,7815,68.24,2028,2025-04-21 02:03:50.547,
1697,2025-04-21 02:03:40.738548+00,7368.75,68.24,2027,2025-04-21 02:03:38.967,
1696,2025-04-21 02:03:29.135388+00,7647.5,68.11,2026,2025-04-21 02:03:27.307,
1695,2025-04-21 02:03:17.508724+00,7392.5,68.12,2025,2025-04-21 02:03:14.237,
1694,2025-04-21 02:03:04.43223+00,7607.5,68.12,2024,2025-04-21 02:03:02.657,
1693,2025-04-21 02:02:52.834981+00,7170,68.36,2023,2025-04-21 02:02:50.967,
1692,2025-04-21 02:02:41.122906+00,7115,68.36,2022,2025-04-21 02:02:39.337,
1691,2025-04-21 02:02:29.525094+00,7976.25,68.36,2021,2025-04-21 02:02:27.717,
1690,2025-04-21 02:02:17.915789+00,7315,68,2020,2025-04-21 02:02:16.117,
1689,2025-04-21 02:02:06.30694+00,8111.25,68.36,2019,2025-04-21 02:02:04.527,
1688,2025-04-21 02:01:54.729079+00,8156.25,68.48,2018,2025-04-21 02:01:52.967,
1687,2025-04-21 02:01:43.159355+00,7916.25,68.24,2017,2025-04-21 02:01:41.377,
1686,2025-04-21 02:01:31.575743+00,7673.75,68.36,2016,2025-04-21 02:01:29.797,
1685,2025-04-21 02:01:19.98683+00,7565,68.36,2015,2025-04-21 02:01:18.227,
1684,2025-04-21 02:01:08.424781+00,7535,68.36,2014,2025-04-21 02:01:06.557,
1683,2025-04-21 02:00:56.749214+00,8111.25,68.48,2013,2025-04-21 02:00:54.977,
1682,2025-04-21 02:00:45.162522+00,7443.75,68.48,2012,2025-04-21 02:00:43.397,
1681,2025-04-21 02:00:33.565466+00,8132.5,68.24,2011,2025-04-21 02:00:31.767,
1680,2025-04-21 02:00:21.950525+00,7018.75,68.48,2010,2025-04-21 02:00:20.187,
1679,2025-04-21 02:00:10.373559+00,8220,68.73,2009,2025-04-21 02:00:08.597,
1678,2025-04-21 01:59:58.794587+00,8196.25,68.73,2008,2025-04-21 01:59:57.037,
1677,2025-04-21 01:59:47.233872+00,7495,68.73,2007,2025-04-21 01:59:45.457,
1676,2025-04-21 01:59:35.649157+00,7090,68.48,2006,2025-04-21 01:59:33.877,
1675,2025-04-21 01:59:24.068704+00,7028.75,68.61,2005,2025-04-21 01:59:22.197,
1674,2025-04-21 01:59:12.370904+00,7507.5,68.73,2004,2025-04-21 01:59:10.597,
1673,2025-04-21 01:59:00.785044+00,8236.25,68.48,2003,2025-04-21 01:58:58.967,
1672,2025-04-21 01:58:49.162928+00,8018.75,68.48,2002,2025-04-21 01:58:47.407,
1671,2025-04-21 01:58:37.598378+00,8195,68.73,2001,2025-04-21 01:58:35.817,
1670,2025-04-21 01:58:25.995145+00,7670,68.61,2000,2025-04-21 01:58:24.197,
1669,2025-04-21 01:58:14.388125+00,7992.5,68.61,1999,2025-04-21 01:58:12.582,
1668,2025-04-21 01:58:02.763381+00,7767.5,68.73,1998,2025-04-21 01:58:00.967,
1667,2025-04-21 01:57:51.120064+00,7833.75,68.85,1997,2025-04-21 01:57:49.307,
1666,2025-04-21 01:57:39.49725+00,7303.75,68.48,1996,2025-04-21 01:57:37.631,
1665,2025-04-21 01:57:27.816099+00,7390,68.61,1995,2025-04-21 01:57:26.017,
1664,2025-04-21 01:57:16.206734+00,7531.25,68.97,1994,2025-04-21 01:57:14.447,
1663,2025-04-21 01:57:04.634961+00,7738.75,68.73,1993,2025-04-21 01:57:02.857,
1662,2025-04-21 01:56:53.041566+00,7022.5,68.48,1992,2025-04-21 01:56:51.267,
1661,2025-04-21 01:56:41.454755+00,8206.25,68.36,1991,2025-04-21 01:56:39.657,
1660,2025-04-21 01:56:29.848327+00,7517.5,68.24,1990,2025-04-21 01:56:28.077,
1659,2025-04-21 01:56:18.268053+00,7325,68,1989,2025-04-21 01:56:16.507,
1658,2025-04-21 01:56:06.686848+00,7433.75,68,1988,2025-04-21 01:56:04.917,
1657,2025-04-21 01:55:55.107314+00,7105,68,1987,2025-04-21 01:55:53.207,
1656,2025-04-21 01:55:43.396738+00,7647.5,67.88,1986,2025-04-21 01:55:41.627,
1655,2025-04-21 01:55:31.804124+00,7960,67.88,1985,2025-04-21 01:55:30.017,
1654,2025-04-21 01:55:20.199602+00,7913.75,68,1984,2025-04-21 01:55:18.407,
1653,2025-04-21 01:55:08.593179+00,7685,68,1983,2025-04-21 01:55:06.837,
1652,2025-04-21 01:54:57.033373+00,7475,68.24,1982,2025-04-21 01:54:55.267,
1651,2025-04-21 01:54:45.454389+00,8010,67.88,1981,2025-04-21 01:54:43.687,
1650,2025-04-21 01:54:33.879111+00,7677.5,67.88,1980,2025-04-21 01:54:32.117,
1649,2025-04-21 01:54:22.301915+00,7608.75,67.64,1979,2025-04-21 01:54:20.507,
1648,2025-04-21 01:54:10.693185+00,7235,67.76,1978,2025-04-21 01:54:08.857,
1647,2025-04-21 01:53:59.048966+00,7666.25,67.52,1977,2025-04-21 01:53:57.277,
1646,2025-04-21 01:53:47.467534+00,7388.75,67.64,1976,2025-04-21 01:53:45.697,
1645,2025-04-21 01:53:35.885282+00,7873.75,67.64,1975,2025-04-21 01:53:34.097,
1644,2025-04-21 01:53:24.273451+00,8080,67.64,1974,2025-04-21 01:53:22.471,
1643,2025-04-21 01:53:12.653259+00,7641.25,67.52,1973,2025-04-21 01:53:10.857,
1642,2025-04-21 01:53:01.041652+00,7353.75,67.64,1972,2025-04-21 01:52:59.247,
1641,2025-04-21 01:52:49.442023+00,7420,67.88,1971,2025-04-21 01:52:47.697,
1640,2025-04-21 01:52:37.887299+00,7832.5,68.12,1970,2025-04-21 01:52:36.062,
1639,2025-04-21 01:52:26.247938+00,7096.25,68,1969,2025-04-21 01:52:24.401,
1638,2025-04-21 01:52:14.588073+00,7803.75,68.12,1968,2025-04-21 01:52:10.287,
1637,2025-04-21 01:52:00.462907+00,7861.25,67.88,1967,2025-04-21 01:51:58.707,
1636,2025-04-21 01:51:48.895812+00,7703.75,68.12,1966,2025-04-21 01:51:47.132,
1635,2025-04-21 01:51:37.311088+00,7686.25,68,1965,2025-04-21 01:51:35.517,
1634,2025-04-21 01:51:25.688891+00,7058.75,68.12,1964,2025-04-21 01:51:23.927,
1633,2025-04-21 01:51:14.111439+00,7340,67.64,1963,2025-04-21 01:51:12.357,
1632,2025-04-21 01:51:02.539217+00,7340,67.76,1962,2025-04-21 01:51:00.767,
1631,2025-04-21 01:50:50.957977+00,7873.75,68.12,1961,2025-04-21 01:50:49.177,
1630,2025-04-21 01:50:39.360727+00,7835,68.12,1960,2025-04-21 01:50:37.607,
1629,2025-04-21 01:50:27.790469+00,7717.5,67.88,1959,2025-04-21 01:50:26.017,
1628,2025-04-21 01:50:16.123525+00,7316.25,68.12,1958,2025-04-21 01:50:14.317,
1627,2025-04-21 01:50:04.498067+00,7461.25,68.12,1957,2025-04-21 01:50:02.707,
1626,2025-04-21 01:49:52.891927+00,7178.75,68,1956,2025-04-21 01:49:51.127,
1625,2025-04-21 01:49:41.309897+00,7721.25,68.12,1955,2025-04-21 01:49:39.567,
1624,2025-04-21 01:49:29.754937+00,7308.75,68.24,1954,2025-04-21 01:49:27.997,
1623,2025-04-21 01:49:18.174449+00,7823.75,68.12,1953,2025-04-21 01:49:16.397,
1622,2025-04-21 01:49:06.582764+00,7425,67.88,1952,2025-04-21 01:49:04.827,
1621,2025-04-21 01:48:55.01084+00,7698.75,67.76,1951,2025-04-21 01:48:53.232,
1620,2025-04-21 01:48:43.415616+00,7898.75,67.99,1950,2025-04-21 01:48:41.627,
1619,2025-04-21 01:48:31.810062+00,7591.25,68,1949,2025-04-21 01:48:30.037,
1618,2025-04-21 01:48:20.221366+00,7598.75,68.24,1948,2025-04-21 01:48:18.457,
1617,2025-04-21 01:48:08.644552+00,7635,68.12,1947,2025-04-21 01:48:06.887,
1616,2025-04-21 01:47:57.068654+00,7890,68,1946,2025-04-21 01:47:55.287,
1615,2025-04-21 01:47:45.470078+00,7520,67.88,1945,2025-04-21 01:47:43.707,
1614,2025-04-21 01:47:33.8952+00,7607.5,68.24,1944,2025-04-21 01:47:32.137,
1613,2025-04-21 01:47:22.319145+00,7625,68.12,1943,2025-04-21 01:47:20.567,
1612,2025-04-21 01:47:10.735217+00,7371.25,68.36,1942,2025-04-21 01:47:08.887,
1611,2025-04-21 01:46:59.069568+00,7711.25,68.24,1941,2025-04-21 01:46:57.327,
1610,2025-04-21 01:46:47.508537+00,7073.75,68.12,1940,2025-04-21 01:46:45.757,
1609,2025-04-21 01:46:35.944966+00,7675,68.12,1939,2025-04-21 01:46:34.187,
1608,2025-04-21 01:46:24.367245+00,7888.75,68,1938,2025-04-21 01:46:22.607,
1607,2025-04-21 01:46:12.789147+00,7747.5,67.76,1937,2025-04-21 01:46:11.027,
1606,2025-04-21 01:46:01.204322+00,7367.5,68,1936,2025-04-21 01:45:59.447,
1605,2025-04-21 01:45:49.628138+00,7422.5,68.12,1935,2025-04-21 01:45:47.787,
1604,2025-04-21 01:45:37.967573+00,7815,68.12,1934,2025-04-21 01:45:36.197,
1603,2025-04-21 01:45:26.382494+00,7697.5,68,1933,2025-04-21 01:45:24.537,
1602,2025-04-21 01:45:14.71964+00,7625,68.61,1932,2025-04-21 01:45:12.967,
1601,2025-04-21 01:45:03.14578+00,6948.75,68.24,1931,2025-04-21 01:45:01.397,
1600,2025-04-21 01:44:51.571766+00,7716.25,68.12,1930,2025-04-21 01:44:49.827,
1599,2025-04-21 01:44:40.00852+00,7923.75,67.88,1929,2025-04-21 01:44:38.267,
1598,2025-04-21 01:44:28.449601+00,8081.25,68.12,1928,2025-04-21 01:44:26.677,
1597,2025-04-21 01:44:16.848784+00,7892.5,68,1927,2025-04-21 01:44:15.087,
1596,2025-04-21 01:44:05.268637+00,7966.25,68.24,1926,2025-04-21 01:44:03.487,
1595,2025-04-21 01:43:53.671429+00,8006.25,68.36,1925,2025-04-21 01:43:51.927,
1594,2025-04-21 01:43:42.106274+00,7623.75,68.24,1924,2025-04-21 01:43:40.267,
1593,2025-04-21 01:43:30.440542+00,7775,68.36,1923,2025-04-21 01:43:28.667,
1592,2025-04-21 01:43:18.849127+00,8030,68.36,1922,2025-04-21 01:43:17.087,
1591,2025-04-21 01:43:07.271202+00,7628.75,68.36,1921,2025-04-21 01:43:05.487,
1590,2025-04-21 01:42:55.670178+00,7831.25,68.24,1920,2025-04-21 01:42:53.907,
1589,2025-04-21 01:42:44.083574+00,7765,68.61,1919,2025-04-21 01:42:42.297,
1588,2025-04-21 01:42:32.481336+00,7601.25,68.61,1918,2025-04-21 01:42:30.717,
1587,2025-04-21 01:42:20.889229+00,7423.75,68.48,1917,2025-04-21 01:42:19.127,
1586,2025-04-21 01:42:09.302679+00,7622.5,68.85,1916,2025-04-21 01:42:07.537,
1585,2025-04-21 01:41:57.713914+00,7937.5,68.61,1915,2025-04-21 01:41:55.837,
1584,2025-04-21 01:41:46.017536+00,7872.5,68.48,1914,2025-04-21 01:41:44.257,
1583,2025-04-21 01:41:34.44182+00,7520,68.36,1913,2025-04-21 01:41:32.657,
1582,2025-04-21 01:41:22.844223+00,7487.5,68.48,1912,2025-04-21 01:41:21.087,
1581,2025-04-21 01:41:11.260288+00,7625,68.48,1911,2025-04-21 01:41:09.497,
1580,2025-04-21 01:40:59.675214+00,7787.5,68.48,1910,2025-04-21 01:40:57.897,
1579,2025-04-21 01:40:48.080142+00,7966.25,68.36,1909,2025-04-21 01:40:46.147,
1578,2025-04-21 01:40:36.322169+00,7625,68.36,1908,2025-04-21 01:40:34.557,
1577,2025-04-21 01:40:24.736081+00,7731.25,68.48,1907,2025-04-21 01:40:22.987,
1576,2025-04-21 01:40:13.173328+00,8080,68.61,1906,2025-04-21 01:40:11.311,
1575,2025-04-21 01:40:01.472935+00,7795,68.48,1905,2025-04-21 01:39:59.697,
1574,2025-04-21 01:39:49.869293+00,7747.5,68.61,1904,2025-04-21 01:39:48.274,
1573,2025-04-21 01:39:38.274384+00,7842.5,68.61,1903,2025-04-21 01:39:36.684,
1572,2025-04-21 01:39:26.690001+00,7671.25,68.24,1902,2025-04-21 01:39:25.104,
1571,2025-04-21 01:39:15.109667+00,7591.25,68.36,1901,2025-04-21 01:39:13.544,
1570,2025-04-21 01:39:03.548433+00,8045,68.36,1900,2025-04-21 01:39:01.954,
1569,2025-04-21 01:38:51.962029+00,7367.5,68.48,1899,2025-04-21 01:38:50.364,
1568,2025-04-21 01:38:40.356715+00,7727.5,68.61,1898,2025-04-21 01:38:38.744,
1567,2025-04-21 01:38:28.742272+00,8268.75,68.61,1897,2025-04-21 01:38:27.084,
1566,2025-04-21 01:38:17.08897+00,7682.5,68.61,1896,2025-04-21 01:38:15.484,
1565,2025-04-21 01:38:05.48334+00,8082.5,68.36,1895,2025-04-21 01:38:03.894,
1564,2025-04-21 01:37:53.891563+00,7353.75,68.61,1894,2025-04-21 01:37:52.284,
1563,2025-04-21 01:37:42.29186+00,7517.5,68.36,1893,2025-04-21 01:37:40.664,
1562,2025-04-21 01:37:30.672213+00,8038.75,68.36,1892,2025-04-21 01:37:29.094,
1561,2025-04-21 01:37:19.095044+00,7690,68.24,1891,2025-04-21 01:37:17.444,
1560,2025-04-21 01:37:07.44654+00,7776.25,68.36,1890,2025-04-21 01:37:05.874,
1559,2025-04-21 01:36:55.881725+00,7507.5,68.12,1889,2025-04-21 01:36:54.284,
1558,2025-04-21 01:36:44.284611+00,7641.25,68.12,1888,2025-04-21 01:36:42.634,
1557,2025-04-21 01:36:32.634908+00,7441.25,68.36,1887,2025-04-21 01:36:31.004,
1556,2025-04-21 01:36:21.001534+00,7743.75,68.48,1886,2025-04-21 01:36:19.414,
1555,2025-04-21 01:36:09.416965+00,7561.25,68.61,1885,2025-04-21 01:36:07.844,
1554,2025-04-21 01:35:57.834892+00,7548.75,68.48,1884,2025-04-21 01:35:56.234,
1553,2025-04-21 01:35:46.242344+00,7523.75,68.24,1883,2025-04-21 01:35:44.634,
1552,2025-04-21 01:35:34.633946+00,7187.5,68.12,1882,2025-04-21 01:35:33.064,
1551,2025-04-21 01:35:23.067278+00,7438.75,68.12,1881,2025-04-21 01:35:21.434,
1550,2025-04-21 01:35:11.435644+00,7772.5,68.36,1880,2025-04-21 01:35:09.854,
1549,2025-04-21 01:34:59.854043+00,7741.25,68.12,1879,2025-04-21 01:34:58.184,
1548,2025-04-21 01:34:48.187846+00,7825,68,1878,2025-04-21 01:34:46.614,
1547,2025-04-21 01:34:36.61348+00,8006.25,68.12,1877,2025-04-21 01:34:35.014,
1546,2025-04-21 01:34:25.020721+00,7475,68.24,1876,2025-04-21 01:34:23.434,
1545,2025-04-21 01:34:13.444166+00,7203.75,68.24,1875,2025-04-21 01:34:11.874,
1544,2025-04-21 01:34:01.871498+00,7803.75,68,1874,2025-04-21 01:34:00.234,
1543,2025-04-21 01:33:50.231619+00,7093.75,68.12,1873,2025-04-21 01:33:48.644,
1542,2025-04-21 01:33:38.647684+00,7617.5,68.12,1872,2025-04-21 01:33:37.064,
1541,2025-04-21 01:33:27.061191+00,7540,68.12,1871,2025-04-21 01:33:25.464,
1540,2025-04-21 01:33:15.468993+00,7675,68,1870,2025-04-21 01:33:13.784,
1539,2025-04-21 01:33:03.788128+00,7416.25,68.48,1869,2025-04-21 01:33:02.184,
1538,2025-04-21 01:32:52.181665+00,7182.5,68.36,1868,2025-04-21 01:32:50.594,
1537,2025-04-21 01:32:40.593716+00,7842.5,68.12,1867,2025-04-21 01:32:38.974,
1536,2025-04-21 01:32:28.960181+00,7383.75,68.12,1866,2025-04-21 01:32:27.364,
1535,2025-04-21 01:32:17.367862+00,7597.5,68.36,1865,2025-04-21 01:32:15.774,
1534,2025-04-21 01:32:05.775151+00,7215,68.61,1864,2025-04-21 01:32:04.194,
1533,2025-04-21 01:31:54.204921+00,7815,68.36,1863,2025-04-21 01:31:52.614,
1532,2025-04-21 01:31:42.611019+00,7667.5,68.36,1862,2025-04-21 01:31:41.044,
1531,2025-04-21 01:31:31.042938+00,7188.75,68.24,1861,2025-04-21 01:31:29.328,
1530,2025-04-21 01:31:19.309688+00,7138.75,68.48,1860,2025-04-21 01:31:17.714,
1529,2025-04-21 01:31:07.709564+00,7887.5,68.61,1859,2025-04-21 01:31:06.124,
1528,2025-04-21 01:30:56.129369+00,7748.75,68.36,1858,2025-04-21 01:30:54.534,
1527,2025-04-21 01:30:44.543035+00,7868.75,68.35,1857,2025-04-21 01:30:42.934,
1526,2025-04-21 01:30:32.931924+00,7747.5,68.73,1856,2025-04-21 01:30:31.354,
1525,2025-04-21 01:30:21.353848+00,7170,68.85,1855,2025-04-21 01:30:19.774,
1524,2025-04-21 01:30:09.779685+00,7710,68.73,1854,2025-04-21 01:30:08.204,
1523,2025-04-21 01:29:58.208834+00,7863.75,68.85,1853,2025-04-21 01:29:56.624,
1522,2025-04-21 01:29:46.623737+00,7826.25,68.85,1852,2025-04-21 01:29:44.944,
1521,2025-04-21 01:29:34.945204+00,7576.25,68.97,1851,2025-04-21 01:29:33.334,
1520,2025-04-21 01:29:23.332335+00,7711.25,68.85,1850,2025-04-21 01:29:21.754,
1519,2025-04-21 01:29:11.754325+00,7230,69.09,1849,2025-04-21 01:29:10.164,
1518,2025-04-21 01:29:00.168577+00,7565,68.85,1848,2025-04-21 01:28:58.574,
1517,2025-04-21 01:28:48.576991+00,7623.75,68.97,1847,2025-04-21 01:28:46.994,
1516,2025-04-21 01:28:36.997375+00,7822.5,69.09,1846,2025-04-21 01:28:35.434,
1515,2025-04-21 01:28:25.43048+00,7593.75,69.09,1845,2025-04-21 01:28:23.804,
1514,2025-04-21 01:28:13.804085+00,7803.75,69.45,1844,2025-04-21 01:28:12.234,
1513,2025-04-21 01:28:02.232664+00,7791.25,69.33,1843,2025-04-21 01:28:00.534,
1512,2025-04-21 01:27:50.523634+00,7762.5,69.09,1842,2025-04-21 01:27:48.944,
1511,2025-04-21 01:27:38.937652+00,7640,69.09,1841,2025-04-21 01:27:37.344,
1510,2025-04-21 01:27:27.341343+00,7581.25,68.85,1840,2025-04-21 01:27:25.714,
1509,2025-04-21 01:27:15.711753+00,8160,68.73,1839,2025-04-21 01:27:14.134,
1508,2025-04-21 01:27:04.13753+00,7152.5,69.09,1838,2025-04-21 01:27:02.554,
1507,2025-04-21 01:26:52.54891+00,7305,69.21,1837,2025-04-21 01:26:50.944,
1506,2025-04-21 01:26:40.948174+00,7725,69.09,1836,2025-04-21 01:26:39.344,
1505,2025-04-21 01:26:29.352432+00,7790,69.33,1835,2025-04-21 01:26:27.744,
1504,2025-04-21 01:26:17.737104+00,7977.5,69.09,1834,2025-04-21 01:26:16.084,
1503,2025-04-21 01:26:06.086417+00,7943.75,69.09,1833,2025-04-21 01:26:04.504,
1502,2025-04-21 01:25:54.508373+00,7381.25,68.97,1832,2025-04-21 01:25:52.924,
1501,2025-04-21 01:25:42.916734+00,7641.25,68.97,1831,2025-04-21 01:25:41.334,
1500,2025-04-21 01:25:31.340072+00,7545,69.21,1830,2025-04-21 01:25:29.774,
1499,2025-04-21 01:25:19.771346+00,8001.25,69.09,1829,2025-04-21 01:25:18.184,
1498,2025-04-21 01:25:08.188125+00,7616.25,69.09,1828,2025-04-21 01:25:06.604,
1497,2025-04-21 01:24:56.609524+00,7857.5,69.33,1827,2025-04-21 01:24:55.044,
1496,2025-04-21 01:24:45.053068+00,7945,68.97,1826,2025-04-21 01:24:43.464,
1495,2025-04-21 01:24:33.471176+00,7782.5,69.09,1825,2025-04-21 01:24:31.874,
1494,2025-04-21 01:24:21.882348+00,7671.25,69.21,1824,2025-04-21 01:24:20.274,
1493,2025-04-21 01:24:10.261344+00,8143.75,68.85,1823,2025-04-21 01:24:08.664,
1492,2025-04-21 01:23:58.667274+00,8207.5,69.21,1822,2025-04-21 01:23:57.074,
1491,2025-04-21 01:23:47.06631+00,8136.25,69.19,1821,2025-04-21 01:23:45.474,
1490,2025-04-21 01:23:35.472244+00,7322.5,69.09,1820,2025-04-21 01:23:33.884,
1489,2025-04-21 01:23:23.885715+00,7750,68.85,1819,2025-04-21 01:23:22.284,
1488,2025-04-21 01:23:12.287166+00,7982.5,68.97,1818,2025-04-21 01:23:10.704,
1487,2025-04-21 01:23:00.704348+00,7497.5,68.48,1817,2025-04-21 01:22:59.074,
1486,2025-04-21 01:22:49.080627+00,7405,68.73,1816,2025-04-21 01:22:47.484,
1485,2025-04-21 01:22:37.482287+00,7593.75,68.48,1815,2025-04-21 01:22:35.889,
1484,2025-04-21 01:22:25.899841+00,7767.5,68.48,1814,2025-04-21 01:22:24.339,
1483,2025-04-21 01:22:14.344605+00,8030,68.48,1813,2025-04-21 01:22:11.864,
1482,2025-04-21 01:22:01.861599+00,7836.25,68.24,1812,2025-04-21 01:22:00.284,
1481,2025-04-21 01:21:50.276698+00,7660,68,1811,2025-04-21 01:21:48.674,
1480,2025-04-21 01:21:38.677963+00,7788.75,68.12,1810,2025-04-21 01:21:37.104,
1479,2025-04-21 01:21:27.104715+00,7501.25,68.24,1809,2025-04-21 01:21:25.484,
1478,2025-04-21 01:21:15.490249+00,8205,68.24,1808,2025-04-21 01:21:13.894,
1477,2025-04-21 01:21:03.890874+00,7418.75,68.36,1807,2025-04-21 01:21:02.234,
1476,2025-04-21 01:20:52.241572+00,7970,68.48,1806,2025-04-21 01:20:50.664,
1475,2025-04-21 01:20:40.675223+00,7665,68.36,1805,2025-04-21 01:20:39.104,
1474,2025-04-21 01:20:29.105831+00,7725,68.48,1804,2025-04-21 01:20:27.534,
1473,2025-04-21 01:20:17.541635+00,7521.25,68.73,1803,2025-04-21 01:20:15.974,
1472,2025-04-21 01:20:05.981883+00,8100,68.36,1802,2025-04-21 01:20:04.394,
1471,2025-04-21 01:19:54.395014+00,7242.5,68.48,1801,2025-04-21 01:19:52.814,
1470,2025-04-21 01:19:42.824074+00,7850,68.48,1800,2025-04-21 01:19:41.214,
1469,2025-04-21 01:19:31.217973+00,8082.5,68.24,1799,2025-04-21 01:19:29.634,
1468,2025-04-21 01:19:19.625315+00,7366.25,68.24,1798,2025-04-21 01:19:17.944,
1467,2025-04-21 01:19:07.949901+00,7945,68.73,1797,2025-04-21 01:19:06.334,
1466,2025-04-21 01:18:56.341951+00,8110,68.85,1796,2025-04-21 01:18:54.754,
1465,2025-04-21 01:18:44.746367+00,8055,68.85,1795,2025-04-21 01:18:43.124,
1464,2025-04-21 01:18:33.131433+00,8016.25,69.21,1794,2025-04-21 01:18:31.544,
1463,2025-04-21 01:18:21.547923+00,7022.5,68.85,1793,2025-04-21 01:18:19.954,
1462,2025-04-21 01:18:09.947197+00,7387.5,69.21,1792,2025-04-21 01:18:08.344,
1461,2025-04-21 01:17:58.350805+00,7957.5,69.21,1791,2025-04-21 01:17:56.774,
1460,2025-04-21 01:17:46.777395+00,7640,68.97,1790,2025-04-21 01:17:45.194,
1459,2025-04-21 01:17:35.199315+00,7965,69.09,1789,2025-04-21 01:17:33.584,
1458,2025-04-21 01:17:23.57805+00,7990,69.09,1788,2025-04-21 01:17:21.984,
1457,2025-04-21 01:17:11.993627+00,8232.5,69.21,1787,2025-04-21 01:17:10.414,
1456,2025-04-21 01:17:00.416481+00,7741.25,69.09,1786,2025-04-21 01:16:58.834,
1455,2025-04-21 01:16:48.839066+00,7991.25,69.09,1785,2025-04-21 01:16:47.224,
1454,2025-04-21 01:16:37.223008+00,7407.5,68.85,1784,2025-04-21 01:16:35.644,
1453,2025-04-21 01:16:25.649691+00,7825,68.48,1783,2025-04-21 01:16:24.054,
1452,2025-04-21 01:16:14.052544+00,7631.25,68.24,1782,2025-04-21 01:16:12.454,
1451,2025-04-21 01:16:02.286072+00,7627.5,68.24,1781,2025-04-21 01:16:00.694,
1450,2025-04-21 01:15:50.694181+00,8085,68.61,1780,2025-04-21 01:15:49.114,
1449,2025-04-21 01:15:39.122773+00,7983.75,68.48,1779,2025-04-21 01:15:37.544,
1448,2025-04-21 01:15:27.552281+00,7573.75,69.09,1778,2025-04-21 01:15:25.954,
1447,2025-04-21 01:15:15.961453+00,7226.25,69.33,1777,2025-04-21 01:15:14.374,
1446,2025-04-21 01:15:04.385012+00,7758.75,69.45,1776,2025-04-21 01:15:02.784,
1445,2025-04-21 01:14:52.781978+00,7942.5,69.21,1775,2025-04-21 01:14:51.194,
1444,2025-04-21 01:14:41.198067+00,8155,68.97,1774,2025-04-21 01:14:39.614,
1443,2025-04-21 01:14:29.626809+00,7593.75,69.09,1773,2025-04-21 01:14:28.044,
1442,2025-04-21 01:14:18.049821+00,7912.5,69.09,1772,2025-04-21 01:14:16.474,
1441,2025-04-21 01:14:06.485691+00,6923.75,68.97,1771,2025-04-21 01:14:04.874,
1440,2025-04-21 01:13:54.885421+00,8138.75,69.09,1770,2025-04-21 01:13:53.289,
1439,2025-04-21 01:13:43.293375+00,7882.5,69.33,1769,2025-04-21 01:13:41.714,
1438,2025-04-21 01:13:31.727155+00,7800,68.97,1768,2025-04-21 01:13:30.154,
1437,2025-04-21 01:13:20.156786+00,7157.5,69.21,1767,2025-04-21 01:13:18.554,
1436,2025-04-21 01:13:08.562591+00,8012.5,68.97,1766,2025-04-21 01:13:06.944,
1435,2025-04-21 01:12:56.953745+00,7748.75,68.85,1765,2025-04-21 01:12:55.354,
1434,2025-04-21 01:12:45.359624+00,8145,68.97,1764,2025-04-21 01:12:43.764,
1433,2025-04-21 01:12:33.764226+00,7812.5,68,1763,2025-04-21 01:12:32.184,
1432,2025-04-21 01:12:22.175074+00,8028.75,68.61,1762,2025-04-21 01:12:20.564,
1431,2025-04-21 01:12:10.573278+00,7746.25,68.48,1761,2025-04-21 01:12:08.994,
1430,2025-04-21 01:11:59.005514+00,7211.25,68.48,1760,2025-04-21 01:11:57.414,
1429,2025-04-21 01:11:47.418457+00,7255,68.36,1759,2025-04-21 01:11:45.794,
1428,2025-04-21 01:11:35.800899+00,7838.75,68.61,1758,2025-04-21 01:11:34.194,
1427,2025-04-21 01:11:24.201409+00,7251.25,68.61,1757,2025-04-21 01:11:22.624,
1426,2025-04-21 01:11:12.631323+00,7463.75,68.24,1756,2025-04-21 01:11:11.034,
1425,2025-04-21 01:11:01.038169+00,7250,68.24,1755,2025-04-21 01:10:59.464,
1424,2025-04-21 01:10:49.472421+00,8061.25,68.36,1754,2025-04-21 01:10:47.844,
1423,2025-04-21 01:10:37.855206+00,7622.5,68.36,1753,2025-04-21 01:10:36.264,
1422,2025-04-21 01:10:26.273606+00,7843.75,67.76,1752,2025-04-21 01:10:24.684,
1421,2025-04-21 01:10:14.694218+00,7355,67.76,1751,2025-04-21 01:10:13.094,
1420,2025-04-21 01:10:03.090233+00,7038.75,68.48,1750,2025-04-21 01:10:01.494,
1419,2025-04-21 01:09:51.505791+00,7891.25,68.12,1749,2025-04-21 01:09:49.904,
1418,2025-04-21 01:09:39.908907+00,7476.25,68.12,1748,2025-04-21 01:09:38.314,
1417,2025-04-21 01:09:28.326889+00,7997.5,67.88,1747,2025-04-21 01:09:26.754,
1416,2025-04-21 01:09:16.762205+00,7216.25,68.36,1746,2025-04-21 01:09:15.184,
1415,2025-04-21 01:09:05.192735+00,6941.25,68.61,1745,2025-04-21 01:09:03.594,
1414,2025-04-21 01:08:53.582332+00,7591.25,68.59,1744,2025-04-21 01:08:51.654,
1413,2025-04-21 01:08:41.658836+00,7686.25,68.61,1743,2025-04-21 01:08:40.054,
1412,2025-04-21 01:08:30.06131+00,7177.5,68.85,1742,2025-04-21 01:08:28.474,
1411,2025-04-21 01:08:18.473996+00,7677.5,68.61,1741,2025-04-21 01:08:16.894,
1410,2025-04-21 01:08:06.900427+00,8027.5,68.48,1740,2025-04-21 01:08:05.304,
1409,2025-04-21 01:07:55.30382+00,7340,68.36,1739,2025-04-21 01:07:53.714,
1408,2025-04-21 01:07:43.724909+00,7873.75,68.36,1738,2025-04-21 01:07:42.094,
1407,2025-04-21 01:07:32.104615+00,6806.25,68.24,1737,2025-04-21 01:07:30.504,
1406,2025-04-21 01:07:20.506482+00,7368.75,68.36,1736,2025-04-21 01:07:18.914,
1405,2025-04-21 01:07:08.9126+00,7490,68.61,1735,2025-04-21 01:07:07.284,
1404,2025-04-21 01:06:57.291153+00,7915,68.73,1734,2025-04-21 01:06:55.714,
1403,2025-04-21 01:06:45.6908+00,7767.5,68.61,1733,2025-04-21 01:06:44.104,
1402,2025-04-21 01:06:34.109909+00,7313.75,68.73,1732,2025-04-21 01:06:32.504,
1401,2025-04-21 01:06:22.508339+00,8048.75,68.73,1731,2025-04-21 01:06:20.924,
1400,2025-04-21 01:06:10.933905+00,7722.5,68.85,1730,2025-04-21 01:06:09.364,
1399,2025-04-21 01:05:59.372011+00,7408.75,68.73,1729,2025-04-21 01:05:57.784,
1398,2025-04-21 01:05:47.796344+00,7418.75,68.73,1728,2025-04-21 01:05:46.224,
1397,2025-04-21 01:05:36.236967+00,6846.25,68.97,1727,2025-04-21 01:05:34.674,
1396,2025-04-21 01:05:24.668481+00,7911.25,68.48,1726,2025-04-21 01:05:23.074,
1395,2025-04-21 01:05:13.08209+00,7658.75,68.85,1725,2025-04-21 01:05:11.494,
1394,2025-04-21 01:05:01.499795+00,7495,68.36,1724,2025-04-21 01:04:59.914,
1393,2025-04-21 01:04:49.922978+00,7333.75,68.48,1723,2025-04-21 01:04:48.344,
1392,2025-04-21 01:04:38.349805+00,7796.25,68.61,1722,2025-04-21 01:04:36.744,
1391,2025-04-21 01:04:26.754912+00,7646.25,68.24,1721,2025-04-21 01:04:25.154,
1390,2025-04-21 01:04:15.16346+00,7270,67.88,1720,2025-04-21 01:04:13.534,
1389,2025-04-21 01:04:03.543006+00,7568.75,68.36,1719,2025-04-21 01:04:01.944,
1388,2025-04-21 01:03:51.948439+00,7860,68.24,1718,2025-04-21 01:03:50.364,
1387,2025-04-21 01:03:40.369758+00,8051.25,68.36,1717,2025-04-21 01:03:38.784,
1386,2025-04-21 01:03:28.785781+00,7808.75,68.48,1716,2025-04-21 01:03:27.184,
1385,2025-04-21 01:03:17.178227+00,7927.5,68.48,1715,2025-04-21 01:03:15.594,
1384,2025-04-21 01:03:05.595656+00,6998.75,68.36,1714,2025-04-21 01:03:04.014,
1383,2025-04-21 01:02:54.013419+00,7865,68.12,1713,2025-04-21 01:02:50.804,
1382,2025-04-21 01:02:40.802412+00,7242.5,68.12,1712,2025-04-21 01:02:39.214,
1381,2025-04-21 01:02:29.224651+00,7456.25,68.24,1711,2025-04-21 01:02:27.634,
1380,2025-04-21 01:02:17.645524+00,6978.75,68.36,1710,2025-04-21 01:02:16.034,
1379,2025-04-21 01:02:06.036142+00,8113.75,68.24,1709,2025-04-21 01:02:04.454,
1378,2025-04-21 01:01:54.461181+00,6867.5,68.12,1708,2025-04-21 01:01:52.774,
1377,2025-04-21 01:01:42.773253+00,7036.25,68,1707,2025-04-21 01:01:41.174,
1376,2025-04-21 01:01:31.181078+00,7188.75,68.12,1706,2025-04-21 01:01:29.604,
1375,2025-04-21 01:01:19.607304+00,7467.5,68.24,1705,2025-04-21 01:01:17.994,
1374,2025-04-21 01:01:07.983189+00,7331.25,68.36,1704,2025-04-21 01:01:06.394,
1373,2025-04-21 01:00:56.399049+00,7142.5,68.12,1703,2025-04-21 01:00:54.824,
1372,2025-04-21 01:00:44.827272+00,7205,68.23,1702,2025-04-21 01:00:43.214,
1371,2025-04-21 01:00:33.220423+00,7655,68.12,1701,2025-04-21 01:00:31.654,
1370,2025-04-21 01:00:21.652705+00,7967.5,68.36,1700,2025-04-21 01:00:20.054,
1369,2025-04-21 01:00:10.060028+00,7795,68.48,1699,2025-04-21 01:00:08.384,
1368,2025-04-21 00:59:58.388504+00,7501.25,68.36,1698,2025-04-21 00:59:56.735,
1367,2025-04-21 00:59:46.734459+00,7360,68.24,1697,2025-04-21 00:59:45.104,
1366,2025-04-21 00:59:35.115764+00,7006.25,68.36,1696,2025-04-21 00:59:33.534,
1365,2025-04-21 00:59:23.532256+00,7381.25,68.24,1695,2025-04-21 00:59:21.954,
1364,2025-04-21 00:59:11.944756+00,7353.75,68.36,1694,2025-04-21 00:59:10.334,
1363,2025-04-21 00:59:00.32323+00,7247.5,68.48,1693,2025-04-21 00:58:58.744,
1362,2025-04-21 00:58:48.747371+00,7231.25,68.61,1692,2025-04-21 00:58:47.174,
1361,2025-04-21 00:58:37.174964+00,7730,68.73,1691,2025-04-21 00:58:35.554,
1360,2025-04-21 00:58:25.564047+00,7456.25,68.97,1690,2025-04-21 00:58:23.924,
1359,2025-04-21 00:58:13.927181+00,7830,68.61,1689,2025-04-21 00:58:12.344,
1358,2025-04-21 00:58:02.352375+00,7803.75,68.61,1688,2025-04-21 00:58:00.774,
1357,2025-04-21 00:57:50.772024+00,7611.25,68.73,1687,2025-04-21 00:57:49.194,
1356,2025-04-21 00:57:39.20029+00,7457.5,68.48,1686,2025-04-21 00:57:37.614,
1355,2025-04-21 00:57:27.593446+00,7233.75,68.85,1685,2025-04-21 00:57:26.004,
1354,2025-04-21 00:57:16.00858+00,7437.5,68.48,1684,2025-04-21 00:57:14.424,
1353,2025-04-21 00:57:04.421933+00,7260,68.36,1683,2025-04-21 00:57:02.814,
1352,2025-04-21 00:56:52.820887+00,7723.75,68.73,1682,2025-04-21 00:56:51.214,
1351,2025-04-21 00:56:41.222977+00,7565,68.36,1681,2025-04-21 00:56:39.564,
1350,2025-04-21 00:56:29.567851+00,6978.75,68.24,1680,2025-04-21 00:56:27.934,
1349,2025-04-21 00:56:17.934632+00,7380,68.48,1679,2025-04-21 00:56:16.319,
1348,2025-04-21 00:56:06.324801+00,7091.25,68.36,1678,2025-04-21 00:56:04.744,
1347,2025-04-21 00:55:54.751841+00,7726.25,68.36,1677,2025-04-21 00:55:53.164,
1346,2025-04-21 00:55:43.162367+00,7227.5,68.12,1676,2025-04-21 00:55:41.594,
1345,2025-04-21 00:55:31.599158+00,7187.5,68.61,1675,2025-04-21 00:55:30.014,
1344,2025-04-21 00:55:20.008548+00,7882.5,67.64,1674,2025-04-21 00:55:18.424,
1343,2025-04-21 00:55:08.429849+00,7550,67.52,1673,2025-04-21 00:55:06.824,
1342,2025-04-21 00:54:56.807088+00,7738.75,68.24,1672,2025-04-21 00:54:55.148,
1341,2025-04-21 00:54:45.148942+00,7105,68,1671,2025-04-21 00:54:43.534,
1340,2025-04-21 00:54:33.542175+00,7950,68.48,1670,2025-04-21 00:54:31.954,
1339,2025-04-21 00:54:21.954633+00,7432.5,68.36,1669,2025-04-21 00:54:20.364,
1338,2025-04-21 00:54:10.367892+00,7701.25,68.36,1668,2025-04-21 00:54:08.774,
1337,2025-04-21 00:53:58.779106+00,7331.25,68.85,1667,2025-04-21 00:53:57.204,
1336,2025-04-21 00:53:47.209265+00,7618.75,68.48,1666,2025-04-21 00:53:45.604,
1335,2025-04-21 00:53:35.6069+00,7028.75,68,1665,2025-04-21 00:53:34.014,
1334,2025-04-21 00:53:24.008511+00,7563.75,68,1664,2025-04-21 00:53:22.434,
1333,2025-04-21 00:53:12.436336+00,7835,68.85,1663,2025-04-21 00:53:10.754,
1332,2025-04-21 00:53:00.758926+00,7645,68.85,1662,2025-04-21 00:52:59.154,
1331,2025-04-21 00:52:49.162113+00,7581.25,69.09,1661,2025-04-21 00:52:47.574,
1330,2025-04-21 00:52:37.574646+00,7525,69.09,1660,2025-04-21 00:52:35.994,
1329,2025-04-21 00:52:25.995564+00,7708.75,68.85,1659,2025-04-21 00:52:24.394,
1328,2025-04-21 00:52:14.397079+00,7415,68.61,1658,2025-04-21 00:52:12.814,
1327,2025-04-21 00:52:02.806746+00,7256.25,68.85,1657,2025-04-21 00:52:01.214,
1326,2025-04-21 00:51:51.214294+00,8085,68.48,1656,2025-04-21 00:51:49.634,
1325,2025-04-21 00:51:39.641899+00,7917.5,68.23,1655,2025-04-21 00:51:38.064,
1324,2025-04-21 00:51:28.054138+00,7938.75,68.97,1654,2025-04-21 00:51:26.354,
1323,2025-04-21 00:51:16.348116+00,7303.75,69.09,1653,2025-04-21 00:51:14.744,
1322,2025-04-21 00:51:04.750688+00,7156.25,68.73,1652,2025-04-21 00:51:03.124,
1321,2025-04-21 00:50:53.116584+00,7962.5,68.97,1651,2025-04-21 00:50:51.534,
1320,2025-04-21 00:50:41.529544+00,7500,68.85,1650,2025-04-21 00:50:39.914,
1319,2025-04-21 00:50:29.904759+00,7848.75,68.97,1649,2025-04-21 00:50:28.324,
1318,2025-04-21 00:50:18.322485+00,7516.25,68.73,1648,2025-04-21 00:50:16.744,
1317,2025-04-21 00:50:06.74584+00,7662.5,68.85,1647,2025-04-21 00:50:05.164,
1316,2025-04-21 00:49:55.159666+00,7767.5,68.85,1646,2025-04-21 00:49:53.564,
1315,2025-04-21 00:49:43.56026+00,7701.25,68.61,1645,2025-04-21 00:49:41.894,
1314,2025-04-21 00:49:31.895015+00,7737.5,68.48,1644,2025-04-21 00:49:30.304,
1313,2025-04-21 00:49:20.301215+00,7617.5,68.48,1643,2025-04-21 00:49:18.704,
1312,2025-04-21 00:49:08.706618+00,7620,68.48,1642,2025-04-21 00:49:07.124,
1311,2025-04-21 00:48:57.126479+00,7691.25,68.61,1641,2025-04-21 00:48:55.544,
1310,2025-04-21 00:48:45.547306+00,7638.75,68.61,1640,2025-04-21 00:48:43.974,
1309,2025-04-21 00:48:33.971349+00,7791.25,68.24,1639,2025-04-21 00:48:32.394,
1308,2025-04-21 00:48:22.399193+00,7853.75,68.36,1638,2025-04-21 00:48:20.804,
1307,2025-04-21 00:48:10.804659+00,7930,68.73,1637,2025-04-21 00:48:09.214,
1306,2025-04-21 00:47:59.215312+00,7698.75,68.61,1636,2025-04-21 00:47:57.514,
1305,2025-04-21 00:47:47.510705+00,7121.25,68.61,1635,2025-04-21 00:47:45.884,
1304,2025-04-21 00:47:35.889116+00,7681.25,68.24,1634,2025-04-21 00:47:34.304,
1303,2025-04-21 00:47:24.270474+00,7637.5,68.23,1633,2025-04-21 00:47:22.654,
1302,2025-04-21 00:47:12.65677+00,7468.75,68,1632,2025-04-21 00:47:11.034,
1301,2025-04-21 00:47:01.030347+00,7877.5,68.24,1631,2025-04-21 00:46:59.444,
1300,2025-04-21 00:46:49.441334+00,7483.75,68,1630,2025-04-21 00:46:47.854,
1299,2025-04-21 00:46:37.856542+00,7316.25,68.12,1629,2025-04-21 00:46:36.284,
1298,2025-04-21 00:46:26.291446+00,7883.75,68.36,1628,2025-04-21 00:46:24.734,
1297,2025-04-21 00:46:14.730593+00,7932.5,68.61,1627,2025-04-21 00:46:13.064,
1296,2025-04-21 00:46:03.062711+00,7622.5,68.48,1626,2025-04-21 00:46:01.464,
1295,2025-04-21 00:45:51.447964+00,7456.25,68.48,1625,2025-04-21 00:45:49.824,
1294,2025-04-21 00:45:39.819532+00,7723.75,68.24,1624,2025-04-21 00:45:38.224,
1293,2025-04-21 00:45:28.22194+00,7856.25,68.36,1623,2025-04-21 00:45:26.644,
1292,2025-04-21 00:45:16.646439+00,7805,68.24,1622,2025-04-21 00:45:15.074,
1291,2025-04-21 00:45:05.074942+00,7843.75,68.48,1621,2025-04-21 00:45:03.484,
1290,2025-04-21 00:44:53.484118+00,7248.75,68.36,1620,2025-04-21 00:44:51.894,
1289,2025-04-21 00:44:41.895194+00,7768.75,68.24,1619,2025-04-21 00:44:40.314,
1288,2025-04-21 00:44:30.318563+00,7120,68.11,1618,2025-04-21 00:44:28.724,
1287,2025-04-21 00:44:18.722672+00,7751.25,67.88,1617,2025-04-21 00:44:17.124,
1286,2025-04-21 00:44:07.128017+00,7847.5,68,1616,2025-04-21 00:44:05.524,
1285,2025-04-21 00:43:55.51596+00,7588.75,67.88,1615,2025-04-21 00:43:53.884,
1284,2025-04-21 00:43:43.886291+00,7208.75,67.88,1614,2025-04-21 00:43:42.244,
1283,2025-04-21 00:43:32.236058+00,7377.5,67.76,1613,2025-04-21 00:43:30.624,
1282,2025-04-21 00:43:20.61809+00,7712.5,67.76,1612,2025-04-21 00:43:19.044,
1281,2025-04-21 00:43:09.044366+00,7161.25,68.12,1611,2025-04-21 00:43:07.424,
1280,2025-04-21 00:42:57.431776+00,7812.5,68.24,1610,2025-04-21 00:42:55.864,
1279,2025-04-21 00:42:45.865199+00,7857.5,68.12,1609,2025-04-21 00:42:44.184,
1278,2025-04-21 00:42:34.19193+00,7502.5,67.88,1608,2025-04-21 00:42:32.615,
1277,2025-04-21 00:42:22.620809+00,7056.25,68.36,1607,2025-04-21 00:42:21.044,
1276,2025-04-21 00:42:11.048691+00,7740,68.24,1606,2025-04-21 00:42:09.424,
1275,2025-04-21 00:41:59.415782+00,7843.75,68.48,1605,2025-04-21 00:41:57.844,
1274,2025-04-21 00:41:47.836631+00,7488.75,68,1604,2025-04-21 00:41:46.234,
1273,2025-04-21 00:41:36.236237+00,7696.25,68.12,1603,2025-04-21 00:41:34.654,
1272,2025-04-21 00:41:24.655817+00,7015,68.12,1602,2025-04-21 00:41:23.004,
1271,2025-04-21 00:41:13.002407+00,7610,68.12,1601,2025-04-21 00:41:11.394,
1270,2025-04-21 00:41:01.390803+00,7593.75,68.24,1600,2025-04-21 00:40:59.734,
1269,2025-04-21 00:40:49.642675+00,7418.75,68.12,1599,2025-04-21 00:40:47.944,
1268,2025-04-21 00:40:37.941146+00,6978.75,68.12,1598,2025-04-21 00:40:36.354,
1267,2025-04-21 00:40:26.354263+00,7842.5,67.88,1597,2025-04-21 00:40:24.754,
1266,2025-04-21 00:40:14.757713+00,7406.25,68.12,1596,2025-04-21 00:40:13.174,
1265,2025-04-21 00:40:03.180605+00,7327.5,68.24,1595,2025-04-21 00:40:01.554,
1264,2025-04-21 00:39:51.532798+00,7611.25,68.36,1594,2025-04-21 00:39:49.896,
1263,2025-04-21 00:39:39.913353+00,7596.25,68.73,1593,2025-04-21 00:39:38.316,
1262,2025-04-21 00:39:28.338615+00,7885,68.24,1592,2025-04-21 00:39:26.726,
1261,2025-04-21 00:39:16.740979+00,7703.75,68.24,1591,2025-04-21 00:39:15.056,
1260,2025-04-21 00:39:05.073344+00,7607.5,68.61,1590,2025-04-21 00:39:03.446,
1259,2025-04-21 00:38:53.460583+00,7651.25,68.48,1589,2025-04-21 00:38:51.866,
1258,2025-04-21 00:38:41.887692+00,7270,68.24,1588,2025-04-21 00:38:40.286,
1257,2025-04-21 00:38:30.304066+00,7892.5,68.48,1587,2025-04-21 00:38:28.666,
1256,2025-04-21 00:38:18.691734+00,7576.25,68.48,1586,2025-04-21 00:38:17.106,
1255,2025-04-21 00:38:07.062936+00,7696.25,68.61,1585,2025-04-21 00:38:05.446,
1254,2025-04-21 00:37:55.469361+00,7290,68.48,1584,2025-04-21 00:37:53.846,
1253,2025-04-21 00:37:43.854234+00,8005,68.48,1583,2025-04-21 00:37:42.236,
1252,2025-04-21 00:37:32.256178+00,7482.5,68.61,1582,2025-04-21 00:37:30.586,
1251,2025-04-21 00:37:20.602598+00,7533.75,68.48,1581,2025-04-21 00:37:19.016,
1250,2025-04-21 00:37:09.035034+00,7660,68.61,1580,2025-04-21 00:37:07.426,
1249,2025-04-21 00:36:57.439072+00,7628.75,68.12,1579,2025-04-21 00:36:55.806,
1248,2025-04-21 00:36:45.82497+00,7608.75,68.36,1578,2025-04-21 00:36:44.206,
1247,2025-04-21 00:36:34.225004+00,7563.75,68.24,1577,2025-04-21 00:36:32.636,
1246,2025-04-21 00:36:22.656869+00,7337.5,68.36,1576,2025-04-21 00:36:21.036,
1245,2025-04-21 00:36:11.051284+00,7895,68.48,1575,2025-04-21 00:36:09.446,
1244,2025-04-21 00:35:59.471188+00,7596.25,68.48,1574,2025-04-21 00:35:57.846,
1243,2025-04-21 00:35:47.860031+00,7936.25,68.61,1573,2025-04-21 00:35:46.176,
1242,2025-04-21 00:35:36.192651+00,7586.25,68.61,1572,2025-04-21 00:35:34.606,
1241,2025-04-21 00:35:24.626049+00,7637.5,68.71,1571,2025-04-21 00:35:23.026,
1240,2025-04-21 00:35:13.046166+00,7677.5,68.61,1570,2025-04-21 00:35:11.426,
1239,2025-04-21 00:35:01.444361+00,7462.5,68.36,1569,2025-04-21 00:34:59.806,
1238,2025-04-21 00:34:49.817387+00,7541.25,68.61,1568,2025-04-21 00:34:48.236,
1237,2025-04-21 00:34:38.258872+00,7961.25,68.61,1567,2025-04-21 00:34:36.666,
1236,2025-04-21 00:34:26.689139+00,7438.75,68.48,1566,2025-04-21 00:34:25.076,
1235,2025-04-21 00:34:15.08991+00,7421.25,68.48,1565,2025-04-21 00:34:13.476,
1234,2025-04-21 00:34:03.487231+00,7912.5,68.36,1564,2025-04-21 00:34:01.786,
1233,2025-04-21 00:33:51.806158+00,7842.5,68.61,1563,2025-04-21 00:33:50.186,
1232,2025-04-21 00:33:40.204201+00,7790,68.48,1562,2025-04-21 00:33:38.616,
1231,2025-04-21 00:33:28.630755+00,7841.25,68.12,1561,2025-04-21 00:33:27.006,
1230,2025-04-21 00:33:17.025655+00,7765,68.36,1560,2025-04-21 00:33:15.436,
1229,2025-04-21 00:33:05.451903+00,7810,68.61,1559,2025-04-21 00:33:03.856,
1228,2025-04-21 00:32:53.868189+00,7813.75,68.24,1558,2025-04-21 00:32:52.236,
1227,2025-04-21 00:32:42.250157+00,7542.5,68.24,1557,2025-04-21 00:32:40.616,
1226,2025-04-21 00:32:30.635812+00,7661.25,68.36,1556,2025-04-21 00:32:29.056,
1225,2025-04-21 00:32:19.068882+00,7616.25,68.24,1555,2025-04-21 00:32:17.366,
1224,2025-04-21 00:32:07.378583+00,7457.5,68.24,1554,2025-04-21 00:32:05.786,
1223,2025-04-21 00:31:55.798801+00,7875,68.24,1553,2025-04-21 00:31:54.196,
1222,2025-04-21 00:31:44.219435+00,7983.75,68.12,1552,2025-04-21 00:31:42.616,
1221,2025-04-21 00:31:32.631561+00,7942.5,68.12,1551,2025-04-21 00:31:31.056,
1220,2025-04-21 00:31:21.069389+00,7890,68.24,1550,2025-04-21 00:31:19.436,
1219,2025-04-21 00:31:09.444008+00,7783.75,68.12,1549,2025-04-21 00:31:07.826,
1218,2025-04-21 00:30:57.847572+00,7477.5,68.24,1548,2025-04-21 00:30:56.246,
1217,2025-04-21 00:30:46.258829+00,7687.5,67.88,1547,2025-04-21 00:30:44.666,
1216,2025-04-21 00:30:34.680989+00,7663.75,67.88,1546,2025-04-21 00:30:33.006,
1215,2025-04-21 00:30:23.021052+00,7482.5,67.76,1545,2025-04-21 00:30:21.416,
1214,2025-04-21 00:30:11.435129+00,7736.25,67.88,1544,2025-04-21 00:30:09.846,
1213,2025-04-21 00:29:59.857496+00,7815,67.88,1543,2025-04-21 00:29:58.266,
1212,2025-04-21 00:29:48.277517+00,7848.75,68,1542,2025-04-21 00:29:46.666,
1211,2025-04-21 00:29:36.678296+00,7671.25,68.12,1541,2025-04-21 00:29:35.096,
1210,2025-04-21 00:29:25.101721+00,7717.5,68.24,1540,2025-04-21 00:29:23.516,
1209,2025-04-21 00:29:13.535486+00,7967.5,67.88,1539,2025-04-21 00:29:11.916,
1208,2025-04-21 00:29:01.926808+00,7371.25,68.24,1538,2025-04-21 00:29:00.326,
1207,2025-04-21 00:28:50.34253+00,7257.5,68,1537,2025-04-21 00:28:48.656,
1206,2025-04-21 00:28:38.663448+00,7661.25,67.88,1536,2025-04-21 00:28:37.056,
1205,2025-04-21 00:28:27.068354+00,7542.5,67.88,1535,2025-04-21 00:28:25.486,
1204,2025-04-21 00:28:15.493152+00,7657.5,68,1534,2025-04-21 00:28:13.886,
1203,2025-04-21 00:28:03.895383+00,7390,68.48,1533,2025-04-21 00:28:02.266,
1202,2025-04-21 00:27:52.274898+00,7660,68.48,1532,2025-04-21 00:27:50.656,
1201,2025-04-21 00:27:40.670099+00,7666.25,67.88,1531,2025-04-21 00:27:39.086,
1200,2025-04-21 00:27:29.097195+00,7636.25,67.88,1530,2025-04-21 00:27:27.516,
1199,2025-04-21 00:27:17.528537+00,7611.25,67.87,1529,2025-04-21 00:27:15.896,
1198,2025-04-21 00:27:05.908618+00,7388.75,67.88,1528,2025-04-21 00:27:04.256,
1197,2025-04-21 00:26:54.278454+00,7446.25,68.24,1527,2025-04-21 00:26:52.656,
1196,2025-04-21 00:26:42.662076+00,7713.75,68.12,1526,2025-04-21 00:26:41.056,
1195,2025-04-21 00:26:31.068413+00,7337.5,68.24,1525,2025-04-21 00:26:29.486,
1194,2025-04-21 00:26:19.502054+00,7815,68.36,1524,2025-04-21 00:26:17.916,
1193,2025-04-21 00:26:07.931532+00,7712.5,68.24,1523,2025-04-21 00:26:06.326,
1192,2025-04-21 00:25:56.338879+00,7536.25,68.36,1522,2025-04-21 00:25:54.706,
1191,2025-04-21 00:25:44.725885+00,7620,68.36,1521,2025-04-21 00:25:43.136,
1190,2025-04-21 00:25:33.152789+00,7516.25,68.48,1520,2025-04-21 00:25:31.546,
1189,2025-04-21 00:25:21.561498+00,7655,68.24,1519,2025-04-21 00:25:19.906,
1188,2025-04-21 00:25:09.915975+00,7835,68.24,1518,2025-04-21 00:25:08.336,
1187,2025-04-21 00:24:58.355777+00,7776.25,68.24,1517,2025-04-21 00:24:56.756,
1186,2025-04-21 00:24:46.769615+00,7671.25,68.11,1516,2025-04-21 00:24:45.156,
1185,2025-04-21 00:24:35.161629+00,7722.5,68.12,1515,2025-04-21 00:24:33.556,
1184,2025-04-21 00:24:23.562826+00,7580,68.12,1514,2025-04-21 00:24:21.966,
1183,2025-04-21 00:24:11.980844+00,7446.25,68.12,1513,2025-04-21 00:24:10.376,
1182,2025-04-21 00:24:00.386844+00,7405,68.12,1512,2025-04-21 00:23:58.746,
1181,2025-04-21 00:23:48.755207+00,7136.25,68.24,1511,2025-04-21 00:23:47.146,
1180,2025-04-21 00:23:37.160497+00,7053.75,68,1510,2025-04-21 00:23:35.466,
1179,2025-04-21 00:23:25.478767+00,7541.25,67.88,1509,2025-04-21 00:23:23.816,
1178,2025-04-21 00:23:13.805998+00,7613.75,67.64,1508,2025-04-21 00:23:12.186,
1177,2025-04-21 00:23:02.191271+00,7580,67.88,1507,2025-04-21 00:23:00.576,
1176,2025-04-21 00:22:50.587963+00,7491.25,67.88,1506,2025-04-21 00:22:48.857,
1175,2025-04-21 00:22:38.866149+00,7338.75,68.24,1505,2025-04-21 00:22:37.286,
1174,2025-04-21 00:22:27.295396+00,7343.75,68,1504,2025-04-21 00:22:25.696,
1173,2025-04-21 00:22:15.700462+00,7307.5,68.12,1503,2025-04-21 00:22:14.116,
1172,2025-04-21 00:22:04.119123+00,7516.25,67.88,1502,2025-04-21 00:22:02.506,
1171,2025-04-21 00:21:52.512921+00,7731.25,67.76,1501,2025-04-21 00:21:50.906,
1170,2025-04-21 00:21:40.920968+00,7233.75,68,1500,2025-04-21 00:21:39.336,
1169,2025-04-21 00:21:29.348955+00,7321.25,68.12,1499,2025-04-21 00:21:27.746,
1168,2025-04-21 00:21:17.751743+00,7287.5,68,1498,2025-04-21 00:21:16.156,
1167,2025-04-21 00:21:06.168071+00,7723.75,68.24,1497,2025-04-21 00:21:04.526,
1166,2025-04-21 00:20:54.540672+00,7678.75,68,1496,2025-04-21 00:20:52.926,
1165,2025-04-21 00:20:42.945378+00,7751.25,68,1495,2025-04-21 00:20:41.336,
1164,2025-04-21 00:20:31.350687+00,7736.25,67.64,1494,2025-04-21 00:20:29.746,
1163,2025-04-21 00:20:19.759745+00,7670,67.27,1493,2025-04-21 00:20:18.176,
1162,2025-04-21 00:20:08.193675+00,7666.25,67.52,1492,2025-04-21 00:20:06.536,
1161,2025-04-21 00:19:56.54534+00,7290,67.52,1491,2025-04-21 00:19:54.956,
1160,2025-04-21 00:19:44.955992+00,7402.5,67.39,1490,2025-04-21 00:19:43.336,
1159,2025-04-21 00:19:33.352826+00,7148.75,67.27,1489,2025-04-21 00:19:31.766,
1158,2025-04-21 00:19:21.779856+00,7071.25,67.52,1488,2025-04-21 00:19:20.206,
1157,2025-04-21 00:19:10.212814+00,7626.25,67.39,1487,2025-04-21 00:19:08.616,
1156,2025-04-21 00:18:58.62326+00,7737.5,67.39,1486,2025-04-21 00:18:57.026,
1155,2025-04-21 00:18:47.038275+00,7761.25,67.15,1485,2025-04-21 00:18:45.446,
1154,2025-04-21 00:18:35.460869+00,7318.75,67.15,1484,2025-04-21 00:18:33.866,
1153,2025-04-21 00:18:23.871955+00,7545,67.15,1483,2025-04-21 00:18:22.186,
1152,2025-04-21 00:18:12.199041+00,7346.25,67.27,1482,2025-04-21 00:18:10.616,
1151,2025-04-21 00:18:00.610191+00,7465,67.15,1481,2025-04-21 00:17:59.026,
1150,2025-04-21 00:17:49.040855+00,7552.5,67.52,1480,2025-04-21 00:17:47.446,
1149,2025-04-21 00:17:37.455553+00,7521.25,67.76,1479,2025-04-21 00:17:35.866,
1148,2025-04-21 00:17:25.879534+00,7592.5,67.76,1478,2025-04-21 00:17:24.296,
1147,2025-04-21 00:17:14.289762+00,7655,67.76,1477,2025-04-21 00:17:12.696,
1146,2025-04-21 00:17:02.708621+00,7868.75,67.64,1476,2025-04-21 00:17:01.126,
1145,2025-04-21 00:16:51.137992+00,7778.75,67.64,1475,2025-04-21 00:16:49.566,
1144,2025-04-21 00:16:39.572698+00,7533.75,67.64,1474,2025-04-21 00:16:37.806,
1143,2025-04-21 00:16:27.800483+00,7495,67.52,1473,2025-04-21 00:16:26.196,
1142,2025-04-21 00:16:16.199588+00,7480,67.76,1472,2025-04-21 00:16:14.366,
1141,2025-04-21 00:16:04.380835+00,7617.5,67.76,1471,2025-04-21 00:16:02.766,
1140,2025-04-21 00:15:52.773466+00,7378.75,67.76,1470,2025-04-21 00:15:51.156,
1139,2025-04-21 00:15:41.16471+00,7627.5,67.64,1469,2025-04-21 00:15:39.556,
1138,2025-04-21 00:15:29.567299+00,7127.5,67.76,1468,2025-04-21 00:15:27.966,
1137,2025-04-21 00:15:17.974981+00,7358.75,67.88,1467,2025-04-21 00:15:16.386,
1136,2025-04-21 00:15:06.379781+00,7671.25,67.88,1466,2025-04-21 00:15:04.746,
1135,2025-04-21 00:14:54.696389+00,7868.75,67.76,1465,2025-04-21 00:14:53.016,
1134,2025-04-21 00:14:43.020701+00,7793.75,68.24,1464,2025-04-21 00:14:41.416,
1133,2025-04-21 00:14:31.424569+00,7398.75,68.36,1463,2025-04-21 00:14:29.826,
1132,2025-04-21 00:14:19.836439+00,7648.75,68.36,1462,2025-04-21 00:14:18.226,
1131,2025-04-21 00:14:08.236964+00,7881.25,68.48,1461,2025-04-21 00:14:06.656,
1130,2025-04-21 00:13:56.658338+00,7627.5,68.73,1460,2025-04-21 00:13:55.036,
1129,2025-04-21 00:13:45.042128+00,7445,68.48,1459,2025-04-21 00:13:43.446,
1128,2025-04-21 00:13:33.456757+00,7937.5,68.61,1458,2025-04-21 00:13:31.876,
1127,2025-04-21 00:13:21.881168+00,7805,68.73,1457,2025-04-21 00:13:20.296,
1126,2025-04-21 00:13:10.300022+00,7616.25,68.24,1456,2025-04-21 00:13:08.616,
1125,2025-04-21 00:12:58.623907+00,7812.5,68.24,1455,2025-04-21 00:12:57.056,
1124,2025-04-21 00:12:47.062449+00,7636.25,68.12,1454,2025-04-21 00:12:45.476,
1123,2025-04-21 00:12:35.486753+00,7698.75,68.12,1453,2025-04-21 00:12:33.906,
1122,2025-04-21 00:12:23.906975+00,7300,67.88,1452,2025-04-21 00:12:22.316,
1121,2025-04-21 00:12:12.325766+00,7641.25,67.88,1451,2025-04-21 00:12:10.716,
1120,2025-04-21 00:12:00.723101+00,7725,67.88,1450,2025-04-21 00:11:59.146,
1119,2025-04-21 00:11:49.134649+00,7331.25,67.76,1449,2025-04-21 00:11:47.536,
1118,2025-04-21 00:11:37.522968+00,7606.25,68,1448,2025-04-21 00:11:35.926,
1117,2025-04-21 00:11:25.932158+00,7152.5,67.52,1447,2025-04-21 00:11:24.326,
1116,2025-04-21 00:11:14.327043+00,7598.75,67.76,1446,2025-04-21 00:11:12.716,
1115,2025-04-21 00:11:02.696052+00,7306.25,67.39,1445,2025-04-21 00:11:01.100,
1114,2025-04-21 00:10:51.091986+00,7521.25,67.39,1444,2025-04-21 00:10:49.486,
1113,2025-04-21 00:10:39.499389+00,7096.25,67.64,1443,2025-04-21 00:10:37.916,
1112,2025-04-21 00:10:27.918303+00,7493.75,67.64,1442,2025-04-21 00:10:26.316,
1111,2025-04-21 00:10:16.316092+00,7950,67.39,1441,2025-04-21 00:10:14.746,
1110,2025-04-21 00:10:04.736493+00,7511.25,67.64,1440,2025-04-21 00:10:03.146,
1109,2025-04-21 00:09:53.154727+00,7228.75,67.27,1439,2025-04-21 00:09:51.556,
1108,2025-04-21 00:09:41.547945+00,7548.75,67.39,1438,2025-04-21 00:09:39.956,
1107,2025-04-21 00:09:29.965976+00,7427.5,67.52,1437,2025-04-21 00:09:28.346,
1106,2025-04-21 00:09:18.349531+00,7353.75,67.39,1436,2025-04-21 00:09:16.756,
1105,2025-04-21 00:09:06.760077+00,7222.5,67.27,1435,2025-04-21 00:09:05.166,
1104,2025-04-21 00:08:55.172543+00,7432.5,68,1434,2025-04-21 00:08:53.576,
1103,2025-04-21 00:08:43.576649+00,7436.25,67.52,1433,2025-04-21 00:08:41.996,
1102,2025-04-21 00:08:31.993946+00,7408.75,67.88,1432,2025-04-21 00:08:30.416,
1101,2025-04-21 00:08:20.427543+00,7477.5,67.88,1431,2025-04-21 00:08:18.816,
1100,2025-04-21 00:08:08.818422+00,7213.75,67.88,1430,2025-04-21 00:08:07.236,
1099,2025-04-21 00:07:57.236731+00,7252.5,67.76,1429,2025-04-21 00:07:55.666,
1098,2025-04-21 00:07:45.671298+00,7243.75,67.76,1428,2025-04-21 00:07:44.106,
1097,2025-04-21 00:07:34.115694+00,7751.25,68.12,1427,2025-04-21 00:07:32.536,
1096,2025-04-21 00:07:22.542697+00,7420,68,1426,2025-04-21 00:07:20.946,
1095,2025-04-21 00:07:10.952238+00,7452.5,68,1425,2025-04-21 00:07:09.366,
1094,2025-04-21 00:06:59.369444+00,7556.25,68,1424,2025-04-21 00:06:57.792,
1093,2025-04-21 00:06:47.779947+00,7532.5,67.88,1423,2025-04-21 00:06:46.176,
1092,2025-04-21 00:06:36.176501+00,7372.5,68,1422,2025-04-21 00:06:34.566,
1091,2025-04-21 00:06:24.565397+00,7165,67.88,1421,2025-04-21 00:06:22.986,
1090,2025-04-21 00:06:12.985473+00,7162.5,67.76,1420,2025-04-21 00:06:11.376,
1089,2025-04-21 00:06:01.364934+00,7816.25,67.51,1419,2025-04-21 00:05:59.736,
1088,2025-04-21 00:05:49.742514+00,7565,67.03,1418,2025-04-21 00:05:48.146,
1087,2025-04-21 00:05:38.122285+00,7266.25,67.27,1417,2025-04-21 00:05:36.516,
1086,2025-04-21 00:05:26.508938+00,7462.5,67.27,1416,2025-04-21 00:05:24.936,
1085,2025-04-21 00:05:14.938365+00,7357.5,67.27,1415,2025-04-21 00:05:13.356,
1084,2025-04-21 00:05:03.356158+00,7357.5,67.63,1414,2025-04-21 00:05:01.776,
1083,2025-04-21 00:04:51.778792+00,7627.5,67.76,1413,2025-04-21 00:04:50.176,
1082,2025-04-21 00:04:40.183974+00,7368.75,67.03,1412,2025-04-21 00:04:38.596,
1081,2025-04-21 00:04:28.586833+00,7516.25,67.03,1411,2025-04-21 00:04:27.006,
1080,2025-04-21 00:04:17.008039+00,7640,67.15,1410,2025-04-21 00:04:15.376,
1079,2025-04-21 00:04:05.379234+00,7268.75,67.15,1409,2025-04-21 00:04:03.706,
1078,2025-04-21 00:03:53.710369+00,7263.75,67.64,1408,2025-04-21 00:03:52.136,
1077,2025-04-21 00:03:42.138084+00,7385,67.39,1407,2025-04-21 00:03:40.566,
1076,2025-04-21 00:03:30.563176+00,7765,67.15,1406,2025-04-21 00:03:28.966,
1075,2025-04-21 00:03:18.959139+00,7778.75,67.64,1405,2025-04-21 00:03:17.346,
1074,2025-04-21 00:03:07.345848+00,7811.25,67.64,1404,2025-04-21 00:03:05.756,
1073,2025-04-21 00:02:55.759751+00,7355,67.27,1403,2025-04-21 00:02:54.176,
1072,2025-04-21 00:02:44.166509+00,7581.25,67.76,1402,2025-04-21 00:02:42.556,
1071,2025-04-21 00:02:32.555973+00,7378.75,67.39,1401,2025-04-21 00:02:30.986,
1070,2025-04-21 00:02:20.987139+00,7698.75,67.15,1400,2025-04-21 00:02:19.406,
1069,2025-04-21 00:02:09.401195+00,7587.5,67.27,1399,2025-04-21 00:02:07.806,
1068,2025-04-21 00:01:57.806547+00,7371.25,67.03,1398,2025-04-21 00:01:56.226,
1067,2025-04-21 00:01:46.227715+00,7871.25,67.39,1397,2025-04-21 00:01:44.626,
1066,2025-04-21 00:01:34.629978+00,7640,67.52,1396,2025-04-21 00:01:33.076,
1065,2025-04-21 00:01:23.071573+00,6943.75,67.52,1395,2025-04-21 00:01:21.486,
1064,2025-04-21 00:01:11.48657+00,7538.75,67.76,1394,2025-04-21 00:01:09.906,
1063,2025-04-21 00:00:59.901609+00,7662.5,68.12,1393,2025-04-21 00:00:58.306,
1062,2025-04-21 00:00:48.308512+00,7373.75,68.12,1392,2025-04-21 00:00:46.726,
1061,2025-04-21 00:00:36.725334+00,7748.75,67.88,1391,2025-04-21 00:00:35.126,
1060,2025-04-21 00:00:25.124254+00,7588.75,68.24,1390,2025-04-21 00:00:23.536,
1059,2025-04-21 00:00:13.524249+00,7571.25,68,1389,2025-04-21 00:00:11.916,
1058,2025-04-21 00:00:01.914761+00,7572.5,68,1388,2025-04-21 00:00:00.326,
1057,2025-04-20 23:59:50.326098+00,7832.5,68,1387,2025-04-20 23:59:48.736,
1056,2025-04-20 23:59:38.73793+00,8058.75,68.48,1386,2025-04-20 23:59:37.146,
1055,2025-04-20 23:59:27.145903+00,7283.75,68.36,1385,2025-04-20 23:59:25.566,
1054,2025-04-20 23:59:15.567892+00,7758.75,68.36,1384,2025-04-20 23:59:13.916,
1053,2025-04-20 23:59:03.913506+00,7213.75,68.24,1383,2025-04-20 23:59:02.336,
1052,2025-04-20 23:58:52.332601+00,7696.25,68.12,1382,2025-04-20 23:58:50.746,
1051,2025-04-20 23:58:40.733238+00,7543.75,68.24,1381,2025-04-20 23:58:39.156,
1050,2025-04-20 23:58:29.139878+00,7990,68,1380,2025-04-20 23:58:27.546,
1049,2025-04-20 23:58:17.541724+00,7633.75,68,1379,2025-04-20 23:58:15.986,
1048,2025-04-20 23:58:05.981128+00,7198.75,68.24,1378,2025-04-20 23:58:04.406,
1047,2025-04-20 23:57:54.404018+00,7952.5,67.88,1377,2025-04-20 23:57:52.806,
1046,2025-04-20 23:57:42.811385+00,8012.5,67.76,1376,2025-04-20 23:57:41.226,
1045,2025-04-20 23:57:31.226376+00,7711.25,67.88,1375,2025-04-20 23:57:29.566,
1044,2025-04-20 23:57:19.563439+00,7492.5,67.76,1374,2025-04-20 23:57:17.996,
1043,2025-04-20 23:57:08.000715+00,7626.25,67.88,1373,2025-04-20 23:57:06.436,
1042,2025-04-20 23:56:56.434727+00,7851.25,67.88,1372,2025-04-20 23:56:54.856,
1041,2025-04-20 23:56:44.857328+00,7746.25,68,1371,2025-04-20 23:56:43.286,
1040,2025-04-20 23:56:33.28481+00,8043.75,68.12,1370,2025-04-20 23:56:31.696,
1039,2025-04-20 23:56:21.689601+00,7341.25,67.64,1369,2025-04-20 23:56:20.116,
1038,2025-04-20 23:56:10.115465+00,7673.75,67.88,1368,2025-04-20 23:56:08.546,
1037,2025-04-20 23:55:58.535805+00,7785,68.24,1367,2025-04-20 23:55:56.936,
1036,2025-04-20 23:55:46.933957+00,7338.75,67.88,1366,2025-04-20 23:55:45.256,
1035,2025-04-20 23:55:35.248048+00,7667.5,68.12,1365,2025-04-20 23:55:33.676,
1034,2025-04-20 23:55:23.676202+00,7491.25,68.12,1364,2025-04-20 23:55:22.106,
1033,2025-04-20 23:55:12.107556+00,7601.25,67.64,1363,2025-04-20 23:55:10.546,
1032,2025-04-20 23:55:00.542016+00,7288.75,67.52,1362,2025-04-20 23:54:58.966,
1031,2025-04-20 23:54:48.964883+00,7713.75,67.64,1361,2025-04-20 23:54:47.396,
1030,2025-04-20 23:54:37.391+00,7317.5,67.39,1360,2025-04-20 23:54:35.816,
1029,2025-04-20 23:54:25.813008+00,7406.25,67.39,1359,2025-04-20 23:54:24.236,
1028,2025-04-20 23:54:14.238124+00,7943.75,67.52,1358,2025-04-20 23:54:12.666,
1027,2025-04-20 23:54:02.660513+00,7886.25,67.39,1357,2025-04-20 23:54:01.096,
1026,2025-04-20 23:53:51.090781+00,7568.75,67.15,1356,2025-04-20 23:53:49.506,
1025,2025-04-20 23:53:39.504341+00,7180,67.03,1355,2025-04-20 23:53:37.916,
1024,2025-04-20 23:53:27.913302+00,7358.75,67.52,1354,2025-04-20 23:53:26.336,
1023,2025-04-20 23:53:16.330948+00,7705,67.39,1353,2025-04-20 23:53:14.606,
1022,2025-04-20 23:53:04.603162+00,7620,67.52,1352,2025-04-20 23:53:03.036,
1021,2025-04-20 23:52:53.035427+00,7475,68,1351,2025-04-20 23:52:51.476,
1020,2025-04-20 23:52:41.473726+00,7893.75,67.76,1350,2025-04-20 23:52:39.896,
1019,2025-04-20 23:52:29.897728+00,7602.5,67.64,1349,2025-04-20 23:52:28.316,
1018,2025-04-20 23:52:18.313541+00,7857.5,67.76,1348,2025-04-20 23:52:16.736,
1017,2025-04-20 23:52:06.73095+00,7605,67.76,1347,2025-04-20 23:52:05.136,
1016,2025-04-20 23:51:55.124718+00,7313.75,67.39,1346,2025-04-20 23:51:53.546,
1015,2025-04-20 23:51:43.544729+00,7368.75,67.39,1345,2025-04-20 23:51:41.926,
1014,2025-04-20 23:51:31.918266+00,7352.5,67.39,1344,2025-04-20 23:51:30.326,
1013,2025-04-20 23:51:20.317821+00,7586.25,67.39,1343,2025-04-20 23:51:18.756,
1012,2025-04-20 23:51:08.742161+00,7695,67.27,1342,2025-04-20 23:51:07.166,
1011,2025-04-20 23:50:57.166336+00,7250,67.03,1341,2025-04-20 23:50:55.566,
1010,2025-04-20 23:50:45.551994+00,7847.5,67.52,1340,2025-04-20 23:50:43.966,
1009,2025-04-20 23:50:33.965037+00,7670,67.27,1339,2025-04-20 23:50:32.326,
1008,2025-04-20 23:50:22.319512+00,7535,67.52,1338,2025-04-20 23:50:20.746,
1007,2025-04-20 23:50:10.734709+00,7702.5,67.52,1337,2025-04-20 23:50:09.156,
1006,2025-04-20 23:49:59.152802+00,7252.5,66.91,1336,2025-04-20 23:49:57.576,
1005,2025-04-20 23:49:47.569375+00,7450,67.27,1335,2025-04-20 23:49:46.006,
1004,2025-04-20 23:49:35.977447+00,7670,67.15,1334,2025-04-20 23:49:34.396,
1003,2025-04-20 23:49:24.389962+00,7206.25,67.15,1333,2025-04-20 23:49:22.796,
1002,2025-04-20 23:49:12.78639+00,7697.5,67.52,1332,2025-04-20 23:49:11.196,
1001,2025-04-20 23:49:01.193198+00,7493.75,67.15,1331,2025-04-20 23:48:59.596,
1000,2025-04-20 23:48:49.592171+00,7527.5,67.27,1330,2025-04-20 23:48:47.896,
999,2025-04-20 23:48:37.884409+00,7810,67.52,1329,2025-04-20 23:48:36.276,
998,2025-04-20 23:48:26.27182+00,7723.75,67.27,1328,2025-04-20 23:48:24.686,
997,2025-04-20 23:48:14.685878+00,7937.5,67.27,1327,2025-04-20 23:48:13.056,
996,2025-04-20 23:48:03.052094+00,7975,67.27,1326,2025-04-20 23:48:01.426,
995,2025-04-20 23:47:51.411686+00,7548.75,67.27,1325,2025-04-20 23:47:49.826,
994,2025-04-20 23:47:39.818483+00,7066.25,67.39,1324,2025-04-20 23:47:38.186,
993,2025-04-20 23:47:28.182103+00,7342.5,67.39,1323,2025-04-20 23:47:26.616,
992,2025-04-20 23:47:16.613962+00,7782.5,67.52,1322,2025-04-20 23:47:15.006,
991,2025-04-20 23:47:04.999136+00,7401.25,67.15,1321,2025-04-20 23:47:03.346,
990,2025-04-20 23:46:53.339417+00,7163.75,67.27,1320,2025-04-20 23:46:51.766,
989,2025-04-20 23:46:41.759887+00,7583.75,67.39,1319,2025-04-20 23:46:40.186,
988,2025-04-20 23:46:30.167212+00,7536.25,67.52,1318,2025-04-20 23:46:28.556,
987,2025-04-20 23:46:18.548738+00,7770,67.64,1317,2025-04-20 23:46:16.986,
986,2025-04-20 23:46:06.971735+00,7733.75,67.64,1316,2025-04-20 23:46:05.396,
985,2025-04-20 23:45:55.391812+00,7560,67.39,1315,2025-04-20 23:45:53.766,
984,2025-04-20 23:45:43.724346+00,7590,67.39,1314,2025-04-20 23:45:42.136,
983,2025-04-20 23:45:32.133249+00,7792.5,67.39,1313,2025-04-20 23:45:30.536,
982,2025-04-20 23:45:20.528621+00,7906.25,67.52,1312,2025-04-20 23:45:18.876,
981,2025-04-20 23:45:08.869706+00,7350,67.27,1311,2025-04-20 23:45:07.276,
980,2025-04-20 23:44:57.273702+00,7921.25,67.03,1310,2025-04-20 23:44:55.696,
979,2025-04-20 23:44:45.691733+00,8015,67.64,1309,2025-04-20 23:44:44.136,
978,2025-04-20 23:44:34.127291+00,7183.75,67.76,1308,2025-04-20 23:44:32.546,
977,2025-04-20 23:44:22.537701+00,7240,67.64,1307,2025-04-20 23:44:20.966,
976,2025-04-20 23:44:10.960091+00,7497.5,67.64,1306,2025-04-20 23:44:09.396,
975,2025-04-20 23:43:59.368519+00,7253.75,67.76,1305,2025-04-20 23:43:57.806,
974,2025-04-20 23:43:47.772904+00,7422.5,67.76,1304,2025-04-20 23:43:46.196,
973,2025-04-20 23:43:36.187158+00,7598.75,67.03,1303,2025-04-20 23:43:34.456,
972,2025-04-20 23:43:24.420654+00,7282.5,67.64,1302,2025-04-20 23:43:22.816,
971,2025-04-20 23:43:12.815377+00,7192.5,67.03,1301,2025-04-20 23:43:11.256,
970,2025-04-20 23:43:01.254379+00,7488.75,67.15,1300,2025-04-20 23:42:59.696,
969,2025-04-20 23:42:49.695528+00,7252.5,67.27,1299,2025-04-20 23:42:48.136,
968,2025-04-20 23:42:38.133073+00,7731.25,67.03,1298,2025-04-20 23:42:36.516,
967,2025-04-20 23:42:26.498651+00,7830,67.27,1297,2025-04-20 23:42:24.926,
966,2025-04-20 23:42:14.921039+00,7096.25,67.27,1296,2025-04-20 23:42:13.346,
965,2025-04-20 23:42:03.332073+00,7442.5,67.27,1295,2025-04-20 23:42:01.696,
964,2025-04-20 23:41:51.669397+00,7827.5,67.15,1294,2025-04-20 23:41:50.006,
963,2025-04-20 23:41:39.999114+00,7985,67.03,1293,2025-04-20 23:41:38.426,
962,2025-04-20 23:41:28.417822+00,7868.75,67.15,1292,2025-04-20 23:41:26.856,
961,2025-04-20 23:41:16.849883+00,7767.5,67.15,1291,2025-04-20 23:41:15.286,
960,2025-04-20 23:41:05.277626+00,7453.75,66.79,1290,2025-04-20 23:41:03.686,
959,2025-04-20 23:40:53.669678+00,7268.75,66.79,1289,2025-04-20 23:40:52.096,
958,2025-04-20 23:40:42.08154+00,7103.75,67.03,1288,2025-04-20 23:40:40.516,
957,2025-04-20 23:40:30.508501+00,7611.25,67.15,1287,2025-04-20 23:40:28.946,
956,2025-04-20 23:40:18.940867+00,7336.25,66.91,1286,2025-04-20 23:40:17.376,
955,2025-04-20 23:40:07.366651+00,7217.5,67.27,1285,2025-04-20 23:40:05.796,
954,2025-04-20 23:39:55.796505+00,7661.25,67.03,1284,2025-04-20 23:39:54.149,
953,2025-04-20 23:39:44.202446+00,7326.25,66.91,1283,2025-04-20 23:39:42.529,
952,2025-04-20 23:39:32.564068+00,7646.25,67.15,1282,2025-04-20 23:39:30.889,
951,2025-04-20 23:39:20.929749+00,7847.5,67.15,1281,2025-04-20 23:39:19.279,
950,2025-04-20 23:39:09.333198+00,7670,67.52,1280,2025-04-20 23:39:07.699,
949,2025-04-20 23:38:57.754147+00,7825,67.03,1279,2025-04-20 23:38:56.129,
948,2025-04-20 23:38:46.170766+00,7481.25,67.15,1278,2025-04-20 23:38:44.519,
947,2025-04-20 23:38:34.572623+00,7823.75,67.03,1277,2025-04-20 23:38:32.944,
946,2025-04-20 23:38:22.998742+00,7757.5,67.27,1276,2025-04-20 23:38:20.419,
945,2025-04-20 23:38:10.466376+00,7616.25,67.15,1275,2025-04-20 23:38:08.839,
944,2025-04-20 23:37:58.890036+00,6951.25,67.39,1274,2025-04-20 23:37:57.259,
943,2025-04-20 23:37:47.313046+00,7275,67.27,1273,2025-04-20 23:37:45.629,
942,2025-04-20 23:37:35.682011+00,7061.25,67.15,1272,2025-04-20 23:37:34.019,
941,2025-04-20 23:37:24.071256+00,7185,67.03,1271,2025-04-20 23:37:22.459,
940,2025-04-20 23:37:12.512263+00,6890,67.15,1270,2025-04-20 23:37:10.889,
939,2025-04-20 23:37:00.941844+00,7122.5,67.03,1269,2025-04-20 23:36:59.319,
938,2025-04-20 23:36:49.372884+00,6802.5,66.67,1268,2025-04-20 23:36:47.729,
937,2025-04-20 23:36:37.78268+00,7500,66.91,1267,2025-04-20 23:36:36.099,
936,2025-04-20 23:36:26.135085+00,7711.25,66.79,1266,2025-04-20 23:36:24.509,
935,2025-04-20 23:36:14.560336+00,7587.5,67.03,1265,2025-04-20 23:36:12.939,
934,2025-04-20 23:36:02.984474+00,7320,67.27,1264,2025-04-20 23:36:01.339,
933,2025-04-20 23:35:51.371385+00,7401.25,67.03,1263,2025-04-20 23:35:49.679,
932,2025-04-20 23:35:39.728172+00,7453.75,67.03,1262,2025-04-20 23:35:38.119,
931,2025-04-20 23:35:28.163248+00,7211.25,66.91,1261,2025-04-20 23:35:26.559,
930,2025-04-20 23:35:16.597649+00,7363.75,66.79,1260,2025-04-20 23:35:14.949,
929,2025-04-20 23:35:04.994377+00,7488.75,67.15,1259,2025-04-20 23:35:03.369,
928,2025-04-20 23:34:53.415003+00,7590,66.79,1258,2025-04-20 23:34:51.639,
927,2025-04-20 23:34:41.68318+00,7616.25,66.91,1257,2025-04-20 23:34:40.069,
926,2025-04-20 23:34:30.112342+00,7742.5,66.91,1256,2025-04-20 23:34:28.479,
925,2025-04-20 23:34:18.524029+00,7206.25,66.67,1255,2025-04-20 23:34:16.849,
924,2025-04-20 23:34:06.897623+00,7812.5,66.55,1254,2025-04-20 23:34:05.269,
923,2025-04-20 23:33:55.314913+00,7781.25,66.42,1253,2025-04-20 23:33:53.679,
922,2025-04-20 23:33:43.729063+00,7643.75,66.3,1252,2025-04-20 23:33:42.114,
921,2025-04-20 23:33:32.157205+00,6925,66.42,1251,2025-04-20 23:33:30.499,
920,2025-04-20 23:33:20.545232+00,7925,66.67,1250,2025-04-20 23:33:18.899,
919,2025-04-20 23:33:08.940806+00,7337.5,66.67,1249,2025-04-20 23:33:07.269,
918,2025-04-20 23:32:57.316867+00,6943.75,66.55,1248,2025-04-20 23:32:55.689,
917,2025-04-20 23:32:45.728197+00,7452.5,66.55,1247,2025-04-20 23:32:44.059,
916,2025-04-20 23:32:34.10197+00,7333.75,66.91,1246,2025-04-20 23:32:32.479,
915,2025-04-20 23:32:22.508145+00,7501.25,66.79,1245,2025-04-20 23:32:20.889,
914,2025-04-20 23:32:10.939525+00,7372.5,66.42,1244,2025-04-20 23:32:09.319,
913,2025-04-20 23:31:59.346379+00,7326.25,66.55,1243,2025-04-20 23:31:57.709,
912,2025-04-20 23:31:47.74343+00,7121.25,66.55,1242,2025-04-20 23:31:46.099,
911,2025-04-20 23:31:36.140774+00,7380,66.42,1241,2025-04-20 23:31:34.489,
910,2025-04-20 23:31:24.533122+00,7396.25,66.79,1240,2025-04-20 23:31:22.839,
909,2025-04-20 23:31:12.888415+00,7357.5,66.91,1239,2025-04-20 23:31:11.269,
908,2025-04-20 23:31:01.31871+00,7611.25,66.42,1238,2025-04-20 23:30:59.689,
907,2025-04-20 23:30:49.739824+00,7208.75,66.42,1237,2025-04-20 23:30:48.089,
906,2025-04-20 23:30:38.122792+00,7547.5,66.3,1236,2025-04-20 23:30:36.489,
905,2025-04-20 23:30:26.53251+00,7875,66.42,1235,2025-04-20 23:30:24.899,
904,2025-04-20 23:30:14.93543+00,7618.75,66.3,1234,2025-04-20 23:30:13.299,
903,2025-04-20 23:30:03.335537+00,7000,66.3,1233,2025-04-20 23:30:01.709,
902,2025-04-20 23:29:51.759305+00,7501.25,66.3,1232,2025-04-20 23:29:50.139,
901,2025-04-20 23:29:40.134116+00,7286.25,66.3,1231,2025-04-20 23:29:38.509,
900,2025-04-20 23:29:28.549813+00,7206.25,66.42,1230,2025-04-20 23:29:26.879,
899,2025-04-20 23:29:16.925224+00,7787.5,66.3,1229,2025-04-20 23:29:15.299,
898,2025-04-20 23:29:05.341992+00,7328.75,66.18,1228,2025-04-20 23:29:03.709,
897,2025-04-20 23:28:53.752663+00,7172.5,66.18,1227,2025-04-20 23:28:52.109,
896,2025-04-20 23:28:42.157323+00,7438.75,66.42,1226,2025-04-20 23:28:40.539,
895,2025-04-20 23:28:30.581182+00,7805,66.42,1225,2025-04-20 23:28:28.959,
894,2025-04-20 23:28:19.006776+00,7218.75,66.3,1224,2025-04-20 23:28:17.369,
893,2025-04-20 23:28:07.415146+00,7412.5,66.42,1223,2025-04-20 23:28:05.809,
892,2025-04-20 23:27:55.857644+00,7900,66.91,1222,2025-04-20 23:27:54.119,
891,2025-04-20 23:27:44.157748+00,7367.5,66.67,1221,2025-04-20 23:27:42.529,
890,2025-04-20 23:27:32.56679+00,7248.75,66.91,1220,2025-04-20 23:27:30.909,
889,2025-04-20 23:27:20.946976+00,7632.5,66.42,1219,2025-04-20 23:27:19.319,
888,2025-04-20 23:27:09.364086+00,7777.5,66.79,1218,2025-04-20 23:27:07.719,
887,2025-04-20 23:26:57.769671+00,7258.75,66.91,1217,2025-04-20 23:26:56.149,
886,2025-04-20 23:26:46.186282+00,7610,66.55,1216,2025-04-20 23:26:44.549,
885,2025-04-20 23:26:34.58196+00,7786.25,66.42,1215,2025-04-20 23:26:32.979,
884,2025-04-20 23:26:23.020026+00,7531.25,66.3,1214,2025-04-20 23:26:21.369,
883,2025-04-20 23:26:11.403807+00,7408.75,66.3,1213,2025-04-20 23:26:09.699,
882,2025-04-20 23:25:59.736593+00,7821.25,66.79,1212,2025-04-20 23:25:58.089,
881,2025-04-20 23:25:48.135056+00,7542.5,66.91,1211,2025-04-20 23:25:46.489,
880,2025-04-20 23:25:36.528328+00,7410,66.42,1210,2025-04-20 23:25:34.879,
879,2025-04-20 23:25:24.928076+00,7015,66.91,1209,2025-04-20 23:25:23.299,
878,2025-04-20 23:25:13.339941+00,7415,67.03,1208,2025-04-20 23:25:11.719,
877,2025-04-20 23:25:01.755497+00,7613.75,66.79,1207,2025-04-20 23:25:00.139,
876,2025-04-20 23:24:50.181914+00,7251.25,66.91,1206,2025-04-20 23:24:48.559,
875,2025-04-20 23:24:38.602644+00,7661.25,66.67,1205,2025-04-20 23:24:36.979,
874,2025-04-20 23:24:27.015105+00,7631.25,66.91,1204,2025-04-20 23:24:25.319,
873,2025-04-20 23:24:15.361519+00,7023.75,67.15,1203,2025-04-20 23:24:13.719,
872,2025-04-20 23:24:03.762645+00,7792.5,66.91,1202,2025-04-20 23:24:02.113,
871,2025-04-20 23:23:52.147823+00,7741.25,66.67,1201,2025-04-20 23:23:50.499,
870,2025-04-20 23:23:40.5381+00,7750,66.55,1200,2025-04-20 23:23:38.919,
869,2025-04-20 23:23:28.962464+00,8093.75,66.67,1199,2025-04-20 23:23:27.359,
868,2025-04-20 23:23:17.403275+00,7670,66.67,1198,2025-04-20 23:23:15.729,
867,2025-04-20 23:23:05.76887+00,7716.25,66.79,1197,2025-04-20 23:23:04.129,
866,2025-04-20 23:22:54.166743+00,7762.5,67.03,1196,2025-04-20 23:22:52.519,
865,2025-04-20 23:22:42.551016+00,7620,67.27,1195,2025-04-20 23:22:40.819,
864,2025-04-20 23:22:30.854189+00,7486.25,66.91,1194,2025-04-20 23:22:29.209,
863,2025-04-20 23:22:19.260671+00,7611.25,66.79,1193,2025-04-20 23:22:17.649,
862,2025-04-20 23:22:07.690338+00,7526.25,67.03,1192,2025-04-20 23:22:06.039,
861,2025-04-20 23:21:56.07993+00,7885,66.91,1191,2025-04-20 23:21:54.439,
860,2025-04-20 23:21:44.485323+00,7188.75,66.79,1190,2025-04-20 23:21:42.849,
859,2025-04-20 23:21:32.890856+00,7222.5,66.79,1189,2025-04-20 23:21:31.259,
858,2025-04-20 23:21:21.297122+00,7855,67.03,1188,2025-04-20 23:21:19.669,
857,2025-04-20 23:21:09.709471+00,7458.75,67.03,1187,2025-04-20 23:21:08.049,
856,2025-04-20 23:20:58.096471+00,6893.75,66.91,1186,2025-04-20 23:20:56.399,
855,2025-04-20 23:20:46.443425+00,7161.25,66.91,1185,2025-04-20 23:20:44.739,
854,2025-04-20 23:20:34.782128+00,7421.25,67.03,1184,2025-04-20 23:20:33.159,
853,2025-04-20 23:20:23.200936+00,7333.75,66.91,1183,2025-04-20 23:20:21.569,
852,2025-04-20 23:20:11.606417+00,7108.75,66.91,1182,2025-04-20 23:20:09.979,
851,2025-04-20 23:20:00.023159+00,7585,67.15,1181,2025-04-20 23:19:58.399,
850,2025-04-20 23:19:48.437663+00,7832.5,67.03,1180,2025-04-20 23:19:46.819,
849,2025-04-20 23:19:36.861968+00,7682.5,66.91,1179,2025-04-20 23:19:35.239,
848,2025-04-20 23:19:25.277256+00,7466.25,67.15,1178,2025-04-20 23:19:23.619,
847,2025-04-20 23:19:13.661989+00,7936.25,66.79,1177,2025-04-20 23:19:11.949,
846,2025-04-20 23:19:01.989856+00,7986.25,66.79,1176,2025-04-20 23:19:00.349,
845,2025-04-20 23:18:50.392121+00,7482.5,66.67,1175,2025-04-20 23:18:48.759,
844,2025-04-20 23:18:38.797869+00,7556.25,66.79,1174,2025-04-20 23:18:37.179,
843,2025-04-20 23:18:27.218529+00,7548.75,66.91,1173,2025-04-20 23:18:25.599,
842,2025-04-20 23:18:15.634802+00,7353.75,66.55,1172,2025-04-20 23:18:14.009,
841,2025-04-20 23:18:04.053913+00,8016.25,66.67,1171,2025-04-20 23:18:02.419,
840,2025-04-20 23:17:52.465017+00,7898.75,66.55,1170,2025-04-20 23:17:50.829,
839,2025-04-20 23:17:40.869775+00,7860,66.18,1169,2025-04-20 23:17:39.249,
838,2025-04-20 23:17:29.283333+00,7351.25,66.3,1168,2025-04-20 23:17:27.569,
837,2025-04-20 23:17:17.61069+00,7301.25,66.3,1167,2025-04-20 23:17:15.989,
836,2025-04-20 23:17:06.021085+00,7486.25,66.3,1166,2025-04-20 23:17:04.399,
835,2025-04-20 23:16:54.430571+00,7343.75,66.42,1165,2025-04-20 23:16:52.789,
834,2025-04-20 23:16:42.83312+00,6720,66.42,1164,2025-04-20 23:16:41.209,
833,2025-04-20 23:16:31.247988+00,7603.75,66.67,1163,2025-04-20 23:16:29.629,
832,2025-04-20 23:16:19.666355+00,7507.5,66.42,1162,2025-04-20 23:16:18.029,
831,2025-04-20 23:16:08.072018+00,7621.25,66.3,1161,2025-04-20 23:16:06.459,
830,2025-04-20 23:15:56.501529+00,7177.5,66.3,1160,2025-04-20 23:15:54.869,
829,2025-04-20 23:15:44.910086+00,7690,66.18,1159,2025-04-20 23:15:43.169,
828,2025-04-20 23:15:33.208896+00,7767.5,66.3,1158,2025-04-20 23:15:31.554,
827,2025-04-20 23:15:21.590378+00,7530,65.94,1157,2025-04-20 23:15:19.929,
826,2025-04-20 23:15:09.965577+00,6648.75,65.94,1156,2025-04-20 23:15:08.279,
825,2025-04-20 23:14:58.327098+00,7507.5,65.94,1155,2025-04-20 23:14:56.629,
824,2025-04-20 23:14:46.667784+00,7495,66.18,1154,2025-04-20 23:14:45.059,
823,2025-04-20 23:14:35.093226+00,7471.25,65.95,1153,2025-04-20 23:14:33.439,
822,2025-04-20 23:14:23.486619+00,7535,66.06,1152,2025-04-20 23:14:21.869,
821,2025-04-20 23:14:11.909748+00,7501.25,66.18,1151,2025-04-20 23:14:10.279,
820,2025-04-20 23:14:00.323534+00,7512.5,66.3,1150,2025-04-20 23:13:58.699,
819,2025-04-20 23:13:48.730962+00,7731.25,66.3,1149,2025-04-20 23:13:47.109,
818,2025-04-20 23:13:37.149238+00,7388.75,66.18,1148,2025-04-20 23:13:35.489,
817,2025-04-20 23:13:25.5232+00,7021.25,66.06,1147,2025-04-20 23:13:23.889,
816,2025-04-20 23:13:13.899551+00,7035,66.3,1146,2025-04-20 23:13:12.259,
815,2025-04-20 23:13:02.29934+00,7980,66.42,1145,2025-04-20 23:13:00.699,
814,2025-04-20 23:12:50.720068+00,6683.75,66.06,1144,2025-04-20 23:12:49.099,
813,2025-04-20 23:12:39.140239+00,7933.75,66.18,1143,2025-04-20 23:12:37.519,
812,2025-04-20 23:12:27.563644+00,7407.5,66.42,1142,2025-04-20 23:12:25.949,
811,2025-04-20 23:12:15.99144+00,7692.5,66.42,1141,2025-04-20 23:12:14.329,
810,2025-04-20 23:12:04.372057+00,7976.25,66.67,1140,2025-04-20 23:12:02.739,
809,2025-04-20 23:11:52.775307+00,7565,66.79,1139,2025-04-20 23:11:51.159,
808,2025-04-20 23:11:41.197806+00,7203.75,66.55,1138,2025-04-20 23:11:39.569,
807,2025-04-20 23:11:29.608439+00,7688.75,66.55,1137,2025-04-20 23:11:27.979,
806,2025-04-20 23:11:18.023078+00,7735,66.79,1136,2025-04-20 23:11:16.369,
805,2025-04-20 23:11:06.409461+00,7258.75,66.79,1135,2025-04-20 23:11:04.799,
804,2025-04-20 23:10:54.835404+00,7433.75,67.27,1134,2025-04-20 23:10:53.199,
803,2025-04-20 23:10:43.248325+00,7862.5,66.91,1133,2025-04-20 23:10:41.589,
802,2025-04-20 23:10:31.627226+00,7670,66.91,1132,2025-04-20 23:10:29.929,
801,2025-04-20 23:10:19.969911+00,7720,66.67,1131,2025-04-20 23:10:18.329,
800,2025-04-20 23:10:08.368175+00,7261.25,66.79,1130,2025-04-20 23:10:06.749,
799,2025-04-20 23:09:56.78717+00,7730,66.91,1129,2025-04-20 23:09:55.149,
798,2025-04-20 23:09:45.189833+00,7731.25,66.91,1128,2025-04-20 23:09:43.549,
797,2025-04-20 23:09:33.589122+00,7841.25,66.79,1127,2025-04-20 23:09:31.969,
796,2025-04-20 23:09:22.016231+00,7520,67.27,1126,2025-04-20 23:09:20.389,
795,2025-04-20 23:09:10.431821+00,7471.25,66.79,1125,2025-04-20 23:09:08.799,
794,2025-04-20 23:08:58.831094+00,7701.25,66.67,1124,2025-04-20 23:08:57.209,
793,2025-04-20 23:08:47.243467+00,7135,66.3,1123,2025-04-20 23:08:45.489,
792,2025-04-20 23:08:35.534858+00,7442.5,66.18,1122,2025-04-20 23:08:33.939,
791,2025-04-20 23:08:23.970192+00,7860,66.91,1121,2025-04-20 23:08:22.319,
790,2025-04-20 23:08:12.362329+00,6966.25,66.67,1120,2025-04-20 23:08:10.729,
789,2025-04-20 23:08:00.7701+00,7742.5,66.18,1119,2025-04-20 23:07:59.149,
788,2025-04-20 23:07:49.192038+00,7678.75,66.06,1118,2025-04-20 23:07:47.569,
787,2025-04-20 23:07:37.613587+00,7848.75,65.82,1117,2025-04-20 23:07:35.999,
786,2025-04-20 23:07:26.042736+00,7412.5,66.42,1116,2025-04-20 23:07:24.419,
785,2025-04-20 23:07:14.463722+00,6891.25,66.06,1115,2025-04-20 23:07:12.809,
784,2025-04-20 23:07:02.851308+00,7651.25,66.3,1114,2025-04-20 23:07:01.149,
783,2025-04-20 23:06:51.189163+00,7010,66.18,1113,2025-04-20 23:06:49.569,
782,2025-04-20 23:06:39.613191+00,7655,66.3,1112,2025-04-20 23:06:37.949,
781,2025-04-20 23:06:27.989773+00,6981.25,65.82,1111,2025-04-20 23:06:26.369,
780,2025-04-20 23:06:16.416322+00,7010,65.94,1110,2025-04-20 23:06:14.799,
779,2025-04-20 23:06:04.836915+00,7685,66.06,1109,2025-04-20 23:06:03.229,
778,2025-04-20 23:05:53.277035+00,7431.25,66.06,1108,2025-04-20 23:05:51.659,
777,2025-04-20 23:05:41.689738+00,7513.75,66.3,1107,2025-04-20 23:05:40.049,
776,2025-04-20 23:05:30.096189+00,7906.25,66.3,1106,2025-04-20 23:05:28.479,
775,2025-04-20 23:05:18.521662+00,7323.75,66.42,1105,2025-04-20 23:05:16.819,
774,2025-04-20 23:05:06.856065+00,7708.75,66.06,1104,2025-04-20 23:05:05.229,
773,2025-04-20 23:04:55.268506+00,7423.75,65.7,1103,2025-04-20 23:04:53.649,
772,2025-04-20 23:04:43.686013+00,6998.75,65.82,1102,2025-04-20 23:04:42.059,
771,2025-04-20 23:04:32.094785+00,7232.5,66.06,1101,2025-04-20 23:04:30.449,
770,2025-04-20 23:04:20.490549+00,7311.25,66.18,1100,2025-04-20 23:04:18.879,
769,2025-04-20 23:04:08.91434+00,7696.25,66.3,1099,2025-04-20 23:04:07.289,
768,2025-04-20 23:03:57.30863+00,7537.5,66.3,1098,2025-04-20 23:03:55.669,
767,2025-04-20 23:03:45.710276+00,7476.25,66.55,1097,2025-04-20 23:03:44.069,
766,2025-04-20 23:03:34.109871+00,7858.75,66.67,1096,2025-04-20 23:03:32.379,
765,2025-04-20 23:03:22.414974+00,7545,66.67,1095,2025-04-20 23:03:20.729,
764,2025-04-20 23:03:10.765131+00,6596.25,66.55,1094,2025-04-20 23:03:09.139,
763,2025-04-20 23:02:59.177006+00,7256.25,66.42,1093,2025-04-20 23:02:57.519,
762,2025-04-20 23:02:47.561105+00,7515,66.42,1092,2025-04-20 23:02:45.909,
761,2025-04-20 23:02:35.955706+00,7847.5,66.42,1091,2025-04-20 23:02:34.329,
760,2025-04-20 23:02:24.36573+00,7765,66.79,1090,2025-04-20 23:02:22.759,
759,2025-04-20 23:02:12.800812+00,7266.25,66.79,1089,2025-04-20 23:02:11.189,
758,2025-04-20 23:02:01.238258+00,7612.5,66.55,1088,2025-04-20 23:01:59.599,
757,2025-04-20 23:01:49.642439+00,7107.5,66.3,1087,2025-04-20 23:01:47.919,
756,2025-04-20 23:01:37.960374+00,7688.75,66.06,1086,2025-04-20 23:01:36.319,
755,2025-04-20 23:01:26.360723+00,7397.5,66.3,1085,2025-04-20 23:01:24.709,
754,2025-04-20 23:01:14.759064+00,7921.25,66.55,1084,2025-04-20 23:01:13.149,
753,2025-04-20 23:01:03.191782+00,7555,66.3,1083,2025-04-20 23:01:01.529,
752,2025-04-20 23:00:51.569177+00,7396.25,66.18,1082,2025-04-20 23:00:49.959,
751,2025-04-20 23:00:40.001007+00,7061.25,66.3,1081,2025-04-20 23:00:38.369,
750,2025-04-20 23:00:28.411088+00,7420,66.42,1080,2025-04-20 23:00:26.799,
749,2025-04-20 23:00:16.822903+00,7037.5,66.3,1079,2025-04-20 23:00:15.209,
748,2025-04-20 23:00:05.248408+00,7580,66.79,1078,2025-04-20 23:00:03.509,
747,2025-04-20 22:59:53.555955+00,7692.5,66.42,1077,2025-04-20 22:59:51.939,
746,2025-04-20 22:59:41.981411+00,7446.25,66.42,1076,2025-04-20 22:59:40.349,
745,2025-04-20 22:59:30.392864+00,7698.75,66.3,1075,2025-04-20 22:59:28.789,
744,2025-04-20 22:59:18.829258+00,7815,66.06,1074,2025-04-20 22:59:17.169,
743,2025-04-20 22:59:07.210274+00,7367.5,66.42,1073,2025-04-20 22:59:05.559,
742,2025-04-20 22:58:55.599517+00,7348.75,66.42,1072,2025-04-20 22:58:53.969,
741,2025-04-20 22:58:43.991753+00,7585,66.55,1071,2025-04-20 22:58:42.329,
740,2025-04-20 22:58:32.371897+00,7702.5,66.42,1070,2025-04-20 22:58:30.699,
739,2025-04-20 22:58:20.733434+00,7836.25,66.67,1069,2025-04-20 22:58:19.019,
738,2025-04-20 22:58:09.052954+00,7267.5,66.79,1068,2025-04-20 22:58:07.429,
737,2025-04-20 22:57:57.465592+00,7820,66.55,1067,2025-04-20 22:57:55.849,
736,2025-04-20 22:57:45.89535+00,7553.75,66.67,1066,2025-04-20 22:57:44.229,
735,2025-04-20 22:57:34.253732+00,7462.5,66.18,1065,2025-04-20 22:57:32.619,
734,2025-04-20 22:57:22.664869+00,7776.25,66.3,1064,2025-04-20 22:57:21.049,
733,2025-04-20 22:57:11.097008+00,7753.75,65.94,1063,2025-04-20 22:57:09.479,
732,2025-04-20 22:56:59.522449+00,7555,66.3,1062,2025-04-20 22:56:57.899,
731,2025-04-20 22:56:47.94843+00,7126.25,66.18,1061,2025-04-20 22:56:46.309,
730,2025-04-20 22:56:36.348709+00,7651.25,66.3,1060,2025-04-20 22:56:34.719,
729,2025-04-20 22:56:24.763513+00,7836.25,66.3,1059,2025-04-20 22:56:23.129,
728,2025-04-20 22:56:13.16764+00,7298.75,66.79,1058,2025-04-20 22:56:11.509,
727,2025-04-20 22:56:01.557523+00,7875,66.79,1057,2025-04-20 22:55:59.909,
726,2025-04-20 22:55:49.956849+00,7491.25,66.79,1056,2025-04-20 22:55:48.329,
725,2025-04-20 22:55:38.37398+00,7232.5,66.67,1055,2025-04-20 22:55:36.739,
724,2025-04-20 22:55:26.785717+00,7927.5,66.79,1054,2025-04-20 22:55:25.149,
723,2025-04-20 22:55:15.199013+00,7562.5,66.79,1053,2025-04-20 22:55:13.549,
722,2025-04-20 22:55:03.602485+00,7883.75,67.03,1052,2025-04-20 22:55:01.979,
721,2025-04-20 22:54:52.02596+00,7513.75,66.91,1051,2025-04-20 22:54:50.399,
720,2025-04-20 22:54:40.451834+00,7296.25,67.27,1050,2025-04-20 22:54:38.809,
719,2025-04-20 22:54:28.852216+00,7646.25,67.03,1049,2025-04-20 22:54:27.219,
718,2025-04-20 22:54:17.269684+00,7698.75,67.03,1048,2025-04-20 22:54:15.629,
717,2025-04-20 22:54:05.674181+00,7661.25,66.79,1047,2025-04-20 22:54:04.049,
716,2025-04-20 22:53:54.098441+00,7641.25,66.55,1046,2025-04-20 22:53:52.469,
715,2025-04-20 22:53:42.52045+00,7545,66.79,1045,2025-04-20 22:53:40.899,
714,2025-04-20 22:53:30.943454+00,7503.75,66.91,1044,2025-04-20 22:53:29.309,
713,2025-04-20 22:53:19.356943+00,7886.25,67.15,1043,2025-04-20 22:53:17.729,
712,2025-04-20 22:53:07.780724+00,7547.5,67.27,1042,2025-04-20 22:53:06.089,
711,2025-04-20 22:52:56.118936+00,7668.75,67.27,1041,2025-04-20 22:52:54.459,
710,2025-04-20 22:52:44.507489+00,7473.75,66.91,1040,2025-04-20 22:52:42.869,
709,2025-04-20 22:52:32.917971+00,7815,67.03,1039,2025-04-20 22:52:31.309,
708,2025-04-20 22:52:21.354416+00,7961.25,67.15,1038,2025-04-20 22:52:19.719,
707,2025-04-20 22:52:09.761045+00,7556.25,67.39,1037,2025-04-20 22:52:08.089,
706,2025-04-20 22:51:58.135736+00,7795,67.27,1036,2025-04-20 22:51:56.499,
705,2025-04-20 22:51:46.54754+00,7966.25,67.27,1035,2025-04-20 22:51:44.929,
704,2025-04-20 22:51:34.967946+00,7437.5,67.03,1034,2025-04-20 22:51:33.359,
703,2025-04-20 22:51:23.399461+00,7416.25,66.79,1033,2025-04-20 22:51:21.719,
702,2025-04-20 22:51:11.768672+00,7496.25,66.91,1032,2025-04-20 22:51:10.149,
701,2025-04-20 22:51:00.195772+00,7842.5,67.15,1031,2025-04-20 22:50:58.589,
700,2025-04-20 22:50:48.626025+00,7777.5,66.91,1030,2025-04-20 22:50:46.989,
699,2025-04-20 22:50:37.032607+00,8046.25,67.03,1029,2025-04-20 22:50:35.349,
698,2025-04-20 22:50:25.38841+00,7778.75,67.39,1028,2025-04-20 22:50:23.769,
697,2025-04-20 22:50:13.821934+00,7915,67.27,1027,2025-04-20 22:50:12.209,
696,2025-04-20 22:50:02.254373+00,7535,67.27,1026,2025-04-20 22:50:00.609,
695,2025-04-20 22:49:50.652619+00,7761.25,67.15,1025,2025-04-20 22:49:49.039,
694,2025-04-20 22:49:39.087633+00,7736.25,67.03,1024,2025-04-20 22:49:37.369,
693,2025-04-20 22:49:27.411084+00,8122.5,67.03,1023,2025-04-20 22:49:25.799,
692,2025-04-20 22:49:15.841371+00,7700,66.91,1022,2025-04-20 22:49:14.199,
691,2025-04-20 22:49:04.245895+00,8080,67.03,1021,2025-04-20 22:49:02.639,
690,2025-04-20 22:48:52.680135+00,7816.25,66.91,1020,2025-04-20 22:48:51.059,
689,2025-04-20 22:48:41.100332+00,7826.25,66.67,1019,2025-04-20 22:48:39.479,
688,2025-04-20 22:48:29.518562+00,7945,66.18,1018,2025-04-20 22:48:27.899,
687,2025-04-20 22:48:17.94455+00,7137.5,66.3,1017,2025-04-20 22:48:16.319,
686,2025-04-20 22:48:06.362409+00,7751.25,66.67,1016,2025-04-20 22:48:04.749,
685,2025-04-20 22:47:54.793585+00,7832.5,66.67,1015,2025-04-20 22:47:53.069,
684,2025-04-20 22:47:43.121775+00,7561.25,66.79,1014,2025-04-20 22:47:41.529,
683,2025-04-20 22:47:31.57326+00,7941.25,66.91,1013,2025-04-20 22:47:29.959,
682,2025-04-20 22:47:20.003386+00,7107.5,66.79,1012,2025-04-20 22:47:18.389,
681,2025-04-20 22:47:08.433021+00,8106.25,67.15,1011,2025-04-20 22:47:06.809,
680,2025-04-20 22:46:56.841946+00,7767.5,67.03,1010,2025-04-20 22:46:55.219,
679,2025-04-20 22:46:45.260499+00,7523.75,67.15,1009,2025-04-20 22:46:43.649,
678,2025-04-20 22:46:33.690088+00,7408.75,67.27,1008,2025-04-20 22:46:32.069,
677,2025-04-20 22:46:22.113527+00,7583.75,66.91,1007,2025-04-20 22:46:20.499,
676,2025-04-20 22:46:10.537793+00,7203.75,66.79,1006,2025-04-20 22:46:08.849,
675,2025-04-20 22:45:58.878717+00,7551.25,67.03,1005,2025-04-20 22:45:57.249,
674,2025-04-20 22:45:47.288633+00,7553.75,66.91,1004,2025-04-20 22:45:45.679,
673,2025-04-20 22:45:35.726422+00,7445,67.15,1003,2025-04-20 22:45:34.059,
672,2025-04-20 22:45:24.103739+00,7285,66.55,1002,2025-04-20 22:45:22.499,
671,2025-04-20 22:45:12.539876+00,7302.5,66.91,1001,2025-04-20 22:45:10.909,
670,2025-04-20 22:45:00.948674+00,7655,67.03,1000,2025-04-20 22:44:59.329,
669,2025-04-20 22:44:49.372412+00,7566.25,66.79,999,2025-04-20 22:44:47.739,
668,2025-04-20 22:44:37.775836+00,7691.25,66.79,998,2025-04-20 22:44:36.169,
667,2025-04-20 22:44:26.213202+00,7968.75,67.03,997,2025-04-20 22:44:24.499,
666,2025-04-20 22:44:14.532512+00,7220,66.67,996,2025-04-20 22:44:12.899,
665,2025-04-20 22:44:02.943298+00,7946.25,67.27,995,2025-04-20 22:44:01.319,
664,2025-04-20 22:43:51.360627+00,7916.25,67.03,994,2025-04-20 22:43:49.729,
663,2025-04-20 22:43:39.773604+00,7875,67.03,993,2025-04-20 22:43:38.149,
662,2025-04-20 22:43:28.192654+00,7841.25,67.27,992,2025-04-20 22:43:26.569,
661,2025-04-20 22:43:16.60379+00,7163.75,67.27,991,2025-04-20 22:43:14.989,
660,2025-04-20 22:43:05.029841+00,8085,66.91,990,2025-04-20 22:43:03.439,
659,2025-04-20 22:42:53.480351+00,7757.5,67.15,989,2025-04-20 22:42:51.859,
658,2025-04-20 22:42:41.899334+00,7966.25,66.67,988,2025-04-20 22:42:40.209,
657,2025-04-20 22:42:30.254466+00,7643.75,66.79,987,2025-04-20 22:42:28.639,
656,2025-04-20 22:42:18.678791+00,6972.5,66.67,986,2025-04-20 22:42:17.069,
655,2025-04-20 22:42:07.108072+00,7467.5,66.3,985,2025-04-20 22:42:05.479,
654,2025-04-20 22:41:55.525533+00,7763.75,66.42,984,2025-04-20 22:41:53.909,
653,2025-04-20 22:41:43.956541+00,7453.75,66.06,983,2025-04-20 22:41:42.339,
652,2025-04-20 22:41:32.381725+00,7702.5,65.94,982,2025-04-20 22:41:30.769,
651,2025-04-20 22:41:20.809363+00,7407.5,65.82,981,2025-04-20 22:41:19.189,
650,2025-04-20 22:41:09.224896+00,7293.75,66.18,980,2025-04-20 22:41:07.599,
649,2025-04-20 22:40:57.637817+00,7400,66.42,979,2025-04-20 22:40:55.909,
648,2025-04-20 22:40:45.948588+00,7563.75,66.18,978,2025-04-20 22:40:44.299,
647,2025-04-20 22:40:34.344667+00,7881.25,66.06,977,2025-04-20 22:40:32.729,
646,2025-04-20 22:40:22.769482+00,7816.25,66.06,976,2025-04-20 22:40:21.169,
645,2025-04-20 22:40:11.187925+00,7418.75,65.82,975,2025-04-20 22:40:09.459,
644,2025-04-20 22:39:59.494901+00,7580,66.18,974,2025-04-20 22:39:57.879,
643,2025-04-20 22:39:47.917196+00,7742.5,66.3,973,2025-04-20 22:39:46.357,
642,2025-04-20 22:39:36.353033+00,7982.5,66.91,972,2025-04-20 22:39:34.737,
641,2025-04-20 22:39:24.729485+00,7000,66.42,971,2025-04-20 22:39:23.137,
640,2025-04-20 22:39:13.126305+00,6923.75,66.06,970,2025-04-20 22:39:11.517,
639,2025-04-20 22:39:01.489764+00,7526.25,66.18,969,2025-04-20 22:38:59.927,
638,2025-04-20 22:38:49.907985+00,7702.5,66.3,968,2025-04-20 22:38:48.347,
637,2025-04-20 22:38:38.337063+00,7426.25,66.3,967,2025-04-20 22:38:36.757,
636,2025-04-20 22:38:26.752122+00,7141.25,66.06,966,2025-04-20 22:38:25.157,
635,2025-04-20 22:38:15.144145+00,7862.5,65.94,965,2025-04-20 22:38:13.567,
634,2025-04-20 22:38:03.557063+00,7763.75,66.3,964,2025-04-20 22:38:01.967,
633,2025-04-20 22:37:51.949357+00,7871.25,66.06,963,2025-04-20 22:37:50.377,
632,2025-04-20 22:37:40.360926+00,7800,65.94,962,2025-04-20 22:37:38.757,
631,2025-04-20 22:37:28.742478+00,7893.75,65.45,961,2025-04-20 22:37:27.087,
630,2025-04-20 22:37:17.073096+00,7011.25,65.58,960,2025-04-20 22:37:15.507,
629,2025-04-20 22:37:05.488+00,7033.75,65.33,959,2025-04-20 22:37:03.907,
628,2025-04-20 22:36:53.898243+00,7691.25,65.58,958,2025-04-20 22:36:52.337,
627,2025-04-20 22:36:42.326044+00,7357.5,65.45,957,2025-04-20 22:36:40.747,
626,2025-04-20 22:36:30.731312+00,7842.5,65.33,956,2025-04-20 22:36:29.147,
625,2025-04-20 22:36:19.137364+00,7446.25,65.33,955,2025-04-20 22:36:17.557,
624,2025-04-20 22:36:07.539422+00,7130,65.33,954,2025-04-20 22:36:05.967,
623,2025-04-20 22:35:55.954267+00,7008.75,65.33,953,2025-04-20 22:35:54.387,
622,2025-04-20 22:35:44.376124+00,7853.75,65.45,952,2025-04-20 22:35:42.727,
621,2025-04-20 22:35:32.713568+00,6827.5,65.7,951,2025-04-20 22:35:31.077,
620,2025-04-20 22:35:21.066392+00,7492.5,65.94,950,2025-04-20 22:35:19.497,
619,2025-04-20 22:35:09.477745+00,7732.5,65.58,949,2025-04-20 22:35:07.907,
618,2025-04-20 22:34:57.89739+00,7110,66.06,948,2025-04-20 22:34:56.317,
617,2025-04-20 22:34:46.297393+00,7617.5,65.94,947,2025-04-20 22:34:44.747,
616,2025-04-20 22:34:34.734474+00,7093.75,65.94,946,2025-04-20 22:34:33.177,
615,2025-04-20 22:34:23.167522+00,7452.5,65.94,945,2025-04-20 22:34:21.607,
614,2025-04-20 22:34:11.599248+00,6808.75,65.83,944,2025-04-20 22:34:10.017,
613,2025-04-20 22:34:00.00792+00,7216.25,65.94,943,2025-04-20 22:33:58.367,
612,2025-04-20 22:33:48.354813+00,7115,65.94,942,2025-04-20 22:33:46.777,
611,2025-04-20 22:33:36.767535+00,7800,66.18,941,2025-04-20 22:33:35.197,
610,2025-04-20 22:33:25.181751+00,7493.75,66.06,940,2025-04-20 22:33:23.597,
609,2025-04-20 22:33:13.580348+00,7760,65.82,939,2025-04-20 22:33:12.007,
608,2025-04-20 22:33:01.993168+00,6992.5,65.94,938,2025-04-20 22:33:00.417,
607,2025-04-20 22:32:50.40722+00,7397.5,65.82,937,2025-04-20 22:32:48.847,
606,2025-04-20 22:32:38.833195+00,7601.25,65.7,936,2025-04-20 22:32:37.257,
605,2025-04-20 22:32:27.242105+00,7730,65.58,935,2025-04-20 22:32:25.667,
604,2025-04-20 22:32:15.653743+00,7553.75,65.58,934,2025-04-20 22:32:14.007,
603,2025-04-20 22:32:03.993441+00,7598.75,65.7,933,2025-04-20 22:32:02.437,
602,2025-04-20 22:31:52.422714+00,7256.25,65.58,932,2025-04-20 22:31:50.827,
601,2025-04-20 22:31:40.812964+00,6646.25,65.58,931,2025-04-20 22:31:39.237,
600,2025-04-20 22:31:29.223992+00,7628.75,65.7,930,2025-04-20 22:31:27.647,
599,2025-04-20 22:31:17.636609+00,7092.5,65.82,929,2025-04-20 22:31:16.087,
598,2025-04-20 22:31:06.063344+00,7980,65.94,928,2025-04-20 22:31:04.507,
597,2025-04-20 22:30:54.486635+00,6915,66.18,927,2025-04-20 22:30:52.927,
596,2025-04-20 22:30:42.911078+00,7831.25,66.18,926,2025-04-20 22:30:41.357,
595,2025-04-20 22:30:31.338987+00,7815,65.82,925,2025-04-20 22:30:29.657,
594,2025-04-20 22:30:19.649644+00,7645,65.94,924,2025-04-20 22:30:18.087,
593,2025-04-20 22:30:08.075742+00,8123.75,66.18,923,2025-04-20 22:30:06.507,
592,2025-04-20 22:29:56.484751+00,8100,66.42,922,2025-04-20 22:29:54.927,
591,2025-04-20 22:29:44.911428+00,7595,66.67,921,2025-04-20 22:29:43.327,
590,2025-04-20 22:29:33.317057+00,7678.75,66.55,920,2025-04-20 22:29:31.737,
589,2025-04-20 22:29:21.71964+00,7511.25,66.79,919,2025-04-20 22:29:20.137,
588,2025-04-20 22:29:10.126538+00,7130,66.91,918,2025-04-20 22:29:08.567,
587,2025-04-20 22:28:58.547705+00,7497.5,66.55,917,2025-04-20 22:28:56.997,
586,2025-04-20 22:28:46.966072+00,8292.5,66.67,916,2025-04-20 22:28:45.297,
585,2025-04-20 22:28:35.281018+00,7063.75,66.79,915,2025-04-20 22:28:33.717,
584,2025-04-20 22:28:23.7044+00,7075,66.91,914,2025-04-20 22:28:22.137,
583,2025-04-20 22:28:12.12348+00,8373.75,67.03,913,2025-04-20 22:28:10.577,
582,2025-04-20 22:28:00.558267+00,7467.5,66.79,912,2025-04-20 22:27:58.967,
581,2025-04-20 22:27:48.950065+00,7317.5,66.79,911,2025-04-20 22:27:47.377,
580,2025-04-20 22:27:37.36066+00,7256.25,66.79,910,2025-04-20 22:27:35.797,
579,2025-04-20 22:27:25.785104+00,7723.75,66.79,909,2025-04-20 22:27:24.227,
578,2025-04-20 22:27:14.210051+00,7831.25,67.15,908,2025-04-20 22:27:12.637,
577,2025-04-20 22:27:02.616873+00,7291.25,67.39,907,2025-04-20 22:27:00.977,
576,2025-04-20 22:26:50.962386+00,8088.75,67.03,906,2025-04-20 22:26:49.407,
575,2025-04-20 22:26:39.388852+00,7567.5,67.03,905,2025-04-20 22:26:37.847,
574,2025-04-20 22:26:27.833845+00,7878.75,67.52,904,2025-04-20 22:26:26.267,
573,2025-04-20 22:26:16.249517+00,7660,67.39,903,2025-04-20 22:26:14.667,
572,2025-04-20 22:26:04.650972+00,7646.25,67.27,902,2025-04-20 22:26:03.077,
571,2025-04-20 22:25:53.059493+00,7311.25,67.27,901,2025-04-20 22:25:51.487,
570,2025-04-20 22:25:41.464444+00,7983.75,67.27,900,2025-04-20 22:25:39.891,
569,2025-04-20 22:25:29.868891+00,7053.75,67.03,899,2025-04-20 22:25:28.257,
568,2025-04-20 22:25:18.234472+00,8075,66.91,898,2025-04-20 22:25:16.597,
567,2025-04-20 22:25:06.578053+00,7956.25,67.27,897,2025-04-20 22:25:05.027,
566,2025-04-20 22:24:55.013807+00,7823.75,67.03,896,2025-04-20 22:24:53.417,
565,2025-04-20 22:24:43.39508+00,8202.5,66.79,895,2025-04-20 22:24:41.837,
564,2025-04-20 22:24:31.817801+00,7711.25,66.55,894,2025-04-20 22:24:30.247,
563,2025-04-20 22:24:20.226794+00,7511.25,66.67,893,2025-04-20 22:24:18.657,
562,2025-04-20 22:24:08.638406+00,7406.25,66.79,892,2025-04-20 22:24:07.057,
561,2025-04-20 22:23:57.041975+00,7813.75,66.91,891,2025-04-20 22:23:55.477,
560,2025-04-20 22:23:45.458136+00,7412.5,67.27,890,2025-04-20 22:23:43.887,
559,2025-04-20 22:23:33.861916+00,7775,66.79,889,2025-04-20 22:23:31.977,
558,2025-04-20 22:23:21.954922+00,7362.5,66.67,888,2025-04-20 22:23:20.397,
557,2025-04-20 22:23:10.379498+00,7912.5,66.3,887,2025-04-20 22:23:08.837,
556,2025-04-20 22:22:58.816274+00,7366.25,66.79,886,2025-04-20 22:22:57.247,
555,2025-04-20 22:22:47.230672+00,8076.25,66.91,885,2025-04-20 22:22:45.667,
554,2025-04-20 22:22:35.640787+00,7368.75,66.79,884,2025-04-20 22:22:34.077,
553,2025-04-20 22:22:24.060598+00,7591.25,66.06,883,2025-04-20 22:22:22.487,
552,2025-04-20 22:22:12.460581+00,7488.75,66.42,882,2025-04-20 22:22:10.877,
551,2025-04-20 22:22:00.857491+00,7647.5,66.43,881,2025-04-20 22:21:54.967,
550,2025-04-20 22:21:44.938389+00,7942.5,66.91,880,2025-04-20 22:21:43.387,
549,2025-04-20 22:21:33.368659+00,7263.75,66.42,879,2025-04-20 22:21:31.777,
548,2025-04-20 22:21:21.755793+00,7448.75,66.79,878,2025-04-20 22:21:20.197,
547,2025-04-20 22:21:10.170629+00,8140,66.67,877,2025-04-20 22:21:08.617,
546,2025-04-20 22:20:58.595437+00,7587.5,66.79,876,2025-04-20 22:20:57.037,
545,2025-04-20 22:20:47.018396+00,7506.25,67.03,875,2025-04-20 22:20:45.437,
544,2025-04-20 22:20:35.407238+00,7230,66.91,874,2025-04-20 22:20:33.847,
543,2025-04-20 22:20:23.829675+00,7638.75,66.55,873,2025-04-20 22:20:22.247,
542,2025-04-20 22:20:12.215863+00,8162.5,66.55,872,2025-04-20 22:20:10.647,
541,2025-04-20 22:20:00.621406+00,7391.25,66.79,871,2025-04-20 22:19:59.067,
540,2025-04-20 22:19:49.044598+00,7883.75,66.67,870,2025-04-20 22:19:47.497,
539,2025-04-20 22:19:37.471935+00,7753.75,66.3,869,2025-04-20 22:19:35.917,
538,2025-04-20 22:19:25.888409+00,7915,66.42,868,2025-04-20 22:19:24.337,
537,2025-04-20 22:19:14.314157+00,7332.5,66.42,867,2025-04-20 22:19:12.737,
536,2025-04-20 22:19:02.716829+00,7345,66.3,866,2025-04-20 22:19:01.157,
535,2025-04-20 22:18:51.134547+00,7447.5,66.79,865,2025-04-20 22:18:49.577,
534,2025-04-20 22:18:39.555835+00,7680,67.03,864,2025-04-20 22:18:37.997,
533,2025-04-20 22:18:27.978429+00,7561.25,67.03,863,2025-04-20 22:18:26.417,
532,2025-04-20 22:18:16.386841+00,7710,67.27,862,2025-04-20 22:18:14.827,
531,2025-04-20 22:18:04.806739+00,8216.25,67.15,861,2025-04-20 22:18:03.217,
530,2025-04-20 22:17:53.186086+00,8002.5,67.15,860,2025-04-20 22:17:51.587,
529,2025-04-20 22:17:41.559215+00,7557.5,67.15,859,2025-04-20 22:17:40.007,
528,2025-04-20 22:17:29.984593+00,7801.25,66.3,858,2025-04-20 22:17:28.417,
527,2025-04-20 22:17:18.390554+00,7638.75,66.79,857,2025-04-20 22:17:16.827,
526,2025-04-20 22:17:06.805224+00,7671.25,66.91,856,2025-04-20 22:17:05.237,
525,2025-04-20 22:16:55.208806+00,7600,65.21,855,2025-04-20 22:16:53.647,
524,2025-04-20 22:16:43.623878+00,7703.75,67.03,854,2025-04-20 22:16:42.077,
523,2025-04-20 22:16:32.049785+00,7738.75,66.79,853,2025-04-20 22:16:30.487,
522,2025-04-20 22:16:20.463295+00,7901.25,66.79,852,2025-04-20 22:16:18.867,
521,2025-04-20 22:16:08.843522+00,7453.75,66.91,851,2025-04-20 22:16:07.297,
520,2025-04-20 22:15:57.274545+00,7552.5,66.67,850,2025-04-20 22:15:55.697,
519,2025-04-20 22:15:45.673207+00,7887.5,66.55,849,2025-04-20 22:15:44.117,
518,2025-04-20 22:15:34.093615+00,7837.5,66.42,848,2025-04-20 22:15:32.527,
517,2025-04-20 22:15:22.501598+00,8003.75,66.67,847,2025-04-20 22:15:20.937,
516,2025-04-20 22:15:10.917385+00,7485,66.79,846,2025-04-20 22:15:09.307,
515,2025-04-20 22:14:59.284846+00,7335,66.67,845,2025-04-20 22:14:57.687,
514,2025-04-20 22:14:47.656291+00,7526.25,66.79,844,2025-04-20 22:14:46.117,
513,2025-04-20 22:14:36.098152+00,7587.5,67.15,843,2025-04-20 22:14:34.537,
512,2025-04-20 22:14:24.508722+00,8010,67.03,842,2025-04-20 22:14:22.947,
511,2025-04-20 22:14:12.927882+00,7435,67.03,841,2025-04-20 22:14:11.387,
510,2025-04-20 22:14:01.364575+00,7621.25,66.79,840,2025-04-20 22:13:59.817,
509,2025-04-20 22:13:49.791244+00,7675,66.42,839,2025-04-20 22:13:48.227,
508,2025-04-20 22:13:38.204807+00,7562.5,66.55,838,2025-04-20 22:13:36.647,
507,2025-04-20 22:13:26.625476+00,7731.25,66.55,837,2025-04-20 22:13:25.057,
506,2025-04-20 22:13:15.029303+00,7575,66.67,836,2025-04-20 22:13:13.467,
505,2025-04-20 22:13:03.43952+00,7971.25,66.79,835,2025-04-20 22:13:01.797,
504,2025-04-20 22:12:51.77111+00,7541.25,67.03,834,2025-04-20 22:12:50.217,
503,2025-04-20 22:12:40.184951+00,7967.5,67.03,833,2025-04-20 22:12:38.637,
502,2025-04-20 22:12:28.609672+00,7675,67.15,832,2025-04-20 22:12:27.057,
501,2025-04-20 22:12:17.032204+00,7485,67.15,831,2025-04-20 22:12:15.487,
500,2025-04-20 22:12:05.460326+00,7662.5,67.15,830,2025-04-20 22:12:03.907,
499,2025-04-20 22:11:53.876121+00,7653.75,67.27,829,2025-04-20 22:11:52.277,
498,2025-04-20 22:11:42.257395+00,7731.25,67.27,828,2025-04-20 22:11:40.717,
497,2025-04-20 22:11:30.688188+00,8156.25,67.39,827,2025-04-20 22:11:29.107,
496,2025-04-20 22:11:19.082525+00,8100,67.15,826,2025-04-20 22:11:17.417,
495,2025-04-20 22:11:07.389765+00,8147.5,67.15,825,2025-04-20 22:11:05.847,
494,2025-04-20 22:10:55.823685+00,7615,67.03,824,2025-04-20 22:10:54.287,
493,2025-04-20 22:10:44.261946+00,7820,67.15,823,2025-04-20 22:10:42.727,
492,2025-04-20 22:10:32.698697+00,7761.25,67.27,822,2025-04-20 22:10:31.147,
491,2025-04-20 22:10:21.10897+00,7120,67.15,821,2025-04-20 22:10:19.527,
490,2025-04-20 22:10:09.498828+00,7638.75,67.03,820,2025-04-20 22:10:07.947,
489,2025-04-20 22:09:57.918732+00,7646.25,67.15,819,2025-04-20 22:09:56.347,
488,2025-04-20 22:09:46.320341+00,8020,67.15,818,2025-04-20 22:09:44.767,
487,2025-04-20 22:09:34.740157+00,6882.5,67.03,817,2025-04-20 22:09:33.097,
486,2025-04-20 22:09:23.066339+00,7391.25,67.39,816,2025-04-20 22:09:21.517,
485,2025-04-20 22:09:11.482989+00,7973.75,67.27,815,2025-04-20 22:09:09.907,
484,2025-04-20 22:08:59.876369+00,7590,67.39,814,2025-04-20 22:08:58.317,
483,2025-04-20 22:08:48.279021+00,7771.25,67.39,813,2025-04-20 22:08:46.717,
482,2025-04-20 22:08:36.686935+00,7601.25,67.76,812,2025-04-20 22:08:35.117,
481,2025-04-20 22:08:25.076245+00,8273.75,67.76,811,2025-04-20 22:08:23.507,
480,2025-04-20 22:08:13.481703+00,8066.25,67.76,810,2025-04-20 22:08:11.927,
479,2025-04-20 22:08:01.890619+00,7647.5,67.76,809,2025-04-20 22:08:00.327,
478,2025-04-20 22:07:50.288309+00,7588.75,67.64,808,2025-04-20 22:07:48.637,
477,2025-04-20 22:07:38.568187+00,7220,67.64,807,2025-04-20 22:07:36.997,
476,2025-04-20 22:07:26.972243+00,7846.25,67.27,806,2025-04-20 22:07:25.427,
475,2025-04-20 22:07:15.398562+00,7877.5,67.39,805,2025-04-20 22:07:13.857,
474,2025-04-20 22:07:03.827602+00,7667.5,67.52,804,2025-04-20 22:07:02.187,
473,2025-04-20 22:06:52.131967+00,7583.75,67.27,803,2025-04-20 22:06:50.567,
472,2025-04-20 22:06:40.533026+00,7406.25,67.03,802,2025-04-20 22:06:38.977,
471,2025-04-20 22:06:28.949177+00,8047.5,66.91,801,2025-04-20 22:06:27.407,
470,2025-04-20 22:06:17.376445+00,7358.75,67.15,800,2025-04-20 22:06:15.797,
469,2025-04-20 22:06:05.771964+00,7823.75,67.27,799,2025-04-20 22:06:04.137,
468,2025-04-20 22:05:54.105996+00,7653.75,67.15,798,2025-04-20 22:05:52.567,
467,2025-04-20 22:05:42.528237+00,8001.25,67.27,797,2025-04-20 22:05:40.977,
466,2025-04-20 22:05:30.952811+00,7580,67.15,796,2025-04-20 22:05:29.407,
465,2025-04-20 22:05:19.375877+00,7268.75,66.67,795,2025-04-20 22:05:17.807,
464,2025-04-20 22:05:07.774941+00,7808.75,67.15,794,2025-04-20 22:05:06.227,
463,2025-04-20 22:04:56.188094+00,7702.5,66.91,793,2025-04-20 22:04:54.647,
462,2025-04-20 22:04:44.617609+00,8047.5,66.79,792,2025-04-20 22:04:43.067,
461,2025-04-20 22:04:33.044041+00,7543.75,66.79,791,2025-04-20 22:04:31.497,
460,2025-04-20 22:04:21.455486+00,7787.5,67.03,790,2025-04-20 22:04:19.907,
459,2025-04-20 22:04:09.87393+00,7525,67.15,789,2025-04-20 22:04:08.327,
458,2025-04-20 22:03:58.299937+00,7792.5,67.15,788,2025-04-20 22:03:56.737,
457,2025-04-20 22:03:46.70717+00,7786.25,67.03,787,2025-04-20 22:03:45.147,
456,2025-04-20 22:03:35.118267+00,7528.75,66.91,786,2025-04-20 22:03:33.557,
455,2025-04-20 22:03:23.529347+00,7452.5,67.15,785,2025-04-20 22:03:21.967,
454,2025-04-20 22:03:11.936205+00,7728.75,67.27,784,2025-04-20 22:03:10.377,
453,2025-04-20 22:03:00.290044+00,8061.25,67.15,783,2025-04-20 22:02:58.747,
452,2025-04-20 22:02:48.721413+00,7628.75,67.15,782,2025-04-20 22:02:47.167,
451,2025-04-20 22:02:37.139471+00,7748.75,67.15,781,2025-04-20 22:02:35.597,
450,2025-04-20 22:02:25.567893+00,7517.5,67.03,780,2025-04-20 22:02:24.027,
449,2025-04-20 22:02:13.996255+00,7681.25,67.15,779,2025-04-20 22:02:12.437,
448,2025-04-20 22:02:02.404478+00,7667.5,67.52,778,2025-04-20 22:02:00.867,
447,2025-04-20 22:01:50.838796+00,7553.75,67.27,777,2025-04-20 22:01:49.297,
446,2025-04-20 22:01:39.265975+00,7993.75,67.15,776,2025-04-20 22:01:37.697,
445,2025-04-20 22:01:27.653633+00,7198.75,67.15,775,2025-04-20 22:01:26.087,
444,2025-04-20 22:01:16.054012+00,7902.5,67.03,774,2025-04-20 22:01:14.477,
443,2025-04-20 22:01:04.448717+00,7912.5,67.15,773,2025-04-20 22:01:02.877,
442,2025-04-20 22:00:52.84903+00,7290,67.52,772,2025-04-20 22:00:51.297,
441,2025-04-20 22:00:41.263965+00,7708.75,67.52,771,2025-04-20 22:00:39.727,
440,2025-04-20 22:00:29.69229+00,7516.25,67.39,770,2025-04-20 22:00:28.147,
439,2025-04-20 22:00:18.113119+00,8065,67.39,769,2025-04-20 22:00:16.537,
438,2025-04-20 22:00:06.500716+00,7471.25,67.64,768,2025-04-20 22:00:04.937,
437,2025-04-20 21:59:54.909243+00,7450,67.64,767,2025-04-20 21:59:53.317,
436,2025-04-20 21:59:43.285544+00,7198.75,67.52,766,2025-04-20 21:59:41.737,
435,2025-04-20 21:59:31.707214+00,7908.75,67.39,765,2025-04-20 21:59:30.117,
434,2025-04-20 21:59:20.084329+00,8141.25,67.88,764,2025-04-20 21:59:18.487,
433,2025-04-20 21:59:08.453234+00,8170,67.76,763,2025-04-20 21:59:06.877,
432,2025-04-20 21:58:56.847346+00,7497.5,67.76,762,2025-04-20 21:58:55.307,
431,2025-04-20 21:58:45.283755+00,7887.5,67.52,761,2025-04-20 21:58:43.737,
430,2025-04-20 21:58:33.707674+00,7545,67.52,760,2025-04-20 21:58:32.127,
429,2025-04-20 21:58:22.103706+00,7646.25,67.15,759,2025-04-20 21:58:20.557,
428,2025-04-20 21:58:10.528799+00,7451.25,67.27,758,2025-04-20 21:58:08.977,
427,2025-04-20 21:57:58.946639+00,7733.75,67.52,757,2025-04-20 21:57:57.377,
426,2025-04-20 21:57:47.345896+00,7855,67.27,756,2025-04-20 21:57:45.807,
425,2025-04-20 21:57:35.77715+00,7221.25,67.39,755,2025-04-20 21:57:34.227,
424,2025-04-20 21:57:24.193944+00,8156.25,67.27,754,2025-04-20 21:57:22.617,
423,2025-04-20 21:57:12.586474+00,7892.5,67.15,753,2025-04-20 21:57:11.017,
422,2025-04-20 21:57:00.987864+00,7515,66.91,752,2025-04-20 21:56:59.427,
421,2025-04-20 21:56:49.388657+00,7248.75,66.79,751,2025-04-20 21:56:47.847,
420,2025-04-20 21:56:37.797104+00,7826.25,66.67,750,2025-04-20 21:56:36.187,
419,2025-04-20 21:56:26.154358+00,8100,67.39,749,2025-04-20 21:56:24.607,
418,2025-04-20 21:56:14.573746+00,8005,67.15,748,2025-04-20 21:56:13.017,
417,2025-04-20 21:56:02.990178+00,7890,67.15,747,2025-04-20 21:56:01.437,
416,2025-04-20 21:55:51.412889+00,7483.75,66.79,746,2025-04-20 21:55:49.797,
415,2025-04-20 21:55:39.76181+00,7672.5,67.03,745,2025-04-20 21:55:38.187,
414,2025-04-20 21:55:28.152413+00,7503.75,66.91,744,2025-04-20 21:55:26.597,
413,2025-04-20 21:55:16.563914+00,7477.5,66.91,743,2025-04-20 21:55:15.007,
412,2025-04-20 21:55:04.970923+00,7393.75,66.91,742,2025-04-20 21:55:03.437,
411,2025-04-20 21:54:53.402365+00,7780,66.91,741,2025-04-20 21:54:51.867,
410,2025-04-20 21:54:41.83664+00,7645,67.03,740,2025-04-20 21:54:40.257,
409,2025-04-20 21:54:30.229953+00,7770,67.03,739,2025-04-20 21:54:28.667,
408,2025-04-20 21:54:18.63083+00,8051.25,67.03,738,2025-04-20 21:54:17.067,
407,2025-04-20 21:54:07.029619+00,7733.75,66.79,737,2025-04-20 21:54:05.477,
406,2025-04-20 21:53:55.448341+00,7802.5,66.79,736,2025-04-20 21:53:53.877,
405,2025-04-20 21:53:43.557543+00,7658.75,66.55,735,2025-04-20 21:53:41.917,
404,2025-04-20 21:53:31.871863+00,7966.25,66.3,734,2025-04-20 21:53:30.307,
403,2025-04-20 21:53:20.274848+00,7175,66.67,733,2025-04-20 21:53:18.697,
402,2025-04-20 21:53:08.672374+00,7661.25,66.3,732,2025-04-20 21:53:07.117,
401,2025-04-20 21:52:57.086981+00,7298.75,66.18,731,2025-04-20 21:52:55.547,
400,2025-04-20 21:52:45.508764+00,7755,66.42,730,2025-04-20 21:52:43.967,
399,2025-04-20 21:52:33.941601+00,7262.5,66.3,729,2025-04-20 21:52:32.387,
398,2025-04-20 21:52:22.350869+00,6942.5,66.42,728,2025-04-20 21:52:20.817,
397,2025-04-20 21:52:10.792758+00,7701.25,66.3,727,2025-04-20 21:52:09.197,
396,2025-04-20 21:51:59.166368+00,7427.5,66.42,726,2025-04-20 21:51:57.607,
395,2025-04-20 21:51:47.576951+00,7565,66.3,725,2025-04-20 21:51:46.027,
394,2025-04-20 21:51:35.988884+00,7363.75,66.67,724,2025-04-20 21:51:34.407,
393,2025-04-20 21:51:24.370448+00,7645,66.79,723,2025-04-20 21:51:22.807,
392,2025-04-20 21:51:12.77566+00,7922.5,66.67,722,2025-04-20 21:51:11.217,
391,2025-04-20 21:51:01.182615+00,7303.75,66.3,721,2025-04-20 21:50:59.647,
390,2025-04-20 21:50:49.613838+00,8042.5,66.3,720,2025-04-20 21:50:48.017,
389,2025-04-20 21:50:37.986544+00,8002.5,66.55,719,2025-04-20 21:50:36.447,
388,2025-04-20 21:50:26.408066+00,8000,66.67,718,2025-04-20 21:50:24.837,
387,2025-04-20 21:50:14.809398+00,7265,66.79,717,2025-04-20 21:50:13.257,
386,2025-04-20 21:50:03.228291+00,7395,66.67,716,2025-04-20 21:50:01.677,
385,2025-04-20 21:49:51.644829+00,7440,66.91,715,2025-04-20 21:49:50.097,
384,2025-04-20 21:49:40.066713+00,7970,67.03,714,2025-04-20 21:49:38.517,
383,2025-04-20 21:49:28.477238+00,7610,66.91,713,2025-04-20 21:49:26.947,
382,2025-04-20 21:49:16.913153+00,7731.25,67.03,712,2025-04-20 21:49:15.327,
381,2025-04-20 21:49:05.295387+00,7686.25,67.03,711,2025-04-20 21:49:03.747,
380,2025-04-20 21:48:53.710411+00,7423.75,66.79,710,2025-04-20 21:48:52.117,
379,2025-04-20 21:48:42.079747+00,7887.5,66.79,709,2025-04-20 21:48:40.527,
378,2025-04-20 21:48:30.497967+00,7213.75,66.55,708,2025-04-20 21:48:28.967,
377,2025-04-20 21:48:18.932244+00,7765,66.42,707,2025-04-20 21:48:17.387,
376,2025-04-20 21:47:52.318163+00,7786.25,66.55,705,2025-04-20 21:47:50.767,
375,2025-04-20 21:47:40.724102+00,7763.75,66.3,704,2025-04-20 21:47:39.097,
374,2025-04-20 21:47:29.067285+00,7732.5,66.42,703,2025-04-20 21:47:27.537,
373,2025-04-20 21:47:17.509906+00,7210,66.79,702,2025-04-20 21:47:15.937,
372,2025-04-20 21:47:05.905801+00,7898.75,66.67,701,2025-04-20 21:47:04.367,
371,2025-04-20 21:46:54.331135+00,7847.5,66.42,700,2025-04-20 21:46:52.697,
370,2025-04-20 21:46:42.668314+00,8117.5,66.42,699,2025-04-20 21:46:41.137,
369,2025-04-20 21:46:31.103092+00,7537.5,66.79,698,2025-04-20 21:46:29.557,
368,2025-04-20 21:46:19.529286+00,7640,66.55,697,2025-04-20 21:46:17.997,
367,2025-04-20 21:46:07.961698+00,7578.75,66.3,696,2025-04-20 21:46:06.407,
366,2025-04-20 21:45:56.379127+00,7287.5,66.42,695,2025-04-20 21:45:54.847,
365,2025-04-20 21:45:44.819038+00,7261.25,66.55,694,2025-04-20 21:45:43.287,
364,2025-04-20 21:45:33.258294+00,7760,66.55,693,2025-04-20 21:45:31.737,
363,2025-04-20 21:45:21.694798+00,7180,66.55,692,2025-04-20 21:45:20.147,
362,2025-04-20 21:45:10.114179+00,7797.5,66.67,691,2025-04-20 21:45:08.447,
361,2025-04-20 21:44:58.411946+00,7773.75,66.67,690,2025-04-20 21:44:56.877,
360,2025-04-20 21:44:46.84764+00,7981.25,66.67,689,2025-04-20 21:44:45.297,
359,2025-04-20 21:44:35.267914+00,7513.75,66.79,688,2025-04-20 21:44:33.717,
358,2025-04-20 21:44:23.681855+00,7991.25,66.79,687,2025-04-20 21:44:22.127,
357,2025-04-20 21:44:12.095415+00,7911.25,67.03,686,2025-04-20 21:44:10.567,
356,2025-04-20 21:44:00.534328+00,8036.25,66.91,685,2025-04-20 21:43:58.997,
355,2025-04-20 21:43:48.958176+00,7581.25,66.91,684,2025-04-20 21:43:47.387,
354,2025-04-20 21:43:37.357252+00,7685,66.42,683,2025-04-20 21:43:35.807,
353,2025-04-20 21:43:25.770147+00,8148.75,66.42,682,2025-04-20 21:43:24.117,
352,2025-04-20 21:43:14.078103+00,7838.75,66.67,681,2025-04-20 21:43:12.517,
351,2025-04-20 21:43:02.470969+00,7991.25,66.67,680,2025-04-20 21:43:00.897,
350,2025-04-20 21:42:50.858917+00,7741.25,66.67,679,2025-04-20 21:42:49.317,
349,2025-04-20 21:42:39.281267+00,7940,66.55,678,2025-04-20 21:42:37.757,
348,2025-04-20 21:42:27.723001+00,7426.25,66.79,677,2025-04-20 21:42:26.157,
347,2025-04-20 21:42:16.119168+00,7891.25,66.91,676,2025-04-20 21:42:14.557,
346,2025-04-20 21:42:04.520422+00,7603.75,66.3,675,2025-04-20 21:42:02.957,
345,2025-04-20 21:41:52.923367+00,7710,66.79,674,2025-04-20 21:41:51.327,
344,2025-04-20 21:41:41.285579+00,7720,66.79,673,2025-04-20 21:41:39.657,
343,2025-04-20 21:41:29.625652+00,7831.25,66.67,672,2025-04-20 21:41:28.057,
342,2025-04-20 21:41:18.020333+00,7725,66.67,671,2025-04-20 21:41:16.431,
341,2025-04-20 21:41:06.386298+00,7747.5,66.79,670,2025-04-20 21:41:04.817,
340,2025-04-20 21:40:54.782626+00,8120,66.91,669,2025-04-20 21:40:53.227,
339,2025-04-20 21:40:43.188404+00,7923.75,66.79,668,2025-04-20 21:40:41.617,
338,2025-04-20 21:40:31.577239+00,7377.5,66.55,667,2025-04-20 21:40:30.007,
337,2025-04-20 21:40:19.969592+00,7696.25,66.79,666,2025-04-20 21:40:18.427,
336,2025-04-20 21:40:08.385083+00,7668.75,67.03,665,2025-04-20 21:40:06.767,
335,2025-04-20 21:39:56.734899+00,7412.5,66.91,664,2025-04-20 21:39:55.044,
334,2025-04-20 21:39:45.068332+00,8185,66.91,663,2025-04-20 21:39:43.474,
333,2025-04-20 21:39:33.496862+00,8177.5,66.79,662,2025-04-20 21:39:31.884,
332,2025-04-20 21:39:21.915717+00,7582.5,66.55,661,2025-04-20 21:39:20.314,
331,2025-04-20 21:39:10.340493+00,7173.75,66.55,660,2025-04-20 21:39:08.744,
330,2025-04-20 21:38:58.771541+00,7682.5,66.42,659,2025-04-20 21:38:57.144,
329,2025-04-20 21:38:47.169103+00,7776.25,66.18,658,2025-04-20 21:38:45.564,
328,2025-04-20 21:38:35.58869+00,8045,66.67,657,2025-04-20 21:38:33.964,
327,2025-04-20 21:38:23.996213+00,7595,66.55,656,2025-04-20 21:38:22.404,
326,2025-04-20 21:38:12.425991+00,7365,66.67,655,2025-04-20 21:38:10.734,
325,2025-04-20 21:38:00.754875+00,7838.75,66.67,654,2025-04-20 21:37:59.094,
324,2025-04-20 21:37:49.122721+00,7957.5,66.79,653,2025-04-20 21:37:47.524,
323,2025-04-20 21:37:37.548363+00,8187.5,66.55,652,2025-04-20 21:37:35.924,
322,2025-04-20 21:37:25.953185+00,7980,66.79,651,2025-04-20 21:37:24.324,
321,2025-04-20 21:37:14.349653+00,7910,66.91,650,2025-04-20 21:37:12.734,
320,2025-04-20 21:37:02.763756+00,8052.5,66.67,649,2025-04-20 21:37:01.114,
319,2025-04-20 21:36:51.14572+00,7636.25,66.67,648,2025-04-20 21:36:49.544,
318,2025-04-20 21:36:39.564582+00,7878.75,66.91,647,2025-04-20 21:36:37.944,
317,2025-04-20 21:36:27.972164+00,7871.25,66.79,646,2025-04-20 21:36:26.294,
316,2025-04-20 21:36:16.323369+00,7720,66.91,645,2025-04-20 21:36:14.704,
315,2025-04-20 21:36:04.726726+00,7752.5,66.67,644,2025-04-20 21:36:03.084,
314,2025-04-20 21:35:53.109757+00,7370,66.79,643,2025-04-20 21:35:51.514,
313,2025-04-20 21:35:41.533093+00,7720,66.67,642,2025-04-20 21:35:39.904,
312,2025-04-20 21:35:29.931633+00,7993.75,66.67,641,2025-04-20 21:35:28.324,
311,2025-04-20 21:35:18.351713+00,7971.25,66.55,640,2025-04-20 21:35:16.744,
310,2025-04-20 21:35:06.776674+00,7885,66.3,639,2025-04-20 21:35:05.104,
309,2025-04-20 21:34:55.117099+00,8052.5,66.3,638,2025-04-20 21:34:53.504,
308,2025-04-20 21:34:43.528042+00,7570,66.67,637,2025-04-20 21:34:41.744,
307,2025-04-20 21:34:31.76907+00,7883.75,66.42,636,2025-04-20 21:34:30.154,
306,2025-04-20 21:34:20.185708+00,7272.5,66.3,635,2025-04-20 21:34:18.584,
305,2025-04-20 21:34:08.613865+00,7520,66.3,634,2025-04-20 21:34:07.014,
304,2025-04-20 21:33:57.036833+00,7746.25,66.42,633,2025-04-20 21:33:55.434,
303,2025-04-20 21:33:45.456691+00,7980,66.3,632,2025-04-20 21:33:43.844,
302,2025-04-20 21:33:33.867482+00,7956.25,66.55,631,2025-04-20 21:33:32.264,
301,2025-04-20 21:33:22.291714+00,7616.25,66.55,630,2025-04-20 21:33:20.684,
300,2025-04-20 21:33:10.705306+00,7663.75,66.79,629,2025-04-20 21:33:09.104,
299,2025-04-20 21:32:59.120486+00,7663.75,66.91,628,2025-04-20 21:32:57.434,
298,2025-04-20 21:32:47.454697+00,7697.5,66.55,627,2025-04-20 21:32:45.854,
297,2025-04-20 21:32:35.883065+00,7875,66.79,626,2025-04-20 21:32:34.274,
296,2025-04-20 21:32:24.303564+00,7962.5,66.91,625,2025-04-20 21:32:22.704,
295,2025-04-20 21:32:12.716765+00,7251.25,66.55,624,2025-04-20 21:32:11.084,
294,2025-04-20 21:32:01.077504+00,7856.25,66.55,623,2025-04-20 21:31:59.464,
293,2025-04-20 21:31:49.491124+00,7606.25,66.42,622,2025-04-20 21:31:47.834,
292,2025-04-20 21:31:37.859921+00,7748.75,66.3,621,2025-04-20 21:31:36.254,
291,2025-04-20 21:31:26.275879+00,7912.5,66.18,620,2025-04-20 21:31:24.674,
290,2025-04-20 21:31:14.704844+00,7957.5,66.55,619,2025-04-20 21:31:13.024,
289,2025-04-20 21:31:03.049403+00,7811.25,66.55,618,2025-04-20 21:31:01.444,
288,2025-04-20 21:30:51.468935+00,7880,66.67,617,2025-04-20 21:30:49.864,
287,2025-04-20 21:30:39.882304+00,7618.75,66.42,616,2025-04-20 21:30:38.264,
286,2025-04-20 21:30:28.278018+00,7751.25,66.18,615,2025-04-20 21:30:26.674,
285,2025-04-20 21:30:16.701252+00,7618.75,66.06,614,2025-04-20 21:30:15.104,
284,2025-04-20 21:30:05.127181+00,8010,66.42,613,2025-04-20 21:30:03.514,
283,2025-04-20 21:29:53.539957+00,7781.25,66.55,612,2025-04-20 21:29:51.864,
282,2025-04-20 21:29:41.88643+00,7956.25,66.42,611,2025-04-20 21:29:40.264,
281,2025-04-20 21:29:30.287897+00,7832.5,66.67,610,2025-04-20 21:29:28.614,
280,2025-04-20 21:29:18.641287+00,7792.5,66.42,609,2025-04-20 21:29:17.024,
279,2025-04-20 21:29:07.051498+00,7901.25,66.55,608,2025-04-20 21:29:05.444,
278,2025-04-20 21:28:55.454553+00,7613.75,66.55,607,2025-04-20 21:28:53.840,
277,2025-04-20 21:28:43.87034+00,7575,66.67,606,2025-04-20 21:28:42.254,
276,2025-04-20 21:28:32.241913+00,7690,66.79,605,2025-04-20 21:28:30.644,
275,2025-04-20 21:28:20.667182+00,7970,66.91,604,2025-04-20 21:28:19.074,
274,2025-04-20 21:28:09.104773+00,7633.75,66.67,603,2025-04-20 21:28:07.494,
273,2025-04-20 21:27:57.522442+00,7808.75,66.91,602,2025-04-20 21:27:55.894,
272,2025-04-20 21:27:45.906516+00,7933.75,66.91,601,2025-04-20 21:27:44.294,
271,2025-04-20 21:27:34.315198+00,8026.25,66.91,600,2025-04-20 21:27:32.714,
270,2025-04-20 21:27:22.730116+00,7878.75,66.91,599,2025-04-20 21:27:21.124,
269,2025-04-20 21:27:11.148724+00,7815,66.79,598,2025-04-20 21:27:09.544,
268,2025-04-20 21:26:59.567245+00,7868.75,66.79,597,2025-04-20 21:26:57.954,
267,2025-04-20 21:26:47.984008+00,7803.75,66.91,596,2025-04-20 21:26:46.324,
266,2025-04-20 21:26:36.336946+00,7700,66.67,595,2025-04-20 21:26:34.684,
265,2025-04-20 21:26:24.711356+00,7826.25,66.91,594,2025-04-20 21:26:23.114,
264,2025-04-20 21:26:13.139488+00,8185,66.91,593,2025-04-20 21:26:11.524,
263,2025-04-20 21:26:01.535351+00,7813.75,66.91,592,2025-04-20 21:25:59.934,
262,2025-04-20 21:25:49.946043+00,7487.5,66.91,591,2025-04-20 21:25:48.314,
261,2025-04-20 21:25:38.33164+00,7947.5,66.79,590,2025-04-20 21:25:36.734,
260,2025-04-20 21:25:26.762756+00,7917.5,67.03,589,2025-04-20 21:25:25.164,
259,2025-04-20 21:25:15.189078+00,7857.5,66.79,588,2025-04-20 21:25:13.574,
258,2025-04-20 21:25:03.593407+00,7970,66.91,587,2025-04-20 21:25:01.934,
257,2025-04-20 21:24:51.961971+00,7750,66.79,586,2025-04-20 21:24:50.374,
256,2025-04-20 21:24:40.403425+00,7722.5,66.79,585,2025-04-20 21:24:38.814,
255,2025-04-20 21:24:28.839499+00,7897.5,67.03,584,2025-04-20 21:24:27.234,
254,2025-04-20 21:24:17.259438+00,7980,67.15,583,2025-04-20 21:24:15.574,
253,2025-04-20 21:24:05.597324+00,7900,66.67,582,2025-04-20 21:24:03.994,
252,2025-04-20 21:23:54.023899+00,7815,66.91,581,2025-04-20 21:23:52.434,
251,2025-04-20 21:23:42.45582+00,8073.75,66.79,580,2025-04-20 21:23:40.854,
250,2025-04-20 21:23:30.871948+00,7791.25,66.67,579,2025-04-20 21:23:29.254,
249,2025-04-20 21:23:19.281051+00,7818.75,66.79,578,2025-04-20 21:23:17.674,
248,2025-04-20 21:23:07.679498+00,7941.25,66.91,577,2025-04-20 21:23:06.074,
247,2025-04-20 21:22:56.099238+00,8132.5,66.55,576,2025-04-20 21:22:54.514,
246,2025-04-20 21:22:44.539831+00,7431.25,66.55,575,2025-04-20 21:22:42.944,
245,2025-04-20 21:22:32.970135+00,7375,66.18,574,2025-04-20 21:22:31.294,
244,2025-04-20 21:22:21.324545+00,7675,66.18,573,2025-04-20 21:22:19.714,
243,2025-04-20 21:22:09.73731+00,7892.5,66.18,572,2025-04-20 21:22:08.124,
242,2025-04-20 21:21:58.146048+00,7551.25,65.82,571,2025-04-20 21:21:56.544,
241,2025-04-20 21:21:46.573442+00,7592.5,66.06,570,2025-04-20 21:21:44.974,
240,2025-04-20 21:21:34.997135+00,8057.5,65.94,569,2025-04-20 21:21:33.414,
239,2025-04-20 21:21:23.436997+00,7652.5,65.94,568,2025-04-20 21:21:21.844,
238,2025-04-20 21:21:11.866654+00,7421.25,65.94,567,2025-04-20 21:21:10.274,
237,2025-04-20 21:21:00.301706+00,7565,65.7,566,2025-04-20 21:20:58.664,
236,2025-04-20 21:20:48.67013+00,8088.75,65.58,565,2025-04-20 21:20:46.974,
235,2025-04-20 21:20:36.999476+00,7555,65.21,564,2025-04-20 21:20:35.364,
234,2025-04-20 21:20:25.386994+00,7805,65.59,563,2025-04-20 21:20:23.784,
233,2025-04-20 21:20:13.806501+00,8013.75,65.21,562,2025-04-20 21:20:12.199,
232,2025-04-20 21:20:02.214004+00,8212.5,65.33,561,2025-04-20 21:20:00.584,
231,2025-04-20 21:19:50.603643+00,7835,65.33,560,2025-04-20 21:19:49.004,
230,2025-04-20 21:19:39.029647+00,7841.25,65.45,559,2025-04-20 21:19:37.434,
229,2025-04-20 21:19:27.462031+00,7988.75,65.21,558,2025-04-20 21:19:25.844,
228,2025-04-20 21:19:15.858521+00,7857.5,65.45,557,2025-04-20 21:19:12.334,
227,2025-04-20 21:19:02.358307+00,8088.75,65.7,556,2025-04-20 21:19:00.664,
226,2025-04-20 21:18:50.693208+00,7631.25,65.33,555,2025-04-20 21:18:49.094,
225,2025-04-20 21:18:39.117975+00,7362.5,65.45,554,2025-04-20 21:18:37.514,
224,2025-04-20 21:18:27.532923+00,7905,65.58,553,2025-04-20 21:18:25.924,
223,2025-04-20 21:18:15.954771+00,7821.25,65.7,552,2025-04-20 21:18:14.354,
222,2025-04-20 21:18:04.38266+00,7331.25,65.82,551,2025-04-20 21:18:02.784,
221,2025-04-20 21:17:52.805879+00,7935,65.58,550,2025-04-20 21:17:51.214,
220,2025-04-20 21:17:41.240691+00,8008.75,65.58,549,2025-04-20 21:17:39.644,
219,2025-04-20 21:17:29.667868+00,8017.5,65.7,548,2025-04-20 21:17:28.069,
218,2025-04-20 21:17:18.100536+00,7445,65.21,547,2025-04-20 21:17:16.379,
217,2025-04-20 21:17:06.40603+00,7440,65.7,546,2025-04-20 21:17:04.344,
216,2025-04-20 21:16:54.37214+00,7815,65.58,545,2025-04-20 21:16:52.744,
215,2025-04-20 21:16:42.762455+00,7893.75,65.7,544,2025-04-20 21:16:41.154,
214,2025-04-20 21:16:31.175876+00,7223.75,65.33,543,2025-04-20 21:16:29.564,
213,2025-04-20 21:16:19.58633+00,7940,65.45,542,2025-04-20 21:16:17.994,
212,2025-04-20 21:16:08.017033+00,7867.5,65.58,541,2025-04-20 21:16:06.414,
211,2025-04-20 21:15:56.442416+00,7571.25,65.58,540,2025-04-20 21:15:54.814,
210,2025-04-20 21:15:44.820471+00,7747.5,65.58,539,2025-04-20 21:15:43.204,
209,2025-04-20 21:15:33.226092+00,7273.75,65.58,538,2025-04-20 21:15:31.534,
208,2025-04-20 21:15:21.559509+00,7562.5,65.33,537,2025-04-20 21:15:19.954,
207,2025-04-20 21:15:09.978299+00,7246.25,65.45,536,2025-04-20 21:15:08.384,
206,2025-04-20 21:14:58.414363+00,7218.75,65.21,535,2025-04-20 21:14:56.794,
205,2025-04-20 21:14:46.815979+00,7122.5,64.73,534,2025-04-20 21:14:45.204,
204,2025-04-20 21:14:35.227709+00,7561.25,65.09,533,2025-04-20 21:14:33.614,
203,2025-04-20 21:14:23.643976+00,7528.75,65.21,532,2025-04-20 21:14:22.044,
202,2025-04-20 21:14:12.067989+00,7235,65.21,531,2025-04-20 21:14:10.484,
201,2025-04-20 21:14:00.509559+00,7920,65.09,530,2025-04-20 21:13:58.864,
200,2025-04-20 21:13:48.885371+00,7683.75,65.09,529,2025-04-20 21:13:47.204,
199,2025-04-20 21:13:37.22977+00,7148.75,64.48,528,2025-04-20 21:13:35.614,
198,2025-04-20 21:13:25.634245+00,7695,64.97,527,2025-04-20 21:13:24.054,
197,2025-04-20 21:13:14.077962+00,7537.5,64.85,526,2025-04-20 21:13:12.484,
196,2025-04-20 21:13:02.510597+00,7511.25,64.85,525,2025-04-20 21:13:00.924,
195,2025-04-20 21:12:50.95344+00,7433.75,64.61,524,2025-04-20 21:12:49.364,
194,2025-04-20 21:12:39.381993+00,7391.25,64.73,523,2025-04-20 21:12:37.764,
193,2025-04-20 21:12:27.789592+00,7302.5,64.73,522,2025-04-20 21:12:26.164,
192,2025-04-20 21:12:16.18746+00,7361.25,64.73,521,2025-04-20 21:12:14.564,
191,2025-04-20 21:12:04.592994+00,7505,64.73,520,2025-04-20 21:12:02.894,
190,2025-04-20 21:11:52.921736+00,7532.5,64.73,519,2025-04-20 21:11:51.284,
189,2025-04-20 21:11:41.308934+00,7712.5,65.09,518,2025-04-20 21:11:39.694,
188,2025-04-20 21:11:29.711789+00,7600,65.09,517,2025-04-20 21:11:28.104,
187,2025-04-20 21:11:18.130698+00,7517.5,64.97,516,2025-04-20 21:11:16.494,
186,2025-04-20 21:11:06.508354+00,7303.75,64.97,515,2025-04-20 21:11:04.894,
185,2025-04-20 21:10:54.923695+00,7485,64.85,514,2025-04-20 21:10:53.304,
184,2025-04-20 21:10:43.331385+00,7388.75,64.73,513,2025-04-20 21:10:41.714,
183,2025-04-20 21:10:31.735037+00,7600,65.33,512,2025-04-20 21:10:30.134,
182,2025-04-20 21:10:20.158102+00,7505,65.21,511,2025-04-20 21:10:18.554,
181,2025-04-20 21:10:08.575575+00,7713.75,65.33,510,2025-04-20 21:10:06.954,
180,2025-04-20 21:09:56.975643+00,7676.25,65.21,509,2025-04-20 21:09:55.334,
179,2025-04-20 21:09:45.35694+00,7508.75,64.85,508,2025-04-20 21:09:43.754,
178,2025-04-20 21:09:33.771763+00,7380,64.61,507,2025-04-20 21:09:32.174,
177,2025-04-20 21:09:22.198372+00,7405,64.97,506,2025-04-20 21:09:20.584,
176,2025-04-20 21:09:10.599092+00,7121.25,64.61,505,2025-04-20 21:09:08.984,
175,2025-04-20 21:08:59.000866+00,7423.75,64.48,504,2025-04-20 21:08:57.394,
174,2025-04-20 21:08:47.420738+00,7336.25,64.48,503,2025-04-20 21:08:45.794,
173,2025-04-20 21:08:35.799865+00,7526.25,64.48,502,2025-04-20 21:08:34.188,
172,2025-04-20 21:08:24.207188+00,7265,64.73,501,2025-04-20 21:08:22.574,
171,2025-04-20 21:08:12.595525+00,7230,64.97,500,2025-04-20 21:08:11.004,
170,2025-04-20 21:08:01.02984+00,7255,64.73,499,2025-04-20 21:07:59.384,
169,2025-04-20 21:07:49.407241+00,7582.5,65.45,498,2025-04-20 21:07:47.804,
168,2025-04-20 21:07:37.826001+00,7435,65.09,497,2025-04-20 21:07:36.244,
167,2025-04-20 21:07:26.266366+00,7743.75,65.21,496,2025-04-20 21:07:24.654,
166,2025-04-20 21:07:14.682238+00,7677.5,65.58,495,2025-04-20 21:07:13.084,
165,2025-04-20 21:07:03.113546+00,7425,65.45,494,2025-04-20 21:07:01.524,
164,2025-04-20 21:06:51.550224+00,7343.75,65.33,493,2025-04-20 21:06:49.864,
163,2025-04-20 21:06:39.88656+00,7395,65.45,492,2025-04-20 21:06:38.284,
162,2025-04-20 21:06:28.304453+00,7580,64.85,491,2025-04-20 21:06:26.694,
161,2025-04-20 21:06:16.718838+00,7352.5,64.97,490,2025-04-20 21:06:15.124,
160,2025-04-20 21:06:05.138663+00,7792.5,65.09,489,2025-04-20 21:06:03.534,
159,2025-04-20 21:05:53.559149+00,7336.25,65.09,488,2025-04-20 21:05:51.964,
158,2025-04-20 21:05:41.984842+00,7632.5,65.7,487,2025-04-20 21:05:40.364,
157,2025-04-20 21:05:30.376933+00,7422.5,65.33,486,2025-04-20 21:05:28.754,
156,2025-04-20 21:05:18.775138+00,7495,65.82,485,2025-04-20 21:05:17.174,
155,2025-04-20 21:05:07.199235+00,7901.25,65.33,484,2025-04-20 21:05:05.514,
154,2025-04-20 21:04:55.543456+00,7281.25,65.45,483,2025-04-20 21:04:53.840,
153,2025-04-20 21:04:43.853089+00,7352.5,64.97,482,2025-04-20 21:04:42.234,
152,2025-04-20 21:04:32.262817+00,7421.25,64.97,481,2025-04-20 21:04:30.644,
151,2025-04-20 21:04:20.66122+00,7586.25,64.61,480,2025-04-20 21:04:19.034,
150,2025-04-20 21:04:09.057017+00,7140,64.61,479,2025-04-20 21:04:07.454,
149,2025-04-20 21:03:57.479642+00,7146.25,65.09,478,2025-04-20 21:03:55.894,
148,2025-04-20 21:03:45.910251+00,7253.75,64.97,477,2025-04-20 21:03:44.304,
147,2025-04-20 21:03:34.331365+00,7300,64.73,476,2025-04-20 21:03:32.744,
146,2025-04-20 21:03:22.762344+00,7273.75,64.97,475,2025-04-20 21:03:21.074,
145,2025-04-20 21:03:11.088406+00,7520,65.33,474,2025-04-20 21:03:09.484,
144,2025-04-20 21:02:59.508447+00,7740,65.33,473,2025-04-20 21:02:57.884,
143,2025-04-20 21:02:47.896708+00,7582.5,64.85,472,2025-04-20 21:02:46.284,
142,2025-04-20 21:02:36.304825+00,7253.75,65.33,471,2025-04-20 21:02:34.714,
141,2025-04-20 21:02:24.725933+00,7655,65.33,470,2025-04-20 21:02:23.044,
140,2025-04-20 21:02:13.068875+00,7636.25,65.45,469,2025-04-20 21:02:11.474,
139,2025-04-20 21:02:01.49204+00,7776.25,65.45,468,2025-04-20 21:01:59.884,
138,2025-04-20 21:01:49.909887+00,7593.75,65.58,467,2025-04-20 21:01:48.274,
137,2025-04-20 21:01:38.295286+00,7606.25,65.09,466,2025-04-20 21:01:36.624,
136,2025-04-20 21:01:26.648395+00,7530,64.85,465,2025-04-20 21:01:25.034,
135,2025-04-20 21:01:15.050242+00,7488.75,65.09,464,2025-04-20 21:01:13.454,
134,2025-04-20 21:01:03.474202+00,7070,64.61,463,2025-04-20 21:01:01.864,
133,2025-04-20 21:00:51.87823+00,7056.25,64.73,462,2025-04-20 21:00:50.264,
132,2025-04-20 21:00:40.274882+00,7793.75,64.97,461,2025-04-20 21:00:38.694,
131,2025-04-20 21:00:28.721872+00,7261.25,65.09,460,2025-04-20 21:00:27.124,
130,2025-04-20 21:00:17.111699+00,7410,65.58,459,2025-04-20 21:00:15.499,
129,2025-04-20 21:00:05.521487+00,7350,65.82,458,2025-04-20 21:00:03.884,
128,2025-04-20 20:59:53.901444+00,7660,65.7,457,2025-04-20 20:59:52.274,
127,2025-04-20 20:59:42.283318+00,7485,65.82,456,2025-04-20 20:59:40.684,
126,2025-04-20 20:59:30.69756+00,7386.25,65.45,455,2025-04-20 20:59:29.084,
125,2025-04-20 20:59:19.102176+00,7318.75,65.33,454,2025-04-20 20:59:17.504,
124,2025-04-20 20:59:07.528759+00,7230,65.33,453,2025-04-20 20:59:05.934,
123,2025-04-20 20:58:55.956133+00,7412.5,65.45,452,2025-04-20 20:58:54.334,
122,2025-04-20 20:58:44.360151+00,7337.5,65.09,451,2025-04-20 20:58:42.764,
121,2025-04-20 20:58:32.565411+00,7323.75,65.58,450,2025-04-20 20:58:30.964,
120,2025-04-20 20:58:20.980961+00,7417.5,65.33,449,2025-04-20 20:58:19.384,
119,2025-04-20 20:58:09.394391+00,7253.75,65.33,448,2025-04-20 20:58:07.714,
118,2025-04-20 20:57:57.739817+00,7777.5,65.58,447,2025-04-20 20:57:56.124,
117,2025-04-20 20:57:46.140601+00,7598.75,65.45,446,2025-04-20 20:57:44.514,
116,2025-04-20 20:57:34.537392+00,7372.5,65.21,445,2025-04-20 20:57:32.904,
115,2025-04-20 20:57:22.926937+00,7636.25,65.82,444,2025-04-20 20:57:21.334,
114,2025-04-20 20:57:11.357389+00,7767.5,65.33,443,2025-04-20 20:57:09.724,
113,2025-04-20 20:56:59.737525+00,7206.25,65.21,442,2025-04-20 20:56:58.134,
112,2025-04-20 20:56:48.149464+00,7177.5,65.33,441,2025-04-20 20:56:46.534,
111,2025-04-20 20:56:36.549702+00,7216.25,65.09,440,2025-04-20 20:56:34.934,
110,2025-04-20 20:56:24.951287+00,7407.5,65.33,439,2025-04-20 20:56:23.333,
109,2025-04-20 20:56:13.358769+00,7677.5,65.45,438,2025-04-20 20:56:11.783,
108,2025-04-20 20:56:01.802237+00,7633.75,65.33,437,2025-04-20 20:56:00.193,
107,2025-04-20 20:55:50.207635+00,7255,65.09,436,2025-04-20 20:55:48.603,
106,2025-04-20 20:55:38.624637+00,7295,64.97,435,2025-04-20 20:55:37.024,
105,2025-04-20 20:55:27.036138+00,7302.5,64.73,434,2025-04-20 20:55:25.424,
104,2025-04-20 20:55:15.447574+00,7232.5,64.73,433,2025-04-20 20:55:13.854,
103,2025-04-20 20:55:03.874096+00,7310,64.36,432,2025-04-20 20:55:02.264,
102,2025-04-20 20:54:52.281973+00,7153.75,64.61,431,2025-04-20 20:54:50.634,
101,2025-04-20 20:54:40.651371+00,7512.5,64.36,430,2025-04-20 20:54:39.054,
100,2025-04-20 20:54:29.075701+00,7201.25,64.61,429,2025-04-20 20:54:27.484,
99,2025-04-20 20:54:17.499898+00,6972.5,64.12,428,2025-04-20 20:54:15.894,
98,2025-04-20 20:54:05.911435+00,7197.5,64.12,427,2025-04-20 20:54:04.304,
97,2025-04-20 20:53:54.317229+00,7045,64.24,426,2025-04-20 20:53:52.704,
96,2025-04-20 20:53:42.721824+00,7491.25,64.24,425,2025-04-20 20:53:41.134,
95,2025-04-20 20:53:31.150115+00,7078.75,64.61,424,2025-04-20 20:53:29.544,
94,2025-04-20 20:53:19.565445+00,7615,64.73,423,2025-04-20 20:53:17.974,
93,2025-04-20 20:53:07.982663+00,7441.25,64.73,422,2025-04-20 20:53:06.364,
92,2025-04-20 20:52:56.376119+00,6831.25,64.73,421,2025-04-20 20:52:54.784,
91,2025-04-20 20:52:44.801332+00,7672.5,64.48,420,2025-04-20 20:52:43.204,
90,2025-04-20 20:52:33.229045+00,7720,64.97,419,2025-04-20 20:52:31.644,
89,2025-04-20 20:52:21.664862+00,7391.25,64.97,418,2025-04-20 20:52:20.044,
88,2025-04-20 20:52:10.056517+00,7256.25,65.21,417,2025-04-20 20:52:08.464,
87,2025-04-20 20:51:58.479129+00,7123.75,65.33,416,2025-04-20 20:51:56.854,
86,2025-04-20 20:51:46.867926+00,7468.75,65.33,415,2025-04-20 20:51:45.264,
85,2025-04-20 20:51:35.279395+00,7741.25,65.21,414,2025-04-20 20:51:33.683,
84,2025-04-20 20:51:23.700792+00,7600,64.97,413,2025-04-20 20:51:22.094,
83,2025-04-20 20:51:12.10806+00,7661.25,64.61,412,2025-04-20 20:51:10.524,
82,2025-04-20 20:51:00.538513+00,7665,64.36,411,2025-04-20 20:50:58.964,
81,2025-04-20 20:50:48.987804+00,7366.25,64.24,410,2025-04-20 20:50:47.383,
80,2025-04-20 20:50:37.401101+00,7137.5,64.48,409,2025-04-20 20:50:35.803,
79,2025-04-20 20:50:25.822953+00,7461.25,64.36,408,2025-04-20 20:50:24.234,
78,2025-04-20 20:50:14.254522+00,7406.25,64.24,407,2025-04-20 20:50:12.644,
77,2025-04-20 20:50:02.639316+00,7360,64,406,2025-04-20 20:50:01.044,
76,2025-04-20 20:49:51.050322+00,7025,63.88,405,2025-04-20 20:49:49.464,
75,2025-04-20 20:49:39.476374+00,7228.75,63.88,404,2025-04-20 20:49:37.883,
74,2025-04-20 20:49:27.901943+00,7256.25,64.36,403,2025-04-20 20:49:26.313,
73,2025-04-20 20:49:16.321176+00,7736.25,64.24,402,2025-04-20 20:49:14.663,
72,2025-04-20 20:49:04.679059+00,7367.5,64.48,401,2025-04-20 20:49:03.084,
71,2025-04-20 20:48:53.105638+00,7706.25,64.97,400,2025-04-20 20:48:51.504,
70,2025-04-20 20:48:41.517721+00,7320,64.61,399,2025-04-20 20:48:39.924,
69,2025-04-20 20:48:29.940002+00,7095,64.24,398,2025-04-20 20:48:28.354,
68,2025-04-20 20:48:18.374489+00,7735,64.48,397,2025-04-20 20:48:16.773,
67,2025-04-20 20:48:06.790942+00,7526.25,65.09,396,2025-04-20 20:48:05.173,
66,2025-04-20 20:47:55.190959+00,7582.5,64.85,395,2025-04-20 20:47:53.564,
65,2025-04-20 20:47:43.571521+00,7378.75,64.48,394,2025-04-20 20:47:41.974,
64,2025-04-20 20:47:31.990007+00,7090,64.61,393,2025-04-20 20:47:30.393,
63,2025-04-20 20:47:20.410004+00,7146.25,64.61,392,2025-04-20 20:47:18.814,
62,2025-04-20 20:47:08.828157+00,7340,64.61,391,2025-04-20 20:47:07.223,
61,2025-04-20 20:46:57.242183+00,7137.5,65.09,390,2025-04-20 20:46:55.654,
60,2025-04-20 20:46:45.671569+00,7697.5,63.39,389,2025-04-20 20:46:44.073,
59,2025-04-20 20:46:34.087337+00,7630,61.94,388,2025-04-20 20:46:32.493,
58,2025-04-20 20:46:22.5069+00,7965,61.21,387,2025-04-20 20:46:20.914,
57,2025-04-20 20:46:10.92399+00,7980,61.45,386,2025-04-20 20:46:09.313,
56,2025-04-20 20:45:59.327472+00,8978.75,60.85,385,2025-04-20 20:45:57.729,
55,2025-04-20 20:45:47.735995+00,8317.5,60.97,384,2025-04-20 20:45:46.109,
54,2025-04-20 20:45:36.11952+00,9015,60.73,383,2025-04-20 20:45:34.519,
53,2025-04-20 20:45:24.544347+00,8035,60.61,382,2025-04-20 20:45:22.154,
52,2025-04-20 20:45:12.174466+00,8296.25,60.85,381,2025-04-20 20:45:10.594,
51,2025-04-20 20:45:00.599719+00,8616.25,60,380,2025-04-20 20:44:58.984,
50,2025-04-20 20:44:48.997099+00,8550,60.24,379,2025-04-20 20:44:47.404,
49,2025-04-20 20:44:37.416214+00,9118.75,59.15,378,2025-04-20 20:44:35.784,
48,2025-04-20 20:44:25.792409+00,8295,59.27,377,2025-04-20 20:44:24.193,
47,2025-04-20 20:44:14.2106+00,8873.75,59.64,376,2025-04-20 20:44:12.644,
46,2025-04-20 20:44:02.648352+00,8468.75,59.39,375,2025-04-20 20:44:01.054,
45,2025-04-20 20:43:51.069052+00,8752.5,59.64,374,2025-04-20 20:43:49.463,
44,2025-04-20 20:43:39.469751+00,8587.5,59.27,373,2025-04-20 20:43:37.874,
43,2025-04-20 20:43:27.886126+00,8878.75,58.79,372,2025-04-20 20:43:26.273,
42,2025-04-20 20:43:16.277397+00,8470,58.67,371,2025-04-20 20:43:14.669,
41,2025-04-20 20:43:04.675844+00,8592.5,59.03,370,2025-04-20 20:43:03.054,
40,2025-04-20 20:42:53.065375+00,8406.25,59.39,369,2025-04-20 20:42:51.474,
39,2025-04-20 20:42:41.47472+00,8373.75,59.15,368,2025-04-20 20:42:39.873,
38,2025-04-20 20:42:29.880145+00,8545,58.42,367,2025-04-20 20:42:28.304,
37,2025-04-20 20:42:18.314598+00,8125,58.55,366,2025-04-20 20:42:16.714,
36,2025-04-20 20:42:06.72608+00,8531.25,58.18,365,2025-04-20 20:42:05.124,
35,2025-04-20 20:41:55.142313+00,8443.75,57.87,364,2025-04-20 20:41:53.544,
34,2025-04-20 20:41:43.56394+00,8460,57.47,363,2025-04-20 20:41:41.954,
33,2025-04-20 20:41:31.957405+00,8425,57.73,362,2025-04-20 20:41:30.353,
32,2025-04-20 20:41:20.367372+00,8330,57.6,361,2025-04-20 20:41:18.763,
31,2025-04-20 20:41:08.778891+00,8636.25,58.53,360,2025-04-20 20:41:07.143,
30,2025-04-20 20:40:57.115905+00,8606.25,58.13,359,2025-04-20 20:40:55.503,
29,2025-04-20 20:40:45.519271+00,8212.5,58.13,358,2025-04-20 20:40:43.903,
28,2025-04-20 20:40:33.914299+00,8342.5,58.13,357,2025-04-20 20:40:32.333,
27,2025-04-20 20:40:22.33501+00,8198.75,57.6,356,2025-04-20 20:40:20.674,
26,2025-04-20 20:40:10.684575+00,8037.5,57.47,355,2025-04-20 20:40:09.063,
25,2025-04-20 20:39:59.078054+00,8538.75,56.67,354,2025-04-20 20:39:57.419,
24,2025-04-20 20:38:39.30306+00,7947.5,0,353,2025-04-20 20:38:37.714,
23,2025-04-20 20:38:27.71402+00,8341.25,0,352,2025-04-20 20:38:26.144,
22,2025-04-20 20:38:16.136488+00,7836.25,0,351,2025-04-20 20:38:14.534,
21,2025-04-20 20:38:04.514538+00,8156.25,0,350,2025-04-20 20:38:02.874,
20,2025-04-20 20:37:52.870384+00,7892.5,0,349,2025-04-20 20:37:51.194,
19,2025-04-20 20:37:41.192073+00,7972.5,0,348,2025-04-20 20:37:39.624,
18,2025-04-20 20:37:29.605668+00,8125,0,347,2025-04-20 20:37:27.985,
17,2025-04-20 20:37:17.981409+00,8033.75,0,346,2025-04-20 20:37:16.355,
16,2025-04-20 20:37:06.351456+00,8148.75,0,345,2025-04-20 20:37:04.739,
15,2025-04-20 20:26:16.655977+00,7943.75,56.93,344,2025-04-20 20:26:14.977,
14,2025-04-20 20:26:04.950128+00,8035,56.27,343,2025-04-20 20:26:03.367,
13,2025-04-20 20:25:53.352849+00,7696.25,56.4,342,2025-04-20 20:25:51.767,
12,2025-04-20 20:25:41.763633+00,7998.75,56.27,341,2025-04-20 20:25:40.157,
11,2025-04-20 20:25:30.144512+00,8306.25,55.47,340,2025-04-20 20:25:28.532,
10,2025-04-20 20:25:18.537017+00,8255,54.4,339,2025-04-20 20:25:16.883,
9,2025-04-20 20:21:21.687967+00,6722.5,59.87,337,2025-04-20 20:21:20.057,
8,2025-04-20 20:21:10.029863+00,6771.25,60,336,2025-04-20 20:21:08.416,
7,2025-04-20 20:20:58.376074+00,7450,58.53,335,2025-04-20 20:20:56.781,
6,2025-04-20 20:20:46.740593+00,7602.5,57.87,334,2025-04-20 20:20:45.142,
5,2025-04-20 20:20:35.114621+00,7851.25,57.56,333,2025-04-20 20:20:32.986,
4,2025-04-20 20:20:22.625672+00,8447.5,57.73,332,2025-04-20 20:20:20.986,
3,2025-04-20 20:20:10.959349+00,8075,59.6,331,2025-04-20 20:20:09.096,
2,2025-04-20 20:19:59.070689+00,5060,38,330,2025-04-20 20:19:57.435,
1,2025-04-20 20:09:47.530552+00,0,0,328,2025-04-20 20:09:45.939,